{
  "type": "FeatureCollection",
  "features": [
    {
      "type": "Feature",
      "id": 226990422,
      "properties": {
        "building": "yes"
      },
      "geometry": {
        "type": "Polygon",
        "coordinates": [
          [
            [
              78.4671299,
              30.3748411
            ],
            [
              78.4671212,
              30.3748133
            ],
            [
              78.4670976,
              30.3747929
            ],
            [
              78.4670653,
              30.3747854
            ],
            [
              78.4670331,
              30.3747929
            ],
            [
              78.4670094,
              30.3748133
            ],
            [
              78.4670008,
              30.3748411
            ],
            [
              78.4670094,
              30.374869
            ],
            [
              78.4670331,
              30.3748894
            ],
            [
              78.4670653,
              30.3748968
            ],
            [
              78.4670976,
              30.3748894
            ],
            [
              78.4671212,
              30.374869
            ],
            [
              78.4671299,
              30.3748411
            ]
          ]
        ]
      }
    },
    {
      "type": "Feature",
      "id": 227148563,
      "properties": {
        "building": "yes"
      },
      "geometry": {
        "type": "Polygon",
        "coordinates": [
          [
            [
              78.4660769,
              30.3899836
            ],
            [
              78.4661913,
              30.389967
            ],
            [
              78.4660757,
              30.3893738
            ],
            [
              78.4659613,
              30.3893904
            ],
            [
              78.4660769,
              30.3899836
            ]
          ]
        ]
      }
    },
    {
      "type": "Feature",
      "id": 227148564,
      "properties": {
        "building": "yes"
      },
      "geometry": {
        "type": "Polygon",
        "coordinates": [
          [
            [
              78.4657057,
              30.3894351
            ],
            [
              78.4658244,
              30.3900282
            ],
            [
              78.4659368,
              30.3900115
            ],
            [
              78.4658182,
              30.3894183
            ],
            [
              78.4657057,
              30.3894351
            ]
          ]
        ]
      }
    },
    {
      "type": "Feature",
      "id": 227149582,
      "properties": {
        "building": "yes"
      },
      "geometry": {
        "type": "Polygon",
        "coordinates": [
          [
            [
              78.4669808,
              30.3748555
            ],
            [
              78.4669721,
              30.3748277
            ],
            [
              78.4669485,
              30.3748073
            ],
            [
              78.4669162,
              30.3747998
            ],
            [
              78.466884,
              30.3748073
            ],
            [
              78.4668603,
              30.3748277
            ],
            [
              78.4668517,
              30.3748555
            ],
            [
              78.4668603,
              30.3748834
            ],
            [
              78.466884,
              30.3749038
            ],
            [
              78.4669162,
              30.3749112
            ],
            [
              78.4669485,
              30.3749038
            ],
            [
              78.4669721,
              30.3748834
            ],
            [
              78.4669808,
              30.3748555
            ]
          ]
        ]
      }
    },
    {
      "type": "Feature",
      "id": 411130499,
      "properties": {
        "building": "apartments"
      },
      "geometry": {
        "type": "Polygon",
        "coordinates": [
          [
            [
              78.4360662,
              30.3735303
            ],
            [
              78.436204,
              30.3735284
            ],
            [
              78.436225,
              30.3737067
            ],
            [
              78.436102,
              30.3737209
            ],
            [
              78.4360662,
              30.3735303
            ]
          ]
        ]
      }
    },
    {
      "type": "Feature",
      "id": 411132609,
      "properties": {
        "building": "apartments"
      },
      "geometry": {
        "type": "Polygon",
        "coordinates": [
          [
            [
              78.4398089,
              30.3814618
            ],
            [
              78.4400012,
              30.3813661
            ],
            [
              78.4399383,
              30.3812735
            ],
            [
              78.4397534,
              30.3813725
            ],
            [
              78.4398089,
              30.3814618
            ]
          ]
        ]
      }
    },
    {
      "type": "Feature",
      "id": 411132921,
      "properties": {
        "building": "apartments"
      },
      "geometry": {
        "type": "Polygon",
        "coordinates": [
          [
            [
              78.440682,
              30.3817395
            ],
            [
              78.4408596,
              30.3817076
            ],
            [
              78.4408522,
              30.3816119
            ],
            [
              78.4406709,
              30.381631
            ],
            [
              78.440682,
              30.3817395
            ]
          ]
        ]
      }
    },
    {
      "type": "Feature",
      "id": 497319644,
      "properties": {
        "building": "yes"
      },
      "geometry": {
        "type": "Polygon",
        "coordinates": [
          [
            [
              78.4369625,
              30.3763236
            ],
            [
              78.4371399,
              30.37635
            ],
            [
              78.4371664,
              30.3762778
            ],
            [
              78.4369686,
              30.3762374
            ],
            [
              78.4369625,
              30.3763236
            ]
          ]
        ]
      }
    },
    {
      "type": "Feature",
      "id": 497319645,
      "properties": {
        "building": "yes"
      },
      "geometry": {
        "type": "Polygon",
        "coordinates": [
          [
            [
              78.4369359,
              30.3764309
            ],
            [
              78.4369502,
              30.3763588
            ],
            [
              78.4371399,
              30.3763799
            ],
            [
              78.4371318,
              30.3764538
            ],
            [
              78.4369359,
              30.3764309
            ]
          ]
        ]
      }
    },
    {
      "type": "Feature",
      "id": 497319646,
      "properties": {
        "building": "yes"
      },
      "geometry": {
        "type": "Polygon",
        "coordinates": [
          [
            [
              78.43694,
              30.376526
            ],
            [
              78.4369421,
              30.3764556
            ],
            [
              78.4371379,
              30.3764785
            ],
            [
              78.4371256,
              30.3765541
            ],
            [
              78.43694,
              30.376526
            ]
          ]
        ]
      }
    },
    {
      "type": "Feature",
      "id": 497319647,
      "properties": {
        "building": "yes"
      },
      "geometry": {
        "type": "Polygon",
        "coordinates": [
          [
            [
              78.4372011,
              30.3765612
            ],
            [
              78.4372154,
              30.3764908
            ],
            [
              78.437401,
              30.3765172
            ],
            [
              78.4373888,
              30.3765858
            ],
            [
              78.4372011,
              30.3765612
            ]
          ]
        ]
      }
    },
    {
      "type": "Feature",
      "id": 497319648,
      "properties": {
        "building": "yes"
      },
      "geometry": {
        "type": "Polygon",
        "coordinates": [
          [
            [
              78.4371685,
              30.3764626
            ],
            [
              78.4371807,
              30.3763958
            ],
            [
              78.4373623,
              30.3764204
            ],
            [
              78.4373623,
              30.3764873
            ],
            [
              78.4371685,
              30.3764626
            ]
          ]
        ]
      }
    },
    {
      "type": "Feature",
      "id": 497319649,
      "properties": {
        "building": "yes"
      },
      "geometry": {
        "type": "Polygon",
        "coordinates": [
          [
            [
              78.4369482,
              30.3766421
            ],
            [
              78.4369563,
              30.3765735
            ],
            [
              78.4371481,
              30.3765946
            ],
            [
              78.437142,
              30.3766632
            ],
            [
              78.4369482,
              30.3766421
            ]
          ]
        ]
      }
    },
    {
      "type": "Feature",
      "id": 497319650,
      "properties": {
        "building": "yes"
      },
      "geometry": {
        "type": "Polygon",
        "coordinates": [
          [
            [
              78.4371828,
              30.3766738
            ],
            [
              78.437197,
              30.3766034
            ],
            [
              78.4373786,
              30.3766316
            ],
            [
              78.4373643,
              30.3767002
            ],
            [
              78.4371828,
              30.3766738
            ]
          ]
        ]
      }
    },
    {
      "type": "Feature",
      "id": 497319651,
      "properties": {
        "building": "yes"
      },
      "geometry": {
        "type": "Polygon",
        "coordinates": [
          [
            [
              78.4369196,
              30.3767336
            ],
            [
              78.4369278,
              30.3766632
            ],
            [
              78.4371236,
              30.3766896
            ],
            [
              78.4371114,
              30.37676
            ],
            [
              78.4369196,
              30.3767336
            ]
          ]
        ]
      }
    },
    {
      "type": "Feature",
      "id": 497319652,
      "properties": {
        "building": "yes"
      },
      "geometry": {
        "type": "Polygon",
        "coordinates": [
          [
            [
              78.437142,
              30.37676
            ],
            [
              78.4371481,
              30.3767037
            ],
            [
              78.4373378,
              30.3767231
            ],
            [
              78.4373133,
              30.3767861
            ],
            [
              78.437142,
              30.37676
            ]
          ]
        ]
      }
    },
    {
      "type": "Feature",
      "id": 497319653,
      "properties": {
        "building": "yes"
      },
      "geometry": {
        "type": "Polygon",
        "coordinates": [
          [
            [
              78.4366014,
              30.3766576
            ],
            [
              78.4367381,
              30.3767843
            ],
            [
              78.4368156,
              30.3767421
            ],
            [
              78.4366687,
              30.3765978
            ],
            [
              78.4366014,
              30.3766576
            ]
          ]
        ]
      }
    },
    {
      "type": "Feature",
      "id": 497319654,
      "properties": {
        "building": "yes"
      },
      "geometry": {
        "type": "Polygon",
        "coordinates": [
          [
            [
              78.4365509,
              30.3767762
            ],
            [
              78.4367018,
              30.3769188
            ],
            [
              78.4367712,
              30.3768765
            ],
            [
              78.4366162,
              30.3767322
            ],
            [
              78.4365509,
              30.3767762
            ]
          ]
        ]
      }
    },
    {
      "type": "Feature",
      "id": 497319655,
      "properties": {
        "building": "yes"
      },
      "geometry": {
        "type": "Polygon",
        "coordinates": [
          [
            [
              78.4363605,
              30.3769027
            ],
            [
              78.4364278,
              30.376955
            ],
            [
              78.4365718,
              30.376847
            ],
            [
              78.4364951,
              30.3767855
            ],
            [
              78.4363605,
              30.3769027
            ]
          ]
        ]
      }
    },
    {
      "type": "Feature",
      "id": 497319656,
      "properties": {
        "building": "yes"
      },
      "geometry": {
        "type": "Polygon",
        "coordinates": [
          [
            [
              78.4364359,
              30.3769805
            ],
            [
              78.4365853,
              30.3768725
            ],
            [
              78.4366566,
              30.3769364
            ],
            [
              78.4365086,
              30.3770351
            ],
            [
              78.4364359,
              30.3769805
            ]
          ]
        ]
      }
    },
    {
      "type": "Feature",
      "id": 497319657,
      "properties": {
        "building": "yes",
        "building:levels": "2"
      },
      "geometry": {
        "type": "Polygon",
        "coordinates": [
          [
            [
              78.4365987,
              30.3770142
            ],
            [
              78.436666,
              30.3769585
            ],
            [
              78.4367252,
              30.3770107
            ],
            [
              78.4366593,
              30.3770641
            ],
            [
              78.4365987,
              30.3770142
            ]
          ]
        ]
      }
    },
    {
      "type": "Feature",
      "id": 497319658,
      "properties": {
        "building": "yes"
      },
      "geometry": {
        "type": "Polygon",
        "coordinates": [
          [
            [
              78.4369123,
              30.3769863
            ],
            [
              78.4369311,
              30.3769445
            ],
            [
              78.4369877,
              30.376955
            ],
            [
              78.4369702,
              30.3770037
            ],
            [
              78.4369123,
              30.3769863
            ]
          ]
        ]
      }
    },
    {
      "type": "Feature",
      "id": 497319659,
      "properties": {
        "building": "yes"
      },
      "geometry": {
        "type": "Polygon",
        "coordinates": [
          [
            [
              78.4369392,
              30.3768482
            ],
            [
              78.4369473,
              30.3767773
            ],
            [
              78.4370765,
              30.3767901
            ],
            [
              78.4370523,
              30.3768656
            ],
            [
              78.4369392,
              30.3768482
            ]
          ]
        ]
      }
    },
    {
      "type": "Feature",
      "id": 507049897,
      "properties": {
        "building": "yes",
        "building:levels": "2",
        "name": "C Block"
      },
      "geometry": {
        "type": "Polygon",
        "coordinates": [
          [
            [
              78.4379016,
              30.3749224
            ],
            [
              78.4378703,
              30.3747792
            ],
            [
              78.4379566,
              30.3747645
            ],
            [
              78.4379935,
              30.3749077
            ],
            [
              78.4379016,
              30.3749224
            ]
          ]
        ]
      }
    },
    {
      "type": "Feature",
      "id": 507049900,
      "properties": {
        "building": "yes"
      },
      "geometry": {
        "type": "Polygon",
        "coordinates": [
          [
            [
              78.4380086,
              30.3751089
            ],
            [
              78.4379688,
              30.3749561
            ],
            [
              78.4380549,
              30.3749403
            ],
            [
              78.4380972,
              30.3750965
            ],
            [
              78.4380086,
              30.3751089
            ]
          ]
        ]
      }
    },
    {
      "type": "Feature",
      "id": 507049902,
      "properties": {
        "building": "yes"
      },
      "geometry": {
        "type": "Polygon",
        "coordinates": [
          [
            [
              78.4381822,
              30.3751978
            ],
            [
              78.4381405,
              30.3750411
            ],
            [
              78.4382443,
              30.3750207
            ],
            [
              78.4382849,
              30.3751832
            ],
            [
              78.4381822,
              30.3751978
            ]
          ]
        ]
      }
    },
    {
      "type": "Feature",
      "id": 507049904,
      "properties": {
        "building": "yes"
      },
      "geometry": {
        "type": "Polygon",
        "coordinates": [
          [
            [
              78.4379668,
              30.3754089
            ],
            [
              78.4379308,
              30.3752513
            ],
            [
              78.4380221,
              30.3752445
            ],
            [
              78.4380548,
              30.3753962
            ],
            [
              78.4379668,
              30.3754089
            ]
          ]
        ]
      }
    },
    {
      "type": "Feature",
      "id": 507049906,
      "properties": {
        "building": "yes"
      },
      "geometry": {
        "type": "Polygon",
        "coordinates": [
          [
            [
              78.4380176,
              30.3756297
            ],
            [
              78.4379804,
              30.3754741
            ],
            [
              78.438065,
              30.3754527
            ],
            [
              78.4381101,
              30.3756112
            ],
            [
              78.4380176,
              30.3756297
            ]
          ]
        ]
      }
    },
    {
      "type": "Feature",
      "id": 507049907,
      "properties": {
        "building": "yes"
      },
      "geometry": {
        "type": "Polygon",
        "coordinates": [
          [
            [
              78.4380582,
              30.3753252
            ],
            [
              78.438012,
              30.3751618
            ],
            [
              78.4381112,
              30.3751403
            ],
            [
              78.4381484,
              30.3753087
            ],
            [
              78.4380582,
              30.3753252
            ]
          ]
        ]
      }
    },
    {
      "type": "Feature",
      "id": 507049908,
      "properties": {
        "building": "yes"
      },
      "geometry": {
        "type": "Polygon",
        "coordinates": [
          [
            [
              78.4381101,
              30.3755402
            ],
            [
              78.4380774,
              30.3753797
            ],
            [
              78.4381619,
              30.3753602
            ],
            [
              78.4382093,
              30.3755178
            ],
            [
              78.4381101,
              30.3755402
            ]
          ]
        ]
      }
    },
    {
      "type": "Feature",
      "id": 507049909,
      "properties": {
        "building": "yes"
      },
      "geometry": {
        "type": "Polygon",
        "coordinates": [
          [
            [
              78.4382307,
              30.3754089
            ],
            [
              78.4381913,
              30.3752513
            ],
            [
              78.4382781,
              30.3752308
            ],
            [
              78.4383221,
              30.3753982
            ],
            [
              78.4382307,
              30.3754089
            ]
          ]
        ]
      }
    },
    {
      "type": "Feature",
      "id": 507049910,
      "properties": {
        "building": "yes"
      },
      "geometry": {
        "type": "Polygon",
        "coordinates": [
          [
            [
              78.4383334,
              30.3753038
            ],
            [
              78.4383029,
              30.3751501
            ],
            [
              78.4383965,
              30.3751365
            ],
            [
              78.4384382,
              30.3752931
            ],
            [
              78.4383334,
              30.3753038
            ]
          ]
        ]
      }
    },
    {
      "type": "Feature",
      "id": 507049911,
      "properties": {
        "building": "yes"
      },
      "geometry": {
        "type": "Polygon",
        "coordinates": [
          [
            [
              78.4384833,
              30.3752775
            ],
            [
              78.4384495,
              30.3751248
            ],
            [
              78.4385397,
              30.3751112
            ],
            [
              78.4385713,
              30.3752649
            ],
            [
              78.4384833,
              30.3752775
            ]
          ]
        ]
      }
    },
    {
      "type": "Feature",
      "id": 507049912,
      "properties": {
        "building": "yes",
        "name": "Health and wealth Fitness Club"
      },
      "geometry": {
        "type": "Polygon",
        "coordinates": [
          [
            [
              78.4382023,
              30.3747109
            ],
            [
              78.4383274,
              30.3748647
            ],
            [
              78.4386517,
              30.3749334
            ],
            [
              78.4386916,
              30.3748418
            ],
            [
              78.4384128,
              30.3747763
            ],
            [
              78.4383047,
              30.3746487
            ],
            [
              78.4382023,
              30.3747109
            ]
          ]
        ]
      }
    },
    {
      "type": "Feature",
      "id": 507049913,
      "properties": {
        "building": "yes",
        "name": "St. Anthony public School"
      },
      "geometry": {
        "type": "Polygon",
        "coordinates": [
          [
            [
              78.4387314,
              30.3751772
            ],
            [
              78.4386536,
              30.3749531
            ],
            [
              78.4387561,
              30.3749318
            ],
            [
              78.4388376,
              30.3751543
            ],
            [
              78.4387314,
              30.3751772
            ]
          ]
        ]
      }
    },
    {
      "type": "Feature",
      "id": 507049914,
      "properties": {
        "building": "yes"
      },
      "geometry": {
        "type": "Polygon",
        "coordinates": [
          [
            [
              78.4379359,
              30.374466
            ],
            [
              78.4379151,
              30.3743559
            ],
            [
              78.4380347,
              30.3742967
            ],
            [
              78.4380714,
              30.3744247
            ],
            [
              78.4379359,
              30.374466
            ]
          ]
        ]
      }
    },
    {
      "type": "Feature",
      "id": 507049915,
      "properties": {
        "building": "yes"
      },
      "geometry": {
        "type": "Polygon",
        "coordinates": [
          [
            [
              78.4379566,
              30.3745499
            ],
            [
              78.4379359,
              30.374466
            ],
            [
              78.4380698,
              30.3744426
            ],
            [
              78.4381065,
              30.3745183
            ],
            [
              78.4380896,
              30.3745218
            ],
            [
              78.4379732,
              30.3745464
            ],
            [
              78.4379566,
              30.3745499
            ]
          ]
        ]
      }
    },
    {
      "type": "Feature",
      "id": 507049916,
      "properties": {
        "building": "yes"
      },
      "geometry": {
        "type": "Polygon",
        "coordinates": [
          [
            [
              78.4379997,
              30.3746366
            ],
            [
              78.4379732,
              30.3745464
            ],
            [
              78.4380896,
              30.3745218
            ],
            [
              78.4381368,
              30.3746146
            ],
            [
              78.4380152,
              30.3746341
            ],
            [
              78.4379997,
              30.3746366
            ]
          ]
        ]
      }
    },
    {
      "type": "Feature",
      "id": 507049917,
      "properties": {
        "building": "yes"
      },
      "geometry": {
        "type": "Polygon",
        "coordinates": [
          [
            [
              78.4380347,
              30.3747123
            ],
            [
              78.4380152,
              30.3746341
            ],
            [
              78.4381368,
              30.3746146
            ],
            [
              78.4381623,
              30.3746875
            ],
            [
              78.4380347,
              30.3747123
            ]
          ]
        ]
      }
    },
    {
      "type": "Feature",
      "id": 507049918,
      "properties": {
        "building": "yes"
      },
      "geometry": {
        "type": "Polygon",
        "coordinates": [
          [
            [
              78.4382134,
              30.3746559
            ],
            [
              78.4381879,
              30.3745706
            ],
            [
              78.4383027,
              30.3745417
            ],
            [
              78.4383298,
              30.3746215
            ],
            [
              78.4382134,
              30.3746559
            ]
          ]
        ]
      }
    },
    {
      "type": "Feature",
      "id": 507049919,
      "properties": {
        "building": "yes"
      },
      "geometry": {
        "type": "Polygon",
        "coordinates": [
          [
            [
              78.4381831,
              30.3745554
            ],
            [
              78.438148,
              30.374455
            ],
            [
              78.4382835,
              30.3744206
            ],
            [
              78.4383154,
              30.3745252
            ],
            [
              78.4381831,
              30.3745554
            ]
          ]
        ]
      }
    },
    {
      "type": "Feature",
      "id": 507049920,
      "properties": {
        "building": "yes"
      },
      "geometry": {
        "type": "Polygon",
        "coordinates": [
          [
            [
              78.4380698,
              30.3743628
            ],
            [
              78.4380475,
              30.3742871
            ],
            [
              78.4381416,
              30.3742541
            ],
            [
              78.4381655,
              30.374349
            ],
            [
              78.4380698,
              30.3743628
            ]
          ]
        ]
      }
    },
    {
      "type": "Feature",
      "id": 507049921,
      "properties": {
        "building": "yes",
        "name": "PIC Auditorium"
      },
      "geometry": {
        "type": "Polygon",
        "coordinates": [
          [
            [
              78.4375626,
              30.3791391
            ],
            [
              78.4374701,
              30.3790731
            ],
            [
              78.4374414,
              30.3789603
            ],
            [
              78.4375275,
              30.3788695
            ],
            [
              78.4376232,
              30.3788612
            ],
            [
              78.4377221,
              30.3788777
            ],
            [
              78.4377827,
              30.378963
            ],
            [
              78.4377763,
              30.3790511
            ],
            [
              78.4377699,
              30.3790979
            ],
            [
              78.4376551,
              30.3791446
            ],
            [
              78.4375626,
              30.3791391
            ]
          ]
        ]
      }
    },
    {
      "type": "Feature",
      "id": 507049922,
      "properties": {
        "building": "yes",
        "name": "New Tehri District Hospital"
      },
      "geometry": {
        "type": "Polygon",
        "coordinates": [
          [
            [
              78.4376629,
              30.3810758
            ],
            [
              78.4377122,
              30.3810447
            ],
            [
              78.4377672,
              30.3811232
            ],
            [
              78.4378487,
              30.381084
            ],
            [
              78.437716,
              30.3808598
            ],
            [
              78.4378013,
              30.380814
            ],
            [
              78.4377406,
              30.3807371
            ],
            [
              78.4376666,
              30.380778
            ],
            [
              78.4375737,
              30.3806176
            ],
            [
              78.4376079,
              30.3805915
            ],
            [
              78.4375699,
              30.3805538
            ],
            [
              78.4375832,
              30.3805178
            ],
            [
              78.4375547,
              30.3804704
            ],
            [
              78.4374485,
              30.3804018
            ],
            [
              78.4373347,
              30.3803183
            ],
            [
              78.4372228,
              30.3802493
            ],
            [
              78.4370749,
              30.3801266
            ],
            [
              78.4368237,
              30.3799226
            ],
            [
              78.4367933,
              30.3799536
            ],
            [
              78.4367402,
              30.3799095
            ],
            [
              78.4366738,
              30.3799667
            ],
            [
              78.4367137,
              30.3799929
            ],
            [
              78.436708,
              30.3800944
            ],
            [
              78.4367743,
              30.3801124
            ],
            [
              78.4367952,
              30.3801664
            ],
            [
              78.4368597,
              30.3802203
            ],
            [
              78.4368995,
              30.3801991
            ],
            [
              78.4369356,
              30.3802383
            ],
            [
              78.4368673,
              30.3802825
            ],
            [
              78.4369299,
              30.3803414
            ],
            [
              78.437,
              30.380312
            ],
            [
              78.4370304,
              30.3803447
            ],
            [
              78.4369735,
              30.3803954
            ],
            [
              78.4368673,
              30.3803807
            ],
            [
              78.4368692,
              30.3804789
            ],
            [
              78.4370133,
              30.380487
            ],
            [
              78.4371575,
              30.380366
            ],
            [
              78.4372523,
              30.3804429
            ],
            [
              78.4374002,
              30.3805983
            ],
            [
              78.4373206,
              30.3806695
            ],
            [
              78.4374344,
              30.3807382
            ],
            [
              78.4375102,
              30.3806809
            ],
            [
              78.4376126,
              30.3808151
            ],
            [
              78.4375121,
              30.3808462
            ],
            [
              78.4375728,
              30.3809092
            ],
            [
              78.4376449,
              30.3808699
            ],
            [
              78.4377018,
              30.3809763
            ],
            [
              78.4376013,
              30.3810041
            ],
            [
              78.4376629,
              30.3810758
            ]
          ]
        ]
      }
    },
    {
      "type": "Feature",
      "id": 507049923,
      "properties": {
        "building": "yes",
        "name": "Baurari Covered Market"
      },
      "geometry": {
        "type": "Polygon",
        "coordinates": [
          [
            [
              78.439372,
              30.3819975
            ],
            [
              78.4396404,
              30.3821726
            ],
            [
              78.4399832,
              30.3823166
            ],
            [
              78.4405245,
              30.3825676
            ],
            [
              78.4406553,
              30.3824295
            ],
            [
              78.4401749,
              30.3822252
            ],
            [
              78.440211,
              30.3821785
            ],
            [
              78.440096,
              30.3821396
            ],
            [
              78.4401433,
              30.3820598
            ],
            [
              78.4398276,
              30.3819119
            ],
            [
              78.4395524,
              30.3817212
            ],
            [
              78.439372,
              30.3819975
            ]
          ]
        ]
      }
    },
    {
      "type": "Feature",
      "id": 509276849,
      "properties": {
        "building": "yes"
      },
      "geometry": {
        "type": "Polygon",
        "coordinates": [
          [
            [
              78.4287839,
              30.3774359
            ],
            [
              78.4289756,
              30.3772394
            ],
            [
              78.4290974,
              30.3773172
            ],
            [
              78.4288741,
              30.3775196
            ],
            [
              78.4287839,
              30.3774359
            ]
          ]
        ]
      }
    },
    {
      "type": "Feature",
      "id": 509276850,
      "properties": {
        "building": "yes"
      },
      "geometry": {
        "type": "Polygon",
        "coordinates": [
          [
            [
              78.4287771,
              30.3777336
            ],
            [
              78.4288763,
              30.3778056
            ],
            [
              78.4290726,
              30.3775935
            ],
            [
              78.4289778,
              30.3775215
            ],
            [
              78.4287771,
              30.3777336
            ]
          ]
        ]
      }
    },
    {
      "type": "Feature",
      "id": 509276852,
      "properties": {
        "building": "yes"
      },
      "geometry": {
        "type": "Polygon",
        "coordinates": [
          [
            [
              78.4287268,
              30.377963
            ],
            [
              78.4287428,
              30.3778667
            ],
            [
              78.4288481,
              30.3778805
            ],
            [
              78.4288831,
              30.3779259
            ],
            [
              78.4288656,
              30.3779782
            ],
            [
              78.4287268,
              30.377963
            ]
          ]
        ]
      }
    },
    {
      "type": "Feature",
      "id": 509276853,
      "properties": {
        "building": "yes"
      },
      "geometry": {
        "type": "Polygon",
        "coordinates": [
          [
            [
              78.4287859,
              30.3781185
            ],
            [
              78.4287731,
              30.3780538
            ],
            [
              78.4288592,
              30.3780346
            ],
            [
              78.4288863,
              30.3780992
            ],
            [
              78.4287859,
              30.3781185
            ]
          ]
        ]
      }
    },
    {
      "type": "Feature",
      "id": 509276854,
      "properties": {
        "building": "yes"
      },
      "geometry": {
        "type": "Polygon",
        "coordinates": [
          [
            [
              78.4288544,
              30.3782189
            ],
            [
              78.4289182,
              30.378274
            ],
            [
              78.4289932,
              30.3781997
            ],
            [
              78.428931,
              30.378146
            ],
            [
              78.4288544,
              30.3782189
            ]
          ]
        ]
      }
    },
    {
      "type": "Feature",
      "id": 509276855,
      "properties": {
        "building": "yes"
      },
      "geometry": {
        "type": "Polygon",
        "coordinates": [
          [
            [
              78.4289533,
              30.3782588
            ],
            [
              78.4289948,
              30.378285
            ],
            [
              78.4290426,
              30.3782382
            ],
            [
              78.4290028,
              30.3782079
            ],
            [
              78.4289533,
              30.3782588
            ]
          ]
        ]
      }
    },
    {
      "type": "Feature",
      "id": 509276856,
      "properties": {
        "building": "yes"
      },
      "geometry": {
        "type": "Polygon",
        "coordinates": [
          [
            [
              78.4291016,
              30.3782781
            ],
            [
              78.4290745,
              30.3781364
            ],
            [
              78.4291128,
              30.3781295
            ],
            [
              78.4291128,
              30.378091
            ],
            [
              78.4291941,
              30.37808
            ],
            [
              78.4292292,
              30.3782657
            ],
            [
              78.4291016,
              30.3782781
            ]
          ]
        ]
      }
    },
    {
      "type": "Feature",
      "id": 509276857,
      "properties": {
        "building": "yes"
      },
      "geometry": {
        "type": "Polygon",
        "coordinates": [
          [
            [
              78.4290729,
              30.3780387
            ],
            [
              78.429057,
              30.3779465
            ],
            [
              78.429159,
              30.3779341
            ],
            [
              78.4291766,
              30.3780304
            ],
            [
              78.4290729,
              30.3780387
            ]
          ]
        ]
      }
    },
    {
      "type": "Feature",
      "id": 509276858,
      "properties": {
        "building": "yes"
      },
      "geometry": {
        "type": "Polygon",
        "coordinates": [
          [
            [
              78.4290554,
              30.3778034
            ],
            [
              78.4290442,
              30.3777236
            ],
            [
              78.4291032,
              30.3777167
            ],
            [
              78.4291208,
              30.3777965
            ],
            [
              78.4290554,
              30.3778034
            ]
          ]
        ]
      }
    },
    {
      "type": "Feature",
      "id": 509276859,
      "properties": {
        "building": "yes"
      },
      "geometry": {
        "type": "Polygon",
        "coordinates": [
          [
            [
              78.4292817,
              30.3779774
            ],
            [
              78.4293711,
              30.3779617
            ],
            [
              78.4293644,
              30.3779334
            ],
            [
              78.4294391,
              30.3779203
            ],
            [
              78.4294102,
              30.377798
            ],
            [
              78.429331,
              30.3778119
            ],
            [
              78.4292783,
              30.3775889
            ],
            [
              78.4291935,
              30.3776038
            ],
            [
              78.4292371,
              30.3777885
            ],
            [
              78.4292817,
              30.3779774
            ]
          ]
        ]
      }
    },
    {
      "type": "Feature",
      "id": 509276860,
      "properties": {
        "amenity": "place_of_worship",
        "building": "yes",
        "religion": "hindu"
      },
      "geometry": {
        "type": "Polygon",
        "coordinates": [
          [
            [
              78.4295713,
              30.3778595
            ],
            [
              78.4295843,
              30.3778078
            ],
            [
              78.4296382,
              30.3778178
            ],
            [
              78.4296316,
              30.3778442
            ],
            [
              78.4296252,
              30.3778696
            ],
            [
              78.4295713,
              30.3778595
            ]
          ]
        ]
      }
    },
    {
      "type": "Feature",
      "id": 509276861,
      "properties": {
        "building": "yes"
      },
      "geometry": {
        "type": "Polygon",
        "coordinates": [
          [
            [
              78.4293753,
              30.3780972
            ],
            [
              78.4294297,
              30.3781189
            ],
            [
              78.4294197,
              30.3781377
            ],
            [
              78.4294748,
              30.3781597
            ],
            [
              78.4295562,
              30.3780077
            ],
            [
              78.4294466,
              30.377964
            ],
            [
              78.4293753,
              30.3780972
            ]
          ]
        ]
      }
    },
    {
      "type": "Feature",
      "id": 509276862,
      "properties": {
        "building": "yes"
      },
      "geometry": {
        "type": "Polygon",
        "coordinates": [
          [
            [
              78.4294135,
              30.3783098
            ],
            [
              78.4294628,
              30.3782279
            ],
            [
              78.4295505,
              30.3782673
            ],
            [
              78.4295012,
              30.3783491
            ],
            [
              78.4294135,
              30.3783098
            ]
          ]
        ]
      }
    },
    {
      "type": "Feature",
      "id": 509276863,
      "properties": {
        "building": "yes"
      },
      "geometry": {
        "type": "Polygon",
        "coordinates": [
          [
            [
              78.4295196,
              30.3784218
            ],
            [
              78.4296074,
              30.3782722
            ],
            [
              78.4296956,
              30.3783107
            ],
            [
              78.4296078,
              30.3784603
            ],
            [
              78.4295196,
              30.3784218
            ]
          ]
        ]
      }
    },
    {
      "type": "Feature",
      "id": 509276864,
      "properties": {
        "building": "yes"
      },
      "geometry": {
        "type": "Polygon",
        "coordinates": [
          [
            [
              78.4296598,
              30.3784006
            ],
            [
              78.4297504,
              30.3784326
            ],
            [
              78.4298282,
              30.3782686
            ],
            [
              78.4297376,
              30.3782366
            ],
            [
              78.4296598,
              30.3784006
            ]
          ]
        ]
      }
    },
    {
      "type": "Feature",
      "id": 509276865,
      "properties": {
        "building": "yes"
      },
      "geometry": {
        "type": "Polygon",
        "coordinates": [
          [
            [
              78.4296136,
              30.378215
            ],
            [
              78.4296807,
              30.3780821
            ],
            [
              78.4297667,
              30.3781144
            ],
            [
              78.4296996,
              30.3782473
            ],
            [
              78.4296136,
              30.378215
            ]
          ]
        ]
      }
    },
    {
      "type": "Feature",
      "id": 509276866,
      "properties": {
        "building": "yes"
      },
      "geometry": {
        "type": "Polygon",
        "coordinates": [
          [
            [
              78.4295211,
              30.3781006
            ],
            [
              78.4295636,
              30.3780226
            ],
            [
              78.4296598,
              30.3780616
            ],
            [
              78.4296173,
              30.3781396
            ],
            [
              78.4295211,
              30.3781006
            ]
          ]
        ]
      }
    },
    {
      "type": "Feature",
      "id": 509276867,
      "properties": {
        "building": "yes"
      },
      "geometry": {
        "type": "Polygon",
        "coordinates": [
          [
            [
              78.4297644,
              30.3784517
            ],
            [
              78.4298429,
              30.3782921
            ],
            [
              78.4299324,
              30.3783249
            ],
            [
              78.4298539,
              30.3784844
            ],
            [
              78.4297644,
              30.3784517
            ]
          ]
        ]
      }
    },
    {
      "type": "Feature",
      "id": 509276868,
      "properties": {
        "building": "yes"
      },
      "geometry": {
        "type": "Polygon",
        "coordinates": [
          [
            [
              78.4298722,
              30.3797445
            ],
            [
              78.42995,
              30.379828
            ],
            [
              78.4300808,
              30.379738
            ],
            [
              78.430005,
              30.3796545
            ],
            [
              78.4298722,
              30.3797445
            ]
          ]
        ]
      }
    },
    {
      "type": "Feature",
      "id": 509276869,
      "properties": {
        "building": "yes"
      },
      "geometry": {
        "type": "Polygon",
        "coordinates": [
          [
            [
              78.4297565,
              30.3802213
            ],
            [
              78.4297129,
              30.3801199
            ],
            [
              78.4298741,
              30.3800773
            ],
            [
              78.4299045,
              30.3801902
            ],
            [
              78.4297565,
              30.3802213
            ]
          ]
        ]
      }
    },
    {
      "type": "Feature",
      "id": 509276870,
      "properties": {
        "building": "yes"
      },
      "geometry": {
        "type": "Polygon",
        "coordinates": [
          [
            [
              78.4299101,
              30.3801477
            ],
            [
              78.4299936,
              30.3801444
            ],
            [
              78.429986,
              30.3800724
            ],
            [
              78.429895,
              30.3800823
            ],
            [
              78.4299101,
              30.3801477
            ]
          ]
        ]
      }
    },
    {
      "type": "Feature",
      "id": 509276871,
      "properties": {
        "building": "yes"
      },
      "geometry": {
        "type": "Polygon",
        "coordinates": [
          [
            [
              78.4300043,
              30.3804464
            ],
            [
              78.4300821,
              30.3805086
            ],
            [
              78.4301854,
              30.3804161
            ],
            [
              78.4301067,
              30.380354
            ],
            [
              78.4300043,
              30.3804464
            ]
          ]
        ]
      }
    },
    {
      "type": "Feature",
      "id": 509276872,
      "properties": {
        "building": "yes"
      },
      "geometry": {
        "type": "Polygon",
        "coordinates": [
          [
            [
              78.4302006,
              30.380493
            ],
            [
              78.4302528,
              30.3805217
            ],
            [
              78.4302907,
              30.3804873
            ],
            [
              78.430322,
              30.380511
            ],
            [
              78.4303552,
              30.3804693
            ],
            [
              78.4302698,
              30.3804063
            ],
            [
              78.4302006,
              30.380493
            ]
          ]
        ]
      }
    },
    {
      "type": "Feature",
      "id": 509276873,
      "properties": {
        "building": "yes"
      },
      "geometry": {
        "type": "Polygon",
        "coordinates": [
          [
            [
              78.4303287,
              30.380293
            ],
            [
              78.4304226,
              30.3803642
            ],
            [
              78.4304757,
              30.3803094
            ],
            [
              78.4303866,
              30.3802341
            ],
            [
              78.4303287,
              30.380293
            ]
          ]
        ]
      }
    },
    {
      "type": "Feature",
      "id": 509276874,
      "properties": {
        "building": "yes"
      },
      "geometry": {
        "type": "Polygon",
        "coordinates": [
          [
            [
              78.430505,
              30.3806897
            ],
            [
              78.4304804,
              30.3806259
            ],
            [
              78.4305714,
              30.3805997
            ],
            [
              78.4305961,
              30.3806676
            ],
            [
              78.430505,
              30.3806897
            ]
          ]
        ]
      }
    },
    {
      "type": "Feature",
      "id": 509276875,
      "properties": {
        "building": "yes"
      },
      "geometry": {
        "type": "Polygon",
        "coordinates": [
          [
            [
              78.4303144,
              30.3806717
            ],
            [
              78.430322,
              30.3806177
            ],
            [
              78.4304225,
              30.3806267
            ],
            [
              78.4304102,
              30.3806856
            ],
            [
              78.4303144,
              30.3806717
            ]
          ]
        ]
      }
    },
    {
      "type": "Feature",
      "id": 509276876,
      "properties": {
        "building": "yes"
      },
      "geometry": {
        "type": "Polygon",
        "coordinates": [
          [
            [
              78.4297598,
              30.3811616
            ],
            [
              78.4297087,
              30.3810529
            ],
            [
              78.4297853,
              30.3810282
            ],
            [
              78.4298347,
              30.3811313
            ],
            [
              78.4297598,
              30.3811616
            ]
          ]
        ]
      }
    },
    {
      "type": "Feature",
      "id": 509276877,
      "properties": {
        "amenity": "place_of_worship",
        "building": "yes",
        "name": "Temple",
        "religion": "hindu"
      },
      "geometry": {
        "type": "Polygon",
        "coordinates": [
          [
            [
              78.4302134,
              30.3813392
            ],
            [
              78.4301954,
              30.3812844
            ],
            [
              78.4302361,
              30.3812754
            ],
            [
              78.4302874,
              30.3812991
            ],
            [
              78.4303367,
              30.3813416
            ],
            [
              78.4302997,
              30.3813825
            ],
            [
              78.4302134,
              30.3813392
            ]
          ]
        ]
      }
    },
    {
      "type": "Feature",
      "id": 509276878,
      "properties": {
        "building": "yes"
      },
      "geometry": {
        "type": "Polygon",
        "coordinates": [
          [
            [
              78.4332169,
              30.377205
            ],
            [
              78.4331718,
              30.3770396
            ],
            [
              78.4332801,
              30.3770201
            ],
            [
              78.4333297,
              30.3771797
            ],
            [
              78.4332169,
              30.377205
            ]
          ]
        ]
      }
    },
    {
      "type": "Feature",
      "id": 509276879,
      "properties": {
        "building": "yes"
      },
      "geometry": {
        "type": "Polygon",
        "coordinates": [
          [
            [
              78.4332666,
              30.3773781
            ],
            [
              78.4332237,
              30.3772264
            ],
            [
              78.4333252,
              30.3772011
            ],
            [
              78.4333771,
              30.3773509
            ],
            [
              78.4332666,
              30.3773781
            ]
          ]
        ]
      }
    },
    {
      "type": "Feature",
      "id": 509276882,
      "properties": {
        "building": "yes"
      },
      "geometry": {
        "type": "Polygon",
        "coordinates": [
          [
            [
              78.4333162,
              30.377563
            ],
            [
              78.4332733,
              30.3773956
            ],
            [
              78.4333793,
              30.377382
            ],
            [
              78.433429,
              30.3775416
            ],
            [
              78.4333162,
              30.377563
            ]
          ]
        ]
      }
    },
    {
      "type": "Feature",
      "id": 509276883,
      "properties": {
        "building": "yes"
      },
      "geometry": {
        "type": "Polygon",
        "coordinates": [
          [
            [
              78.4331809,
              30.3775902
            ],
            [
              78.433147,
              30.3774365
            ],
            [
              78.4332508,
              30.3774209
            ],
            [
              78.4332936,
              30.3775688
            ],
            [
              78.4331809,
              30.3775902
            ]
          ]
        ]
      }
    },
    {
      "type": "Feature",
      "id": 509276884,
      "properties": {
        "building": "yes"
      },
      "geometry": {
        "type": "Polygon",
        "coordinates": [
          [
            [
              78.4332305,
              30.3777654
            ],
            [
              78.4331899,
              30.3776136
            ],
            [
              78.4332891,
              30.3775883
            ],
            [
              78.4333365,
              30.3777439
            ],
            [
              78.4332305,
              30.3777654
            ]
          ]
        ]
      }
    },
    {
      "type": "Feature",
      "id": 509276885,
      "properties": {
        "building": "yes"
      },
      "geometry": {
        "type": "Polygon",
        "coordinates": [
          [
            [
              78.4333748,
              30.3777439
            ],
            [
              78.4333252,
              30.3775883
            ],
            [
              78.4334267,
              30.377563
            ],
            [
              78.4334808,
              30.3777245
            ],
            [
              78.4333748,
              30.3777439
            ]
          ]
        ]
      }
    },
    {
      "type": "Feature",
      "id": 509276886,
      "properties": {
        "building": "yes"
      },
      "geometry": {
        "type": "Polygon",
        "coordinates": [
          [
            [
              78.4333252,
              30.378174
            ],
            [
              78.4332824,
              30.37803
            ],
            [
              78.4333884,
              30.3780125
            ],
            [
              78.433429,
              30.3781565
            ],
            [
              78.4333252,
              30.378174
            ]
          ]
        ]
      }
    },
    {
      "type": "Feature",
      "id": 509276887,
      "properties": {
        "building": "yes"
      },
      "geometry": {
        "type": "Polygon",
        "coordinates": [
          [
            [
              78.4334853,
              30.3781584
            ],
            [
              78.4334402,
              30.3779911
            ],
            [
              78.4335395,
              30.3779794
            ],
            [
              78.4335846,
              30.3781389
            ],
            [
              78.4334853,
              30.3781584
            ]
          ]
        ]
      }
    },
    {
      "type": "Feature",
      "id": 509276888,
      "properties": {
        "building": "yes"
      },
      "geometry": {
        "type": "Polygon",
        "coordinates": [
          [
            [
              78.4337019,
              30.3780572
            ],
            [
              78.4336635,
              30.3778899
            ],
            [
              78.4337673,
              30.3778802
            ],
            [
              78.4338101,
              30.3780455
            ],
            [
              78.4337019,
              30.3780572
            ]
          ]
        ]
      }
    },
    {
      "type": "Feature",
      "id": 509276889,
      "properties": {
        "building": "yes"
      },
      "geometry": {
        "type": "Polygon",
        "coordinates": [
          [
            [
              78.4334899,
              30.3773314
            ],
            [
              78.433447,
              30.3771719
            ],
            [
              78.433562,
              30.3771524
            ],
            [
              78.4336004,
              30.37731
            ],
            [
              78.4334899,
              30.3773314
            ]
          ]
        ]
      }
    },
    {
      "type": "Feature",
      "id": 509276891,
      "properties": {
        "building": "yes"
      },
      "geometry": {
        "type": "Polygon",
        "coordinates": [
          [
            [
              78.4333162,
              30.3765473
            ],
            [
              78.4332801,
              30.3763877
            ],
            [
              78.4333929,
              30.3763721
            ],
            [
              78.4334245,
              30.3765356
            ],
            [
              78.4333162,
              30.3765473
            ]
          ]
        ]
      }
    },
    {
      "type": "Feature",
      "id": 509276892,
      "properties": {
        "building": "yes"
      },
      "geometry": {
        "type": "Polygon",
        "coordinates": [
          [
            [
              78.4334493,
              30.3765278
            ],
            [
              78.4334177,
              30.3763702
            ],
            [
              78.4335305,
              30.3763449
            ],
            [
              78.433562,
              30.3765006
            ],
            [
              78.4334493,
              30.3765278
            ]
          ]
        ]
      }
    },
    {
      "type": "Feature",
      "id": 509276893,
      "properties": {
        "building": "yes"
      },
      "geometry": {
        "type": "Polygon",
        "coordinates": [
          [
            [
              78.4329463,
              30.3766076
            ],
            [
              78.4329215,
              30.3764441
            ],
            [
              78.4330275,
              30.3764364
            ],
            [
              78.4330523,
              30.3765979
            ],
            [
              78.4329463,
              30.3766076
            ]
          ]
        ]
      }
    },
    {
      "type": "Feature",
      "id": 509276895,
      "properties": {
        "building": "yes"
      },
      "geometry": {
        "type": "Polygon",
        "coordinates": [
          [
            [
              78.4333545,
              30.3767535
            ],
            [
              78.433332,
              30.3765979
            ],
            [
              78.4334245,
              30.376592
            ],
            [
              78.433456,
              30.3767438
            ],
            [
              78.4333545,
              30.3767535
            ]
          ]
        ]
      }
    },
    {
      "type": "Feature",
      "id": 509276896,
      "properties": {
        "building": "yes"
      },
      "geometry": {
        "type": "Polygon",
        "coordinates": [
          [
            [
              78.4334899,
              30.3767341
            ],
            [
              78.4334718,
              30.3765765
            ],
            [
              78.4335846,
              30.3765609
            ],
            [
              78.4335936,
              30.3767302
            ],
            [
              78.4334899,
              30.3767341
            ]
          ]
        ]
      }
    },
    {
      "type": "Feature",
      "id": 509276897,
      "properties": {
        "building": "yes"
      },
      "geometry": {
        "type": "Polygon",
        "coordinates": [
          [
            [
              78.4336139,
              30.3761367
            ],
            [
              78.4335891,
              30.3759946
            ],
            [
              78.4336726,
              30.3759849
            ],
            [
              78.4337041,
              30.3761309
            ],
            [
              78.4336139,
              30.3761367
            ]
          ]
        ]
      }
    },
    {
      "type": "Feature",
      "id": 509276898,
      "properties": {
        "building": "yes"
      },
      "geometry": {
        "type": "Polygon",
        "coordinates": [
          [
            [
              78.4336703,
              30.376306
            ],
            [
              78.4336365,
              30.3761659
            ],
            [
              78.4337515,
              30.3761503
            ],
            [
              78.433774,
              30.3762087
            ],
            [
              78.4339004,
              30.3761951
            ],
            [
              78.4339094,
              30.3762534
            ],
            [
              78.4337943,
              30.3762632
            ],
            [
              78.4337673,
              30.3762651
            ],
            [
              78.4337695,
              30.3762982
            ],
            [
              78.4336703,
              30.376306
            ]
          ]
        ]
      }
    },
    {
      "type": "Feature",
      "id": 509276899,
      "properties": {
        "building": "yes"
      },
      "geometry": {
        "type": "Polygon",
        "coordinates": [
          [
            [
              78.4337109,
              30.3764889
            ],
            [
              78.4336703,
              30.3763391
            ],
            [
              78.4337718,
              30.3763196
            ],
            [
              78.4338259,
              30.3764694
            ],
            [
              78.4337109,
              30.3764889
            ]
          ]
        ]
      }
    },
    {
      "type": "Feature",
      "id": 509276900,
      "properties": {
        "building": "yes"
      },
      "geometry": {
        "type": "Polygon",
        "coordinates": [
          [
            [
              78.4337515,
              30.3766737
            ],
            [
              78.4337199,
              30.37652
            ],
            [
              78.4338282,
              30.3765045
            ],
            [
              78.4338688,
              30.3766562
            ],
            [
              78.4337515,
              30.3766737
            ]
          ]
        ]
      }
    },
    {
      "type": "Feature",
      "id": 509276901,
      "properties": {
        "building": "yes"
      },
      "geometry": {
        "type": "Polygon",
        "coordinates": [
          [
            [
              78.4339116,
              30.3766504
            ],
            [
              78.4338755,
              30.3764986
            ],
            [
              78.4339815,
              30.3764753
            ],
            [
              78.4340221,
              30.3766329
            ],
            [
              78.4339116,
              30.3766504
            ]
          ]
        ]
      }
    },
    {
      "type": "Feature",
      "id": 509276902,
      "properties": {
        "building": "yes"
      },
      "geometry": {
        "type": "Polygon",
        "coordinates": [
          [
            [
              78.4338507,
              30.3764694
            ],
            [
              78.4338259,
              30.3763138
            ],
            [
              78.4339319,
              30.376304
            ],
            [
              78.4339613,
              30.3764558
            ],
            [
              78.4338507,
              30.3764694
            ]
          ]
        ]
      }
    },
    {
      "type": "Feature",
      "id": 509276903,
      "properties": {
        "building": "yes"
      },
      "geometry": {
        "type": "Polygon",
        "coordinates": [
          [
            [
              78.4340159,
              30.3770506
            ],
            [
              78.4341297,
              30.3770326
            ],
            [
              78.4340879,
              30.3768543
            ],
            [
              78.433976,
              30.3768788
            ],
            [
              78.4340159,
              30.3770506
            ]
          ]
        ]
      }
    },
    {
      "type": "Feature",
      "id": 509276904,
      "properties": {
        "building": "yes"
      },
      "geometry": {
        "type": "Polygon",
        "coordinates": [
          [
            [
              78.4338603,
              30.3770735
            ],
            [
              78.4338148,
              30.3769148
            ],
            [
              78.4339286,
              30.3768886
            ],
            [
              78.433976,
              30.3770539
            ],
            [
              78.4338603,
              30.3770735
            ]
          ]
        ]
      }
    },
    {
      "type": "Feature",
      "id": 509276906,
      "properties": {
        "building": "yes"
      },
      "geometry": {
        "type": "Polygon",
        "coordinates": [
          [
            [
              78.4339059,
              30.3772584
            ],
            [
              78.4338698,
              30.3770932
            ],
            [
              78.4339779,
              30.3770719
            ],
            [
              78.4340178,
              30.3772437
            ],
            [
              78.4339059,
              30.3772584
            ]
          ]
        ]
      }
    },
    {
      "type": "Feature",
      "id": 509276907,
      "properties": {
        "building": "yes"
      },
      "geometry": {
        "type": "Polygon",
        "coordinates": [
          [
            [
              78.4339609,
              30.3774433
            ],
            [
              78.4339191,
              30.3772797
            ],
            [
              78.4340329,
              30.3772601
            ],
            [
              78.4340785,
              30.3774302
            ],
            [
              78.4339609,
              30.3774433
            ]
          ]
        ]
      }
    },
    {
      "type": "Feature",
      "id": 509276909,
      "properties": {
        "building": "yes"
      },
      "geometry": {
        "type": "Polygon",
        "coordinates": [
          [
            [
              78.4340083,
              30.3776298
            ],
            [
              78.4339741,
              30.3774679
            ],
            [
              78.4340841,
              30.3774548
            ],
            [
              78.4341221,
              30.3776086
            ],
            [
              78.4340083,
              30.3776298
            ]
          ]
        ]
      }
    },
    {
      "type": "Feature",
      "id": 509276911,
      "properties": {
        "building": "yes"
      },
      "geometry": {
        "type": "Polygon",
        "coordinates": [
          [
            [
              78.4341221,
              30.3774188
            ],
            [
              78.4340841,
              30.3772568
            ],
            [
              78.4341998,
              30.3772322
            ],
            [
              78.4342416,
              30.3773991
            ],
            [
              78.4341221,
              30.3774188
            ]
          ]
        ]
      }
    },
    {
      "type": "Feature",
      "id": 509276913,
      "properties": {
        "building": "yes"
      },
      "geometry": {
        "type": "Polygon",
        "coordinates": [
          [
            [
              78.4340728,
              30.3772355
            ],
            [
              78.4340272,
              30.3770735
            ],
            [
              78.4341391,
              30.3770473
            ],
            [
              78.4341885,
              30.377211
            ],
            [
              78.4340728,
              30.3772355
            ]
          ]
        ]
      }
    },
    {
      "type": "Feature",
      "id": 509276915,
      "properties": {
        "building": "yes"
      },
      "geometry": {
        "type": "Polygon",
        "coordinates": [
          [
            [
              78.4335948,
              30.3771177
            ],
            [
              78.4335645,
              30.3769655
            ],
            [
              78.4336688,
              30.3769443
            ],
            [
              78.4337029,
              30.3770997
            ],
            [
              78.4335948,
              30.3771177
            ]
          ]
        ]
      }
    },
    {
      "type": "Feature",
      "id": 509276917,
      "properties": {
        "building": "yes"
      },
      "geometry": {
        "type": "Polygon",
        "coordinates": [
          [
            [
              78.4336441,
              30.3773059
            ],
            [
              78.4336024,
              30.3771455
            ],
            [
              78.4337181,
              30.3771144
            ],
            [
              78.4337636,
              30.3772846
            ],
            [
              78.4336441,
              30.3773059
            ]
          ]
        ]
      }
    },
    {
      "type": "Feature",
      "id": 509276918,
      "properties": {
        "building": "yes"
      },
      "geometry": {
        "type": "Polygon",
        "coordinates": [
          [
            [
              78.4336972,
              30.3774842
            ],
            [
              78.4336612,
              30.3773239
            ],
            [
              78.4337693,
              30.3773059
            ],
            [
              78.4338034,
              30.3774679
            ],
            [
              78.4336972,
              30.3774842
            ]
          ]
        ]
      }
    },
    {
      "type": "Feature",
      "id": 509276919,
      "properties": {
        "building": "yes"
      },
      "geometry": {
        "type": "Polygon",
        "coordinates": [
          [
            [
              78.4337447,
              30.377674
            ],
            [
              78.4337048,
              30.3775137
            ],
            [
              78.433811,
              30.3774842
            ],
            [
              78.4338528,
              30.3776511
            ],
            [
              78.4337864,
              30.3776658
            ],
            [
              78.4337447,
              30.377674
            ]
          ]
        ]
      }
    },
    {
      "type": "Feature",
      "id": 509276920,
      "properties": {
        "building": "yes"
      },
      "geometry": {
        "type": "Polygon",
        "coordinates": [
          [
            [
              78.4337902,
              30.3778475
            ],
            [
              78.433756,
              30.3777002
            ],
            [
              78.4338622,
              30.3776822
            ],
            [
              78.433904,
              30.3778311
            ],
            [
              78.4337902,
              30.3778475
            ]
          ]
        ]
      }
    },
    {
      "type": "Feature",
      "id": 509276921,
      "properties": {
        "building": "yes"
      },
      "geometry": {
        "type": "Polygon",
        "coordinates": [
          [
            [
              78.433849,
              30.3780291
            ],
            [
              78.4338072,
              30.3778753
            ],
            [
              78.4339097,
              30.3778524
            ],
            [
              78.4339514,
              30.3780111
            ],
            [
              78.433849,
              30.3780291
            ]
          ]
        ]
      }
    },
    {
      "type": "Feature",
      "id": 509276922,
      "properties": {
        "building": "yes"
      },
      "geometry": {
        "type": "Polygon",
        "coordinates": [
          [
            [
              78.4346675,
              30.3770451
            ],
            [
              78.4346472,
              30.3768096
            ],
            [
              78.4347532,
              30.3768096
            ],
            [
              78.434778,
              30.3770373
            ],
            [
              78.4346675,
              30.3770451
            ]
          ]
        ]
      }
    },
    {
      "type": "Feature",
      "id": 509276923,
      "properties": {
        "building": "yes"
      },
      "geometry": {
        "type": "Polygon",
        "coordinates": [
          [
            [
              78.435087,
              30.3771462
            ],
            [
              78.4350532,
              30.3769828
            ],
            [
              78.4351682,
              30.3769653
            ],
            [
              78.4352088,
              30.3771365
            ],
            [
              78.435087,
              30.3771462
            ]
          ]
        ]
      }
    },
    {
      "type": "Feature",
      "id": 509276924,
      "properties": {
        "building": "yes"
      },
      "geometry": {
        "type": "Polygon",
        "coordinates": [
          [
            [
              78.4351367,
              30.3773525
            ],
            [
              78.4351028,
              30.3772105
            ],
            [
              78.4351953,
              30.3771891
            ],
            [
              78.4352382,
              30.377335
            ],
            [
              78.4351367,
              30.3773525
            ]
          ]
        ]
      }
    },
    {
      "type": "Feature",
      "id": 509276925,
      "properties": {
        "building": "yes"
      },
      "geometry": {
        "type": "Polygon",
        "coordinates": [
          [
            [
              78.4353171,
              30.3773486
            ],
            [
              78.4352742,
              30.3771793
            ],
            [
              78.4353848,
              30.3771579
            ],
            [
              78.4354276,
              30.3773311
            ],
            [
              78.4353171,
              30.3773486
            ]
          ]
        ]
      }
    },
    {
      "type": "Feature",
      "id": 509276926,
      "properties": {
        "building": "yes"
      },
      "geometry": {
        "type": "Polygon",
        "coordinates": [
          [
            [
              78.4354637,
              30.3772786
            ],
            [
              78.4354321,
              30.3771501
            ],
            [
              78.4355269,
              30.3771385
            ],
            [
              78.4355562,
              30.3772688
            ],
            [
              78.4354637,
              30.3772786
            ]
          ]
        ]
      }
    },
    {
      "type": "Feature",
      "id": 509276927,
      "properties": {
        "building": "yes"
      },
      "geometry": {
        "type": "Polygon",
        "coordinates": [
          [
            [
              78.4350329,
              30.3769361
            ],
            [
              78.4350058,
              30.3767785
            ],
            [
              78.4351231,
              30.3767532
            ],
            [
              78.435157,
              30.3769186
            ],
            [
              78.4350329,
              30.3769361
            ]
          ]
        ]
      }
    },
    {
      "type": "Feature",
      "id": 509276928,
      "properties": {
        "building": "yes"
      },
      "geometry": {
        "type": "Polygon",
        "coordinates": [
          [
            [
              78.4352133,
              30.376905
            ],
            [
              78.435184,
              30.3767551
            ],
            [
              78.4352878,
              30.3767318
            ],
            [
              78.4353171,
              30.3768894
            ],
            [
              78.4352133,
              30.376905
            ]
          ]
        ]
      }
    },
    {
      "type": "Feature",
      "id": 509276929,
      "properties": {
        "building": "yes"
      },
      "geometry": {
        "type": "Polygon",
        "coordinates": [
          [
            [
              78.4353712,
              30.3768816
            ],
            [
              78.4353396,
              30.3767376
            ],
            [
              78.4354434,
              30.3767298
            ],
            [
              78.4354817,
              30.3768719
            ],
            [
              78.4353712,
              30.3768816
            ]
          ]
        ]
      }
    },
    {
      "type": "Feature",
      "id": 509276930,
      "properties": {
        "building": "yes"
      },
      "geometry": {
        "type": "Polygon",
        "coordinates": [
          [
            [
              78.4354118,
              30.3770684
            ],
            [
              78.4353915,
              30.3769283
            ],
            [
              78.435493,
              30.3769147
            ],
            [
              78.4355178,
              30.3770528
            ],
            [
              78.4354118,
              30.3770684
            ]
          ]
        ]
      }
    },
    {
      "type": "Feature",
      "id": 509276931,
      "properties": {
        "building": "yes"
      },
      "geometry": {
        "type": "Polygon",
        "coordinates": [
          [
            [
              78.43559,
              30.3771209
            ],
            [
              78.4355629,
              30.3769828
            ],
            [
              78.4356622,
              30.3769692
            ],
            [
              78.4356938,
              30.3771034
            ],
            [
              78.43559,
              30.3771209
            ]
          ]
        ]
      }
    },
    {
      "type": "Feature",
      "id": 509276932,
      "properties": {
        "building": "yes"
      },
      "geometry": {
        "type": "Polygon",
        "coordinates": [
          [
            [
              78.4355404,
              30.3769244
            ],
            [
              78.4355066,
              30.3767804
            ],
            [
              78.4356058,
              30.376761
            ],
            [
              78.4356374,
              30.3768972
            ],
            [
              78.4355404,
              30.3769244
            ]
          ]
        ]
      }
    },
    {
      "type": "Feature",
      "id": 509276933,
      "properties": {
        "building": "yes"
      },
      "geometry": {
        "type": "Polygon",
        "coordinates": [
          [
            [
              78.4349021,
              30.3760355
            ],
            [
              78.4347824,
              30.3759007
            ],
            [
              78.4348494,
              30.3758498
            ],
            [
              78.4349722,
              30.375986
            ],
            [
              78.4349021,
              30.3760355
            ]
          ]
        ]
      }
    },
    {
      "type": "Feature",
      "id": 509276934,
      "properties": {
        "building": "yes"
      },
      "geometry": {
        "type": "Polygon",
        "coordinates": [
          [
            [
              78.4349324,
              30.376114
            ],
            [
              78.4348973,
              30.3760603
            ],
            [
              78.4350472,
              30.375997
            ],
            [
              78.4350775,
              30.3760603
            ],
            [
              78.4349324,
              30.376114
            ]
          ]
        ]
      }
    },
    {
      "type": "Feature",
      "id": 509276935,
      "properties": {
        "building": "yes"
      },
      "geometry": {
        "type": "Polygon",
        "coordinates": [
          [
            [
              78.4365511,
              30.3755306
            ],
            [
              78.4365432,
              30.3753875
            ],
            [
              78.4366277,
              30.3753875
            ],
            [
              78.436642,
              30.3755223
            ],
            [
              78.4365511,
              30.3755306
            ]
          ]
        ]
      }
    },
    {
      "type": "Feature",
      "id": 509276937,
      "properties": {
        "building": "yes"
      },
      "geometry": {
        "type": "Polygon",
        "coordinates": [
          [
            [
              78.4363119,
              30.3756104
            ],
            [
              78.4362991,
              30.3754453
            ],
            [
              78.4363885,
              30.3754398
            ],
            [
              78.4364076,
              30.3756021
            ],
            [
              78.4363119,
              30.3756104
            ]
          ]
        ]
      }
    },
    {
      "type": "Feature",
      "id": 509276938,
      "properties": {
        "building": "yes"
      },
      "geometry": {
        "type": "Polygon",
        "coordinates": [
          [
            [
              78.4363725,
              30.3757149
            ],
            [
              78.4363661,
              30.375642
            ],
            [
              78.4364523,
              30.3756406
            ],
            [
              78.4364523,
              30.3757081
            ],
            [
              78.4363725,
              30.3757149
            ]
          ]
        ]
      }
    },
    {
      "type": "Feature",
      "id": 509276939,
      "properties": {
        "building": "yes"
      },
      "geometry": {
        "type": "Polygon",
        "coordinates": [
          [
            [
              78.4364251,
              30.3755622
            ],
            [
              78.4364124,
              30.375415
            ],
            [
              78.4364985,
              30.3754081
            ],
            [
              78.4365097,
              30.3755581
            ],
            [
              78.4364251,
              30.3755622
            ]
          ]
        ]
      }
    },
    {
      "type": "Feature",
      "id": 509276940,
      "properties": {
        "building": "yes"
      },
      "geometry": {
        "type": "Polygon",
        "coordinates": [
          [
            [
              78.4365846,
              30.3757149
            ],
            [
              78.4365719,
              30.3756076
            ],
            [
              78.4366612,
              30.3756021
            ],
            [
              78.4366787,
              30.3757081
            ],
            [
              78.4365846,
              30.3757149
            ]
          ]
        ]
      }
    },
    {
      "type": "Feature",
      "id": 509479731,
      "properties": {
        "building": "yes"
      },
      "geometry": {
        "type": "Polygon",
        "coordinates": [
          [
            [
              78.438591,
              30.3771954
            ],
            [
              78.4387185,
              30.3771129
            ],
            [
              78.4388015,
              30.3772285
            ],
            [
              78.4386835,
              30.3773028
            ],
            [
              78.438591,
              30.3771954
            ]
          ]
        ]
      }
    },
    {
      "type": "Feature",
      "id": 509479732,
      "properties": {
        "building": "yes"
      },
      "geometry": {
        "type": "Polygon",
        "coordinates": [
          [
            [
              78.4388366,
              30.3774624
            ],
            [
              78.4387568,
              30.3773716
            ],
            [
              78.4388844,
              30.377311
            ],
            [
              78.438945,
              30.3773881
            ],
            [
              78.4388366,
              30.3774624
            ]
          ]
        ]
      }
    },
    {
      "type": "Feature",
      "id": 509479733,
      "properties": {
        "building": "yes"
      },
      "geometry": {
        "type": "Polygon",
        "coordinates": [
          [
            [
              78.4388366,
              30.3774624
            ],
            [
              78.4389099,
              30.3775312
            ],
            [
              78.4389992,
              30.3774624
            ],
            [
              78.438945,
              30.3773881
            ],
            [
              78.4388366,
              30.3774624
            ]
          ]
        ]
      }
    },
    {
      "type": "Feature",
      "id": 509479734,
      "properties": {
        "building": "yes"
      },
      "geometry": {
        "type": "Polygon",
        "coordinates": [
          [
            [
              78.4389099,
              30.3775312
            ],
            [
              78.4389705,
              30.3775835
            ],
            [
              78.4390535,
              30.3775284
            ],
            [
              78.4389992,
              30.3774624
            ],
            [
              78.4389099,
              30.3775312
            ]
          ]
        ]
      }
    },
    {
      "type": "Feature",
      "id": 509479735,
      "properties": {
        "building": "yes"
      },
      "geometry": {
        "type": "Polygon",
        "coordinates": [
          [
            [
              78.4392066,
              30.3766313
            ],
            [
              78.4393055,
              30.3767524
            ],
            [
              78.439398,
              30.3767166
            ],
            [
              78.4392991,
              30.3765928
            ],
            [
              78.4392066,
              30.3766313
            ]
          ]
        ]
      }
    },
    {
      "type": "Feature",
      "id": 509479736,
      "properties": {
        "building": "yes"
      },
      "geometry": {
        "type": "Polygon",
        "coordinates": [
          [
            [
              78.4392161,
              30.376857
            ],
            [
              78.4391109,
              30.3767166
            ],
            [
              78.4391938,
              30.3766616
            ],
            [
              78.4393055,
              30.3768102
            ],
            [
              78.4392161,
              30.376857
            ]
          ]
        ]
      }
    },
    {
      "type": "Feature",
      "id": 509479737,
      "properties": {
        "building": "yes"
      },
      "geometry": {
        "type": "Polygon",
        "coordinates": [
          [
            [
              78.4395638,
              30.3772312
            ],
            [
              78.4395606,
              30.3771404
            ],
            [
              78.4396659,
              30.3771349
            ],
            [
              78.4396563,
              30.3772202
            ],
            [
              78.4395638,
              30.3772312
            ]
          ]
        ]
      }
    },
    {
      "type": "Feature",
      "id": 509479738,
      "properties": {
        "building": "yes",
        "name": "Geeta Bhawan"
      },
      "geometry": {
        "type": "Polygon",
        "coordinates": [
          [
            [
              78.4399211,
              30.3775229
            ],
            [
              78.4399147,
              30.3774596
            ],
            [
              78.4399657,
              30.3774459
            ],
            [
              78.4399402,
              30.3773138
            ],
            [
              78.4402783,
              30.3772835
            ],
            [
              78.4403166,
              30.3774706
            ],
            [
              78.4402464,
              30.3774734
            ],
            [
              78.440256,
              30.3775092
            ],
            [
              78.4401539,
              30.3775229
            ],
            [
              78.4401475,
              30.3774926
            ],
            [
              78.4399211,
              30.3775229
            ]
          ]
        ]
      }
    },
    {
      "type": "Feature",
      "id": 509479739,
      "properties": {
        "building": "yes"
      },
      "geometry": {
        "type": "Polygon",
        "coordinates": [
          [
            [
              78.4421762,
              30.3763066
            ],
            [
              78.4421379,
              30.3762268
            ],
            [
              78.4422495,
              30.3761883
            ],
            [
              78.442291,
              30.3762681
            ],
            [
              78.4421762,
              30.3763066
            ]
          ]
        ]
      }
    },
    {
      "type": "Feature",
      "id": 509479741,
      "properties": {
        "building": "yes"
      },
      "geometry": {
        "type": "Polygon",
        "coordinates": [
          [
            [
              78.4420378,
              30.3752903
            ],
            [
              78.4419961,
              30.3751545
            ],
            [
              78.4420814,
              30.3751365
            ],
            [
              78.4421156,
              30.3752608
            ],
            [
              78.4420378,
              30.3752903
            ]
          ]
        ]
      }
    },
    {
      "type": "Feature",
      "id": 509479742,
      "properties": {
        "building": "yes"
      },
      "geometry": {
        "type": "Polygon",
        "coordinates": [
          [
            [
              78.4415295,
              30.3751054
            ],
            [
              78.4414745,
              30.3747487
            ],
            [
              78.4415504,
              30.3747388
            ],
            [
              78.441613,
              30.3750972
            ],
            [
              78.4415295,
              30.3751054
            ]
          ]
        ]
      }
    },
    {
      "type": "Feature",
      "id": 509479743,
      "properties": {
        "building": "yes"
      },
      "geometry": {
        "type": "Polygon",
        "coordinates": [
          [
            [
              78.4418368,
              30.3755193
            ],
            [
              78.4417837,
              30.3753492
            ],
            [
              78.4418576,
              30.3753361
            ],
            [
              78.4419126,
              30.3755046
            ],
            [
              78.4418368,
              30.3755193
            ]
          ]
        ]
      }
    },
    {
      "type": "Feature",
      "id": 509479744,
      "properties": {
        "building": "yes"
      },
      "geometry": {
        "type": "Polygon",
        "coordinates": [
          [
            [
              78.4423697,
              30.3757222
            ],
            [
              78.4426466,
              30.3759186
            ],
            [
              78.4426997,
              30.3758842
            ],
            [
              78.4424266,
              30.375665
            ],
            [
              78.4423697,
              30.3757222
            ]
          ]
        ]
      }
    },
    {
      "type": "Feature",
      "id": 509479745,
      "properties": {
        "building": "yes"
      },
      "geometry": {
        "type": "Polygon",
        "coordinates": [
          [
            [
              78.4420207,
              30.3755521
            ],
            [
              78.4422028,
              30.3756404
            ],
            [
              78.4422502,
              30.3755979
            ],
            [
              78.442053,
              30.3754915
            ],
            [
              78.4420207,
              30.3755521
            ]
          ]
        ]
      }
    },
    {
      "type": "Feature",
      "id": 509479750,
      "properties": {
        "building": "yes"
      },
      "geometry": {
        "type": "Polygon",
        "coordinates": [
          [
            [
              78.4426201,
              30.3755275
            ],
            [
              78.4427813,
              30.3756552
            ],
            [
              78.4428382,
              30.375611
            ],
            [
              78.4426808,
              30.3754752
            ],
            [
              78.4426201,
              30.3755275
            ]
          ]
        ]
      }
    },
    {
      "type": "Feature",
      "id": 509479751,
      "properties": {
        "building": "yes"
      },
      "geometry": {
        "type": "Polygon",
        "coordinates": [
          [
            [
              78.4432402,
              30.3784726
            ],
            [
              78.4433939,
              30.3787148
            ],
            [
              78.4434546,
              30.3786951
            ],
            [
              78.443318,
              30.3784415
            ],
            [
              78.4432402,
              30.3784726
            ]
          ]
        ]
      }
    },
    {
      "type": "Feature",
      "id": 509479752,
      "properties": {
        "building": "yes"
      },
      "geometry": {
        "type": "Polygon",
        "coordinates": [
          [
            [
              78.4434982,
              30.3784792
            ],
            [
              78.4433882,
              30.3782157
            ],
            [
              78.443464,
              30.3781977
            ],
            [
              78.4435797,
              30.3784595
            ],
            [
              78.4434982,
              30.3784792
            ]
          ]
        ]
      }
    },
    {
      "type": "Feature",
      "id": 509479753,
      "properties": {
        "building": "yes"
      },
      "geometry": {
        "type": "Polygon",
        "coordinates": [
          [
            [
              78.4431985,
              30.377846
            ],
            [
              78.4432668,
              30.3780243
            ],
            [
              78.4433408,
              30.378003
            ],
            [
              78.4432611,
              30.3778247
            ],
            [
              78.4431985,
              30.377846
            ]
          ]
        ]
      }
    },
    {
      "type": "Feature",
      "id": 509479754,
      "properties": {
        "building": "yes"
      },
      "geometry": {
        "type": "Polygon",
        "coordinates": [
          [
            [
              78.4434299,
              30.378129
            ],
            [
              78.4432953,
              30.3777838
            ],
            [
              78.4433806,
              30.3777592
            ],
            [
              78.4435134,
              30.378111
            ],
            [
              78.4434299,
              30.378129
            ]
          ]
        ]
      }
    },
    {
      "type": "Feature",
      "id": 509479755,
      "properties": {
        "building": "yes"
      },
      "geometry": {
        "type": "Polygon",
        "coordinates": [
          [
            [
              78.4438396,
              30.3782141
            ],
            [
              78.4437391,
              30.3780194
            ],
            [
              78.4437997,
              30.3779899
            ],
            [
              78.4439154,
              30.3781928
            ],
            [
              78.4438396,
              30.3782141
            ]
          ]
        ]
      }
    },
    {
      "type": "Feature",
      "id": 509479756,
      "properties": {
        "building": "yes"
      },
      "geometry": {
        "type": "Polygon",
        "coordinates": [
          [
            [
              78.4435816,
              30.3779638
            ],
            [
              78.4437599,
              30.3782534
            ],
            [
              78.4438225,
              30.3782256
            ],
            [
              78.443648,
              30.3779343
            ],
            [
              78.4435816,
              30.3779638
            ]
          ]
        ]
      }
    },
    {
      "type": "Feature",
      "id": 509479757,
      "properties": {
        "building": "yes"
      },
      "geometry": {
        "type": "Polygon",
        "coordinates": [
          [
            [
              78.4434925,
              30.3782174
            ],
            [
              78.4435665,
              30.3782926
            ],
            [
              78.4436215,
              30.3782599
            ],
            [
              78.4435551,
              30.378183
            ],
            [
              78.4434925,
              30.3782174
            ]
          ]
        ]
      }
    },
    {
      "type": "Feature",
      "id": 509479758,
      "properties": {
        "building": "yes"
      },
      "geometry": {
        "type": "Polygon",
        "coordinates": [
          [
            [
              78.4435684,
              30.3783859
            ],
            [
              78.4435665,
              30.3782926
            ],
            [
              78.4436366,
              30.3782943
            ],
            [
              78.4436385,
              30.3783843
            ],
            [
              78.4435684,
              30.3783859
            ]
          ]
        ]
      }
    },
    {
      "type": "Feature",
      "id": 509479759,
      "properties": {
        "building": "yes"
      },
      "geometry": {
        "type": "Polygon",
        "coordinates": [
          [
            [
              78.4436291,
              30.3778394
            ],
            [
              78.4437315,
              30.3780079
            ],
            [
              78.4437997,
              30.3779899
            ],
            [
              78.4437068,
              30.3778181
            ],
            [
              78.4436291,
              30.3778394
            ]
          ]
        ]
      }
    },
    {
      "type": "Feature",
      "id": 509479760,
      "properties": {
        "building": "yes"
      },
      "geometry": {
        "type": "Polygon",
        "coordinates": [
          [
            [
              78.4432023,
              30.3776169
            ],
            [
              78.4432365,
              30.3773469
            ],
            [
              78.443318,
              30.3773567
            ],
            [
              78.4432915,
              30.3776316
            ],
            [
              78.4432023,
              30.3776169
            ]
          ]
        ]
      }
    },
    {
      "type": "Feature",
      "id": 509479761,
      "properties": {
        "building": "yes"
      },
      "geometry": {
        "type": "Polygon",
        "coordinates": [
          [
            [
              78.4433237,
              30.3776169
            ],
            [
              78.4433446,
              30.3773518
            ],
            [
              78.4434204,
              30.3773534
            ],
            [
              78.4434015,
              30.3776218
            ],
            [
              78.4433237,
              30.3776169
            ]
          ]
        ]
      }
    },
    {
      "type": "Feature",
      "id": 509479762,
      "properties": {
        "building": "yes"
      },
      "geometry": {
        "type": "Polygon",
        "coordinates": [
          [
            [
              78.4436044,
              30.3776382
            ],
            [
              78.4435949,
              30.3775514
            ],
            [
              78.4436727,
              30.3775482
            ],
            [
              78.4436765,
              30.3776349
            ],
            [
              78.4436044,
              30.3776382
            ]
          ]
        ]
      }
    },
    {
      "type": "Feature",
      "id": 509479763,
      "properties": {
        "building": "yes"
      },
      "geometry": {
        "type": "Polygon",
        "coordinates": [
          [
            [
              78.443593,
              30.3775269
            ],
            [
              78.4435797,
              30.3773518
            ],
            [
              78.4436556,
              30.3773469
            ],
            [
              78.4436708,
              30.3775236
            ],
            [
              78.443593,
              30.3775269
            ]
          ]
        ]
      }
    },
    {
      "type": "Feature",
      "id": 509479764,
      "properties": {
        "building": "yes"
      },
      "geometry": {
        "type": "Polygon",
        "coordinates": [
          [
            [
              78.443832,
              30.3776529
            ],
            [
              78.4438225,
              30.3775612
            ],
            [
              78.4438927,
              30.3775482
            ],
            [
              78.4439079,
              30.3776431
            ],
            [
              78.443832,
              30.3776529
            ]
          ]
        ]
      }
    },
    {
      "type": "Feature",
      "id": 509479765,
      "properties": {
        "building": "yes"
      },
      "geometry": {
        "type": "Polygon",
        "coordinates": [
          [
            [
              78.4438225,
              30.3775612
            ],
            [
              78.4437997,
              30.3774582
            ],
            [
              78.4438756,
              30.3774467
            ],
            [
              78.4438927,
              30.3775482
            ],
            [
              78.4438225,
              30.3775612
            ]
          ]
        ]
      }
    },
    {
      "type": "Feature",
      "id": 509479766,
      "properties": {
        "building": "yes"
      },
      "geometry": {
        "type": "Polygon",
        "coordinates": [
          [
            [
              78.4439553,
              30.3776643
            ],
            [
              78.4439401,
              30.377576
            ],
            [
              78.4440155,
              30.3775601
            ],
            [
              78.4440254,
              30.377558
            ],
            [
              78.4440444,
              30.3776463
            ],
            [
              78.4439553,
              30.3776643
            ]
          ]
        ]
      }
    },
    {
      "type": "Feature",
      "id": 509479767,
      "properties": {
        "building": "yes"
      },
      "geometry": {
        "type": "Polygon",
        "coordinates": [
          [
            [
              78.4439287,
              30.3775596
            ],
            [
              78.4439173,
              30.3774745
            ],
            [
              78.4439932,
              30.3774631
            ],
            [
              78.4440155,
              30.3775601
            ],
            [
              78.4439287,
              30.3775596
            ]
          ]
        ]
      }
    },
    {
      "type": "Feature",
      "id": 509479768,
      "properties": {
        "building": "yes"
      },
      "geometry": {
        "type": "Polygon",
        "coordinates": [
          [
            [
              78.4436158,
              30.3763782
            ],
            [
              78.4435646,
              30.3762964
            ],
            [
              78.4436328,
              30.3762784
            ],
            [
              78.4436784,
              30.3763521
            ],
            [
              78.4436158,
              30.3763782
            ]
          ]
        ]
      }
    },
    {
      "type": "Feature",
      "id": 509479769,
      "properties": {
        "building": "yes"
      },
      "geometry": {
        "type": "Polygon",
        "coordinates": [
          [
            [
              78.4436234,
              30.3764748
            ],
            [
              78.4436158,
              30.3763782
            ],
            [
              78.4436935,
              30.3763717
            ],
            [
              78.4436992,
              30.3764682
            ],
            [
              78.4436234,
              30.3764748
            ]
          ]
        ]
      }
    },
    {
      "type": "Feature",
      "id": 509479770,
      "properties": {
        "building": "yes"
      },
      "geometry": {
        "type": "Polygon",
        "coordinates": [
          [
            [
              78.4435987,
              30.3765713
            ],
            [
              78.4436234,
              30.3764748
            ],
            [
              78.443703,
              30.3764993
            ],
            [
              78.4436727,
              30.3765861
            ],
            [
              78.4435987,
              30.3765713
            ]
          ]
        ]
      }
    },
    {
      "type": "Feature",
      "id": 509479771,
      "properties": {
        "building": "yes"
      },
      "geometry": {
        "type": "Polygon",
        "coordinates": [
          [
            [
              78.4435304,
              30.3766662
            ],
            [
              78.4435759,
              30.3765795
            ],
            [
              78.4436537,
              30.3766041
            ],
            [
              78.4436082,
              30.3766891
            ],
            [
              78.4435304,
              30.3766662
            ]
          ]
        ]
      }
    },
    {
      "type": "Feature",
      "id": 509479772,
      "properties": {
        "building": "yes"
      },
      "geometry": {
        "type": "Polygon",
        "coordinates": [
          [
            [
              78.4431454,
              30.3760985
            ],
            [
              78.4432213,
              30.376159
            ],
            [
              78.4432706,
              30.3761165
            ],
            [
              78.4432004,
              30.3760559
            ],
            [
              78.4431454,
              30.3760985
            ]
          ]
        ]
      }
    },
    {
      "type": "Feature",
      "id": 509479773,
      "properties": {
        "building": "yes"
      },
      "geometry": {
        "type": "Polygon",
        "coordinates": [
          [
            [
              78.4432706,
              30.3761901
            ],
            [
              78.4433465,
              30.3762555
            ],
            [
              78.4433996,
              30.3762212
            ],
            [
              78.4433218,
              30.3761475
            ],
            [
              78.4432706,
              30.3761901
            ]
          ]
        ]
      }
    },
    {
      "type": "Feature",
      "id": 509479774,
      "properties": {
        "building": "yes"
      },
      "geometry": {
        "type": "Polygon",
        "coordinates": [
          [
            [
              78.4426352,
              30.3763962
            ],
            [
              78.4426352,
              30.3763079
            ],
            [
              78.4427547,
              30.3763144
            ],
            [
              78.4427433,
              30.3763979
            ],
            [
              78.4426352,
              30.3763962
            ]
          ]
        ]
      }
    },
    {
      "type": "Feature",
      "id": 509479775,
      "properties": {
        "building": "yes"
      },
      "geometry": {
        "type": "Polygon",
        "coordinates": [
          [
            [
              78.4422749,
              30.3764404
            ],
            [
              78.442218,
              30.3763243
            ],
            [
              78.4423356,
              30.3762915
            ],
            [
              78.4424019,
              30.3763962
            ],
            [
              78.4422749,
              30.3764404
            ]
          ]
        ]
      }
    },
    {
      "type": "Feature",
      "id": 509479776,
      "properties": {
        "building": "yes"
      },
      "geometry": {
        "type": "Polygon",
        "coordinates": [
          [
            [
              78.4414119,
              30.3768462
            ],
            [
              78.4413759,
              30.3767366
            ],
            [
              78.4414916,
              30.3767071
            ],
            [
              78.4415162,
              30.3768151
            ],
            [
              78.4414119,
              30.3768462
            ]
          ]
        ]
      }
    },
    {
      "type": "Feature",
      "id": 509479777,
      "properties": {
        "building": "yes"
      },
      "geometry": {
        "type": "Polygon",
        "coordinates": [
          [
            [
              78.4400634,
              30.3788653
            ],
            [
              78.4400388,
              30.378687
            ],
            [
              78.440126,
              30.3786837
            ],
            [
              78.4401431,
              30.3788555
            ],
            [
              78.4400634,
              30.3788653
            ]
          ]
        ]
      }
    },
    {
      "type": "Feature",
      "id": 509479778,
      "properties": {
        "building": "yes"
      },
      "geometry": {
        "type": "Polygon",
        "coordinates": [
          [
            [
              78.439815,
              30.3788064
            ],
            [
              78.4397998,
              30.3786575
            ],
            [
              78.4398814,
              30.3786592
            ],
            [
              78.4398958,
              30.3787752
            ],
            [
              78.4398984,
              30.3787966
            ],
            [
              78.439815,
              30.3788064
            ]
          ]
        ]
      }
    },
    {
      "type": "Feature",
      "id": 509479779,
      "properties": {
        "building": "yes"
      },
      "geometry": {
        "type": "Polygon",
        "coordinates": [
          [
            [
              78.4398958,
              30.3787752
            ],
            [
              78.4399477,
              30.378772
            ],
            [
              78.4399415,
              30.3786693
            ],
            [
              78.4399402,
              30.3786477
            ],
            [
              78.4398814,
              30.3786592
            ],
            [
              78.4398958,
              30.3787752
            ]
          ]
        ]
      }
    },
    {
      "type": "Feature",
      "id": 509479780,
      "properties": {
        "building": "yes"
      },
      "geometry": {
        "type": "Polygon",
        "coordinates": [
          [
            [
              78.4399477,
              30.378772
            ],
            [
              78.4400331,
              30.3787737
            ],
            [
              78.4400236,
              30.3786592
            ],
            [
              78.4399415,
              30.3786693
            ],
            [
              78.4399477,
              30.378772
            ]
          ]
        ]
      }
    },
    {
      "type": "Feature",
      "id": 509479781,
      "properties": {
        "building": "yes"
      },
      "geometry": {
        "type": "Polygon",
        "coordinates": [
          [
            [
              78.4377382,
              30.3788588
            ],
            [
              78.4378766,
              30.3789013
            ],
            [
              78.4380454,
              30.3789013
            ],
            [
              78.4381517,
              30.37888
            ],
            [
              78.4382294,
              30.3788702
            ],
            [
              78.4383034,
              30.3788228
            ],
            [
              78.4383868,
              30.3787426
            ],
            [
              78.4384551,
              30.3786362
            ],
            [
              78.4384911,
              30.3785924
            ],
            [
              78.4385291,
              30.3785433
            ],
            [
              78.4385461,
              30.3785089
            ],
            [
              78.4385386,
              30.3784746
            ],
            [
              78.438347,
              30.3784418
            ],
            [
              78.4381991,
              30.3784255
            ],
            [
              78.4379801,
              30.3784306
            ],
            [
              78.4377941,
              30.378413
            ],
            [
              78.437649,
              30.3784173
            ],
            [
              78.4376035,
              30.3783764
            ],
            [
              78.4375068,
              30.3784173
            ],
            [
              78.437393,
              30.3785384
            ],
            [
              78.4376206,
              30.3786169
            ],
            [
              78.4376282,
              30.3787445
            ],
            [
              78.4377591,
              30.3787871
            ],
            [
              78.4377382,
              30.3788588
            ]
          ]
        ]
      }
    },
    {
      "type": "Feature",
      "id": 509479782,
      "properties": {
        "building": "yes"
      },
      "geometry": {
        "type": "Polygon",
        "coordinates": [
          [
            [
              78.437137,
              30.3793974
            ],
            [
              78.4373475,
              30.3792518
            ],
            [
              78.4374916,
              30.3794268
            ],
            [
              78.4372716,
              30.3795446
            ],
            [
              78.437137,
              30.3793974
            ]
          ]
        ]
      }
    },
    {
      "type": "Feature",
      "id": 509479783,
      "properties": {
        "building": "yes"
      },
      "geometry": {
        "type": "Polygon",
        "coordinates": [
          [
            [
              78.4370004,
              30.3796592
            ],
            [
              78.4368582,
              30.3794923
            ],
            [
              78.4370858,
              30.3793712
            ],
            [
              78.4371408,
              30.3794465
            ],
            [
              78.4370004,
              30.3795185
            ],
            [
              78.4370858,
              30.3796248
            ],
            [
              78.4370004,
              30.3796592
            ]
          ]
        ]
      }
    },
    {
      "type": "Feature",
      "id": 509479784,
      "properties": {
        "building": "yes"
      },
      "geometry": {
        "type": "Polygon",
        "coordinates": [
          [
            [
              78.4373702,
              30.3801091
            ],
            [
              78.4370327,
              30.3797132
            ],
            [
              78.4371275,
              30.3796559
            ],
            [
              78.4374575,
              30.3800666
            ],
            [
              78.4373702,
              30.3801091
            ]
          ]
        ]
      }
    },
    {
      "type": "Feature",
      "id": 509479785,
      "properties": {
        "building": "yes"
      },
      "geometry": {
        "type": "Polygon",
        "coordinates": [
          [
            [
              78.438163,
              30.3808372
            ],
            [
              78.4380341,
              30.3806916
            ],
            [
              78.4381099,
              30.3806393
            ],
            [
              78.4382408,
              30.3807931
            ],
            [
              78.438163,
              30.3808372
            ]
          ]
        ]
      }
    },
    {
      "type": "Feature",
      "id": 509479786,
      "properties": {
        "building": "yes"
      },
      "geometry": {
        "type": "Polygon",
        "coordinates": [
          [
            [
              78.4376206,
              30.3803316
            ],
            [
              78.4376908,
              30.3804216
            ],
            [
              78.4377723,
              30.3803922
            ],
            [
              78.4376984,
              30.3802957
            ],
            [
              78.4376206,
              30.3803316
            ]
          ]
        ]
      }
    },
    {
      "type": "Feature",
      "id": 509479787,
      "properties": {
        "building": "yes"
      },
      "geometry": {
        "type": "Polygon",
        "coordinates": [
          [
            [
              78.4376908,
              30.3804216
            ],
            [
              78.4377761,
              30.3806049
            ],
            [
              78.4378691,
              30.3805705
            ],
            [
              78.4377723,
              30.3803922
            ],
            [
              78.4376908,
              30.3804216
            ]
          ]
        ]
      }
    },
    {
      "type": "Feature",
      "id": 509479788,
      "properties": {
        "building": "yes"
      },
      "geometry": {
        "type": "Polygon",
        "coordinates": [
          [
            [
              78.4377989,
              30.3806213
            ],
            [
              78.4378596,
              30.3807031
            ],
            [
              78.4379373,
              30.3806671
            ],
            [
              78.4378691,
              30.3805902
            ],
            [
              78.4377989,
              30.3806213
            ]
          ]
        ]
      }
    },
    {
      "type": "Feature",
      "id": 509479789,
      "properties": {
        "building": "yes"
      },
      "geometry": {
        "type": "Polygon",
        "coordinates": [
          [
            [
              78.4378596,
              30.3807031
            ],
            [
              78.4379108,
              30.38078
            ],
            [
              78.4379961,
              30.3807423
            ],
            [
              78.4379373,
              30.3806671
            ],
            [
              78.4378596,
              30.3807031
            ]
          ]
        ]
      }
    },
    {
      "type": "Feature",
      "id": 509479790,
      "properties": {
        "building": "yes"
      },
      "geometry": {
        "type": "Polygon",
        "coordinates": [
          [
            [
              78.4379354,
              30.380811
            ],
            [
              78.4380132,
              30.3808814
            ],
            [
              78.4380815,
              30.3808176
            ],
            [
              78.4379961,
              30.3807423
            ],
            [
              78.4379354,
              30.380811
            ]
          ]
        ]
      }
    },
    {
      "type": "Feature",
      "id": 509479791,
      "properties": {
        "building": "yes"
      },
      "geometry": {
        "type": "Polygon",
        "coordinates": [
          [
            [
              78.4391606,
              30.3812201
            ],
            [
              78.4391531,
              30.3811154
            ],
            [
              78.4393181,
              30.3811088
            ],
            [
              78.43932,
              30.3811336
            ],
            [
              78.4393257,
              30.3812037
            ],
            [
              78.4391606,
              30.3812201
            ]
          ]
        ]
      }
    },
    {
      "type": "Feature",
      "id": 509479792,
      "properties": {
        "building": "yes"
      },
      "geometry": {
        "type": "Polygon",
        "coordinates": [
          [
            [
              78.43932,
              30.3811336
            ],
            [
              78.4393162,
              30.3810254
            ],
            [
              78.4395058,
              30.3810287
            ],
            [
              78.4395058,
              30.3811366
            ],
            [
              78.43932,
              30.3811336
            ]
          ]
        ]
      }
    },
    {
      "type": "Feature",
      "id": 509479793,
      "properties": {
        "building": "yes"
      },
      "geometry": {
        "type": "Polygon",
        "coordinates": [
          [
            [
              78.4391322,
              30.3809943
            ],
            [
              78.4391341,
              30.3808929
            ],
            [
              78.439301,
              30.3808896
            ],
            [
              78.4393026,
              30.3809323
            ],
            [
              78.4393048,
              30.3809927
            ],
            [
              78.4391322,
              30.3809943
            ]
          ]
        ]
      }
    },
    {
      "type": "Feature",
      "id": 509479794,
      "properties": {
        "building": "yes"
      },
      "geometry": {
        "type": "Polygon",
        "coordinates": [
          [
            [
              78.4393026,
              30.3809323
            ],
            [
              78.4393048,
              30.3808061
            ],
            [
              78.4395419,
              30.3808012
            ],
            [
              78.43954,
              30.3809321
            ],
            [
              78.4393026,
              30.3809323
            ]
          ]
        ]
      }
    },
    {
      "type": "Feature",
      "id": 509479795,
      "properties": {
        "building": "yes"
      },
      "geometry": {
        "type": "Polygon",
        "coordinates": [
          [
            [
              78.4393181,
              30.3802613
            ],
            [
              78.4392308,
              30.3801157
            ],
            [
              78.4393484,
              30.3800731
            ],
            [
              78.4394338,
              30.3802106
            ],
            [
              78.4393181,
              30.3802613
            ]
          ]
        ]
      }
    },
    {
      "type": "Feature",
      "id": 509479796,
      "properties": {
        "building": "yes"
      },
      "geometry": {
        "type": "Polygon",
        "coordinates": [
          [
            [
              78.4391777,
              30.3800551
            ],
            [
              78.4391094,
              30.3799488
            ],
            [
              78.4392081,
              30.3798915
            ],
            [
              78.4392877,
              30.3800028
            ],
            [
              78.4391777,
              30.3800551
            ]
          ]
        ]
      }
    },
    {
      "type": "Feature",
      "id": 509479797,
      "properties": {
        "building": "yes"
      },
      "geometry": {
        "type": "Polygon",
        "coordinates": [
          [
            [
              78.4396348,
              30.3796919
            ],
            [
              78.4396272,
              30.3796183
            ],
            [
              78.4397448,
              30.3796085
            ],
            [
              78.4397448,
              30.3796837
            ],
            [
              78.4396348,
              30.3796919
            ]
          ]
        ]
      }
    },
    {
      "type": "Feature",
      "id": 509479798,
      "properties": {
        "building": "yes"
      },
      "geometry": {
        "type": "Polygon",
        "coordinates": [
          [
            [
              78.4409207,
              30.3795414
            ],
            [
              78.4408828,
              30.379453
            ],
            [
              78.4411464,
              30.3793565
            ],
            [
              78.4411862,
              30.3794596
            ],
            [
              78.4409207,
              30.3795414
            ]
          ]
        ]
      }
    },
    {
      "type": "Feature",
      "id": 509479799,
      "properties": {
        "building": "yes"
      },
      "geometry": {
        "type": "Polygon",
        "coordinates": [
          [
            [
              78.4412147,
              30.3794105
            ],
            [
              78.4412109,
              30.3792812
            ],
            [
              78.4413759,
              30.379273
            ],
            [
              78.4413797,
              30.3794088
            ],
            [
              78.4412147,
              30.3794105
            ]
          ]
        ]
      }
    },
    {
      "type": "Feature",
      "id": 509479800,
      "properties": {
        "building": "yes"
      },
      "geometry": {
        "type": "Polygon",
        "coordinates": [
          [
            [
              78.4406817,
              30.3794399
            ],
            [
              78.4407329,
              30.3795185
            ],
            [
              78.4408486,
              30.3794628
            ],
            [
              78.4408012,
              30.3793778
            ],
            [
              78.4406817,
              30.3794399
            ]
          ]
        ]
      }
    },
    {
      "type": "Feature",
      "id": 509479801,
      "properties": {
        "building": "yes"
      },
      "geometry": {
        "type": "Polygon",
        "coordinates": [
          [
            [
              78.4407671,
              30.3795185
            ],
            [
              78.4408278,
              30.3795937
            ],
            [
              78.4409093,
              30.3795626
            ],
            [
              78.4408486,
              30.3794628
            ],
            [
              78.4407671,
              30.3795185
            ]
          ]
        ]
      }
    },
    {
      "type": "Feature",
      "id": 509479802,
      "properties": {
        "building": "yes"
      },
      "geometry": {
        "type": "Polygon",
        "coordinates": [
          [
            [
              78.4406855,
              30.3794137
            ],
            [
              78.4406381,
              30.3793336
            ],
            [
              78.44075,
              30.3792796
            ],
            [
              78.4408012,
              30.3793778
            ],
            [
              78.4406855,
              30.3794137
            ]
          ]
        ]
      }
    },
    {
      "type": "Feature",
      "id": 509479803,
      "properties": {
        "building": "yes"
      },
      "geometry": {
        "type": "Polygon",
        "coordinates": [
          [
            [
              78.4400691,
              30.3793908
            ],
            [
              78.4400596,
              30.3792714
            ],
            [
              78.4402057,
              30.3792567
            ],
            [
              78.4402133,
              30.3793778
            ],
            [
              78.4400691,
              30.3793908
            ]
          ]
        ]
      }
    },
    {
      "type": "Feature",
      "id": 509479804,
      "properties": {
        "building": "yes"
      },
      "geometry": {
        "type": "Polygon",
        "coordinates": [
          [
            [
              78.4404314,
              30.3792829
            ],
            [
              78.4404219,
              30.3792076
            ],
            [
              78.4405414,
              30.3791945
            ],
            [
              78.4405547,
              30.3792681
            ],
            [
              78.4404314,
              30.3792829
            ]
          ]
        ]
      }
    },
    {
      "type": "Feature",
      "id": 509479805,
      "properties": {
        "building": "yes"
      },
      "geometry": {
        "type": "Polygon",
        "coordinates": [
          [
            [
              78.4403441,
              30.3795185
            ],
            [
              78.4403327,
              30.3794121
            ],
            [
              78.4404484,
              30.379399
            ],
            [
              78.4404579,
              30.3795037
            ],
            [
              78.4403441,
              30.3795185
            ]
          ]
        ]
      }
    },
    {
      "type": "Feature",
      "id": 509479806,
      "properties": {
        "building": "yes"
      },
      "geometry": {
        "type": "Polygon",
        "coordinates": [
          [
            [
              78.4399838,
              30.3796494
            ],
            [
              78.4399572,
              30.3795659
            ],
            [
              78.4401488,
              30.3795545
            ],
            [
              78.4401469,
              30.3796494
            ],
            [
              78.4399838,
              30.3796494
            ]
          ]
        ]
      }
    },
    {
      "type": "Feature",
      "id": 509479807,
      "properties": {
        "building": "yes"
      },
      "geometry": {
        "type": "Polygon",
        "coordinates": [
          [
            [
              78.4399989,
              30.3797279
            ],
            [
              78.4399895,
              30.3796641
            ],
            [
              78.4401469,
              30.3796494
            ],
            [
              78.4401583,
              30.3797181
            ],
            [
              78.4399989,
              30.3797279
            ]
          ]
        ]
      }
    },
    {
      "type": "Feature",
      "id": 509479808,
      "properties": {
        "building": "yes"
      },
      "geometry": {
        "type": "Polygon",
        "coordinates": [
          [
            [
              78.4405186,
              30.3802253
            ],
            [
              78.4404352,
              30.3801484
            ],
            [
              78.4405281,
              30.3800731
            ],
            [
              78.4406134,
              30.3801549
            ],
            [
              78.4405186,
              30.3802253
            ]
          ]
        ]
      }
    },
    {
      "type": "Feature",
      "id": 509479809,
      "properties": {
        "amenity": "place_of_worship",
        "building": "yes",
        "name": "Gurudwara Sahib New Tehri",
        "religion": "sikh"
      },
      "geometry": {
        "type": "Polygon",
        "coordinates": [
          [
            [
              78.4413047,
              30.3832456
            ],
            [
              78.441294,
              30.3831275
            ],
            [
              78.4412484,
              30.3831275
            ],
            [
              78.4412457,
              30.3830697
            ],
            [
              78.4412833,
              30.3830674
            ],
            [
              78.4412833,
              30.3830304
            ],
            [
              78.4413476,
              30.3830304
            ],
            [
              78.4413423,
              30.382954
            ],
            [
              78.4416212,
              30.3829355
            ],
            [
              78.4416319,
              30.3829933
            ],
            [
              78.4416749,
              30.382991
            ],
            [
              78.4416749,
              30.3830882
            ],
            [
              78.4416829,
              30.3831275
            ],
            [
              78.4417687,
              30.3831299
            ],
            [
              78.4417607,
              30.3832201
            ],
            [
              78.441691,
              30.3832247
            ],
            [
              78.4417044,
              30.3832918
            ],
            [
              78.4414201,
              30.3833057
            ],
            [
              78.441404,
              30.3832432
            ],
            [
              78.4413047,
              30.3832456
            ]
          ]
        ]
      }
    },
    {
      "type": "Feature",
      "id": 509479810,
      "properties": {
        "building": "yes"
      },
      "geometry": {
        "type": "Polygon",
        "coordinates": [
          [
            [
              78.4432442,
              30.3830013
            ],
            [
              78.4433481,
              30.3829548
            ],
            [
              78.4431974,
              30.382786
            ],
            [
              78.4431261,
              30.3827322
            ],
            [
              78.4430703,
              30.3827629
            ],
            [
              78.4431862,
              30.3829206
            ],
            [
              78.4432442,
              30.3830013
            ]
          ]
        ]
      }
    },
    {
      "type": "Feature",
      "id": 509479813,
      "properties": {
        "building": "yes",
        "name": "GNVN Guest House"
      },
      "geometry": {
        "type": "Polygon",
        "coordinates": [
          [
            [
              78.4408178,
              30.3834357
            ],
            [
              78.4408604,
              30.3833175
            ],
            [
              78.4408304,
              30.3833011
            ],
            [
              78.4408604,
              30.3832291
            ],
            [
              78.4408872,
              30.3832359
            ],
            [
              78.4409423,
              30.3831176
            ],
            [
              78.4411125,
              30.3831625
            ],
            [
              78.4409864,
              30.3834833
            ],
            [
              78.4408178,
              30.3834357
            ]
          ]
        ]
      }
    },
    {
      "type": "Feature",
      "id": 509479814,
      "properties": {
        "building": "yes"
      },
      "geometry": {
        "type": "Polygon",
        "coordinates": [
          [
            [
              78.4415329,
              30.3843158
            ],
            [
              78.441517,
              30.3842175
            ],
            [
              78.4419728,
              30.3841558
            ],
            [
              78.4419914,
              30.384261
            ],
            [
              78.4415329,
              30.3843158
            ]
          ]
        ]
      }
    },
    {
      "type": "Feature",
      "id": 509479815,
      "properties": {
        "building": "yes"
      },
      "geometry": {
        "type": "Polygon",
        "coordinates": [
          [
            [
              78.4413924,
              30.3844987
            ],
            [
              78.4416601,
              30.3846885
            ],
            [
              78.4416815,
              30.384665
            ],
            [
              78.4417184,
              30.3846245
            ],
            [
              78.4414639,
              30.3844256
            ],
            [
              78.4413924,
              30.3844987
            ]
          ]
        ]
      }
    },
    {
      "type": "Feature",
      "id": 509479816,
      "properties": {
        "building": "yes"
      },
      "geometry": {
        "type": "Polygon",
        "coordinates": [
          [
            [
              78.4416815,
              30.384665
            ],
            [
              78.4420736,
              30.3849949
            ],
            [
              78.4421425,
              30.3849377
            ],
            [
              78.4417502,
              30.3845948
            ],
            [
              78.4416815,
              30.384665
            ]
          ]
        ]
      }
    },
    {
      "type": "Feature",
      "id": 509479817,
      "properties": {
        "building": "yes"
      },
      "geometry": {
        "type": "Polygon",
        "coordinates": [
          [
            [
              78.4422591,
              30.3848531
            ],
            [
              78.4423651,
              30.384892
            ],
            [
              78.4424181,
              30.3847594
            ],
            [
              78.4423227,
              30.3847137
            ],
            [
              78.4422591,
              30.3848531
            ]
          ]
        ]
      }
    },
    {
      "type": "Feature",
      "id": 509479818,
      "properties": {
        "building": "yes"
      },
      "geometry": {
        "type": "Polygon",
        "coordinates": [
          [
            [
              78.4427653,
              30.3860146
            ],
            [
              78.4428316,
              30.3860809
            ],
            [
              78.4429641,
              30.3860032
            ],
            [
              78.4428766,
              30.3859232
            ],
            [
              78.4428438,
              30.3859502
            ],
            [
              78.4427653,
              30.3860146
            ]
          ]
        ]
      }
    },
    {
      "type": "Feature",
      "id": 509479819,
      "properties": {
        "building": "yes"
      },
      "geometry": {
        "type": "Polygon",
        "coordinates": [
          [
            [
              78.4430913,
              30.3865542
            ],
            [
              78.4430701,
              30.386481
            ],
            [
              78.4432451,
              30.3864628
            ],
            [
              78.4432689,
              30.3865496
            ],
            [
              78.4432133,
              30.3865565
            ],
            [
              78.4431974,
              30.3865336
            ],
            [
              78.4430913,
              30.3865542
            ]
          ]
        ]
      }
    },
    {
      "type": "Feature",
      "id": 509479820,
      "properties": {
        "building": "yes"
      },
      "geometry": {
        "type": "Polygon",
        "coordinates": [
          [
            [
              78.4430118,
              30.386401
            ],
            [
              78.442988,
              30.3863187
            ],
            [
              78.4431496,
              30.386289
            ],
            [
              78.4431788,
              30.3863804
            ],
            [
              78.4430118,
              30.386401
            ]
          ]
        ]
      }
    },
    {
      "type": "Feature",
      "id": 509479821,
      "properties": {
        "building": "yes"
      },
      "geometry": {
        "type": "Polygon",
        "coordinates": [
          [
            [
              78.4427998,
              30.3858294
            ],
            [
              78.4428952,
              30.3859072
            ],
            [
              78.4430012,
              30.3858317
            ],
            [
              78.4429297,
              30.3857448
            ],
            [
              78.4427998,
              30.3858294
            ]
          ]
        ]
      }
    },
    {
      "type": "Feature",
      "id": 509479822,
      "properties": {
        "building": "yes"
      },
      "geometry": {
        "type": "Polygon",
        "coordinates": [
          [
            [
              78.4426885,
              30.3859323
            ],
            [
              78.4427653,
              30.3860146
            ],
            [
              78.4428438,
              30.3859502
            ],
            [
              78.4427627,
              30.385882
            ],
            [
              78.4426885,
              30.3859323
            ]
          ]
        ]
      }
    },
    {
      "type": "Feature",
      "id": 509530573,
      "properties": {
        "building": "yes"
      },
      "geometry": {
        "type": "Polygon",
        "coordinates": [
          [
            [
              78.4390404,
              30.3755006
            ],
            [
              78.4390024,
              30.3753418
            ],
            [
              78.43912,
              30.3753304
            ],
            [
              78.4391637,
              30.3754793
            ],
            [
              78.4390404,
              30.3755006
            ]
          ]
        ]
      }
    },
    {
      "type": "Feature",
      "id": 509530574,
      "properties": {
        "building": "yes"
      },
      "geometry": {
        "type": "Polygon",
        "coordinates": [
          [
            [
              78.4388716,
              30.3755137
            ],
            [
              78.4388355,
              30.3753533
            ],
            [
              78.4389645,
              30.3753369
            ],
            [
              78.4390024,
              30.3754907
            ],
            [
              78.4388716,
              30.3755137
            ]
          ]
        ]
      }
    },
    {
      "type": "Feature",
      "id": 509530575,
      "properties": {
        "building": "yes"
      },
      "geometry": {
        "type": "Polygon",
        "coordinates": [
          [
            [
              78.4386819,
              30.3755186
            ],
            [
              78.4386402,
              30.3753729
            ],
            [
              78.4387711,
              30.3753517
            ],
            [
              78.4388128,
              30.3755022
            ],
            [
              78.4386819,
              30.3755186
            ]
          ]
        ]
      }
    },
    {
      "type": "Feature",
      "id": 509530576,
      "properties": {
        "building": "yes"
      },
      "geometry": {
        "type": "Polygon",
        "coordinates": [
          [
            [
              78.4385283,
              30.3755006
            ],
            [
              78.4384885,
              30.3753255
            ],
            [
              78.4385814,
              30.3753173
            ],
            [
              78.4386193,
              30.3754826
            ],
            [
              78.4385283,
              30.3755006
            ]
          ]
        ]
      }
    },
    {
      "type": "Feature",
      "id": 509530578,
      "properties": {
        "building": "yes"
      },
      "geometry": {
        "type": "Polygon",
        "coordinates": [
          [
            [
              78.4382153,
              30.3757951
            ],
            [
              78.4381793,
              30.3756576
            ],
            [
              78.4382571,
              30.3756396
            ],
            [
              78.4382969,
              30.375782
            ],
            [
              78.4382153,
              30.3757951
            ]
          ]
        ]
      }
    },
    {
      "type": "Feature",
      "id": 509530579,
      "properties": {
        "building": "yes"
      },
      "geometry": {
        "type": "Polygon",
        "coordinates": [
          [
            [
              78.4383822,
              30.3759538
            ],
            [
              78.4383462,
              30.3758065
            ],
            [
              78.438441,
              30.3757885
            ],
            [
              78.4384752,
              30.3759391
            ],
            [
              78.4383822,
              30.3759538
            ]
          ]
        ]
      }
    },
    {
      "type": "Feature",
      "id": 509530580,
      "properties": {
        "building": "yes"
      },
      "geometry": {
        "type": "Polygon",
        "coordinates": [
          [
            [
              78.4384904,
              30.3758474
            ],
            [
              78.4384505,
              30.3756936
            ],
            [
              78.4385378,
              30.3756789
            ],
            [
              78.4385795,
              30.3758344
            ],
            [
              78.4384904,
              30.3758474
            ]
          ]
        ]
      }
    },
    {
      "type": "Feature",
      "id": 509530581,
      "properties": {
        "building": "yes"
      },
      "geometry": {
        "type": "Polygon",
        "coordinates": [
          [
            [
              78.4386004,
              30.3757165
            ],
            [
              78.4385719,
              30.3755595
            ],
            [
              78.4386667,
              30.375548
            ],
            [
              78.4387009,
              30.3757035
            ],
            [
              78.4386004,
              30.3757165
            ]
          ]
        ]
      }
    },
    {
      "type": "Feature",
      "id": 509530583,
      "properties": {
        "building": "yes"
      },
      "geometry": {
        "type": "Polygon",
        "coordinates": [
          [
            [
              78.438773,
              30.3758818
            ],
            [
              78.4387388,
              30.3757345
            ],
            [
              78.4388697,
              30.3757215
            ],
            [
              78.4389171,
              30.3758736
            ],
            [
              78.438773,
              30.3758818
            ]
          ]
        ]
      }
    },
    {
      "type": "Feature",
      "id": 509530585,
      "properties": {
        "building": "yes"
      },
      "geometry": {
        "type": "Polygon",
        "coordinates": [
          [
            [
              78.4385017,
              30.3761616
            ],
            [
              78.4384714,
              30.3760029
            ],
            [
              78.4386042,
              30.3759882
            ],
            [
              78.4386364,
              30.3761436
            ],
            [
              78.4385017,
              30.3761616
            ]
          ]
        ]
      }
    },
    {
      "type": "Feature",
      "id": 509530598,
      "properties": {
        "building": "yes"
      },
      "geometry": {
        "type": "Polygon",
        "coordinates": [
          [
            [
              78.4319719,
              30.3712165
            ],
            [
              78.4320689,
              30.37131
            ],
            [
              78.4321569,
              30.3712594
            ],
            [
              78.4320621,
              30.371164
            ],
            [
              78.4319719,
              30.3712165
            ]
          ]
        ]
      }
    },
    {
      "type": "Feature",
      "id": 509530599,
      "properties": {
        "building": "yes"
      },
      "geometry": {
        "type": "Polygon",
        "coordinates": [
          [
            [
              78.432096,
              30.3713411
            ],
            [
              78.4322087,
              30.3714384
            ],
            [
              78.4322832,
              30.3713878
            ],
            [
              78.4321817,
              30.3712827
            ],
            [
              78.432096,
              30.3713411
            ]
          ]
        ]
      }
    },
    {
      "type": "Feature",
      "id": 509530600,
      "properties": {
        "building": "yes"
      },
      "geometry": {
        "type": "Polygon",
        "coordinates": [
          [
            [
              78.4322674,
              30.3714948
            ],
            [
              78.4323779,
              30.3715999
            ],
            [
              78.4324433,
              30.3715532
            ],
            [
              78.4323486,
              30.3714501
            ],
            [
              78.4322674,
              30.3714948
            ]
          ]
        ]
      }
    },
    {
      "type": "Feature",
      "id": 509530601,
      "properties": {
        "building": "yes"
      },
      "geometry": {
        "type": "Polygon",
        "coordinates": [
          [
            [
              78.4324952,
              30.3717342
            ],
            [
              78.4323982,
              30.3716213
            ],
            [
              78.4324681,
              30.3715785
            ],
            [
              78.4325719,
              30.3716816
            ],
            [
              78.4324952,
              30.3717342
            ]
          ]
        ]
      }
    },
    {
      "type": "Feature",
      "id": 509530602,
      "properties": {
        "building": "yes"
      },
      "geometry": {
        "type": "Polygon",
        "coordinates": [
          [
            [
              78.4326034,
              30.3716544
            ],
            [
              78.4325087,
              30.3715512
            ],
            [
              78.4325831,
              30.3715007
            ],
            [
              78.4326824,
              30.3716077
            ],
            [
              78.4326034,
              30.3716544
            ]
          ]
        ]
      }
    },
    {
      "type": "Feature",
      "id": 509530603,
      "properties": {
        "building": "yes"
      },
      "geometry": {
        "type": "Polygon",
        "coordinates": [
          [
            [
              78.4323689,
              30.3714306
            ],
            [
              78.4324771,
              30.3715298
            ],
            [
              78.4325583,
              30.3714812
            ],
            [
              78.4324546,
              30.3713703
            ],
            [
              78.4323689,
              30.3714306
            ]
          ]
        ]
      }
    },
    {
      "type": "Feature",
      "id": 509530604,
      "properties": {
        "building": "yes"
      },
      "geometry": {
        "type": "Polygon",
        "coordinates": [
          [
            [
              78.4321975,
              30.3712613
            ],
            [
              78.432308,
              30.3713703
            ],
            [
              78.4323982,
              30.3713158
            ],
            [
              78.4322787,
              30.3712049
            ],
            [
              78.4321975,
              30.3712613
            ]
          ]
        ]
      }
    },
    {
      "type": "Feature",
      "id": 509530606,
      "properties": {
        "building": "yes"
      },
      "geometry": {
        "type": "Polygon",
        "coordinates": [
          [
            [
              78.4323396,
              30.3711796
            ],
            [
              78.432441,
              30.3712827
            ],
            [
              78.4325245,
              30.3712302
            ],
            [
              78.432423,
              30.3711231
            ],
            [
              78.4323396,
              30.3711796
            ]
          ]
        ]
      }
    },
    {
      "type": "Feature",
      "id": 509530607,
      "properties": {
        "building": "yes"
      },
      "geometry": {
        "type": "Polygon",
        "coordinates": [
          [
            [
              78.4322127,
              30.3710558
            ],
            [
              78.432317,
              30.3711562
            ],
            [
              78.4323982,
              30.3711076
            ],
            [
              78.4322899,
              30.3710005
            ],
            [
              78.4322127,
              30.3710558
            ]
          ]
        ]
      }
    },
    {
      "type": "Feature",
      "id": 509530609,
      "properties": {
        "building": "yes"
      },
      "geometry": {
        "type": "Polygon",
        "coordinates": [
          [
            [
              78.432635,
              30.3714715
            ],
            [
              78.4327365,
              30.3715727
            ],
            [
              78.4328177,
              30.3715182
            ],
            [
              78.4327027,
              30.3714189
            ],
            [
              78.432635,
              30.3714715
            ]
          ]
        ]
      }
    },
    {
      "type": "Feature",
      "id": 509530611,
      "properties": {
        "building": "yes"
      },
      "geometry": {
        "type": "Polygon",
        "coordinates": [
          [
            [
              78.432608,
              30.3712516
            ],
            [
              78.4327117,
              30.3713625
            ],
            [
              78.4327839,
              30.3713158
            ],
            [
              78.4326869,
              30.3712029
            ],
            [
              78.432608,
              30.3712516
            ]
          ]
        ]
      }
    },
    {
      "type": "Feature",
      "id": 509530614,
      "properties": {
        "building": "yes"
      },
      "geometry": {
        "type": "Polygon",
        "coordinates": [
          [
            [
              78.4324298,
              30.3708994
            ],
            [
              78.4325425,
              30.3709967
            ],
            [
              78.4326192,
              30.37095
            ],
            [
              78.4325155,
              30.3708371
            ],
            [
              78.4324298,
              30.3708994
            ]
          ]
        ]
      }
    },
    {
      "type": "Feature",
      "id": 509530619,
      "properties": {
        "building": "yes"
      },
      "geometry": {
        "type": "Polygon",
        "coordinates": [
          [
            [
              78.4328312,
              30.371092
            ],
            [
              78.4329327,
              30.3712049
            ],
            [
              78.4330184,
              30.3711465
            ],
            [
              78.4329124,
              30.3710434
            ],
            [
              78.4328312,
              30.371092
            ]
          ]
        ]
      }
    },
    {
      "type": "Feature",
      "id": 509530620,
      "properties": {
        "building": "yes"
      },
      "geometry": {
        "type": "Polygon",
        "coordinates": [
          [
            [
              78.4329575,
              30.3712243
            ],
            [
              78.4330636,
              30.3713294
            ],
            [
              78.4331448,
              30.3712808
            ],
            [
              78.4330433,
              30.3711737
            ],
            [
              78.4329575,
              30.3712243
            ]
          ]
        ]
      }
    },
    {
      "type": "Feature",
      "id": 509530623,
      "properties": {
        "building": "yes"
      },
      "geometry": {
        "type": "Polygon",
        "coordinates": [
          [
            [
              78.4330297,
              30.3716758
            ],
            [
              78.4331335,
              30.3717789
            ],
            [
              78.4332237,
              30.3717283
            ],
            [
              78.4331154,
              30.3716232
            ],
            [
              78.4330297,
              30.3716758
            ]
          ]
        ]
      }
    },
    {
      "type": "Feature",
      "id": 509530624,
      "properties": {
        "building": "yes"
      },
      "geometry": {
        "type": "Polygon",
        "coordinates": [
          [
            [
              78.4329012,
              30.3715551
            ],
            [
              78.4330162,
              30.3716583
            ],
            [
              78.4330974,
              30.371598
            ],
            [
              78.4329824,
              30.3714987
            ],
            [
              78.4329012,
              30.3715551
            ]
          ]
        ]
      }
    },
    {
      "type": "Feature",
      "id": 509530625,
      "properties": {
        "building": "yes"
      },
      "geometry": {
        "type": "Polygon",
        "coordinates": [
          [
            [
              78.4330117,
              30.3714734
            ],
            [
              78.4331177,
              30.3715727
            ],
            [
              78.4331989,
              30.371526
            ],
            [
              78.4330996,
              30.371417
            ],
            [
              78.4330117,
              30.3714734
            ]
          ]
        ]
      }
    },
    {
      "type": "Feature",
      "id": 509530626,
      "properties": {
        "building": "yes"
      },
      "geometry": {
        "type": "Polygon",
        "coordinates": [
          [
            [
              78.4331493,
              30.371598
            ],
            [
              78.4332485,
              30.3717011
            ],
            [
              78.4333274,
              30.3716583
            ],
            [
              78.4332305,
              30.3715474
            ],
            [
              78.4331493,
              30.371598
            ]
          ]
        ]
      }
    },
    {
      "type": "Feature",
      "id": 509530627,
      "properties": {
        "building": "yes"
      },
      "geometry": {
        "type": "Polygon",
        "coordinates": [
          [
            [
              78.4339859,
              30.3716594
            ],
            [
              78.4341071,
              30.3717584
            ],
            [
              78.4341805,
              30.3716951
            ],
            [
              78.4340561,
              30.3715878
            ],
            [
              78.4339859,
              30.3716594
            ]
          ]
        ]
      }
    },
    {
      "type": "Feature",
      "id": 509530628,
      "properties": {
        "building": "yes"
      },
      "geometry": {
        "type": "Polygon",
        "coordinates": [
          [
            [
              78.4340656,
              30.3719208
            ],
            [
              78.4341932,
              30.3720391
            ],
            [
              78.4342857,
              30.3719703
            ],
            [
              78.4341517,
              30.3718548
            ],
            [
              78.4340656,
              30.3719208
            ]
          ]
        ]
      }
    },
    {
      "type": "Feature",
      "id": 509530629,
      "properties": {
        "building": "yes"
      },
      "geometry": {
        "type": "Polygon",
        "coordinates": [
          [
            [
              78.4341677,
              30.371819
            ],
            [
              78.4343017,
              30.3719346
            ],
            [
              78.4343974,
              30.3718685
            ],
            [
              78.4342634,
              30.3717447
            ],
            [
              78.4341677,
              30.371819
            ]
          ]
        ]
      }
    },
    {
      "type": "Feature",
      "id": 509530630,
      "properties": {
        "building": "yes"
      },
      "geometry": {
        "type": "Polygon",
        "coordinates": [
          [
            [
              78.4340975,
              30.3715108
            ],
            [
              78.4342379,
              30.3716181
            ],
            [
              78.4343144,
              30.371552
            ],
            [
              78.4341805,
              30.3714227
            ],
            [
              78.4340975,
              30.3715108
            ]
          ]
        ]
      }
    },
    {
      "type": "Feature",
      "id": 509530633,
      "properties": {
        "building": "yes"
      },
      "geometry": {
        "type": "Polygon",
        "coordinates": [
          [
            [
              78.4343655,
              30.3720089
            ],
            [
              78.4344867,
              30.3721107
            ],
            [
              78.4345632,
              30.3720391
            ],
            [
              78.4344484,
              30.3719318
            ],
            [
              78.4343655,
              30.3720089
            ]
          ]
        ]
      }
    },
    {
      "type": "Feature",
      "id": 509530634,
      "properties": {
        "building": "yes"
      },
      "geometry": {
        "type": "Polygon",
        "coordinates": [
          [
            [
              78.4342379,
              30.3720914
            ],
            [
              78.4343814,
              30.372207
            ],
            [
              78.4344643,
              30.3721382
            ],
            [
              78.4343304,
              30.3720199
            ],
            [
              78.4342379,
              30.3720914
            ]
          ]
        ]
      }
    },
    {
      "type": "Feature",
      "id": 509530635,
      "properties": {
        "building": "yes"
      },
      "geometry": {
        "type": "Polygon",
        "coordinates": [
          [
            [
              78.434509,
              30.3718603
            ],
            [
              78.4346589,
              30.3719676
            ],
            [
              78.4347387,
              30.371896
            ],
            [
              78.4346111,
              30.3717942
            ],
            [
              78.434509,
              30.3718603
            ]
          ]
        ]
      }
    },
    {
      "type": "Feature",
      "id": 509530636,
      "properties": {
        "building": "yes"
      },
      "geometry": {
        "type": "Polygon",
        "coordinates": [
          [
            [
              78.4346278,
              30.3717773
            ],
            [
              78.4347643,
              30.3718755
            ],
            [
              78.4348269,
              30.3718199
            ],
            [
              78.4347055,
              30.3717119
            ],
            [
              78.4346278,
              30.3717773
            ]
          ]
        ]
      }
    },
    {
      "type": "Feature",
      "id": 509530637,
      "properties": {
        "building": "yes"
      },
      "geometry": {
        "type": "Polygon",
        "coordinates": [
          [
            [
              78.4347131,
              30.3720228
            ],
            [
              78.4348459,
              30.3721324
            ],
            [
              78.4349237,
              30.3720588
            ],
            [
              78.4347852,
              30.371941
            ],
            [
              78.4347131,
              30.3720228
            ]
          ]
        ]
      }
    },
    {
      "type": "Feature",
      "id": 509530638,
      "properties": {
        "building": "yes"
      },
      "geometry": {
        "type": "Polygon",
        "coordinates": [
          [
            [
              78.4345576,
              30.3721586
            ],
            [
              78.4346999,
              30.372265
            ],
            [
              78.4347909,
              30.3721962
            ],
            [
              78.4346392,
              30.3720833
            ],
            [
              78.4345576,
              30.3721586
            ]
          ]
        ]
      }
    },
    {
      "type": "Feature",
      "id": 509530639,
      "properties": {
        "building": "yes"
      },
      "geometry": {
        "type": "Polygon",
        "coordinates": [
          [
            [
              78.4344419,
              30.3722601
            ],
            [
              78.4345823,
              30.372373
            ],
            [
              78.4346543,
              30.3723042
            ],
            [
              78.4345197,
              30.3721881
            ],
            [
              78.4344419,
              30.3722601
            ]
          ]
        ]
      }
    },
    {
      "type": "Feature",
      "id": 509530640,
      "properties": {
        "building": "yes"
      },
      "geometry": {
        "type": "Polygon",
        "coordinates": [
          [
            [
              78.4342029,
              30.3724548
            ],
            [
              78.4343471,
              30.3725693
            ],
            [
              78.4344286,
              30.3725039
            ],
            [
              78.4342826,
              30.3723893
            ],
            [
              78.4342029,
              30.3724548
            ]
          ]
        ]
      }
    },
    {
      "type": "Feature",
      "id": 509530642,
      "properties": {
        "building": "yes"
      },
      "geometry": {
        "type": "Polygon",
        "coordinates": [
          [
            [
              78.4346487,
              30.37244
            ],
            [
              78.4347871,
              30.372553
            ],
            [
              78.4348687,
              30.3724875
            ],
            [
              78.4347321,
              30.3723648
            ],
            [
              78.4346487,
              30.37244
            ]
          ]
        ]
      }
    },
    {
      "type": "Feature",
      "id": 509530643,
      "properties": {
        "building": "yes"
      },
      "geometry": {
        "type": "Polygon",
        "coordinates": [
          [
            [
              78.4347511,
              30.3723451
            ],
            [
              78.4348876,
              30.3724646
            ],
            [
              78.4349787,
              30.3723893
            ],
            [
              78.4348345,
              30.3722699
            ],
            [
              78.4347511,
              30.3723451
            ]
          ]
        ]
      }
    },
    {
      "type": "Feature",
      "id": 509530644,
      "properties": {
        "building": "yes"
      },
      "geometry": {
        "type": "Polygon",
        "coordinates": [
          [
            [
              78.4348554,
              30.3726069
            ],
            [
              78.4349843,
              30.3727199
            ],
            [
              78.435064,
              30.3726659
            ],
            [
              78.4349369,
              30.3725431
            ],
            [
              78.4348554,
              30.3726069
            ]
          ]
        ]
      }
    },
    {
      "type": "Feature",
      "id": 509530645,
      "properties": {
        "building": "yes"
      },
      "geometry": {
        "type": "Polygon",
        "coordinates": [
          [
            [
              78.434973,
              30.3725235
            ],
            [
              78.4351,
              30.3726331
            ],
            [
              78.4351797,
              30.372566
            ],
            [
              78.4350545,
              30.3724531
            ],
            [
              78.434973,
              30.3725235
            ]
          ]
        ]
      }
    },
    {
      "type": "Feature",
      "id": 509530646,
      "properties": {
        "building": "yes"
      },
      "geometry": {
        "type": "Polygon",
        "coordinates": [
          [
            [
              78.4351228,
              30.3721177
            ],
            [
              78.4352954,
              30.3722453
            ],
            [
              78.4353769,
              30.372175
            ],
            [
              78.4352214,
              30.3720441
            ],
            [
              78.4351228,
              30.3721177
            ]
          ]
        ]
      }
    },
    {
      "type": "Feature",
      "id": 509530648,
      "properties": {
        "building": "yes"
      },
      "geometry": {
        "type": "Polygon",
        "coordinates": [
          [
            [
              78.4353238,
              30.3722617
            ],
            [
              78.4354585,
              30.3723779
            ],
            [
              78.4355401,
              30.3723157
            ],
            [
              78.4354092,
              30.3721962
            ],
            [
              78.4353238,
              30.3722617
            ]
          ]
        ]
      }
    },
    {
      "type": "Feature",
      "id": 509530649,
      "properties": {
        "building": "yes"
      },
      "geometry": {
        "type": "Polygon",
        "coordinates": [
          [
            [
              78.4354414,
              30.3721537
            ],
            [
              78.4355837,
              30.372265
            ],
            [
              78.4356709,
              30.3721995
            ],
            [
              78.4355249,
              30.3720751
            ],
            [
              78.4354414,
              30.3721537
            ]
          ]
        ]
      }
    },
    {
      "type": "Feature",
      "id": 509530650,
      "properties": {
        "building": "yes"
      },
      "geometry": {
        "type": "Polygon",
        "coordinates": [
          [
            [
              78.4353997,
              30.3718984
            ],
            [
              78.4355514,
              30.3720162
            ],
            [
              78.4356425,
              30.3719541
            ],
            [
              78.4354964,
              30.3718166
            ],
            [
              78.4353997,
              30.3718984
            ]
          ]
        ]
      }
    },
    {
      "type": "Feature",
      "id": 509530652,
      "properties": {
        "building": "yes"
      },
      "geometry": {
        "type": "Polygon",
        "coordinates": [
          [
            [
              78.4354851,
              30.3717446
            ],
            [
              78.4356406,
              30.3718624
            ],
            [
              78.4357164,
              30.3718019
            ],
            [
              78.4355647,
              30.3716792
            ],
            [
              78.4354851,
              30.3717446
            ]
          ]
        ]
      }
    },
    {
      "type": "Feature",
      "id": 509530653,
      "properties": {
        "building": "yes"
      },
      "geometry": {
        "type": "Polygon",
        "coordinates": [
          [
            [
              78.4356539,
              30.3718837
            ],
            [
              78.4357999,
              30.3720097
            ],
            [
              78.4358852,
              30.3719377
            ],
            [
              78.4357468,
              30.371815
            ],
            [
              78.4356539,
              30.3718837
            ]
          ]
        ]
      }
    },
    {
      "type": "Feature",
      "id": 509530654,
      "properties": {
        "building": "yes"
      },
      "geometry": {
        "type": "Polygon",
        "coordinates": [
          [
            [
              78.4359137,
              30.371545
            ],
            [
              78.4358701,
              30.3714599
            ],
            [
              78.4360465,
              30.3713895
            ],
            [
              78.4361052,
              30.3714812
            ],
            [
              78.4359137,
              30.371545
            ]
          ]
        ]
      }
    },
    {
      "type": "Feature",
      "id": 509530655,
      "properties": {
        "building": "yes"
      },
      "geometry": {
        "type": "Polygon",
        "coordinates": [
          [
            [
              78.4343452,
              30.3711964
            ],
            [
              78.4344647,
              30.3712832
            ],
            [
              78.4345311,
              30.3712259
            ],
            [
              78.4344211,
              30.3711343
            ],
            [
              78.4343452,
              30.3711964
            ]
          ]
        ]
      }
    },
    {
      "type": "Feature",
      "id": 509530656,
      "properties": {
        "building": "yes"
      },
      "geometry": {
        "type": "Polygon",
        "coordinates": [
          [
            [
              78.4345292,
              30.3711866
            ],
            [
              78.4346449,
              30.3712913
            ],
            [
              78.4347226,
              30.3712243
            ],
            [
              78.4346088,
              30.3711244
            ],
            [
              78.4345292,
              30.3711866
            ]
          ]
        ]
      }
    },
    {
      "type": "Feature",
      "id": 509530657,
      "properties": {
        "building": "yes"
      },
      "geometry": {
        "type": "Polygon",
        "coordinates": [
          [
            [
              78.4346847,
              30.3713175
            ],
            [
              78.4348023,
              30.3714124
            ],
            [
              78.4348895,
              30.3713437
            ],
            [
              78.4347606,
              30.3712472
            ],
            [
              78.4346847,
              30.3713175
            ]
          ]
        ]
      }
    },
    {
      "type": "Feature",
      "id": 509530660,
      "properties": {
        "building": "yes"
      },
      "geometry": {
        "type": "Polygon",
        "coordinates": [
          [
            [
              78.4347833,
              30.3712046
            ],
            [
              78.4349009,
              30.3713028
            ],
            [
              78.434973,
              30.3712455
            ],
            [
              78.4348611,
              30.3711441
            ],
            [
              78.4347833,
              30.3712046
            ]
          ]
        ]
      }
    },
    {
      "type": "Feature",
      "id": 509530661,
      "properties": {
        "building": "yes"
      },
      "geometry": {
        "type": "Polygon",
        "coordinates": [
          [
            [
              78.4346449,
              30.3710721
            ],
            [
              78.4347435,
              30.3711735
            ],
            [
              78.4348193,
              30.3711163
            ],
            [
              78.4347245,
              30.3710164
            ],
            [
              78.4346449,
              30.3710721
            ]
          ]
        ]
      }
    },
    {
      "type": "Feature",
      "id": 509530662,
      "properties": {
        "building": "yes"
      },
      "geometry": {
        "type": "Polygon",
        "coordinates": [
          [
            [
              78.4348137,
              30.3710541
            ],
            [
              78.4349256,
              30.3711572
            ],
            [
              78.4350014,
              30.3710917
            ],
            [
              78.4349066,
              30.3709984
            ],
            [
              78.4348137,
              30.3710541
            ]
          ]
        ]
      }
    },
    {
      "type": "Feature",
      "id": 509530664,
      "properties": {
        "building": "yes"
      },
      "geometry": {
        "type": "Polygon",
        "coordinates": [
          [
            [
              78.43499,
              30.371203
            ],
            [
              78.4351038,
              30.3713012
            ],
            [
              78.435174,
              30.3712341
            ],
            [
              78.4350621,
              30.3711343
            ],
            [
              78.43499,
              30.371203
            ]
          ]
        ]
      }
    },
    {
      "type": "Feature",
      "id": 509530665,
      "properties": {
        "building": "yes"
      },
      "geometry": {
        "type": "Polygon",
        "coordinates": [
          [
            [
              78.4350868,
              30.3711146
            ],
            [
              78.4352006,
              30.3712112
            ],
            [
              78.4352688,
              30.3711539
            ],
            [
              78.4351626,
              30.371059
            ],
            [
              78.4350868,
              30.3711146
            ]
          ]
        ]
      }
    },
    {
      "type": "Feature",
      "id": 509530666,
      "properties": {
        "building": "yes"
      },
      "geometry": {
        "type": "Polygon",
        "coordinates": [
          [
            [
              78.4351247,
              30.3713143
            ],
            [
              78.4352461,
              30.3714157
            ],
            [
              78.4353182,
              30.3713666
            ],
            [
              78.4352006,
              30.371257
            ],
            [
              78.4351247,
              30.3713143
            ]
          ]
        ]
      }
    },
    {
      "type": "Feature",
      "id": 509530667,
      "properties": {
        "building": "yes"
      },
      "geometry": {
        "type": "Polygon",
        "coordinates": [
          [
            [
              78.4352271,
              30.3712357
            ],
            [
              78.435339,
              30.3713421
            ],
            [
              78.4354225,
              30.3712717
            ],
            [
              78.43532,
              30.3711703
            ],
            [
              78.4352271,
              30.3712357
            ]
          ]
        ]
      }
    },
    {
      "type": "Feature",
      "id": 509530668,
      "properties": {
        "building": "yes"
      },
      "geometry": {
        "type": "Polygon",
        "coordinates": [
          [
            [
              78.4350849,
              30.3714992
            ],
            [
              78.435284,
              30.3716661
            ],
            [
              78.4353675,
              30.371599
            ],
            [
              78.4351683,
              30.3714239
            ],
            [
              78.4350849,
              30.3714992
            ]
          ]
        ]
      }
    },
    {
      "type": "Feature",
      "id": 509530669,
      "properties": {
        "building": "yes"
      },
      "geometry": {
        "type": "Polygon",
        "coordinates": [
          [
            [
              78.4350166,
              30.3716661
            ],
            [
              78.4351588,
              30.3717822
            ],
            [
              78.4352157,
              30.3717381
            ],
            [
              78.4350792,
              30.3716121
            ],
            [
              78.4350166,
              30.3716661
            ]
          ]
        ]
      }
    },
    {
      "type": "Feature",
      "id": 509530670,
      "properties": {
        "building": "yes"
      },
      "geometry": {
        "type": "Polygon",
        "coordinates": [
          [
            [
              78.4353068,
              30.3714779
            ],
            [
              78.4354319,
              30.3715761
            ],
            [
              78.435504,
              30.371509
            ],
            [
              78.4353826,
              30.3714141
            ],
            [
              78.4353068,
              30.3714779
            ]
          ]
        ]
      }
    },
    {
      "type": "Feature",
      "id": 509530671,
      "properties": {
        "building": "yes"
      },
      "geometry": {
        "type": "Polygon",
        "coordinates": [
          [
            [
              78.4356007,
              30.3714975
            ],
            [
              78.4357563,
              30.3716922
            ],
            [
              78.435834,
              30.3716562
            ],
            [
              78.4356766,
              30.3714583
            ],
            [
              78.4356007,
              30.3714975
            ]
          ]
        ]
      }
    },
    {
      "type": "Feature",
      "id": 509530672,
      "properties": {
        "building": "yes"
      },
      "geometry": {
        "type": "Polygon",
        "coordinates": [
          [
            [
              78.4353997,
              30.3713863
            ],
            [
              78.4355173,
              30.3714861
            ],
            [
              78.435597,
              30.3714255
            ],
            [
              78.4354794,
              30.3713208
            ],
            [
              78.4353997,
              30.3713863
            ]
          ]
        ]
      }
    },
    {
      "type": "Feature",
      "id": 509534248,
      "properties": {
        "building": "school",
        "name": "All Saints Convent School"
      },
      "geometry": {
        "type": "Polygon",
        "coordinates": [
          [
            [
              78.4317345,
              30.3760748
            ],
            [
              78.4321613,
              30.3763955
            ],
            [
              78.4323794,
              30.3765558
            ],
            [
              78.4324894,
              30.3764789
            ],
            [
              78.4322788,
              30.3763235
            ],
            [
              78.4323111,
              30.3762973
            ],
            [
              78.4318483,
              30.3759488
            ],
            [
              78.4317345,
              30.3760748
            ]
          ]
        ]
      }
    },
    {
      "type": "Feature",
      "id": 509534250,
      "properties": {
        "building": "yes",
        "name": "Nagar Palika Parishad Tehri",
        "office": "yes"
      },
      "geometry": {
        "type": "Polygon",
        "coordinates": [
          [
            [
              78.4422116,
              30.3801788
            ],
            [
              78.4423424,
              30.3801678
            ],
            [
              78.4423328,
              30.3800508
            ],
            [
              78.4423635,
              30.379951
            ],
            [
              78.4424476,
              30.3798155
            ],
            [
              78.4423168,
              30.3797578
            ],
            [
              78.4422212,
              30.3799889
            ],
            [
              78.4422116,
              30.3801788
            ]
          ]
        ]
      }
    },
    {
      "type": "Feature",
      "id": 509534253,
      "properties": {
        "amenity": "cinema",
        "building": "yes",
        "name": "Trihari Cinema Hall"
      },
      "geometry": {
        "type": "Polygon",
        "coordinates": [
          [
            [
              78.4423424,
              30.3801678
            ],
            [
              78.4428049,
              30.3801705
            ],
            [
              78.4428463,
              30.3800192
            ],
            [
              78.4424476,
              30.3798155
            ],
            [
              78.4423635,
              30.379951
            ],
            [
              78.4423328,
              30.3800508
            ],
            [
              78.4423424,
              30.3801678
            ]
          ]
        ]
      }
    },
    {
      "type": "Feature",
      "id": 509617269,
      "properties": {
        "building": "yes"
      },
      "geometry": {
        "type": "Polygon",
        "coordinates": [
          [
            [
              78.4383064,
              30.3757051
            ],
            [
              78.4382609,
              30.3755398
            ],
            [
              78.4383519,
              30.3755235
            ],
            [
              78.4383993,
              30.3756838
            ],
            [
              78.4383064,
              30.3757051
            ]
          ]
        ]
      }
    },
    {
      "type": "Feature",
      "id": 509617274,
      "properties": {
        "building": "yes"
      },
      "geometry": {
        "type": "Polygon",
        "coordinates": [
          [
            [
              78.438938,
              30.3757509
            ],
            [
              78.4389,
              30.3755906
            ],
            [
              78.4390271,
              30.3755742
            ],
            [
              78.4390688,
              30.3757296
            ],
            [
              78.438938,
              30.3757509
            ]
          ]
        ]
      }
    },
    {
      "type": "Feature",
      "id": 509617276,
      "properties": {
        "building": "yes"
      },
      "geometry": {
        "type": "Polygon",
        "coordinates": [
          [
            [
              78.4386459,
              30.3760176
            ],
            [
              78.4386117,
              30.3758638
            ],
            [
              78.4387331,
              30.3758458
            ],
            [
              78.4387692,
              30.3759963
            ],
            [
              78.4386459,
              30.3760176
            ]
          ]
        ]
      }
    },
    {
      "type": "Feature",
      "id": 509617293,
      "properties": {
        "building": "yes"
      },
      "geometry": {
        "type": "Polygon",
        "coordinates": [
          [
            [
              78.4320757,
              30.3711484
            ],
            [
              78.4321862,
              30.3712341
            ],
            [
              78.4322719,
              30.3711835
            ],
            [
              78.4321636,
              30.3710862
            ],
            [
              78.4320757,
              30.3711484
            ]
          ]
        ]
      }
    },
    {
      "type": "Feature",
      "id": 509617297,
      "properties": {
        "building": "yes"
      },
      "geometry": {
        "type": "Polygon",
        "coordinates": [
          [
            [
              78.4324862,
              30.3713294
            ],
            [
              78.4325967,
              30.3714481
            ],
            [
              78.4326734,
              30.3713917
            ],
            [
              78.4325628,
              30.3712847
            ],
            [
              78.4324862,
              30.3713294
            ]
          ]
        ]
      }
    },
    {
      "type": "Feature",
      "id": 509617299,
      "properties": {
        "building": "yes"
      },
      "geometry": {
        "type": "Polygon",
        "coordinates": [
          [
            [
              78.4327388,
              30.3713878
            ],
            [
              78.432847,
              30.3714929
            ],
            [
              78.432935,
              30.3714364
            ],
            [
              78.4328222,
              30.3713333
            ],
            [
              78.4327388,
              30.3713878
            ]
          ]
        ]
      }
    },
    {
      "type": "Feature",
      "id": 509617301,
      "properties": {
        "building": "yes"
      },
      "geometry": {
        "type": "Polygon",
        "coordinates": [
          [
            [
              78.4324456,
              30.371094
            ],
            [
              78.4325493,
              30.371201
            ],
            [
              78.4326215,
              30.3711504
            ],
            [
              78.4325245,
              30.3710434
            ],
            [
              78.4324456,
              30.371094
            ]
          ]
        ]
      }
    },
    {
      "type": "Feature",
      "id": 509617302,
      "properties": {
        "building": "yes"
      },
      "geometry": {
        "type": "Polygon",
        "coordinates": [
          [
            [
              78.432317,
              30.3709753
            ],
            [
              78.4324275,
              30.3710803
            ],
            [
              78.4325042,
              30.3710239
            ],
            [
              78.4324004,
              30.3709188
            ],
            [
              78.432317,
              30.3709753
            ]
          ]
        ]
      }
    },
    {
      "type": "Feature",
      "id": 509617304,
      "properties": {
        "building": "yes"
      },
      "geometry": {
        "type": "Polygon",
        "coordinates": [
          [
            [
              78.4325538,
              30.371022
            ],
            [
              78.4326598,
              30.3711231
            ],
            [
              78.4327523,
              30.3710725
            ],
            [
              78.4326418,
              30.3709616
            ],
            [
              78.4325538,
              30.371022
            ]
          ]
        ]
      }
    },
    {
      "type": "Feature",
      "id": 509617305,
      "properties": {
        "building": "yes"
      },
      "geometry": {
        "type": "Polygon",
        "coordinates": [
          [
            [
              78.4325425,
              30.3708215
            ],
            [
              78.4326418,
              30.3709208
            ],
            [
              78.4327207,
              30.3708741
            ],
            [
              78.4326305,
              30.3707612
            ],
            [
              78.4325425,
              30.3708215
            ]
          ]
        ]
      }
    },
    {
      "type": "Feature",
      "id": 509617306,
      "properties": {
        "building": "yes"
      },
      "geometry": {
        "type": "Polygon",
        "coordinates": [
          [
            [
              78.4326711,
              30.3709441
            ],
            [
              78.4327771,
              30.3710511
            ],
            [
              78.4328128,
              30.3710271
            ],
            [
              78.4328538,
              30.3709986
            ],
            [
              78.4327433,
              30.3708916
            ],
            [
              78.4326711,
              30.3709441
            ]
          ]
        ]
      }
    },
    {
      "type": "Feature",
      "id": 509617307,
      "properties": {
        "building": "yes"
      },
      "geometry": {
        "type": "Polygon",
        "coordinates": [
          [
            [
              78.4327072,
              30.3711815
            ],
            [
              78.4327929,
              30.3711173
            ],
            [
              78.4329057,
              30.3712302
            ],
            [
              78.4328155,
              30.3712866
            ],
            [
              78.4327072,
              30.3711815
            ]
          ]
        ]
      }
    },
    {
      "type": "Feature",
      "id": 509617310,
      "properties": {
        "building": "yes"
      },
      "geometry": {
        "type": "Polygon",
        "coordinates": [
          [
            [
              78.4327974,
              30.3716291
            ],
            [
              78.4329102,
              30.3717361
            ],
            [
              78.4329914,
              30.3716719
            ],
            [
              78.4328696,
              30.3715727
            ],
            [
              78.4327974,
              30.3716291
            ]
          ]
        ]
      }
    },
    {
      "type": "Feature",
      "id": 509617311,
      "properties": {
        "building": "yes"
      },
      "geometry": {
        "type": "Polygon",
        "coordinates": [
          [
            [
              78.432926,
              30.3717595
            ],
            [
              78.4330252,
              30.3718587
            ],
            [
              78.4331087,
              30.3718062
            ],
            [
              78.4330117,
              30.371705
            ],
            [
              78.432926,
              30.3717595
            ]
          ]
        ]
      }
    },
    {
      "type": "Feature",
      "id": 509617320,
      "properties": {
        "building": "yes"
      },
      "geometry": {
        "type": "Polygon",
        "coordinates": [
          [
            [
              78.4343208,
              30.3716731
            ],
            [
              78.4344484,
              30.3717887
            ],
            [
              78.4345409,
              30.3717282
            ],
            [
              78.4343974,
              30.3716098
            ],
            [
              78.4343208,
              30.3716731
            ]
          ]
        ]
      }
    },
    {
      "type": "Feature",
      "id": 509617321,
      "properties": {
        "building": "yes"
      },
      "geometry": {
        "type": "Polygon",
        "coordinates": [
          [
            [
              78.4344388,
              30.3715851
            ],
            [
              78.4345696,
              30.3717089
            ],
            [
              78.4346589,
              30.3716401
            ],
            [
              78.4345058,
              30.3715135
            ],
            [
              78.4344388,
              30.3715851
            ]
          ]
        ]
      }
    },
    {
      "type": "Feature",
      "id": 509617330,
      "properties": {
        "building": "yes"
      },
      "geometry": {
        "type": "Polygon",
        "coordinates": [
          [
            [
              78.4343205,
              30.3723746
            ],
            [
              78.4344476,
              30.3724859
            ],
            [
              78.4345273,
              30.3724155
            ],
            [
              78.4344002,
              30.3723026
            ],
            [
              78.4343205,
              30.3723746
            ]
          ]
        ]
      }
    },
    {
      "type": "Feature",
      "id": 509617336,
      "properties": {
        "building": "yes"
      },
      "geometry": {
        "type": "Polygon",
        "coordinates": [
          [
            [
              78.4352575,
              30.3720146
            ],
            [
              78.4354073,
              30.3721357
            ],
            [
              78.4354983,
              30.3720621
            ],
            [
              78.4353675,
              30.3719393
            ],
            [
              78.4352575,
              30.3720146
            ]
          ]
        ]
      }
    },
    {
      "type": "Feature",
      "id": 509617340,
      "properties": {
        "building": "yes"
      },
      "geometry": {
        "type": "Polygon",
        "coordinates": [
          [
            [
              78.4355875,
              30.3720342
            ],
            [
              78.435724,
              30.3721635
            ],
            [
              78.4358151,
              30.3720964
            ],
            [
              78.4356766,
              30.371959
            ],
            [
              78.4355875,
              30.3720342
            ]
          ]
        ]
      }
    },
    {
      "type": "Feature",
      "id": 509617347,
      "properties": {
        "building": "yes"
      },
      "geometry": {
        "type": "Polygon",
        "coordinates": [
          [
            [
              78.4348288,
              30.3714452
            ],
            [
              78.4349388,
              30.3715499
            ],
            [
              78.4350242,
              30.3714713
            ],
            [
              78.4349142,
              30.371365
            ],
            [
              78.4348288,
              30.3714452
            ]
          ]
        ]
      }
    },
    {
      "type": "Feature",
      "id": 509617348,
      "properties": {
        "building": "yes"
      },
      "geometry": {
        "type": "Polygon",
        "coordinates": [
          [
            [
              78.4349388,
              30.3713257
            ],
            [
              78.4350507,
              30.3714255
            ],
            [
              78.4351209,
              30.3713781
            ],
            [
              78.4350147,
              30.3712635
            ],
            [
              78.4349388,
              30.3713257
            ]
          ]
        ]
      }
    },
    {
      "type": "Feature",
      "id": 509617352,
      "properties": {
        "building": "yes"
      },
      "geometry": {
        "type": "Polygon",
        "coordinates": [
          [
            [
              78.4349344,
              30.3709771
            ],
            [
              78.4350337,
              30.3710716
            ],
            [
              78.4351082,
              30.3710132
            ],
            [
              78.4350089,
              30.3709188
            ],
            [
              78.4349344,
              30.3709771
            ]
          ]
        ]
      }
    },
    {
      "type": "Feature",
      "id": 509664267,
      "properties": {
        "building": "yes"
      },
      "geometry": {
        "type": "Polygon",
        "coordinates": [
          [
            [
              78.432303,
              30.3728936
            ],
            [
              78.4323954,
              30.3729792
            ],
            [
              78.4324699,
              30.372915
            ],
            [
              78.4323864,
              30.3728333
            ],
            [
              78.432303,
              30.3728936
            ]
          ]
        ]
      }
    },
    {
      "type": "Feature",
      "id": 509664268,
      "properties": {
        "building": "yes"
      },
      "geometry": {
        "type": "Polygon",
        "coordinates": [
          [
            [
              78.4324022,
              30.3728196
            ],
            [
              78.4324834,
              30.3728994
            ],
            [
              78.4325578,
              30.3728449
            ],
            [
              78.4324766,
              30.3727671
            ],
            [
              78.4324022,
              30.3728196
            ]
          ]
        ]
      }
    },
    {
      "type": "Feature",
      "id": 509664269,
      "properties": {
        "building": "yes"
      },
      "geometry": {
        "type": "Polygon",
        "coordinates": [
          [
            [
              78.4325195,
              30.3727418
            ],
            [
              78.4326097,
              30.3728235
            ],
            [
              78.4326977,
              30.3727515
            ],
            [
              78.4326075,
              30.3726679
            ],
            [
              78.4325195,
              30.3727418
            ]
          ]
        ]
      }
    },
    {
      "type": "Feature",
      "id": 509664270,
      "properties": {
        "building": "yes"
      },
      "geometry": {
        "type": "Polygon",
        "coordinates": [
          [
            [
              78.4326345,
              30.3726348
            ],
            [
              78.4327405,
              30.3727321
            ],
            [
              78.4328262,
              30.3726698
            ],
            [
              78.4327247,
              30.3725706
            ],
            [
              78.4326345,
              30.3726348
            ]
          ]
        ]
      }
    },
    {
      "type": "Feature",
      "id": 509664271,
      "properties": {
        "building": "yes"
      },
      "geometry": {
        "type": "Polygon",
        "coordinates": [
          [
            [
              78.4327721,
              30.3725355
            ],
            [
              78.4328714,
              30.372627
            ],
            [
              78.4329368,
              30.3725706
            ],
            [
              78.4328488,
              30.3724869
            ],
            [
              78.4327721,
              30.3725355
            ]
          ]
        ]
      }
    },
    {
      "type": "Feature",
      "id": 509664272,
      "properties": {
        "building": "yes"
      },
      "geometry": {
        "type": "Polygon",
        "coordinates": [
          [
            [
              78.4328714,
              30.3724597
            ],
            [
              78.4329638,
              30.3725511
            ],
            [
              78.4330428,
              30.3724986
            ],
            [
              78.4329458,
              30.3724091
            ],
            [
              78.4328714,
              30.3724597
            ]
          ]
        ]
      }
    },
    {
      "type": "Feature",
      "id": 509664273,
      "properties": {
        "building": "yes"
      },
      "geometry": {
        "type": "Polygon",
        "coordinates": [
          [
            [
              78.4329097,
              30.3726854
            ],
            [
              78.4329954,
              30.3727691
            ],
            [
              78.4330721,
              30.3727107
            ],
            [
              78.4329954,
              30.3726231
            ],
            [
              78.4329097,
              30.3726854
            ]
          ]
        ]
      }
    },
    {
      "type": "Feature",
      "id": 509664274,
      "properties": {
        "building": "yes"
      },
      "geometry": {
        "type": "Polygon",
        "coordinates": [
          [
            [
              78.4327631,
              30.3727788
            ],
            [
              78.4328646,
              30.3728625
            ],
            [
              78.4329368,
              30.372808
            ],
            [
              78.4328465,
              30.3727243
            ],
            [
              78.4327631,
              30.3727788
            ]
          ]
        ]
      }
    },
    {
      "type": "Feature",
      "id": 509664275,
      "properties": {
        "building": "yes"
      },
      "geometry": {
        "type": "Polygon",
        "coordinates": [
          [
            [
              78.4326729,
              30.3728566
            ],
            [
              78.4327631,
              30.37295
            ],
            [
              78.4328443,
              30.3728878
            ],
            [
              78.4327518,
              30.3728041
            ],
            [
              78.4326729,
              30.3728566
            ]
          ]
        ]
      }
    },
    {
      "type": "Feature",
      "id": 509664276,
      "properties": {
        "building": "yes"
      },
      "geometry": {
        "type": "Polygon",
        "coordinates": [
          [
            [
              78.4325353,
              30.3729539
            ],
            [
              78.4326255,
              30.3730473
            ],
            [
              78.4326909,
              30.3729948
            ],
            [
              78.4326075,
              30.3728994
            ],
            [
              78.4325353,
              30.3729539
            ]
          ]
        ]
      }
    },
    {
      "type": "Feature",
      "id": 509664277,
      "properties": {
        "building": "yes"
      },
      "geometry": {
        "type": "Polygon",
        "coordinates": [
          [
            [
              78.4324338,
              30.3730318
            ],
            [
              78.4325421,
              30.3731232
            ],
            [
              78.4326097,
              30.3730629
            ],
            [
              78.4325127,
              30.3729675
            ],
            [
              78.4324338,
              30.3730318
            ]
          ]
        ]
      }
    },
    {
      "type": "Feature",
      "id": 509664278,
      "properties": {
        "building": "yes"
      },
      "geometry": {
        "type": "Polygon",
        "coordinates": [
          [
            [
              78.4325827,
              30.3731719
            ],
            [
              78.4326977,
              30.3732653
            ],
            [
              78.4327744,
              30.3732049
            ],
            [
              78.4326661,
              30.3731115
            ],
            [
              78.4325827,
              30.3731719
            ]
          ]
        ]
      }
    },
    {
      "type": "Feature",
      "id": 509664279,
      "properties": {
        "building": "yes"
      },
      "geometry": {
        "type": "Polygon",
        "coordinates": [
          [
            [
              78.4326909,
              30.3730979
            ],
            [
              78.4327834,
              30.3731796
            ],
            [
              78.4328533,
              30.3731271
            ],
            [
              78.4327586,
              30.3730415
            ],
            [
              78.4326909,
              30.3730979
            ]
          ]
        ]
      }
    },
    {
      "type": "Feature",
      "id": 509664280,
      "properties": {
        "building": "yes"
      },
      "geometry": {
        "type": "Polygon",
        "coordinates": [
          [
            [
              78.4328172,
              30.3729948
            ],
            [
              78.4329142,
              30.3730804
            ],
            [
              78.4329931,
              30.3730181
            ],
            [
              78.4329007,
              30.3729442
            ],
            [
              78.4328172,
              30.3729948
            ]
          ]
        ]
      }
    },
    {
      "type": "Feature",
      "id": 509664281,
      "properties": {
        "building": "yes"
      },
      "geometry": {
        "type": "Polygon",
        "coordinates": [
          [
            [
              78.4329142,
              30.3729131
            ],
            [
              78.4330044,
              30.3729987
            ],
            [
              78.4330924,
              30.3729403
            ],
            [
              78.4330044,
              30.3728527
            ],
            [
              78.4329142,
              30.3729131
            ]
          ]
        ]
      }
    },
    {
      "type": "Feature",
      "id": 509664282,
      "properties": {
        "building": "yes"
      },
      "geometry": {
        "type": "Polygon",
        "coordinates": [
          [
            [
              78.4330473,
              30.3728138
            ],
            [
              78.433142,
              30.3729131
            ],
            [
              78.4332209,
              30.3728508
            ],
            [
              78.4331375,
              30.3727535
            ],
            [
              78.4330473,
              30.3728138
            ]
          ]
        ]
      }
    },
    {
      "type": "Feature",
      "id": 509664283,
      "properties": {
        "building": "yes"
      },
      "geometry": {
        "type": "Polygon",
        "coordinates": [
          [
            [
              78.4331555,
              30.3727321
            ],
            [
              78.4332345,
              30.3728216
            ],
            [
              78.4333179,
              30.372771
            ],
            [
              78.433239,
              30.3726893
            ],
            [
              78.4331555,
              30.3727321
            ]
          ]
        ]
      }
    },
    {
      "type": "Feature",
      "id": 509664284,
      "properties": {
        "building": "yes"
      },
      "geometry": {
        "type": "Polygon",
        "coordinates": [
          [
            [
              78.4330112,
              30.3726017
            ],
            [
              78.4331059,
              30.3726912
            ],
            [
              78.4331781,
              30.3726406
            ],
            [
              78.4330924,
              30.3725414
            ],
            [
              78.4330112,
              30.3726017
            ]
          ]
        ]
      }
    },
    {
      "type": "Feature",
      "id": 509664285,
      "properties": {
        "building": "yes"
      },
      "geometry": {
        "type": "Polygon",
        "coordinates": [
          [
            [
              78.4337668,
              30.3727811
            ],
            [
              78.4340475,
              30.3730701
            ],
            [
              78.4341336,
              30.3730205
            ],
            [
              78.4338752,
              30.3727013
            ],
            [
              78.4337668,
              30.3727811
            ]
          ]
        ]
      }
    },
    {
      "type": "Feature",
      "id": 509664286,
      "properties": {
        "building": "yes"
      },
      "geometry": {
        "type": "Polygon",
        "coordinates": [
          [
            [
              78.4338561,
              30.3740553
            ],
            [
              78.4336424,
              30.3737883
            ],
            [
              78.4337859,
              30.3736948
            ],
            [
              78.4338465,
              30.3737636
            ],
            [
              78.4337859,
              30.3738048
            ],
            [
              78.433939,
              30.3739975
            ],
            [
              78.4338561,
              30.3740553
            ]
          ]
        ]
      }
    },
    {
      "type": "Feature",
      "id": 509664287,
      "properties": {
        "building": "yes"
      },
      "geometry": {
        "type": "Polygon",
        "coordinates": [
          [
            [
              78.4329534,
              30.3750652
            ],
            [
              78.4329024,
              30.374812
            ],
            [
              78.4330204,
              30.37479
            ],
            [
              78.4330682,
              30.3750432
            ],
            [
              78.4329534,
              30.3750652
            ]
          ]
        ]
      }
    },
    {
      "type": "Feature",
      "id": 509664288,
      "properties": {
        "building": "yes"
      },
      "geometry": {
        "type": "Polygon",
        "coordinates": [
          [
            [
              78.4330044,
              30.3753789
            ],
            [
              78.4329534,
              30.3751037
            ],
            [
              78.4330842,
              30.37509
            ],
            [
              78.4331416,
              30.3753734
            ],
            [
              78.4330044,
              30.3753789
            ]
          ]
        ]
      }
    },
    {
      "type": "Feature",
      "id": 509664289,
      "properties": {
        "building": "yes"
      },
      "geometry": {
        "type": "Polygon",
        "coordinates": [
          [
            [
              78.4324526,
              30.3751918
            ],
            [
              78.4324271,
              30.3750514
            ],
            [
              78.4325387,
              30.3750239
            ],
            [
              78.4325706,
              30.3751725
            ],
            [
              78.4324526,
              30.3751918
            ]
          ]
        ]
      }
    },
    {
      "type": "Feature",
      "id": 509664290,
      "properties": {
        "building": "yes"
      },
      "geometry": {
        "type": "Polygon",
        "coordinates": [
          [
            [
              78.4324239,
              30.3750184
            ],
            [
              78.4323952,
              30.3748478
            ],
            [
              78.4324941,
              30.3748368
            ],
            [
              78.4325355,
              30.3750019
            ],
            [
              78.4324239,
              30.3750184
            ]
          ]
        ]
      }
    },
    {
      "type": "Feature",
      "id": 509664291,
      "properties": {
        "building": "yes"
      },
      "geometry": {
        "type": "Polygon",
        "coordinates": [
          [
            [
              78.432392,
              30.374812
            ],
            [
              78.4323569,
              30.3746579
            ],
            [
              78.432459,
              30.3746442
            ],
            [
              78.4324909,
              30.3747983
            ],
            [
              78.432392,
              30.374812
            ]
          ]
        ]
      }
    },
    {
      "type": "Feature",
      "id": 509664292,
      "properties": {
        "building": "yes"
      },
      "geometry": {
        "type": "Polygon",
        "coordinates": [
          [
            [
              78.4323378,
              30.3746221
            ],
            [
              78.4323059,
              30.3744653
            ],
            [
              78.432408,
              30.374457
            ],
            [
              78.4324558,
              30.3746056
            ],
            [
              78.4323378,
              30.3746221
            ]
          ]
        ]
      }
    },
    {
      "type": "Feature",
      "id": 509664293,
      "properties": {
        "building": "yes"
      },
      "geometry": {
        "type": "Polygon",
        "coordinates": [
          [
            [
              78.4322899,
              30.374424
            ],
            [
              78.4322453,
              30.3742616
            ],
            [
              78.4323569,
              30.3742479
            ],
            [
              78.432408,
              30.3744102
            ],
            [
              78.4322899,
              30.374424
            ]
          ]
        ]
      }
    },
    {
      "type": "Feature",
      "id": 509664294,
      "properties": {
        "building": "yes"
      },
      "geometry": {
        "type": "Polygon",
        "coordinates": [
          [
            [
              78.431886,
              30.3741281
            ],
            [
              78.431888,
              30.3739865
            ],
            [
              78.4319678,
              30.3739892
            ],
            [
              78.4319646,
              30.3741296
            ],
            [
              78.431886,
              30.3741281
            ]
          ]
        ]
      }
    },
    {
      "type": "Feature",
      "id": 509664295,
      "properties": {
        "building": "yes"
      },
      "geometry": {
        "type": "Polygon",
        "coordinates": [
          [
            [
              78.4319912,
              30.3741347
            ],
            [
              78.4319872,
              30.3739762
            ],
            [
              78.4320905,
              30.3739773
            ],
            [
              78.4320838,
              30.3741393
            ],
            [
              78.4319912,
              30.3741347
            ]
          ]
        ]
      }
    },
    {
      "type": "Feature",
      "id": 509664296,
      "properties": {
        "building": "yes"
      },
      "geometry": {
        "type": "Polygon",
        "coordinates": [
          [
            [
              78.4321213,
              30.3741462
            ],
            [
              78.432124,
              30.3739796
            ],
            [
              78.4322219,
              30.3739854
            ],
            [
              78.4322165,
              30.3741439
            ],
            [
              78.4321213,
              30.3741462
            ]
          ]
        ]
      }
    },
    {
      "type": "Feature",
      "id": 509664297,
      "properties": {
        "building": "yes"
      },
      "geometry": {
        "type": "Polygon",
        "coordinates": [
          [
            [
              78.4322702,
              30.3741937
            ],
            [
              78.432238,
              30.3740317
            ],
            [
              78.4323211,
              30.3740259
            ],
            [
              78.4323614,
              30.3741833
            ],
            [
              78.4322702,
              30.3741937
            ]
          ]
        ]
      }
    },
    {
      "type": "Feature",
      "id": 509664298,
      "properties": {
        "building": "yes"
      },
      "geometry": {
        "type": "Polygon",
        "coordinates": [
          [
            [
              78.4322326,
              30.3739634
            ],
            [
              78.4322393,
              30.3738095
            ],
            [
              78.4323359,
              30.3738142
            ],
            [
              78.4323252,
              30.3739692
            ],
            [
              78.4322326,
              30.3739634
            ]
          ]
        ]
      }
    },
    {
      "type": "Feature",
      "id": 509664299,
      "properties": {
        "building": "yes"
      },
      "geometry": {
        "type": "Polygon",
        "coordinates": [
          [
            [
              78.4321307,
              30.3739576
            ],
            [
              78.432132,
              30.3738003
            ],
            [
              78.4322246,
              30.3738049
            ],
            [
              78.4322165,
              30.3739646
            ],
            [
              78.4321307,
              30.3739576
            ]
          ]
        ]
      }
    },
    {
      "type": "Feature",
      "id": 509664300,
      "properties": {
        "building": "yes"
      },
      "geometry": {
        "type": "Polygon",
        "coordinates": [
          [
            [
              78.4319886,
              30.37396
            ],
            [
              78.4319953,
              30.3737945
            ],
            [
              78.4320945,
              30.3738003
            ],
            [
              78.4320905,
              30.3739623
            ],
            [
              78.4319886,
              30.37396
            ]
          ]
        ]
      }
    },
    {
      "type": "Feature",
      "id": 509664301,
      "properties": {
        "building": "yes"
      },
      "geometry": {
        "type": "Polygon",
        "coordinates": [
          [
            [
              78.4318799,
              30.3739542
            ],
            [
              78.4318866,
              30.3737968
            ],
            [
              78.4319778,
              30.3738003
            ],
            [
              78.4319684,
              30.3739576
            ],
            [
              78.4318799,
              30.3739542
            ]
          ]
        ]
      }
    },
    {
      "type": "Feature",
      "id": 509664302,
      "properties": {
        "building": "yes"
      },
      "geometry": {
        "type": "Polygon",
        "coordinates": [
          [
            [
              78.4318826,
              30.3737783
            ],
            [
              78.431896,
              30.3736186
            ],
            [
              78.4319396,
              30.3736175
            ],
            [
              78.4319832,
              30.3736163
            ],
            [
              78.4319765,
              30.3737795
            ],
            [
              78.4318826,
              30.3737783
            ]
          ]
        ]
      }
    },
    {
      "type": "Feature",
      "id": 509664303,
      "properties": {
        "building": "yes"
      },
      "geometry": {
        "type": "Polygon",
        "coordinates": [
          [
            [
              78.4319926,
              30.373776
            ],
            [
              78.4319993,
              30.3736267
            ],
            [
              78.4320865,
              30.3736221
            ],
            [
              78.4320824,
              30.3737795
            ],
            [
              78.4319926,
              30.373776
            ]
          ]
        ]
      }
    },
    {
      "type": "Feature",
      "id": 509664304,
      "properties": {
        "building": "yes"
      },
      "geometry": {
        "type": "Polygon",
        "coordinates": [
          [
            [
              78.4316358,
              30.3737714
            ],
            [
              78.4316345,
              30.373614
            ],
            [
              78.4317244,
              30.3736117
            ],
            [
              78.431723,
              30.3737714
            ],
            [
              78.4316358,
              30.3737714
            ]
          ]
        ]
      }
    },
    {
      "type": "Feature",
      "id": 509664305,
      "properties": {
        "building": "yes"
      },
      "geometry": {
        "type": "Polygon",
        "coordinates": [
          [
            [
              78.4317404,
              30.3737714
            ],
            [
              78.4317431,
              30.3736163
            ],
            [
              78.4318424,
              30.3736128
            ],
            [
              78.4318424,
              30.3737725
            ],
            [
              78.4317404,
              30.3737714
            ]
          ]
        ]
      }
    },
    {
      "type": "Feature",
      "id": 509664306,
      "properties": {
        "building": "yes"
      },
      "geometry": {
        "type": "Polygon",
        "coordinates": [
          [
            [
              78.4317284,
              30.3739507
            ],
            [
              78.4317351,
              30.373798
            ],
            [
              78.4318316,
              30.3737968
            ],
            [
              78.4318303,
              30.3739542
            ],
            [
              78.4317284,
              30.3739507
            ]
          ]
        ]
      }
    },
    {
      "type": "Feature",
      "id": 509664307,
      "properties": {
        "building": "yes"
      },
      "geometry": {
        "type": "Polygon",
        "coordinates": [
          [
            [
              78.4316265,
              30.373953
            ],
            [
              78.4316291,
              30.3737922
            ],
            [
              78.4317203,
              30.3737968
            ],
            [
              78.4317123,
              30.3739519
            ],
            [
              78.4316265,
              30.373953
            ]
          ]
        ]
      }
    },
    {
      "type": "Feature",
      "id": 509664308,
      "properties": {
        "building": "yes"
      },
      "geometry": {
        "type": "Polygon",
        "coordinates": [
          [
            [
              78.4315661,
              30.3734995
            ],
            [
              78.4314561,
              30.373496
            ],
            [
              78.4314521,
              30.3736765
            ],
            [
              78.4315648,
              30.3736753
            ],
            [
              78.4315661,
              30.3734995
            ]
          ]
        ]
      }
    },
    {
      "type": "Feature",
      "id": 509664309,
      "properties": {
        "building": "yes"
      },
      "geometry": {
        "type": "Polygon",
        "coordinates": [
          [
            [
              78.43131,
              30.3736672
            ],
            [
              78.4313193,
              30.3734995
            ],
            [
              78.4314266,
              30.3735018
            ],
            [
              78.4314226,
              30.3736707
            ],
            [
              78.43131,
              30.3736672
            ]
          ]
        ]
      }
    },
    {
      "type": "Feature",
      "id": 509664310,
      "properties": {
        "building": "yes"
      },
      "geometry": {
        "type": "Polygon",
        "coordinates": [
          [
            [
              78.43131,
              30.3738581
            ],
            [
              78.4313207,
              30.3736927
            ],
            [
              78.4314266,
              30.3736927
            ],
            [
              78.4314213,
              30.3738604
            ],
            [
              78.43131,
              30.3738581
            ]
          ]
        ]
      }
    },
    {
      "type": "Feature",
      "id": 509664311,
      "properties": {
        "building": "yes"
      },
      "geometry": {
        "type": "Polygon",
        "coordinates": [
          [
            [
              78.4313073,
              30.3740444
            ],
            [
              78.431314,
              30.3738801
            ],
            [
              78.4314159,
              30.3738813
            ],
            [
              78.4314105,
              30.3740479
            ],
            [
              78.4313073,
              30.3740444
            ]
          ]
        ]
      }
    },
    {
      "type": "Feature",
      "id": 509664312,
      "properties": {
        "building": "yes"
      },
      "geometry": {
        "type": "Polygon",
        "coordinates": [
          [
            [
              78.4314508,
              30.3740456
            ],
            [
              78.4314561,
              30.3738813
            ],
            [
              78.4315634,
              30.373879
            ],
            [
              78.4315514,
              30.3740456
            ],
            [
              78.4314508,
              30.3740456
            ]
          ]
        ]
      }
    },
    {
      "type": "Feature",
      "id": 509664313,
      "properties": {
        "building": "yes"
      },
      "geometry": {
        "type": "Polygon",
        "coordinates": [
          [
            [
              78.4314534,
              30.3738593
            ],
            [
              78.4314615,
              30.3736962
            ],
            [
              78.4315607,
              30.3736985
            ],
            [
              78.4315581,
              30.3738616
            ],
            [
              78.4314534,
              30.3738593
            ]
          ]
        ]
      }
    },
    {
      "type": "Feature",
      "id": 509664314,
      "properties": {
        "building": "yes"
      },
      "geometry": {
        "type": "Polygon",
        "coordinates": [
          [
            [
              78.4311477,
              30.3737112
            ],
            [
              78.4311571,
              30.3735492
            ],
            [
              78.4312644,
              30.3735504
            ],
            [
              78.4312563,
              30.3737204
            ],
            [
              78.4311477,
              30.3737112
            ]
          ]
        ]
      }
    },
    {
      "type": "Feature",
      "id": 509664315,
      "properties": {
        "building": "yes"
      },
      "geometry": {
        "type": "Polygon",
        "coordinates": [
          [
            [
              78.4316206,
              30.3741232
            ],
            [
              78.4316263,
              30.3739743
            ],
            [
              78.4317116,
              30.3739743
            ],
            [
              78.4317078,
              30.3741265
            ],
            [
              78.4316206,
              30.3741232
            ]
          ]
        ]
      }
    },
    {
      "type": "Feature",
      "id": 509664316,
      "properties": {
        "building": "yes"
      },
      "geometry": {
        "type": "Polygon",
        "coordinates": [
          [
            [
              78.4317325,
              30.3741265
            ],
            [
              78.4317363,
              30.3739776
            ],
            [
              78.4318121,
              30.3739743
            ],
            [
              78.4318121,
              30.3741298
            ],
            [
              78.4317325,
              30.3741265
            ]
          ]
        ]
      }
    },
    {
      "type": "Feature",
      "id": 509664317,
      "properties": {
        "building": "yes"
      },
      "geometry": {
        "type": "Polygon",
        "coordinates": [
          [
            [
              78.4305896,
              30.3740685
            ],
            [
              78.4306244,
              30.3738394
            ],
            [
              78.430788,
              30.3738648
            ],
            [
              78.4307451,
              30.374087
            ],
            [
              78.4305896,
              30.3740685
            ]
          ]
        ]
      }
    },
    {
      "type": "Feature",
      "id": 509664318,
      "properties": {
        "building": "yes"
      },
      "geometry": {
        "type": "Polygon",
        "coordinates": [
          [
            [
              78.4306244,
              30.3741634
            ],
            [
              78.4307156,
              30.3743115
            ],
            [
              78.4308149,
              30.3742698
            ],
            [
              78.4307156,
              30.3741124
            ],
            [
              78.4306244,
              30.3741634
            ]
          ]
        ]
      }
    },
    {
      "type": "Feature",
      "id": 509664319,
      "properties": {
        "building": "yes"
      },
      "geometry": {
        "type": "Polygon",
        "coordinates": [
          [
            [
              78.4307451,
              30.374087
            ],
            [
              78.430839,
              30.3742374
            ],
            [
              78.4309329,
              30.3741957
            ],
            [
              78.4308417,
              30.37405
            ],
            [
              78.4307451,
              30.374087
            ]
          ]
        ]
      }
    },
    {
      "type": "Feature",
      "id": 509664320,
      "properties": {
        "building": "yes"
      },
      "geometry": {
        "type": "Polygon",
        "coordinates": [
          [
            [
              78.4308658,
              30.3740245
            ],
            [
              78.4309678,
              30.3741749
            ],
            [
              78.4310831,
              30.3741078
            ],
            [
              78.4309758,
              30.3739597
            ],
            [
              78.4308658,
              30.3740245
            ]
          ]
        ]
      }
    },
    {
      "type": "Feature",
      "id": 509664321,
      "properties": {
        "building": "yes"
      },
      "geometry": {
        "type": "Polygon",
        "coordinates": [
          [
            [
              78.4307988,
              30.3739597
            ],
            [
              78.430839,
              30.3737885
            ],
            [
              78.430949,
              30.3738093
            ],
            [
              78.4309087,
              30.373969
            ],
            [
              78.4307988,
              30.3739597
            ]
          ]
        ]
      }
    },
    {
      "type": "Feature",
      "id": 509664322,
      "properties": {
        "building": "yes"
      },
      "geometry": {
        "type": "Polygon",
        "coordinates": [
          [
            [
              78.4322123,
              30.3750566
            ],
            [
              78.4321721,
              30.374883
            ],
            [
              78.4322794,
              30.3748645
            ],
            [
              78.4323089,
              30.3750357
            ],
            [
              78.4322123,
              30.3750566
            ]
          ]
        ]
      }
    },
    {
      "type": "Feature",
      "id": 509664323,
      "properties": {
        "building": "yes"
      },
      "geometry": {
        "type": "Polygon",
        "coordinates": [
          [
            [
              78.4321533,
              30.3748506
            ],
            [
              78.4321318,
              30.374691
            ],
            [
              78.4322338,
              30.3746771
            ],
            [
              78.4322659,
              30.3748367
            ],
            [
              78.4321533,
              30.3748506
            ]
          ]
        ]
      }
    },
    {
      "type": "Feature",
      "id": 509664324,
      "properties": {
        "building": "yes"
      },
      "geometry": {
        "type": "Polygon",
        "coordinates": [
          [
            [
              78.432038,
              30.3748853
            ],
            [
              78.4320031,
              30.3747401
            ],
            [
              78.432097,
              30.3747257
            ],
            [
              78.4321292,
              30.3748761
            ],
            [
              78.432038,
              30.3748853
            ]
          ]
        ]
      }
    },
    {
      "type": "Feature",
      "id": 509664325,
      "properties": {
        "building": "yes"
      },
      "geometry": {
        "type": "Polygon",
        "coordinates": [
          [
            [
              78.4319991,
              30.3747154
            ],
            [
              78.431965,
              30.3745583
            ],
            [
              78.4320541,
              30.3745419
            ],
            [
              78.4320882,
              30.3747007
            ],
            [
              78.4319991,
              30.3747154
            ]
          ]
        ]
      }
    },
    {
      "type": "Feature",
      "id": 509664326,
      "properties": {
        "building": "yes"
      },
      "geometry": {
        "type": "Polygon",
        "coordinates": [
          [
            [
              78.4319574,
              30.374537
            ],
            [
              78.4319138,
              30.3743799
            ],
            [
              78.43202,
              30.3743603
            ],
            [
              78.4320541,
              30.3745223
            ],
            [
              78.4319574,
              30.374537
            ]
          ]
        ]
      }
    },
    {
      "type": "Feature",
      "id": 509664327,
      "properties": {
        "building": "yes"
      },
      "geometry": {
        "type": "Polygon",
        "coordinates": [
          [
            [
              78.4321205,
              30.3746679
            ],
            [
              78.4320826,
              30.3744994
            ],
            [
              78.4321793,
              30.3744847
            ],
            [
              78.4322172,
              30.3746467
            ],
            [
              78.4321205,
              30.3746679
            ]
          ]
        ]
      }
    },
    {
      "type": "Feature",
      "id": 509664328,
      "properties": {
        "building": "yes"
      },
      "geometry": {
        "type": "Polygon",
        "coordinates": [
          [
            [
              78.4325169,
              30.374667
            ],
            [
              78.4324606,
              30.3743962
            ],
            [
              78.4325732,
              30.3743823
            ],
            [
              78.4326242,
              30.3746485
            ],
            [
              78.4325169,
              30.374667
            ]
          ]
        ]
      }
    },
    {
      "type": "Feature",
      "id": 509664329,
      "properties": {
        "building": "yes"
      },
      "geometry": {
        "type": "Polygon",
        "coordinates": [
          [
            [
              78.4325786,
              30.3749585
            ],
            [
              78.4325249,
              30.3747156
            ],
            [
              78.4326456,
              30.3746994
            ],
            [
              78.4326939,
              30.37494
            ],
            [
              78.4325786,
              30.3749585
            ]
          ]
        ]
      }
    },
    {
      "type": "Feature",
      "id": 509664330,
      "properties": {
        "building": "yes"
      },
      "geometry": {
        "type": "Polygon",
        "coordinates": [
          [
            [
              78.432651,
              30.3752802
            ],
            [
              78.4326054,
              30.3750164
            ],
            [
              78.4327181,
              30.3750025
            ],
            [
              78.4327663,
              30.3752709
            ],
            [
              78.432651,
              30.3752802
            ]
          ]
        ]
      }
    },
    {
      "type": "Feature",
      "id": 509664331,
      "properties": {
        "building": "yes"
      },
      "geometry": {
        "type": "Polygon",
        "coordinates": [
          [
            [
              78.4331074,
              30.372297
            ],
            [
              78.4332535,
              30.3724148
            ],
            [
              78.4333236,
              30.3723559
            ],
            [
              78.433189,
              30.372238
            ],
            [
              78.4331074,
              30.372297
            ]
          ]
        ]
      }
    },
    {
      "type": "Feature",
      "id": 509664332,
      "properties": {
        "building": "yes"
      },
      "geometry": {
        "type": "Polygon",
        "coordinates": [
          [
            [
              78.4332098,
              30.3722282
            ],
            [
              78.4333445,
              30.3723346
            ],
            [
              78.4334052,
              30.3722871
            ],
            [
              78.43328,
              30.372171
            ],
            [
              78.4332098,
              30.3722282
            ]
          ]
        ]
      }
    },
    {
      "type": "Feature",
      "id": 509664333,
      "properties": {
        "building": "yes"
      },
      "geometry": {
        "type": "Polygon",
        "coordinates": [
          [
            [
              78.4333293,
              30.3721022
            ],
            [
              78.4334791,
              30.3722446
            ],
            [
              78.4335474,
              30.3721824
            ],
            [
              78.4334052,
              30.3720515
            ],
            [
              78.4333293,
              30.3721022
            ]
          ]
        ]
      }
    },
    {
      "type": "Feature",
      "id": 509664334,
      "properties": {
        "building": "yes"
      },
      "geometry": {
        "type": "Polygon",
        "coordinates": [
          [
            [
              78.4334355,
              30.3720384
            ],
            [
              78.4335759,
              30.3721595
            ],
            [
              78.4336517,
              30.3721039
            ],
            [
              78.4335076,
              30.3719811
            ],
            [
              78.4334355,
              30.3720384
            ]
          ]
        ]
      }
    },
    {
      "type": "Feature",
      "id": 509664335,
      "properties": {
        "building": "yes"
      },
      "geometry": {
        "type": "Polygon",
        "coordinates": [
          [
            [
              78.433555,
              30.3723133
            ],
            [
              78.4336802,
              30.3724344
            ],
            [
              78.4337561,
              30.3723739
            ],
            [
              78.4336309,
              30.3722511
            ],
            [
              78.433555,
              30.3723133
            ]
          ]
        ]
      }
    },
    {
      "type": "Feature",
      "id": 509664336,
      "properties": {
        "building": "yes"
      },
      "geometry": {
        "type": "Polygon",
        "coordinates": [
          [
            [
              78.4336479,
              30.3722348
            ],
            [
              78.4337902,
              30.3723591
            ],
            [
              78.433868,
              30.372297
            ],
            [
              78.43372,
              30.3721726
            ],
            [
              78.4336479,
              30.3722348
            ]
          ]
        ]
      }
    },
    {
      "type": "Feature",
      "id": 509664337,
      "properties": {
        "building": "yes"
      },
      "geometry": {
        "type": "Polygon",
        "coordinates": [
          [
            [
              78.4337561,
              30.3721333
            ],
            [
              78.4339002,
              30.3722544
            ],
            [
              78.4339571,
              30.3721939
            ],
            [
              78.43383,
              30.3720711
            ],
            [
              78.4337561,
              30.3721333
            ]
          ]
        ]
      }
    },
    {
      "type": "Feature",
      "id": 509664338,
      "properties": {
        "building": "yes"
      },
      "geometry": {
        "type": "Polygon",
        "coordinates": [
          [
            [
              78.4338566,
              30.3720499
            ],
            [
              78.433995,
              30.3721775
            ],
            [
              78.4340595,
              30.3721235
            ],
            [
              78.4339192,
              30.3720024
            ],
            [
              78.4338566,
              30.3720499
            ]
          ]
        ]
      }
    },
    {
      "type": "Feature",
      "id": 509664339,
      "properties": {
        "building": "yes"
      },
      "geometry": {
        "type": "Polygon",
        "coordinates": [
          [
            [
              78.4337409,
              30.3724819
            ],
            [
              78.4338793,
              30.3725997
            ],
            [
              78.433959,
              30.3725457
            ],
            [
              78.4338186,
              30.3724279
            ],
            [
              78.4337409,
              30.3724819
            ]
          ]
        ]
      }
    },
    {
      "type": "Feature",
      "id": 509664340,
      "properties": {
        "building": "yes"
      },
      "geometry": {
        "type": "Polygon",
        "coordinates": [
          [
            [
              78.4338433,
              30.3724082
            ],
            [
              78.4339799,
              30.3725293
            ],
            [
              78.4340292,
              30.3724868
            ],
            [
              78.433904,
              30.3723624
            ],
            [
              78.4338433,
              30.3724082
            ]
          ]
        ]
      }
    },
    {
      "type": "Feature",
      "id": 509664341,
      "properties": {
        "building": "yes"
      },
      "geometry": {
        "type": "Polygon",
        "coordinates": [
          [
            [
              78.4353364,
              30.3724956
            ],
            [
              78.4354783,
              30.3726194
            ],
            [
              78.4355692,
              30.3725492
            ],
            [
              78.4354177,
              30.3724199
            ],
            [
              78.4353364,
              30.3724956
            ]
          ]
        ]
      }
    },
    {
      "type": "Feature",
      "id": 509664342,
      "properties": {
        "building": "yes"
      },
      "geometry": {
        "type": "Polygon",
        "coordinates": [
          [
            [
              78.435507,
              30.3724199
            ],
            [
              78.435641,
              30.3725272
            ],
            [
              78.4357351,
              30.3724667
            ],
            [
              78.4355916,
              30.3723414
            ],
            [
              78.435507,
              30.3724199
            ]
          ]
        ]
      }
    },
    {
      "type": "Feature",
      "id": 509664343,
      "properties": {
        "building": "yes"
      },
      "geometry": {
        "type": "Polygon",
        "coordinates": [
          [
            [
              78.435649,
              30.3723098
            ],
            [
              78.4357941,
              30.3724391
            ],
            [
              78.4358978,
              30.3723648
            ],
            [
              78.4357431,
              30.3722341
            ],
            [
              78.435649,
              30.3723098
            ]
          ]
        ]
      }
    },
    {
      "type": "Feature",
      "id": 509664344,
      "properties": {
        "building": "yes"
      },
      "geometry": {
        "type": "Polygon",
        "coordinates": [
          [
            [
              78.4357542,
              30.3721956
            ],
            [
              78.4359089,
              30.3723222
            ],
            [
              78.4359855,
              30.3722575
            ],
            [
              78.4358451,
              30.3721254
            ],
            [
              78.4357542,
              30.3721956
            ]
          ]
        ]
      }
    },
    {
      "type": "Feature",
      "id": 509664345,
      "properties": {
        "building": "yes"
      },
      "geometry": {
        "type": "Polygon",
        "coordinates": [
          [
            [
              78.435986,
              30.3739722
            ],
            [
              78.4360638,
              30.3738195
            ],
            [
              78.4361711,
              30.3738496
            ],
            [
              78.4360987,
              30.3739954
            ],
            [
              78.435986,
              30.3739722
            ]
          ]
        ]
      }
    },
    {
      "type": "Feature",
      "id": 509664346,
      "properties": {
        "building": "yes"
      },
      "geometry": {
        "type": "Polygon",
        "coordinates": [
          [
            [
              78.4362811,
              30.373794
            ],
            [
              78.4362542,
              30.3736228
            ],
            [
              78.4363937,
              30.3736251
            ],
            [
              78.4364152,
              30.3737825
            ],
            [
              78.4362811,
              30.373794
            ]
          ]
        ]
      }
    },
    {
      "type": "Feature",
      "id": 509664347,
      "properties": {
        "building": "yes"
      },
      "geometry": {
        "type": "Polygon",
        "coordinates": [
          [
            [
              78.4361952,
              30.3734816
            ],
            [
              78.4361872,
              30.3733243
            ],
            [
              78.4362945,
              30.3733243
            ],
            [
              78.4363132,
              30.373477
            ],
            [
              78.4361952,
              30.3734816
            ]
          ]
        ]
      }
    },
    {
      "type": "Feature",
      "id": 509664348,
      "properties": {
        "building": "yes"
      },
      "geometry": {
        "type": "Polygon",
        "coordinates": [
          [
            [
              78.4365654,
              30.3735973
            ],
            [
              78.436552,
              30.3734284
            ],
            [
              78.4366673,
              30.373433
            ],
            [
              78.436678,
              30.3735858
            ],
            [
              78.4365654,
              30.3735973
            ]
          ]
        ]
      }
    },
    {
      "type": "Feature",
      "id": 509664349,
      "properties": {
        "building": "yes"
      },
      "geometry": {
        "type": "Polygon",
        "coordinates": [
          [
            [
              78.4368309,
              30.3736482
            ],
            [
              78.4368685,
              30.3734955
            ],
            [
              78.4369677,
              30.373514
            ],
            [
              78.4369328,
              30.3736668
            ],
            [
              78.4368309,
              30.3736482
            ]
          ]
        ]
      }
    },
    {
      "type": "Feature",
      "id": 509664350,
      "properties": {
        "building": "yes"
      },
      "geometry": {
        "type": "Polygon",
        "coordinates": [
          [
            [
              78.4369892,
              30.3735719
            ],
            [
              78.4370213,
              30.3734215
            ],
            [
              78.4371179,
              30.3734377
            ],
            [
              78.4370884,
              30.3735811
            ],
            [
              78.4369892,
              30.3735719
            ]
          ]
        ]
      }
    },
    {
      "type": "Feature",
      "id": 509664351,
      "properties": {
        "building": "yes"
      },
      "geometry": {
        "type": "Polygon",
        "coordinates": [
          [
            [
              78.4369275,
              30.3733358
            ],
            [
              78.4369248,
              30.3731762
            ],
            [
              78.4370374,
              30.3731669
            ],
            [
              78.4370374,
              30.3733243
            ],
            [
              78.4369275,
              30.3733358
            ]
          ]
        ]
      }
    },
    {
      "type": "Feature",
      "id": 509664352,
      "properties": {
        "building": "yes"
      },
      "geometry": {
        "type": "Polygon",
        "coordinates": [
          [
            [
              78.4370884,
              30.3733914
            ],
            [
              78.4370804,
              30.3732433
            ],
            [
              78.4371957,
              30.3732271
            ],
            [
              78.4372037,
              30.3733798
            ],
            [
              78.4370884,
              30.3733914
            ]
          ]
        ]
      }
    },
    {
      "type": "Feature",
      "id": 509664353,
      "properties": {
        "building": "yes"
      },
      "geometry": {
        "type": "Polygon",
        "coordinates": [
          [
            [
              78.4366083,
              30.3733405
            ],
            [
              78.4365922,
              30.3731854
            ],
            [
              78.4367129,
              30.3731877
            ],
            [
              78.4367236,
              30.3733358
            ],
            [
              78.4366083,
              30.3733405
            ]
          ]
        ]
      }
    },
    {
      "type": "Feature",
      "id": 509664354,
      "properties": {
        "building": "yes"
      },
      "geometry": {
        "type": "Polygon",
        "coordinates": [
          [
            [
              78.4364554,
              30.3733081
            ],
            [
              78.4364205,
              30.3731438
            ],
            [
              78.4365359,
              30.3731253
            ],
            [
              78.4365627,
              30.3732849
            ],
            [
              78.4364554,
              30.3733081
            ]
          ]
        ]
      }
    },
    {
      "type": "Feature",
      "id": 509664355,
      "properties": {
        "building": "yes"
      },
      "geometry": {
        "type": "Polygon",
        "coordinates": [
          [
            [
              78.4389478,
              30.3737473
            ],
            [
              78.438874,
              30.3736062
            ],
            [
              78.4389424,
              30.3735819
            ],
            [
              78.4390162,
              30.3737219
            ],
            [
              78.4389478,
              30.3737473
            ]
          ]
        ]
      }
    },
    {
      "type": "Feature",
      "id": 509664356,
      "properties": {
        "amenity": "place_of_worship",
        "building": "yes",
        "name": "Durga Mandir",
        "religion": "hindu"
      },
      "geometry": {
        "type": "Polygon",
        "coordinates": [
          [
            [
              78.4374961,
              30.3778651
            ],
            [
              78.4374196,
              30.3775404
            ],
            [
              78.4379427,
              30.3774001
            ],
            [
              78.4379778,
              30.3775156
            ],
            [
              78.4382457,
              30.3774634
            ],
            [
              78.4382967,
              30.3775432
            ],
            [
              78.438402,
              30.3775349
            ],
            [
              78.4384243,
              30.3776395
            ],
            [
              78.4383382,
              30.3776615
            ],
            [
              78.4383318,
              30.3776973
            ],
            [
              78.4377098,
              30.3778293
            ],
            [
              78.4374961,
              30.3778651
            ]
          ]
        ]
      }
    },
    {
      "type": "Feature",
      "id": 509664357,
      "properties": {
        "building": "yes"
      },
      "geometry": {
        "type": "Polygon",
        "coordinates": [
          [
            [
              78.4378488,
              30.376856
            ],
            [
              78.43793,
              30.3768852
            ],
            [
              78.4379052,
              30.3769708
            ],
            [
              78.4380067,
              30.3769844
            ],
            [
              78.4380541,
              30.3767996
            ],
            [
              78.4378804,
              30.376747
            ],
            [
              78.4378488,
              30.376856
            ]
          ]
        ]
      }
    },
    {
      "type": "Feature",
      "id": 509664358,
      "properties": {
        "building": "yes"
      },
      "geometry": {
        "type": "Polygon",
        "coordinates": [
          [
            [
              78.4375443,
              30.3767937
            ],
            [
              78.4376932,
              30.376821
            ],
            [
              78.437718,
              30.3767217
            ],
            [
              78.4375894,
              30.376675
            ],
            [
              78.4375443,
              30.3767937
            ]
          ]
        ]
      }
    },
    {
      "type": "Feature",
      "id": 509664359,
      "properties": {
        "building": "yes"
      },
      "geometry": {
        "type": "Polygon",
        "coordinates": [
          [
            [
              78.4377504,
              30.3802565
            ],
            [
              78.4378149,
              30.3803367
            ],
            [
              78.4378926,
              30.3802958
            ],
            [
              78.4378224,
              30.3802058
            ],
            [
              78.4377504,
              30.3802565
            ]
          ]
        ]
      }
    },
    {
      "type": "Feature",
      "id": 509664360,
      "properties": {
        "building": "yes"
      },
      "geometry": {
        "type": "Polygon",
        "coordinates": [
          [
            [
              78.4378149,
              30.3803367
            ],
            [
              78.4378547,
              30.3804365
            ],
            [
              78.4379514,
              30.3804021
            ],
            [
              78.4379135,
              30.3803138
            ],
            [
              78.4378149,
              30.3803367
            ]
          ]
        ]
      }
    },
    {
      "type": "Feature",
      "id": 509664361,
      "properties": {
        "building": "yes"
      },
      "geometry": {
        "type": "Polygon",
        "coordinates": [
          [
            [
              78.4379002,
              30.3805101
            ],
            [
              78.4378547,
              30.3804365
            ],
            [
              78.4379514,
              30.3804021
            ],
            [
              78.4379865,
              30.3804758
            ],
            [
              78.4379002,
              30.3805101
            ]
          ]
        ]
      }
    },
    {
      "type": "Feature",
      "id": 509664362,
      "properties": {
        "building": "yes"
      },
      "geometry": {
        "type": "Polygon",
        "coordinates": [
          [
            [
              78.4379002,
              30.3805347
            ],
            [
              78.4379704,
              30.3806099
            ],
            [
              78.4380557,
              30.3805641
            ],
            [
              78.437995,
              30.3804889
            ],
            [
              78.4379002,
              30.3805347
            ]
          ]
        ]
      }
    },
    {
      "type": "Feature",
      "id": 509664363,
      "properties": {
        "building": "yes"
      },
      "geometry": {
        "type": "Polygon",
        "coordinates": [
          [
            [
              78.4379704,
              30.3806099
            ],
            [
              78.4380341,
              30.3806916
            ],
            [
              78.4381099,
              30.3806393
            ],
            [
              78.4380557,
              30.3805641
            ],
            [
              78.4379704,
              30.3806099
            ]
          ]
        ]
      }
    },
    {
      "type": "Feature",
      "id": 509664364,
      "properties": {
        "building": "yes"
      },
      "geometry": {
        "type": "Polygon",
        "coordinates": [
          [
            [
              78.4376854,
              30.3800034
            ],
            [
              78.4377445,
              30.3800887
            ],
            [
              78.437829,
              30.3800377
            ],
            [
              78.4377684,
              30.3799524
            ],
            [
              78.4376854,
              30.3800034
            ]
          ]
        ]
      }
    },
    {
      "type": "Feature",
      "id": 509664365,
      "properties": {
        "building": "yes"
      },
      "geometry": {
        "type": "Polygon",
        "coordinates": [
          [
            [
              78.4377445,
              30.3800887
            ],
            [
              78.4378114,
              30.3801863
            ],
            [
              78.4378944,
              30.3801313
            ],
            [
              78.437829,
              30.3800377
            ],
            [
              78.4377445,
              30.3800887
            ]
          ]
        ]
      }
    },
    {
      "type": "Feature",
      "id": 509664366,
      "properties": {
        "building": "yes"
      },
      "geometry": {
        "type": "Polygon",
        "coordinates": [
          [
            [
              78.4386674,
              30.3812671
            ],
            [
              78.4388125,
              30.3815285
            ],
            [
              78.4389035,
              30.3814982
            ],
            [
              78.4387519,
              30.3812313
            ],
            [
              78.4386674,
              30.3812671
            ]
          ]
        ]
      }
    },
    {
      "type": "Feature",
      "id": 509664367,
      "properties": {
        "building": "yes"
      },
      "geometry": {
        "type": "Polygon",
        "coordinates": [
          [
            [
              78.4406492,
              30.3813345
            ],
            [
              78.4408658,
              30.3815427
            ],
            [
              78.4409447,
              30.3814727
            ],
            [
              78.4407304,
              30.3812723
            ],
            [
              78.4406492,
              30.3813345
            ]
          ]
        ]
      }
    },
    {
      "type": "Feature",
      "id": 509664368,
      "properties": {
        "building": "yes"
      },
      "geometry": {
        "type": "Polygon",
        "coordinates": [
          [
            [
              78.4424903,
              30.3781012
            ],
            [
              78.4425477,
              30.3781892
            ],
            [
              78.4426434,
              30.3781424
            ],
            [
              78.4425764,
              30.3780571
            ],
            [
              78.4424903,
              30.3781012
            ]
          ]
        ]
      }
    },
    {
      "type": "Feature",
      "id": 509664692,
      "properties": {
        "amenity": "place_of_worship",
        "building": "yes",
        "name": "Mazsid",
        "religion": "muslim"
      },
      "geometry": {
        "type": "Polygon",
        "coordinates": [
          [
            [
              78.4442978,
              30.3798938
            ],
            [
              78.4443488,
              30.3799296
            ],
            [
              78.4445625,
              30.3799736
            ],
            [
              78.4445816,
              30.3798553
            ],
            [
              78.444352,
              30.3798057
            ],
            [
              78.4442818,
              30.3798305
            ],
            [
              78.4442978,
              30.3798938
            ]
          ]
        ]
      }
    },
    {
      "type": "Feature",
      "id": 509664693,
      "properties": {
        "amenity": "place_of_worship",
        "building": "yes",
        "name": "Eid Gah",
        "religion": "muslim"
      },
      "geometry": {
        "type": "Polygon",
        "coordinates": [
          [
            [
              78.4438544,
              30.3813384
            ],
            [
              78.4438512,
              30.3814182
            ],
            [
              78.4444349,
              30.3818282
            ],
            [
              78.4446327,
              30.3817677
            ],
            [
              78.4445306,
              30.3815971
            ],
            [
              78.4445529,
              30.3813687
            ],
            [
              78.4445784,
              30.3813192
            ],
            [
              78.4443328,
              30.3812091
            ],
            [
              78.4441351,
              30.3811321
            ],
            [
              78.4439724,
              30.3811596
            ],
            [
              78.4438799,
              30.3812421
            ],
            [
              78.4438544,
              30.3813384
            ]
          ]
        ]
      }
    },
    {
      "type": "Feature",
      "id": 509727903,
      "properties": {
        "amenity": "bank",
        "building": "yes",
        "name": "State Bank of India"
      },
      "geometry": {
        "type": "Polygon",
        "coordinates": [
          [
            [
              78.429732,
              30.3745783
            ],
            [
              78.4296979,
              30.3744212
            ],
            [
              78.4300393,
              30.374395
            ],
            [
              78.430062,
              30.3745455
            ],
            [
              78.429732,
              30.3745783
            ]
          ]
        ]
      }
    },
    {
      "type": "Feature",
      "id": 509727912,
      "properties": {
        "amenity": "place_of_worship",
        "building": "yes",
        "name": "Satyeshwar Mandir",
        "religion": "hindu"
      },
      "geometry": {
        "type": "Polygon",
        "coordinates": [
          [
            [
              78.4448648,
              30.3831523
            ],
            [
              78.4450359,
              30.3831675
            ],
            [
              78.445204,
              30.3831853
            ],
            [
              78.4453868,
              30.3831745
            ],
            [
              78.4454141,
              30.3830841
            ],
            [
              78.4452902,
              30.3830335
            ],
            [
              78.4451664,
              30.3829602
            ],
            [
              78.444935,
              30.3828771
            ],
            [
              78.4447738,
              30.3829267
            ],
            [
              78.4446617,
              30.3829324
            ],
            [
              78.4445659,
              30.3828917
            ],
            [
              78.4446217,
              30.382945
            ],
            [
              78.4446891,
              30.3830024
            ],
            [
              78.4448648,
              30.3831523
            ]
          ]
        ]
      }
    },
    {
      "type": "Feature",
      "id": 509727920,
      "properties": {
        "building": "yes"
      },
      "geometry": {
        "type": "Polygon",
        "coordinates": [
          [
            [
              78.4403911,
              30.385719
            ],
            [
              78.4403911,
              30.3856334
            ],
            [
              78.4406701,
              30.3856427
            ],
            [
              78.4406594,
              30.3857283
            ],
            [
              78.4403911,
              30.385719
            ]
          ]
        ]
      }
    },
    {
      "type": "Feature",
      "id": 509727921,
      "properties": {
        "building": "yes"
      },
      "geometry": {
        "type": "Polygon",
        "coordinates": [
          [
            [
              78.440831,
              30.3858
            ],
            [
              78.4408257,
              30.385719
            ],
            [
              78.4409544,
              30.3857051
            ],
            [
              78.4409517,
              30.3858023
            ],
            [
              78.440831,
              30.3858
            ]
          ]
        ]
      }
    },
    {
      "type": "Feature",
      "id": 509727922,
      "properties": {
        "building": "yes"
      },
      "geometry": {
        "type": "Polygon",
        "coordinates": [
          [
            [
              78.4409732,
              30.3857815
            ],
            [
              78.4409759,
              30.3857283
            ],
            [
              78.4411797,
              30.385726
            ],
            [
              78.441177,
              30.3857931
            ],
            [
              78.4409732,
              30.3857815
            ]
          ]
        ]
      }
    },
    {
      "type": "Feature",
      "id": 509727923,
      "properties": {
        "building": "yes"
      },
      "geometry": {
        "type": "Polygon",
        "coordinates": [
          [
            [
              78.440426,
              30.3856033
            ],
            [
              78.440434,
              30.3855385
            ],
            [
              78.4406728,
              30.3855617
            ],
            [
              78.4406594,
              30.3856172
            ],
            [
              78.440426,
              30.3856033
            ]
          ]
        ]
      }
    },
    {
      "type": "Feature",
      "id": 509727925,
      "properties": {
        "building": "yes"
      },
      "geometry": {
        "type": "Polygon",
        "coordinates": [
          [
            [
              78.4409759,
              30.3856913
            ],
            [
              78.4409759,
              30.3856334
            ],
            [
              78.4412253,
              30.3856357
            ],
            [
              78.4412173,
              30.3857051
            ],
            [
              78.4409759,
              30.3856913
            ]
          ]
        ]
      }
    },
    {
      "type": "Feature",
      "id": 509727926,
      "properties": {
        "building": "yes"
      },
      "geometry": {
        "type": "Polygon",
        "coordinates": [
          [
            [
              78.4389763,
              30.3842158
            ],
            [
              78.4389119,
              30.3840701
            ],
            [
              78.4389763,
              30.38404
            ],
            [
              78.4390433,
              30.384195
            ],
            [
              78.4389763,
              30.3842158
            ]
          ]
        ]
      }
    },
    {
      "type": "Feature",
      "id": 509727928,
      "properties": {
        "building": "yes"
      },
      "geometry": {
        "type": "Polygon",
        "coordinates": [
          [
            [
              78.4400679,
              30.3838803
            ],
            [
              78.4401672,
              30.3839752
            ],
            [
              78.4402959,
              30.3838757
            ],
            [
              78.4401994,
              30.3837785
            ],
            [
              78.4400679,
              30.3838803
            ]
          ]
        ]
      }
    },
    {
      "type": "Feature",
      "id": 509727929,
      "properties": {
        "building": "yes"
      },
      "geometry": {
        "type": "Polygon",
        "coordinates": [
          [
            [
              78.4406392,
              30.3838664
            ],
            [
              78.4406178,
              30.3837415
            ],
            [
              78.4407465,
              30.3837369
            ],
            [
              78.4407653,
              30.3838595
            ],
            [
              78.4406392,
              30.3838664
            ]
          ]
        ]
      }
    },
    {
      "type": "Feature",
      "id": 509727930,
      "properties": {
        "building": "yes",
        "name": "Hotel Bhagirathi Darshan",
        "tourism": "hotel"
      },
      "geometry": {
        "type": "Polygon",
        "coordinates": [
          [
            [
              78.4421547,
              30.3838225
            ],
            [
              78.4420662,
              30.3837276
            ],
            [
              78.4422217,
              30.3836189
            ],
            [
              78.4423156,
              30.3837184
            ],
            [
              78.4421547,
              30.3838225
            ]
          ]
        ]
      }
    },
    {
      "type": "Feature",
      "id": 509727931,
      "properties": {
        "building": "yes"
      },
      "geometry": {
        "type": "Polygon",
        "coordinates": [
          [
            [
              78.442372,
              30.3834004
            ],
            [
              78.4423177,
              30.3832875
            ],
            [
              78.4425123,
              30.3832119
            ],
            [
              78.4425713,
              30.3833316
            ],
            [
              78.442372,
              30.3834004
            ]
          ]
        ]
      }
    },
    {
      "type": "Feature",
      "id": 509727932,
      "properties": {
        "building": "yes"
      },
      "geometry": {
        "type": "Polygon",
        "coordinates": [
          [
            [
              78.4428313,
              30.3831692
            ],
            [
              78.4427818,
              30.3830592
            ],
            [
              78.4428791,
              30.3830289
            ],
            [
              78.4429254,
              30.3831321
            ],
            [
              78.4428313,
              30.3831692
            ]
          ]
        ]
      }
    },
    {
      "type": "Feature",
      "id": 509727933,
      "properties": {
        "building": "yes"
      },
      "geometry": {
        "type": "Polygon",
        "coordinates": [
          [
            [
              78.4438791,
              30.3830578
            ],
            [
              78.4440529,
              30.3831678
            ],
            [
              78.4441087,
              30.3831128
            ],
            [
              78.4439493,
              30.3830014
            ],
            [
              78.4438791,
              30.3830578
            ]
          ]
        ]
      }
    },
    {
      "type": "Feature",
      "id": 509727934,
      "properties": {
        "building": "yes"
      },
      "geometry": {
        "type": "Polygon",
        "coordinates": [
          [
            [
              78.4438169,
              30.3831183
            ],
            [
              78.4439923,
              30.3832298
            ],
            [
              78.4440386,
              30.3831802
            ],
            [
              78.4438647,
              30.3830633
            ],
            [
              78.4438169,
              30.3831183
            ]
          ]
        ]
      }
    },
    {
      "type": "Feature",
      "id": 509727935,
      "properties": {
        "building": "retail",
        "name": "Krishna Canteen (General Store)"
      },
      "geometry": {
        "type": "Polygon",
        "coordinates": [
          [
            [
              78.4442953,
              30.3829752
            ],
            [
              78.4444405,
              30.383066
            ],
            [
              78.4445633,
              30.3829078
            ],
            [
              78.4444261,
              30.3828253
            ],
            [
              78.4442953,
              30.3829752
            ]
          ]
        ]
      }
    },
    {
      "type": "Feature",
      "id": 509727936,
      "properties": {
        "building": "yes"
      },
      "geometry": {
        "type": "Polygon",
        "coordinates": [
          [
            [
              78.4433658,
              30.3814516
            ],
            [
              78.4434567,
              30.3814929
            ],
            [
              78.4435875,
              30.3813553
            ],
            [
              78.443546,
              30.3813306
            ],
            [
              78.4433658,
              30.3814516
            ]
          ]
        ]
      }
    },
    {
      "type": "Feature",
      "id": 509727937,
      "properties": {
        "building": "yes"
      },
      "geometry": {
        "type": "Polygon",
        "coordinates": [
          [
            [
              78.4434567,
              30.3814929
            ],
            [
              78.4435923,
              30.3815576
            ],
            [
              78.4437087,
              30.3814117
            ],
            [
              78.4435875,
              30.3813553
            ],
            [
              78.4434567,
              30.3814929
            ]
          ]
        ]
      }
    },
    {
      "type": "Feature",
      "id": 509727938,
      "properties": {
        "building": "yes"
      },
      "geometry": {
        "type": "Polygon",
        "coordinates": [
          [
            [
              78.4435923,
              30.3815576
            ],
            [
              78.4436736,
              30.3816126
            ],
            [
              78.4437996,
              30.3814709
            ],
            [
              78.4437087,
              30.3814117
            ],
            [
              78.4435923,
              30.3815576
            ]
          ]
        ]
      }
    },
    {
      "type": "Feature",
      "id": 509727939,
      "properties": {
        "building": "yes"
      },
      "geometry": {
        "type": "Polygon",
        "coordinates": [
          [
            [
              78.4436736,
              30.3816126
            ],
            [
              78.4437565,
              30.3816759
            ],
            [
              78.4438525,
              30.3815622
            ],
            [
              78.4438889,
              30.3815191
            ],
            [
              78.4437996,
              30.3814709
            ],
            [
              78.4436736,
              30.3816126
            ]
          ]
        ]
      }
    },
    {
      "type": "Feature",
      "id": 509727940,
      "properties": {
        "building": "yes"
      },
      "geometry": {
        "type": "Polygon",
        "coordinates": [
          [
            [
              78.4437565,
              30.3816759
            ],
            [
              78.4438506,
              30.3817241
            ],
            [
              78.4439352,
              30.3816236
            ],
            [
              78.4438525,
              30.3815622
            ],
            [
              78.4437565,
              30.3816759
            ]
          ]
        ]
      }
    },
    {
      "type": "Feature",
      "id": 509727941,
      "properties": {
        "building": "yes"
      },
      "geometry": {
        "type": "Polygon",
        "coordinates": [
          [
            [
              78.4440819,
              30.3818369
            ],
            [
              78.4442095,
              30.3819002
            ],
            [
              78.4442796,
              30.3818052
            ],
            [
              78.4441648,
              30.3817364
            ],
            [
              78.4440819,
              30.3818369
            ]
          ]
        ]
      }
    },
    {
      "type": "Feature",
      "id": 509727942,
      "properties": {
        "building": "yes"
      },
      "geometry": {
        "type": "Polygon",
        "coordinates": [
          [
            [
              78.4439575,
              30.3817873
            ],
            [
              78.4439718,
              30.3817736
            ],
            [
              78.4439495,
              30.3817557
            ],
            [
              78.4440755,
              30.3816415
            ],
            [
              78.4441632,
              30.3817007
            ],
            [
              78.4440436,
              30.3818176
            ],
            [
              78.4440261,
              30.3818115
            ],
            [
              78.4440094,
              30.3818248
            ],
            [
              78.4439575,
              30.3817873
            ]
          ]
        ]
      }
    },
    {
      "type": "Feature",
      "id": 509727943,
      "properties": {
        "building": "yes"
      },
      "geometry": {
        "type": "Polygon",
        "coordinates": [
          [
            [
              78.4448984,
              30.3817708
            ],
            [
              78.4449766,
              30.3818314
            ],
            [
              78.4450516,
              30.3817708
            ],
            [
              78.4449766,
              30.3817007
            ],
            [
              78.4448984,
              30.3817708
            ]
          ]
        ]
      }
    },
    {
      "type": "Feature",
      "id": 509727944,
      "properties": {
        "building": "yes"
      },
      "geometry": {
        "type": "Polygon",
        "coordinates": [
          [
            [
              78.4449654,
              30.3819538
            ],
            [
              78.445034,
              30.3819992
            ],
            [
              78.4450994,
              30.3819318
            ],
            [
              78.4450356,
              30.381885
            ],
            [
              78.4449654,
              30.3819538
            ]
          ]
        ]
      }
    },
    {
      "type": "Feature",
      "id": 509727945,
      "properties": {
        "building": "yes"
      },
      "geometry": {
        "type": "Polygon",
        "coordinates": [
          [
            [
              78.4449112,
              30.3819112
            ],
            [
              78.4449654,
              30.3819538
            ],
            [
              78.4450356,
              30.381885
            ],
            [
              78.444983,
              30.3818479
            ],
            [
              78.4449112,
              30.3819112
            ]
          ]
        ]
      }
    },
    {
      "type": "Feature",
      "id": 509727946,
      "properties": {
        "building": "yes"
      },
      "geometry": {
        "type": "Polygon",
        "coordinates": [
          [
            [
              78.4448155,
              30.381841
            ],
            [
              78.4449112,
              30.3819112
            ],
            [
              78.444983,
              30.3818479
            ],
            [
              78.4448984,
              30.3817708
            ],
            [
              78.4448155,
              30.381841
            ]
          ]
        ]
      }
    },
    {
      "type": "Feature",
      "id": 509727947,
      "properties": {
        "building": "yes"
      },
      "geometry": {
        "type": "Polygon",
        "coordinates": [
          [
            [
              78.4447485,
              30.3819181
            ],
            [
              78.4448363,
              30.3819855
            ],
            [
              78.4449112,
              30.3819112
            ],
            [
              78.4448155,
              30.381841
            ],
            [
              78.4447485,
              30.3819181
            ]
          ]
        ]
      }
    },
    {
      "type": "Feature",
      "id": 509727948,
      "properties": {
        "building": "yes"
      },
      "geometry": {
        "type": "Polygon",
        "coordinates": [
          [
            [
              78.4446943,
              30.3819841
            ],
            [
              78.4447693,
              30.3820391
            ],
            [
              78.4448363,
              30.3819855
            ],
            [
              78.4447485,
              30.3819181
            ],
            [
              78.4446943,
              30.3819841
            ]
          ]
        ]
      }
    },
    {
      "type": "Feature",
      "id": 509727949,
      "properties": {
        "building": "yes"
      },
      "geometry": {
        "type": "Polygon",
        "coordinates": [
          [
            [
              78.4368137,
              30.3744935
            ],
            [
              78.4368013,
              30.3744215
            ],
            [
              78.4369874,
              30.3743952
            ],
            [
              78.4369998,
              30.3744682
            ],
            [
              78.4368137,
              30.3744935
            ]
          ]
        ]
      }
    },
    {
      "type": "Feature",
      "id": 509727950,
      "properties": {
        "building": "yes"
      },
      "geometry": {
        "type": "Polygon",
        "coordinates": [
          [
            [
              78.4370348,
              30.3745402
            ],
            [
              78.4370043,
              30.3743903
            ],
            [
              78.4370968,
              30.3743777
            ],
            [
              78.4371295,
              30.3745226
            ],
            [
              78.4370348,
              30.3745402
            ]
          ]
        ]
      }
    },
    {
      "type": "Feature",
      "id": 509727951,
      "properties": {
        "building": "yes"
      },
      "geometry": {
        "type": "Polygon",
        "coordinates": [
          [
            [
              78.4371892,
              30.3744798
            ],
            [
              78.4371611,
              30.3743349
            ],
            [
              78.4372547,
              30.3743164
            ],
            [
              78.4372829,
              30.3744575
            ],
            [
              78.4371892,
              30.3744798
            ]
          ]
        ]
      }
    },
    {
      "type": "Feature",
      "id": 509727952,
      "properties": {
        "building": "yes"
      },
      "geometry": {
        "type": "Polygon",
        "coordinates": [
          [
            [
              78.4372366,
              30.374654
            ],
            [
              78.4372039,
              30.3745022
            ],
            [
              78.4372953,
              30.3744866
            ],
            [
              78.437328,
              30.3746355
            ],
            [
              78.4372366,
              30.374654
            ]
          ]
        ]
      }
    },
    {
      "type": "Feature",
      "id": 509727953,
      "properties": {
        "building": "yes"
      },
      "geometry": {
        "type": "Polygon",
        "coordinates": [
          [
            [
              78.4372903,
              30.3748316
            ],
            [
              78.4372486,
              30.3746925
            ],
            [
              78.437332,
              30.3746712
            ],
            [
              78.4373737,
              30.374812
            ],
            [
              78.4372903,
              30.3748316
            ]
          ]
        ]
      }
    },
    {
      "type": "Feature",
      "id": 509727954,
      "properties": {
        "building": "yes"
      },
      "geometry": {
        "type": "Polygon",
        "coordinates": [
          [
            [
              78.4373358,
              30.3750148
            ],
            [
              78.4372979,
              30.3748659
            ],
            [
              78.4373832,
              30.3748496
            ],
            [
              78.4374211,
              30.3749985
            ],
            [
              78.4373358,
              30.3750148
            ]
          ]
        ]
      }
    },
    {
      "type": "Feature",
      "id": 509727955,
      "properties": {
        "building": "yes"
      },
      "geometry": {
        "type": "Polygon",
        "coordinates": [
          [
            [
              78.4373699,
              30.3751997
            ],
            [
              78.4373377,
              30.3750459
            ],
            [
              78.4374325,
              30.3750247
            ],
            [
              78.4374686,
              30.3751867
            ],
            [
              78.4373699,
              30.3751997
            ]
          ]
        ]
      }
    },
    {
      "type": "Feature",
      "id": 509727956,
      "properties": {
        "building": "yes"
      },
      "geometry": {
        "type": "Polygon",
        "coordinates": [
          [
            [
              78.4373984,
              30.3746156
            ],
            [
              78.437368,
              30.3744732
            ],
            [
              78.4374534,
              30.3744618
            ],
            [
              78.4374799,
              30.3745976
            ],
            [
              78.4373984,
              30.3746156
            ]
          ]
        ]
      }
    },
    {
      "type": "Feature",
      "id": 509727957,
      "properties": {
        "building": "yes"
      },
      "geometry": {
        "type": "Polygon",
        "coordinates": [
          [
            [
              78.4374382,
              30.3748169
            ],
            [
              78.4374022,
              30.3746451
            ],
            [
              78.4374989,
              30.3746352
            ],
            [
              78.4375349,
              30.3747989
            ],
            [
              78.4374382,
              30.3748169
            ]
          ]
        ]
      }
    },
    {
      "type": "Feature",
      "id": 509727958,
      "properties": {
        "building": "yes"
      },
      "geometry": {
        "type": "Polygon",
        "coordinates": [
          [
            [
              78.4374875,
              30.3749772
            ],
            [
              78.4374591,
              30.3748381
            ],
            [
              78.4375387,
              30.3748185
            ],
            [
              78.4375767,
              30.3749609
            ],
            [
              78.4374875,
              30.3749772
            ]
          ]
        ]
      }
    },
    {
      "type": "Feature",
      "id": 509727959,
      "properties": {
        "building": "yes"
      },
      "geometry": {
        "type": "Polygon",
        "coordinates": [
          [
            [
              78.4375387,
              30.3751605
            ],
            [
              78.4375008,
              30.3750067
            ],
            [
              78.4375918,
              30.3749903
            ],
            [
              78.4376298,
              30.3751474
            ],
            [
              78.4375387,
              30.3751605
            ]
          ]
        ]
      }
    },
    {
      "type": "Feature",
      "id": 509727960,
      "properties": {
        "building": "yes"
      },
      "geometry": {
        "type": "Polygon",
        "coordinates": [
          [
            [
              78.437571,
              30.3746238
            ],
            [
              78.4376089,
              30.3747612
            ],
            [
              78.4376886,
              30.3747465
            ],
            [
              78.4376506,
              30.3746041
            ],
            [
              78.437571,
              30.3746238
            ]
          ]
        ]
      }
    },
    {
      "type": "Feature",
      "id": 509727961,
      "properties": {
        "building": "yes"
      },
      "geometry": {
        "type": "Polygon",
        "coordinates": [
          [
            [
              78.4376582,
              30.374951
            ],
            [
              78.4376222,
              30.3747776
            ],
            [
              78.4376981,
              30.3747645
            ],
            [
              78.4377417,
              30.3749379
            ],
            [
              78.4376582,
              30.374951
            ]
          ]
        ]
      }
    },
    {
      "type": "Feature",
      "id": 509727963,
      "properties": {
        "building": "yes"
      },
      "geometry": {
        "type": "Polygon",
        "coordinates": [
          [
            [
              78.4377075,
              30.3751572
            ],
            [
              78.437662,
              30.3749789
            ],
            [
              78.4377455,
              30.3749592
            ],
            [
              78.4377948,
              30.3751359
            ],
            [
              78.4377075,
              30.3751572
            ]
          ]
        ]
      }
    },
    {
      "type": "Feature",
      "id": 509727964,
      "properties": {
        "building": "yes"
      },
      "geometry": {
        "type": "Polygon",
        "coordinates": [
          [
            [
              78.437093,
              30.3752488
            ],
            [
              78.4370911,
              30.3752227
            ],
            [
              78.4371234,
              30.3752161
            ],
            [
              78.4371063,
              30.3751212
            ],
            [
              78.4372884,
              30.3750967
            ],
            [
              78.4373187,
              30.3751997
            ],
            [
              78.4371746,
              30.3752227
            ],
            [
              78.4371784,
              30.3752407
            ],
            [
              78.437093,
              30.3752488
            ]
          ]
        ]
      }
    },
    {
      "type": "Feature",
      "id": 509727965,
      "properties": {
        "building": "yes"
      },
      "geometry": {
        "type": "Polygon",
        "coordinates": [
          [
            [
              78.4371499,
              30.3753585
            ],
            [
              78.4371253,
              30.3752668
            ],
            [
              78.4372542,
              30.3752439
            ],
            [
              78.4372713,
              30.3753437
            ],
            [
              78.4371499,
              30.3753585
            ]
          ]
        ]
      }
    },
    {
      "type": "Feature",
      "id": 509727966,
      "properties": {
        "building": "school",
        "name": "Pratap Inter College"
      },
      "geometry": {
        "type": "Polygon",
        "coordinates": [
          [
            [
              78.437556,
              30.3758608
            ],
            [
              78.4375613,
              30.3758122
            ],
            [
              78.4375157,
              30.3758099
            ],
            [
              78.4375292,
              30.3756942
            ],
            [
              78.4376686,
              30.3753841
            ],
            [
              78.437623,
              30.3753725
            ],
            [
              78.4376391,
              30.3753332
            ],
            [
              78.4377276,
              30.3753054
            ],
            [
              78.4378174,
              30.3753208
            ],
            [
              78.4376257,
              30.3757104
            ],
            [
              78.437615,
              30.3758631
            ],
            [
              78.437556,
              30.3758608
            ]
          ]
        ]
      }
    },
    {
      "type": "Feature",
      "id": 509727967,
      "properties": {
        "building": "yes"
      },
      "geometry": {
        "type": "Polygon",
        "coordinates": [
          [
            [
              78.4378371,
              30.3759363
            ],
            [
              78.4377765,
              30.3758235
            ],
            [
              78.4378897,
              30.3757863
            ],
            [
              78.4377828,
              30.3756212
            ],
            [
              78.4378721,
              30.375584
            ],
            [
              78.4379886,
              30.3757781
            ],
            [
              78.4379583,
              30.3757863
            ],
            [
              78.4379997,
              30.3758661
            ],
            [
              78.4378371,
              30.3759363
            ]
          ]
        ]
      }
    },
    {
      "type": "Feature",
      "id": 509727968,
      "properties": {
        "building": "yes"
      },
      "geometry": {
        "type": "Polygon",
        "coordinates": [
          [
            [
              78.4380875,
              30.3760601
            ],
            [
              78.4380045,
              30.3759294
            ],
            [
              78.4380476,
              30.3759184
            ],
            [
              78.4380284,
              30.3758854
            ],
            [
              78.4380938,
              30.3758606
            ],
            [
              78.4381066,
              30.3758812
            ],
            [
              78.4381449,
              30.3758675
            ],
            [
              78.4382342,
              30.3760202
            ],
            [
              78.4381481,
              30.3760615
            ],
            [
              78.4381337,
              30.3760353
            ],
            [
              78.4380875,
              30.3760601
            ]
          ]
        ]
      }
    },
    {
      "type": "Feature",
      "id": 509727969,
      "properties": {
        "building": "yes"
      },
      "geometry": {
        "type": "Polygon",
        "coordinates": [
          [
            [
              78.4387866,
              30.3771253
            ],
            [
              78.4389207,
              30.3772896
            ],
            [
              78.4390441,
              30.3772225
            ],
            [
              78.4389153,
              30.3770675
            ],
            [
              78.4387866,
              30.3771253
            ]
          ]
        ]
      }
    },
    {
      "type": "Feature",
      "id": 509727970,
      "properties": {
        "building": "yes"
      },
      "geometry": {
        "type": "Polygon",
        "coordinates": [
          [
            [
              78.4384084,
              30.3769078
            ],
            [
              78.4384889,
              30.3770189
            ],
            [
              78.4385961,
              30.3769518
            ],
            [
              78.4385023,
              30.3768476
            ],
            [
              78.4384084,
              30.3769078
            ]
          ]
        ]
      }
    },
    {
      "type": "Feature",
      "id": 509727971,
      "properties": {
        "building": "yes"
      },
      "geometry": {
        "type": "Polygon",
        "coordinates": [
          [
            [
              78.4405059,
              30.3773567
            ],
            [
              78.4404174,
              30.3772017
            ],
            [
              78.4405139,
              30.377167
            ],
            [
              78.4406078,
              30.377322
            ],
            [
              78.4405059,
              30.3773567
            ]
          ]
        ]
      }
    },
    {
      "type": "Feature",
      "id": 509727972,
      "properties": {
        "building": "yes"
      },
      "geometry": {
        "type": "Polygon",
        "coordinates": [
          [
            [
              78.4405434,
              30.3774192
            ],
            [
              78.4406856,
              30.3775372
            ],
            [
              78.440758,
              30.3774701
            ],
            [
              78.4406266,
              30.3773451
            ],
            [
              78.4405434,
              30.3774192
            ]
          ]
        ]
      }
    },
    {
      "type": "Feature",
      "id": 509727973,
      "properties": {
        "building": "yes"
      },
      "geometry": {
        "type": "Polygon",
        "coordinates": [
          [
            [
              78.4407204,
              30.3775557
            ],
            [
              78.4408653,
              30.3776506
            ],
            [
              78.4409377,
              30.377595
            ],
            [
              78.4407902,
              30.3774863
            ],
            [
              78.4407204,
              30.3775557
            ]
          ]
        ]
      }
    },
    {
      "type": "Feature",
      "id": 509727974,
      "properties": {
        "building": "yes"
      },
      "geometry": {
        "type": "Polygon",
        "coordinates": [
          [
            [
              78.4409484,
              30.3778126
            ],
            [
              78.440876,
              30.3776737
            ],
            [
              78.4409645,
              30.3776321
            ],
            [
              78.4410396,
              30.3777802
            ],
            [
              78.4409484,
              30.3778126
            ]
          ]
        ]
      }
    },
    {
      "type": "Feature",
      "id": 509727975,
      "properties": {
        "building": "yes"
      },
      "geometry": {
        "type": "Polygon",
        "coordinates": [
          [
            [
              78.4410423,
              30.3779792
            ],
            [
              78.4409726,
              30.377838
            ],
            [
              78.4410584,
              30.3778102
            ],
            [
              78.4411281,
              30.3779514
            ],
            [
              78.4410423,
              30.3779792
            ]
          ]
        ]
      }
    },
    {
      "type": "Feature",
      "id": 509727976,
      "properties": {
        "building": "yes"
      },
      "geometry": {
        "type": "Polygon",
        "coordinates": [
          [
            [
              78.4407929,
              30.3779375
            ],
            [
              78.4407151,
              30.3777755
            ],
            [
              78.4408063,
              30.3777501
            ],
            [
              78.4408867,
              30.3779051
            ],
            [
              78.4407929,
              30.3779375
            ]
          ]
        ]
      }
    },
    {
      "type": "Feature",
      "id": 509727977,
      "properties": {
        "building": "yes"
      },
      "geometry": {
        "type": "Polygon",
        "coordinates": [
          [
            [
              78.4405595,
              30.377646
            ],
            [
              78.4407017,
              30.3777547
            ],
            [
              78.4407634,
              30.3776992
            ],
            [
              78.4406293,
              30.3775927
            ],
            [
              78.4405595,
              30.377646
            ]
          ]
        ]
      }
    },
    {
      "type": "Feature",
      "id": 509727978,
      "properties": {
        "building": "yes"
      },
      "geometry": {
        "type": "Polygon",
        "coordinates": [
          [
            [
              78.4406373,
              30.3779352
            ],
            [
              78.44053,
              30.377794
            ],
            [
              78.4406266,
              30.3777524
            ],
            [
              78.4407231,
              30.3778959
            ],
            [
              78.4406373,
              30.3779352
            ]
          ]
        ]
      }
    },
    {
      "type": "Feature",
      "id": 509727979,
      "properties": {
        "building": "yes"
      },
      "geometry": {
        "type": "Polygon",
        "coordinates": [
          [
            [
              78.4405005,
              30.3779838
            ],
            [
              78.4403825,
              30.3778403
            ],
            [
              78.4404737,
              30.377794
            ],
            [
              78.4405944,
              30.3779421
            ],
            [
              78.4405005,
              30.3779838
            ]
          ]
        ]
      }
    },
    {
      "type": "Feature",
      "id": 658614115,
      "properties": {
        "building": "yes"
      },
      "geometry": {
        "type": "Polygon",
        "coordinates": [
          [
            [
              78.4447056,
              30.3357688
            ],
            [
              78.4448602,
              30.3357559
            ],
            [
              78.4448468,
              30.3356355
            ],
            [
              78.4446922,
              30.3356484
            ],
            [
              78.4447056,
              30.3357688
            ]
          ]
        ]
      }
    },
    {
      "type": "Feature",
      "id": 658614116,
      "properties": {
        "building": "yes"
      },
      "geometry": {
        "type": "Polygon",
        "coordinates": [
          [
            [
              78.4447861,
              30.3343092
            ],
            [
              78.4449029,
              30.3343415
            ],
            [
              78.4449498,
              30.3342154
            ],
            [
              78.444833,
              30.334183
            ],
            [
              78.4447861,
              30.3343092
            ]
          ]
        ]
      }
    },
    {
      "type": "Feature",
      "id": 762189233,
      "properties": {
        "building": "yes"
      },
      "geometry": {
        "type": "Polygon",
        "coordinates": [
          [
            [
              78.432902,
              30.3759377
            ],
            [
              78.4329732,
              30.3759288
            ],
            [
              78.4329656,
              30.3758833
            ],
            [
              78.4330025,
              30.3758787
            ],
            [
              78.4329941,
              30.3758286
            ],
            [
              78.4329684,
              30.3758318
            ],
            [
              78.4329601,
              30.3757826
            ],
            [
              78.4328778,
              30.3757929
            ],
            [
              78.432902,
              30.3759377
            ]
          ]
        ]
      }
    },
    {
      "type": "Feature",
      "id": 762189249,
      "properties": {
        "building": "yes"
      },
      "geometry": {
        "type": "Polygon",
        "coordinates": [
          [
            [
              78.5007602,
              30.4253087
            ],
            [
              78.5009589,
              30.4253034
            ],
            [
              78.500955,
              30.4251957
            ],
            [
              78.5007563,
              30.425201
            ],
            [
              78.5007602,
              30.4253087
            ]
          ]
        ]
      }
    },
    {
      "type": "Feature",
      "id": 762189277,
      "properties": {
        "building": "yes"
      },
      "geometry": {
        "type": "Polygon",
        "coordinates": [
          [
            [
              78.492475,
              30.4005674
            ],
            [
              78.4926304,
              30.4006014
            ],
            [
              78.4927031,
              30.4003547
            ],
            [
              78.4925459,
              30.4003203
            ],
            [
              78.49252,
              30.400408
            ],
            [
              78.4924745,
              30.400398
            ],
            [
              78.4924553,
              30.4004634
            ],
            [
              78.4925026,
              30.4004738
            ],
            [
              78.492475,
              30.4005674
            ]
          ]
        ]
      }
    },
    {
      "type": "Feature",
      "id": 762809431,
      "properties": {
        "building": "yes"
      },
      "geometry": {
        "type": "Polygon",
        "coordinates": [
          [
            [
              78.46733,
              30.3167159
            ],
            [
              78.4674391,
              30.3167638
            ],
            [
              78.4675236,
              30.3166202
            ],
            [
              78.4674145,
              30.3165724
            ],
            [
              78.46733,
              30.3167159
            ]
          ]
        ]
      }
    },
    {
      "type": "Feature",
      "id": 800455061,
      "properties": {
        "building": "yes"
      },
      "geometry": {
        "type": "Polygon",
        "coordinates": [
          [
            [
              78.4380156,
              30.3797804
            ],
            [
              78.4381615,
              30.3798069
            ],
            [
              78.4381796,
              30.3797324
            ],
            [
              78.4380337,
              30.3797059
            ],
            [
              78.4380156,
              30.3797804
            ]
          ]
        ]
      }
    },
    {
      "type": "Feature",
      "id": 800455064,
      "properties": {
        "building": "yes"
      },
      "geometry": {
        "type": "Polygon",
        "coordinates": [
          [
            [
              78.4390948,
              30.3825591
            ],
            [
              78.4391652,
              30.3825951
            ],
            [
              78.4392275,
              30.3825042
            ],
            [
              78.4391571,
              30.3824682
            ],
            [
              78.4390948,
              30.3825591
            ]
          ]
        ]
      }
    },
    {
      "type": "Feature",
      "id": 800455073,
      "properties": {
        "building": "yes"
      },
      "geometry": {
        "type": "Polygon",
        "coordinates": [
          [
            [
              78.4420636,
              30.382809
            ],
            [
              78.4422514,
              30.38289
            ],
            [
              78.4422863,
              30.3828299
            ],
            [
              78.4420985,
              30.3827489
            ],
            [
              78.4420636,
              30.382809
            ]
          ]
        ]
      }
    },
    {
      "type": "Feature",
      "id": 800455093,
      "properties": {
        "building": "yes"
      },
      "geometry": {
        "type": "Polygon",
        "coordinates": [
          [
            [
              78.4392446,
              30.382455
            ],
            [
              78.43936,
              30.3824064
            ],
            [
              78.4394994,
              30.3824018
            ],
            [
              78.4395692,
              30.3824226
            ],
            [
              78.4396282,
              30.382462
            ],
            [
              78.4397475,
              30.3825661
            ],
            [
              78.4398226,
              30.3825129
            ],
            [
              78.4397542,
              30.3824319
            ],
            [
              78.4396932,
              30.3823769
            ],
            [
              78.4396175,
              30.382322
            ],
            [
              78.4395383,
              30.3822988
            ],
            [
              78.4394377,
              30.3822931
            ],
            [
              78.439258,
              30.3823347
            ],
            [
              78.4391722,
              30.3823995
            ],
            [
              78.4392446,
              30.382455
            ]
          ]
        ]
      }
    },
    {
      "type": "Feature",
      "id": 885101649,
      "properties": {
        "building": "yes"
      },
      "geometry": {
        "type": "Polygon",
        "coordinates": [
          [
            [
              78.5331292,
              30.3213697
            ],
            [
              78.5332123,
              30.3213294
            ],
            [
              78.5331389,
              30.3212165
            ],
            [
              78.5330558,
              30.3212568
            ],
            [
              78.5331292,
              30.3213697
            ]
          ]
        ]
      }
    },
    {
      "type": "Feature",
      "id": 889086625,
      "properties": {
        "building": "yes"
      },
      "geometry": {
        "type": "Polygon",
        "coordinates": [
          [
            [
              78.5460072,
              30.3587557
            ],
            [
              78.5460428,
              30.3587782
            ],
            [
              78.5460978,
              30.3587134
            ],
            [
              78.5460623,
              30.3586909
            ],
            [
              78.5460072,
              30.3587557
            ]
          ]
        ]
      }
    },
    {
      "type": "Feature",
      "id": 889132040,
      "properties": {
        "building": "yes"
      },
      "geometry": {
        "type": "Polygon",
        "coordinates": [
          [
            [
              78.5107865,
              30.3351224
            ],
            [
              78.5108421,
              30.3351595
            ],
            [
              78.5109045,
              30.3350899
            ],
            [
              78.5108489,
              30.3350528
            ],
            [
              78.5107865,
              30.3351224
            ]
          ]
        ]
      }
    },
    {
      "type": "Feature",
      "id": 889144505,
      "properties": {
        "building": "yes"
      },
      "geometry": {
        "type": "Polygon",
        "coordinates": [
          [
            [
              78.447254,
              30.4396911
            ],
            [
              78.447349,
              30.4397457
            ],
            [
              78.4473902,
              30.4396924
            ],
            [
              78.4472952,
              30.4396378
            ],
            [
              78.447254,
              30.4396911
            ]
          ]
        ]
      }
    },
    {
      "type": "Feature",
      "id": 889160973,
      "properties": {
        "building": "yes"
      },
      "geometry": {
        "type": "Polygon",
        "coordinates": [
          [
            [
              78.5541661,
              30.3984283
            ],
            [
              78.5542575,
              30.398423
            ],
            [
              78.5542528,
              30.398363
            ],
            [
              78.5541615,
              30.3983682
            ],
            [
              78.5541661,
              30.3984283
            ]
          ]
        ]
      }
    },
    {
      "type": "Feature",
      "id": 889185589,
      "properties": {
        "building": "yes"
      },
      "geometry": {
        "type": "Polygon",
        "coordinates": [
          [
            [
              78.5025314,
              30.3997903
            ],
            [
              78.5025833,
              30.3997657
            ],
            [
              78.5025356,
              30.399691
            ],
            [
              78.5024838,
              30.3997156
            ],
            [
              78.5025314,
              30.3997903
            ]
          ]
        ]
      }
    },
    {
      "type": "Feature",
      "id": 889415155,
      "properties": {
        "building": "yes"
      },
      "geometry": {
        "type": "Polygon",
        "coordinates": [
          [
            [
              78.4342413,
              30.3948655
            ],
            [
              78.4343787,
              30.3948426
            ],
            [
              78.4343604,
              30.3947605
            ],
            [
              78.4342229,
              30.3947834
            ],
            [
              78.4342413,
              30.3948655
            ]
          ]
        ]
      }
    },
    {
      "type": "Feature",
      "id": 889419296,
      "properties": {
        "building": "yes"
      },
      "geometry": {
        "type": "Polygon",
        "coordinates": [
          [
            [
              78.4926635,
              30.4026394
            ],
            [
              78.4928047,
              30.4027244
            ],
            [
              78.4928717,
              30.4026417
            ],
            [
              78.4926906,
              30.4025326
            ],
            [
              78.4926564,
              30.4025748
            ],
            [
              78.4926964,
              30.4025988
            ],
            [
              78.4926635,
              30.4026394
            ]
          ]
        ]
      }
    },
    {
      "type": "Feature",
      "id": 889420017,
      "properties": {
        "building": "yes"
      },
      "geometry": {
        "type": "Polygon",
        "coordinates": [
          [
            [
              78.4612569,
              30.4449631
            ],
            [
              78.4614089,
              30.4448867
            ],
            [
              78.4613728,
              30.4448333
            ],
            [
              78.4612208,
              30.4449097
            ],
            [
              78.4612569,
              30.4449631
            ]
          ]
        ]
      }
    },
    {
      "type": "Feature",
      "id": 889425589,
      "properties": {
        "building": "yes"
      },
      "geometry": {
        "type": "Polygon",
        "coordinates": [
          [
            [
              78.5180112,
              30.4035617
            ],
            [
              78.5181212,
              30.4035613
            ],
            [
              78.5181209,
              30.4034913
            ],
            [
              78.5180109,
              30.4034917
            ],
            [
              78.5180112,
              30.4035617
            ]
          ]
        ]
      }
    },
    {
      "type": "Feature",
      "id": 889430127,
      "properties": {
        "building": "yes"
      },
      "geometry": {
        "type": "Polygon",
        "coordinates": [
          [
            [
              78.4738594,
              30.3217526
            ],
            [
              78.4739646,
              30.321728
            ],
            [
              78.4739254,
              30.3216029
            ],
            [
              78.4738202,
              30.3216275
            ],
            [
              78.4738594,
              30.3217526
            ]
          ]
        ]
      }
    },
    {
      "type": "Feature",
      "id": 889452423,
      "properties": {
        "building": "yes"
      },
      "geometry": {
        "type": "Polygon",
        "coordinates": [
          [
            [
              78.4707899,
              30.3792523
            ],
            [
              78.4709199,
              30.3792952
            ],
            [
              78.4709559,
              30.3792142
            ],
            [
              78.4708259,
              30.3791712
            ],
            [
              78.4707899,
              30.3792523
            ]
          ]
        ]
      }
    },
    {
      "type": "Feature",
      "id": 889453270,
      "properties": {
        "building": "yes"
      },
      "geometry": {
        "type": "Polygon",
        "coordinates": [
          [
            [
              78.5419803,
              30.3857372
            ],
            [
              78.5421398,
              30.3857048
            ],
            [
              78.5421224,
              30.3856411
            ],
            [
              78.5419629,
              30.3856735
            ],
            [
              78.5419803,
              30.3857372
            ]
          ]
        ]
      }
    },
    {
      "type": "Feature",
      "id": 889469857,
      "properties": {
        "building": "yes"
      },
      "geometry": {
        "type": "Polygon",
        "coordinates": [
          [
            [
              78.4397846,
              30.3294711
            ],
            [
              78.4398695,
              30.3294433
            ],
            [
              78.4398339,
              30.3293621
            ],
            [
              78.439749,
              30.3293898
            ],
            [
              78.4397846,
              30.3294711
            ]
          ]
        ]
      }
    },
    {
      "type": "Feature",
      "id": 889491039,
      "properties": {
        "building": "yes"
      },
      "geometry": {
        "type": "Polygon",
        "coordinates": [
          [
            [
              78.4501207,
              30.3695878
            ],
            [
              78.4501866,
              30.3695927
            ],
            [
              78.450199,
              30.3694684
            ],
            [
              78.4501332,
              30.3694635
            ],
            [
              78.4501207,
              30.3695878
            ]
          ]
        ]
      }
    },
    {
      "type": "Feature",
      "id": 889515467,
      "properties": {
        "building": "yes"
      },
      "geometry": {
        "type": "Polygon",
        "coordinates": [
          [
            [
              78.4469323,
              30.3536376
            ],
            [
              78.4470216,
              30.3536709
            ],
            [
              78.4470809,
              30.3535523
            ],
            [
              78.4469917,
              30.353519
            ],
            [
              78.4469323,
              30.3536376
            ]
          ]
        ]
      }
    },
    {
      "type": "Feature",
      "id": 1016802350,
      "properties": {
        "building": "school",
        "name": "Sarswati Vidya Mandir School"
      },
      "geometry": {
        "type": "Polygon",
        "coordinates": [
          [
            [
              78.4422024,
              30.3855639
            ],
            [
              78.4422445,
              30.3856243
            ],
            [
              78.4425924,
              30.3858298
            ],
            [
              78.4426134,
              30.3856948
            ],
            [
              78.4425142,
              30.3856122
            ],
            [
              78.4423869,
              30.3855397
            ],
            [
              78.4423075,
              30.3855437
            ],
            [
              78.4422024,
              30.3855639
            ]
          ]
        ]
      }
    },
    {
      "type": "Feature",
      "id": 1092666535,
      "properties": {
        "building": "yes"
      },
      "geometry": {
        "type": "Polygon",
        "coordinates": [
          [
            [
              78.5306874,
              30.3929245
            ],
            [
              78.5305372,
              30.3928875
            ],
            [
              78.5306874,
              30.3926654
            ],
            [
              78.5308268,
              30.3926792
            ],
            [
              78.5306874,
              30.3929245
            ]
          ]
        ]
      }
    },
    {
      "type": "Feature",
      "id": 1092666536,
      "properties": {
        "building": "yes"
      },
      "geometry": {
        "type": "Polygon",
        "coordinates": [
          [
            [
              78.5291263,
              30.3925774
            ],
            [
              78.5290083,
              30.3925312
            ],
            [
              78.5291639,
              30.3923044
            ],
            [
              78.5292336,
              30.3923692
            ],
            [
              78.5291263,
              30.3925774
            ]
          ]
        ]
      }
    },
    {
      "type": "Feature",
      "id": 1092666537,
      "properties": {
        "building": "yes"
      },
      "geometry": {
        "type": "Polygon",
        "coordinates": [
          [
            [
              78.5297808,
              30.391851
            ],
            [
              78.5298559,
              30.3918649
            ],
            [
              78.5298827,
              30.3916659
            ],
            [
              78.529813,
              30.3916427
            ],
            [
              78.5297808,
              30.391851
            ]
          ]
        ]
      }
    },
    {
      "type": "Feature",
      "id": 1092666538,
      "properties": {
        "building": "yes"
      },
      "geometry": {
        "type": "Polygon",
        "coordinates": [
          [
            [
              78.5351015,
              30.3920656
            ],
            [
              78.5351693,
              30.3920869
            ],
            [
              78.5350707,
              30.3922809
            ],
            [
              78.5349844,
              30.3922012
            ],
            [
              78.5350399,
              30.3920975
            ],
            [
              78.5351015,
              30.3920656
            ]
          ]
        ]
      }
    },
    {
      "type": "Feature",
      "id": 1157883117,
      "properties": {
        "building": "yes"
      },
      "geometry": {
        "type": "Polygon",
        "coordinates": [
          [
            [
              78.532091,
              30.34451
            ],
            [
              78.5322353,
              30.3444085
            ],
            [
              78.5322747,
              30.3444501
            ],
            [
              78.5321304,
              30.3445517
            ],
            [
              78.532091,
              30.34451
            ]
          ]
        ]
      }
    },
    {
      "type": "Feature",
      "id": 1167602711,
      "properties": {
        "building": "yes"
      },
      "geometry": {
        "type": "Polygon",
        "coordinates": [
          [
            [
              78.5086414,
              30.3286477
            ],
            [
              78.5088075,
              30.3286504
            ],
            [
              78.5088155,
              30.3282869
            ],
            [
              78.5086495,
              30.3282842
            ],
            [
              78.5086414,
              30.3286477
            ]
          ]
        ]
      }
    }
  ]
}