{
  "type": "FeatureCollection",
  "features": [
    {
      "type": "Feature",
      "id": 45735681,
      "properties": {
        "name": "Ponmudi Reservoir",
        "natural": "water",
        "source": "Lakewalker / Landsat/rain",
        "water": "reservoir"
      },
      "geometry": {
        "type": "Polygon",
        "coordinates": [
          [
            [
              77.0679114,
              9.9591045
            ],
            [
              77.0695969,
              9.95775
            ],
            [
              77.0699746,
              9.9573916
            ],
            [
              77.07026,
              9.9569331
            ],
            [
              77.0705646,
              9.9564273
            ],
            [
              77.0711287,
              9.9555666
            ],
            [
              77.0713303,
              9.9547369
            ],
            [
              77.0712675,
              9.9545367
            ],
            [
              77.0707454,
              9.9543864
            ],
            [
              77.0704385,
              9.9542979
            ],
            [
              77.0703022,
              9.9543775
            ],
            [
              77.0700018,
              9.9546637
            ],
            [
              77.0699022,
              9.9550661
            ],
            [
              77.069682,
              9.9551623
            ],
            [
              77.0693976,
              9.9553818
            ],
            [
              77.06925,
              9.9560955
            ],
            [
              77.06917,
              9.9562801
            ],
            [
              77.0690623,
              9.9564101
            ],
            [
              77.0689531,
              9.9564235
            ],
            [
              77.068712,
              9.9564977
            ],
            [
              77.068562,
              9.9566219
            ],
            [
              77.068351,
              9.956621
            ],
            [
              77.0681202,
              9.956591
            ],
            [
              77.0680297,
              9.9566183
            ],
            [
              77.067904,
              9.9567546
            ],
            [
              77.0677638,
              9.9569909
            ],
            [
              77.0665,
              9.9575955
            ],
            [
              77.064268,
              9.95853
            ],
            [
              77.0642136,
              9.9586055
            ],
            [
              77.064117,
              9.9587242
            ],
            [
              77.0639684,
              9.95878
            ],
            [
              77.0637887,
              9.9587404
            ],
            [
              77.0636771,
              9.9587092
            ],
            [
              77.0625,
              9.9590955
            ],
            [
              77.0619559,
              9.959251
            ],
            [
              77.06075,
              9.9595955
            ],
            [
              77.0599613,
              9.9596235
            ],
            [
              77.0596024,
              9.9597353
            ],
            [
              77.0592557,
              9.959693
            ],
            [
              77.0591544,
              9.9596114
            ],
            [
              77.0590133,
              9.9592881
            ],
            [
              77.05875,
              9.9590955
            ],
            [
              77.0585102,
              9.9590464
            ],
            [
              77.0581903,
              9.9590815
            ],
            [
              77.0578866,
              9.9592114
            ],
            [
              77.0577884,
              9.9592447
            ],
            [
              77.0576749,
              9.9592084
            ],
            [
              77.0574118,
              9.9594402
            ],
            [
              77.0574084,
              9.9596708
            ],
            [
              77.0574255,
              9.9599007
            ],
            [
              77.0573928,
              9.9601022
            ],
            [
              77.0559112,
              9.9602642
            ],
            [
              77.0554965,
              9.9604328
            ],
            [
              77.0553901,
              9.9602158
            ],
            [
              77.0552551,
              9.9600889
            ],
            [
              77.0547673,
              9.9599166
            ],
            [
              77.0544267,
              9.9597867
            ],
            [
              77.0543193,
              9.9593183
            ],
            [
              77.053945,
              9.9590645
            ],
            [
              77.0534358,
              9.9590343
            ],
            [
              77.0530605,
              9.9592669
            ],
            [
              77.0527652,
              9.9592652
            ],
            [
              77.0527559,
              9.9592281
            ],
            [
              77.0527668,
              9.9591658
            ],
            [
              77.0528473,
              9.9590641
            ],
            [
              77.0528546,
              9.9590413
            ],
            [
              77.0528572,
              9.9590115
            ],
            [
              77.0528511,
              9.9589415
            ],
            [
              77.052867,
              9.9589258
            ],
            [
              77.0528876,
              9.9589304
            ],
            [
              77.0528893,
              9.9588847
            ],
            [
              77.0528707,
              9.9588478
            ],
            [
              77.0527752,
              9.9588033
            ],
            [
              77.0526371,
              9.9587851
            ],
            [
              77.0525393,
              9.958771
            ],
            [
              77.0519989,
              9.9585617
            ],
            [
              77.0519632,
              9.9585697
            ],
            [
              77.0519443,
              9.9586111
            ],
            [
              77.0519405,
              9.9586555
            ],
            [
              77.0519368,
              9.958709
            ],
            [
              77.0519294,
              9.958816
            ],
            [
              77.0517852,
              9.95893
            ],
            [
              77.0517072,
              9.9590173
            ],
            [
              77.0516606,
              9.959008
            ],
            [
              77.0516459,
              9.9589685
            ],
            [
              77.0516422,
              9.9588912
            ],
            [
              77.0516304,
              9.958763
            ],
            [
              77.0515724,
              9.9586689
            ],
            [
              77.0514903,
              9.9585609
            ],
            [
              77.05106,
              9.9583844
            ],
            [
              77.0503096,
              9.9579197
            ],
            [
              77.0501049,
              9.9579763
            ],
            [
              77.0499594,
              9.9580743
            ],
            [
              77.0499111,
              9.9581787
            ],
            [
              77.0498831,
              9.9582755
            ],
            [
              77.0499178,
              9.9583985
            ],
            [
              77.0500979,
              9.9588188
            ],
            [
              77.050108,
              9.9588693
            ],
            [
              77.0501039,
              9.9589181
            ],
            [
              77.050059,
              9.9589486
            ],
            [
              77.0500113,
              9.9589323
            ],
            [
              77.049974,
              9.9588954
            ],
            [
              77.0499084,
              9.9588082
            ],
            [
              77.0497586,
              9.9586849
            ],
            [
              77.0495876,
              9.9586104
            ],
            [
              77.0494432,
              9.9586405
            ],
            [
              77.0493747,
              9.9586989
            ],
            [
              77.0493019,
              9.958816
            ],
            [
              77.0491873,
              9.9590227
            ],
            [
              77.0490581,
              9.9590592
            ],
            [
              77.0489211,
              9.959009
            ],
            [
              77.0488386,
              9.9589079
            ],
            [
              77.0488208,
              9.9587943
            ],
            [
              77.0488216,
              9.9586776
            ],
            [
              77.0489161,
              9.9584412
            ],
            [
              77.0489782,
              9.9583248
            ],
            [
              77.0491628,
              9.9581621
            ],
            [
              77.0492301,
              9.9580403
            ],
            [
              77.0492261,
              9.9578592
            ],
            [
              77.0491513,
              9.9577588
            ],
            [
              77.04875,
              9.9575955
            ],
            [
              77.0482362,
              9.9573615
            ],
            [
              77.0478054,
              9.9570275
            ],
            [
              77.0473238,
              9.9563182
            ],
            [
              77.047234,
              9.9560645
            ],
            [
              77.0472857,
              9.9559282
            ],
            [
              77.0474064,
              9.9559483
            ],
            [
              77.0475866,
              9.9560917
            ],
            [
              77.0482177,
              9.9562135
            ],
            [
              77.0487039,
              9.9562591
            ],
            [
              77.0499631,
              9.9566829
            ],
            [
              77.0506655,
              9.9569662
            ],
            [
              77.0512427,
              9.9572286
            ],
            [
              77.0515,
              9.9573455
            ],
            [
              77.0515948,
              9.9573815
            ],
            [
              77.0516446,
              9.9574312
            ],
            [
              77.0516999,
              9.9574763
            ],
            [
              77.0517558,
              9.9575421
            ],
            [
              77.0518003,
              9.9575785
            ],
            [
              77.0518596,
              9.9576113
            ],
            [
              77.0518759,
              9.9576582
            ],
            [
              77.05193,
              9.957666
            ],
            [
              77.0520036,
              9.9576942
            ],
            [
              77.0520917,
              9.9576847
            ],
            [
              77.0521877,
              9.957637
            ],
            [
              77.0523437,
              9.9575802
            ],
            [
              77.0524389,
              9.9575131
            ],
            [
              77.0524557,
              9.9573984
            ],
            [
              77.0524528,
              9.9572853
            ],
            [
              77.0524778,
              9.9571962
            ],
            [
              77.052507,
              9.9570844
            ],
            [
              77.0526039,
              9.9569756
            ],
            [
              77.0527073,
              9.9569725
            ],
            [
              77.0528726,
              9.9570348
            ],
            [
              77.0529852,
              9.9570739
            ],
            [
              77.0532921,
              9.9570186
            ],
            [
              77.0536339,
              9.9569128
            ],
            [
              77.0541721,
              9.9567787
            ],
            [
              77.0546547,
              9.9566472
            ],
            [
              77.0556432,
              9.956269
            ],
            [
              77.0563091,
              9.9560626
            ],
            [
              77.0564573,
              9.9560231
            ],
            [
              77.0566263,
              9.955995
            ],
            [
              77.0567335,
              9.9560615
            ],
            [
              77.0568096,
              9.9561534
            ],
            [
              77.05675,
              9.9563455
            ],
            [
              77.0567557,
              9.9565059
            ],
            [
              77.0567456,
              9.9566565
            ],
            [
              77.056791,
              9.9567954
            ],
            [
              77.0569369,
              9.9569539
            ],
            [
              77.0570478,
              9.9571117
            ],
            [
              77.0571458,
              9.9572205
            ],
            [
              77.0572813,
              9.9572983
            ],
            [
              77.0575904,
              9.9573918
            ],
            [
              77.0577752,
              9.9574128
            ],
            [
              77.0581395,
              9.9573126
            ],
            [
              77.0583706,
              9.9571879
            ],
            [
              77.0585145,
              9.9571367
            ],
            [
              77.0586224,
              9.9570186
            ],
            [
              77.0585848,
              9.9566512
            ],
            [
              77.0585735,
              9.9564296
            ],
            [
              77.0585772,
              9.9562239
            ],
            [
              77.0586408,
              9.9561189
            ],
            [
              77.0588638,
              9.9559941
            ],
            [
              77.0591729,
              9.9558622
            ],
            [
              77.0595981,
              9.9557893
            ],
            [
              77.0600011,
              9.9557576
            ],
            [
              77.0604781,
              9.9557376
            ],
            [
              77.0609357,
              9.9559971
            ],
            [
              77.0612373,
              9.9560847
            ],
            [
              77.0615169,
              9.956144
            ],
            [
              77.0618242,
              9.9563083
            ],
            [
              77.062055,
              9.9564933
            ],
            [
              77.0622112,
              9.9566968
            ],
            [
              77.0622442,
              9.9567827
            ],
            [
              77.0623104,
              9.9568792
            ],
            [
              77.0624043,
              9.9569632
            ],
            [
              77.0625928,
              9.9570065
            ],
            [
              77.0628193,
              9.9569672
            ],
            [
              77.063128,
              9.9568903
            ],
            [
              77.0634469,
              9.9567827
            ],
            [
              77.0636792,
              9.9566409
            ],
            [
              77.0639333,
              9.9564796
            ],
            [
              77.0641297,
              9.9562104
            ],
            [
              77.0640625,
              9.9558135
            ],
            [
              77.0639382,
              9.9553999
            ],
            [
              77.06375,
              9.9550955
            ],
            [
              77.062795,
              9.9532004
            ],
            [
              77.0626253,
              9.9530706
            ],
            [
              77.0624958,
              9.9530877
            ],
            [
              77.0624131,
              9.9532089
            ],
            [
              77.0622588,
              9.9533569
            ],
            [
              77.0621651,
              9.953454
            ],
            [
              77.062029,
              9.9535163
            ],
            [
              77.0619006,
              9.9534866
            ],
            [
              77.0618257,
              9.9534157
            ],
            [
              77.0617821,
              9.9533012
            ],
            [
              77.0617178,
              9.9532174
            ],
            [
              77.0616567,
              9.9531077
            ],
            [
              77.0615959,
              9.9530503
            ],
            [
              77.0615876,
              9.9529518
            ],
            [
              77.0616527,
              9.9527888
            ],
            [
              77.061779,
              9.9526515
            ],
            [
              77.0618471,
              9.9525269
            ],
            [
              77.0617781,
              9.9522463
            ],
            [
              77.06175,
              9.9520955
            ],
            [
              77.0610112,
              9.9507962
            ],
            [
              77.0608322,
              9.9506119
            ],
            [
              77.0605833,
              9.9504613
            ],
            [
              77.0603587,
              9.9504107
            ],
            [
              77.0600924,
              9.9504157
            ],
            [
              77.0597562,
              9.9504523
            ],
            [
              77.0594441,
              9.9505174
            ],
            [
              77.0591947,
              9.9505454
            ],
            [
              77.0587635,
              9.9505512
            ],
            [
              77.058233,
              9.9506448
            ],
            [
              77.0579401,
              9.9507586
            ],
            [
              77.0575602,
              9.9510951
            ],
            [
              77.0574435,
              9.9513029
            ],
            [
              77.0573569,
              9.951627
            ],
            [
              77.0573006,
              9.951933
            ],
            [
              77.0572524,
              9.9520999
            ],
            [
              77.0571779,
              9.9522763
            ],
            [
              77.0570541,
              9.9523407
            ],
            [
              77.0569398,
              9.9523123
            ],
            [
              77.0569033,
              9.9522203
            ],
            [
              77.0569269,
              9.9520479
            ],
            [
              77.0569976,
              9.9518361
            ],
            [
              77.0570314,
              9.9516133
            ],
            [
              77.0570256,
              9.951407
            ],
            [
              77.056939,
              9.9511613
            ],
            [
              77.0568068,
              9.9510471
            ],
            [
              77.0565546,
              9.9509503
            ],
            [
              77.0562468,
              9.9509126
            ],
            [
              77.0551964,
              9.9509883
            ],
            [
              77.054728,
              9.9510762
            ],
            [
              77.054497,
              9.9512337
            ],
            [
              77.054368,
              9.9513006
            ],
            [
              77.0542392,
              9.951254
            ],
            [
              77.0541037,
              9.9511737
            ],
            [
              77.054,
              9.9510955
            ],
            [
              77.0538034,
              9.9508094
            ],
            [
              77.0537811,
              9.9507694
            ],
            [
              77.0531269,
              9.949597
            ],
            [
              77.0530029,
              9.9494349
            ],
            [
              77.052752,
              9.9493786
            ],
            [
              77.0525,
              9.9493455
            ],
            [
              77.0519315,
              9.9494532
            ],
            [
              77.0516197,
              9.9494247
            ],
            [
              77.0514981,
              9.9493059
            ],
            [
              77.0515024,
              9.9491909
            ],
            [
              77.0515343,
              9.9490896
            ],
            [
              77.0516159,
              9.9489153
            ],
            [
              77.0521678,
              9.9485255
            ],
            [
              77.0525283,
              9.9485359
            ],
            [
              77.0527316,
              9.9486664
            ],
            [
              77.0529795,
              9.9487825
            ],
            [
              77.0532435,
              9.9488743
            ],
            [
              77.0535023,
              9.9490365
            ],
            [
              77.0535682,
              9.9492721
            ],
            [
              77.0536817,
              9.949588
            ],
            [
              77.0537673,
              9.9498643
            ],
            [
              77.0539052,
              9.9500334
            ],
            [
              77.0541101,
              9.9501696
            ],
            [
              77.0541686,
              9.9503539
            ],
            [
              77.0543444,
              9.9505533
            ],
            [
              77.0545533,
              9.9506313
            ],
            [
              77.0546409,
              9.9506109
            ],
            [
              77.0546953,
              9.9505457
            ],
            [
              77.0547188,
              9.9504836
            ],
            [
              77.0547912,
              9.9504408
            ],
            [
              77.0548587,
              9.9503739
            ],
            [
              77.0549611,
              9.950302
            ],
            [
              77.0550446,
              9.9502685
            ],
            [
              77.0552092,
              9.9503002
            ],
            [
              77.0554258,
              9.9503871
            ],
            [
              77.05572,
              9.9503633
            ],
            [
              77.0561845,
              9.950301
            ],
            [
              77.0563143,
              9.9502475
            ],
            [
              77.0563965,
              9.9501426
            ],
            [
              77.0564478,
              9.9500727
            ],
            [
              77.0564755,
              9.9500154
            ],
            [
              77.0564413,
              9.9499482
            ],
            [
              77.0564885,
              9.9498501
            ],
            [
              77.0565974,
              9.949807
            ],
            [
              77.0567357,
              9.9497918
            ],
            [
              77.0568461,
              9.9497715
            ],
            [
              77.0569628,
              9.9497706
            ],
            [
              77.0570441,
              9.9497344
            ],
            [
              77.0571056,
              9.9496883
            ],
            [
              77.057153,
              9.9496024
            ],
            [
              77.0572218,
              9.949508
            ],
            [
              77.0572344,
              9.9493864
            ],
            [
              77.0572733,
              9.9493096
            ],
            [
              77.0573418,
              9.9492598
            ],
            [
              77.0574702,
              9.9492648
            ],
            [
              77.057587,
              9.9493245
            ],
            [
              77.0577409,
              9.9494017
            ],
            [
              77.0579669,
              9.9494584
            ],
            [
              77.0583026,
              9.9495215
            ],
            [
              77.0586539,
              9.9496113
            ],
            [
              77.0589924,
              9.9495824
            ],
            [
              77.0594666,
              9.9494774
            ],
            [
              77.05975,
              9.9493455
            ],
            [
              77.0602287,
              9.9491101
            ],
            [
              77.0602671,
              9.9489072
            ],
            [
              77.0602125,
              9.9487731
            ],
            [
              77.0599565,
              9.9486007
            ],
            [
              77.0596761,
              9.9484376
            ],
            [
              77.0596406,
              9.9482803
            ],
            [
              77.0596936,
              9.9481529
            ],
            [
              77.0598374,
              9.9480134
            ],
            [
              77.0600028,
              9.9479626
            ],
            [
              77.0603253,
              9.9481124
            ],
            [
              77.0606781,
              9.9482632
            ],
            [
              77.0609596,
              9.9482379
            ],
            [
              77.0610848,
              9.9481428
            ],
            [
              77.0611738,
              9.948063
            ],
            [
              77.0612232,
              9.9479747
            ],
            [
              77.0612544,
              9.9478099
            ],
            [
              77.0612826,
              9.9476722
            ],
            [
              77.0613491,
              9.9475917
            ],
            [
              77.0614231,
              9.9475618
            ],
            [
              77.061477,
              9.947567
            ],
            [
              77.0615038,
              9.9476005
            ],
            [
              77.0615311,
              9.9476528
            ],
            [
              77.06157,
              9.9477575
            ],
            [
              77.0616512,
              9.9478665
            ],
            [
              77.0617016,
              9.9478805
            ],
            [
              77.0617423,
              9.9479012
            ],
            [
              77.0617938,
              9.9478954
            ],
            [
              77.0618469,
              9.947871
            ],
            [
              77.0619098,
              9.9478404
            ],
            [
              77.0619651,
              9.9478241
            ],
            [
              77.0620499,
              9.9477937
            ],
            [
              77.062147,
              9.9477798
            ],
            [
              77.0622313,
              9.9478454
            ],
            [
              77.0622233,
              9.9479614
            ],
            [
              77.0621743,
              9.9481328
            ],
            [
              77.0621507,
              9.9482901
            ],
            [
              77.0621171,
              9.9484234
            ],
            [
              77.0620785,
              9.9485377
            ],
            [
              77.0620544,
              9.9486383
            ],
            [
              77.0620213,
              9.9486745
            ],
            [
              77.0619946,
              9.9486825
            ],
            [
              77.0619555,
              9.9486691
            ],
            [
              77.0618943,
              9.9486612
            ],
            [
              77.0618321,
              9.9486729
            ],
            [
              77.0617782,
              9.9487148
            ],
            [
              77.06171,
              9.9487899
            ],
            [
              77.0616302,
              9.9489146
            ],
            [
              77.0615578,
              9.9489706
            ],
            [
              77.0615005,
              9.9490187
            ],
            [
              77.0614422,
              9.9490758
            ],
            [
              77.0614347,
              9.9491456
            ],
            [
              77.0614406,
              9.9492064
            ],
            [
              77.0614516,
              9.9492485
            ],
            [
              77.0614846,
              9.9492783
            ],
            [
              77.0615418,
              9.9493277
            ],
            [
              77.0615994,
              9.9493813
            ],
            [
              77.0616683,
              9.949431
            ],
            [
              77.0617941,
              9.9494596
            ],
            [
              77.0618787,
              9.9494496
            ],
            [
              77.0619465,
              9.9494204
            ],
            [
              77.0622598,
              9.9494003
            ],
            [
              77.0624785,
              9.9494151
            ],
            [
              77.0626705,
              9.9494987
            ],
            [
              77.0627424,
              9.9495289
            ],
            [
              77.0628079,
              9.9495304
            ],
            [
              77.0629226,
              9.949526
            ],
            [
              77.0629637,
              9.9495612
            ],
            [
              77.0629973,
              9.9495988
            ],
            [
              77.0630196,
              9.9496341
            ],
            [
              77.0630123,
              9.949664
            ],
            [
              77.0629783,
              9.9496807
            ],
            [
              77.062899,
              9.949693
            ],
            [
              77.0628298,
              9.9497148
            ],
            [
              77.0627514,
              9.9497574
            ],
            [
              77.0626398,
              9.9498123
            ],
            [
              77.0624351,
              9.9499049
            ],
            [
              77.0622917,
              9.9499341
            ],
            [
              77.0622043,
              9.9499715
            ],
            [
              77.062059,
              9.9500644
            ],
            [
              77.0620016,
              9.9501218
            ],
            [
              77.0620032,
              9.9503228
            ],
            [
              77.0620562,
              9.9504894
            ],
            [
              77.0620231,
              9.9506267
            ],
            [
              77.0619433,
              9.9507598
            ],
            [
              77.0619593,
              9.9508927
            ],
            [
              77.0620458,
              9.9510511
            ],
            [
              77.0621597,
              9.9511533
            ],
            [
              77.0622797,
              9.9512193
            ],
            [
              77.0624896,
              9.9513075
            ],
            [
              77.0627125,
              9.9513945
            ],
            [
              77.0629566,
              9.9514487
            ],
            [
              77.0631086,
              9.9514287
            ],
            [
              77.0632634,
              9.9513683
            ],
            [
              77.0633549,
              9.9512896
            ],
            [
              77.0634217,
              9.9512333
            ],
            [
              77.0635252,
              9.9511929
            ],
            [
              77.063654,
              9.9511665
            ],
            [
              77.0637379,
              9.951149
            ],
            [
              77.063829,
              9.9511385
            ],
            [
              77.0638959,
              9.951134
            ],
            [
              77.063962,
              9.9511849
            ],
            [
              77.0640034,
              9.9512658
            ],
            [
              77.0639908,
              9.9514004
            ],
            [
              77.0639448,
              9.9515611
            ],
            [
              77.0638735,
              9.9517028
            ],
            [
              77.0638727,
              9.9517953
            ],
            [
              77.0639736,
              9.9520678
            ],
            [
              77.064053,
              9.952176
            ],
            [
              77.0641765,
              9.9522096
            ],
            [
              77.0643329,
              9.9522391
            ],
            [
              77.0645271,
              9.9522703
            ],
            [
              77.0646722,
              9.9523905
            ],
            [
              77.0648324,
              9.9524899
            ],
            [
              77.0648891,
              9.952488
            ],
            [
              77.0649835,
              9.952478
            ],
            [
              77.0650503,
              9.9524428
            ],
            [
              77.0651488,
              9.9523831
            ],
            [
              77.0652682,
              9.9523656
            ],
            [
              77.0653405,
              9.9523647
            ],
            [
              77.065368,
              9.9524126
            ],
            [
              77.065393,
              9.9524532
            ],
            [
              77.0653805,
              9.9525587
            ],
            [
              77.0652824,
              9.952628
            ],
            [
              77.0651267,
              9.9526691
            ],
            [
              77.0649915,
              9.9527648
            ],
            [
              77.0647867,
              9.9529689
            ],
            [
              77.0646042,
              9.9531414
            ],
            [
              77.0644801,
              9.9533194
            ],
            [
              77.0644532,
              9.9536484
            ],
            [
              77.0645461,
              9.9538189
            ],
            [
              77.0646586,
              9.9539986
            ],
            [
              77.0647802,
              9.9540548
            ],
            [
              77.0649836,
              9.954046
            ],
            [
              77.065206,
              9.9540613
            ],
            [
              77.0653961,
              9.9541729
            ],
            [
              77.0654073,
              9.9542935
            ],
            [
              77.0654152,
              9.9545752
            ],
            [
              77.0653303,
              9.9549894
            ],
            [
              77.0653567,
              9.9554219
            ],
            [
              77.0653229,
              9.9556348
            ],
            [
              77.0652891,
              9.9558012
            ],
            [
              77.0652704,
              9.95596
            ],
            [
              77.0653913,
              9.9560272
            ],
            [
              77.0655964,
              9.9560176
            ],
            [
              77.0658436,
              9.955983
            ],
            [
              77.06625,
              9.9558455
            ],
            [
              77.0667902,
              9.9555372
            ],
            [
              77.0671076,
              9.9551046
            ],
            [
              77.0675566,
              9.9547166
            ],
            [
              77.0688632,
              9.9535878
            ],
            [
              77.07,
              9.9523455
            ],
            [
              77.0701044,
              9.9520164
            ],
            [
              77.0700964,
              9.9517189
            ],
            [
              77.0702982,
              9.9506113
            ],
            [
              77.0705,
              9.9503455
            ],
            [
              77.0711406,
              9.9505681
            ],
            [
              77.071444,
              9.9504901
            ],
            [
              77.0716007,
              9.9503734
            ],
            [
              77.0716595,
              9.9501889
            ],
            [
              77.0716917,
              9.9499025
            ],
            [
              77.0717088,
              9.9494325
            ],
            [
              77.072,
              9.9488455
            ],
            [
              77.072272,
              9.9485116
            ],
            [
              77.0724652,
              9.9482947
            ],
            [
              77.072651,
              9.9482768
            ],
            [
              77.072877,
              9.9482596
            ],
            [
              77.0729649,
              9.9481811
            ],
            [
              77.0730625,
              9.9480041
            ],
            [
              77.0731346,
              9.947702
            ],
            [
              77.0731432,
              9.9474268
            ],
            [
              77.0730576,
              9.9472395
            ],
            [
              77.0730087,
              9.9470012
            ],
            [
              77.0729027,
              9.9468091
            ],
            [
              77.0726778,
              9.9466445
            ],
            [
              77.0724518,
              9.9465416
            ],
            [
              77.0723518,
              9.9464286
            ],
            [
              77.0723025,
              9.9463151
            ],
            [
              77.0722655,
              9.9461459
            ],
            [
              77.0722807,
              9.9460181
            ],
            [
              77.0723113,
              9.9459242
            ],
            [
              77.0722878,
              9.9457822
            ],
            [
              77.0722783,
              9.9456267
            ],
            [
              77.0722499,
              9.9455624
            ],
            [
              77.0722079,
              9.9455367
            ],
            [
              77.0720796,
              9.9455175
            ],
            [
              77.0719451,
              9.9455175
            ],
            [
              77.0718207,
              9.9454512
            ],
            [
              77.0716994,
              9.9453857
            ],
            [
              77.071647,
              9.9453062
            ],
            [
              77.07163,
              9.9452216
            ],
            [
              77.0716358,
              9.9451123
            ],
            [
              77.0716126,
              9.9449295
            ],
            [
              77.0715191,
              9.9446257
            ],
            [
              77.0714432,
              9.9444816
            ],
            [
              77.0713326,
              9.9443746
            ],
            [
              77.0712083,
              9.9442796
            ],
            [
              77.0710898,
              9.9442244
            ],
            [
              77.0709753,
              9.9442107
            ],
            [
              77.0708424,
              9.944144
            ],
            [
              77.0707531,
              9.9441183
            ],
            [
              77.0705679,
              9.9441574
            ],
            [
              77.0704522,
              9.9442159
            ],
            [
              77.0703725,
              9.9443297
            ],
            [
              77.0703557,
              9.9444539
            ],
            [
              77.0703285,
              9.9446459
            ],
            [
              77.0703168,
              9.9447804
            ],
            [
              77.0702899,
              9.9448809
            ],
            [
              77.0702559,
              9.9449223
            ],
            [
              77.0702184,
              9.9449199
            ],
            [
              77.070189,
              9.9448945
            ],
            [
              77.0701628,
              9.9448657
            ],
            [
              77.0700873,
              9.9448678
            ],
            [
              77.0700364,
              9.9448692
            ],
            [
              77.0699635,
              9.9448113
            ],
            [
              77.0699255,
              9.9447052
            ],
            [
              77.0698886,
              9.9446029
            ],
            [
              77.0698945,
              9.9445542
            ],
            [
              77.0699067,
              9.9445277
            ],
            [
              77.0698613,
              9.944471
            ],
            [
              77.0697975,
              9.9444222
            ],
            [
              77.069678,
              9.9443835
            ],
            [
              77.0695534,
              9.944386
            ],
            [
              77.0694639,
              9.9444265
            ],
            [
              77.0694091,
              9.9445281
            ],
            [
              77.0693442,
              9.9446824
            ],
            [
              77.0692857,
              9.9448129
            ],
            [
              77.0692104,
              9.9448943
            ],
            [
              77.0691763,
              9.9449964
            ],
            [
              77.0691229,
              9.9450835
            ],
            [
              77.0690887,
              9.9451086
            ],
            [
              77.0690593,
              9.9450909
            ],
            [
              77.0690519,
              9.9450303
            ],
            [
              77.069071,
              9.9449175
            ],
            [
              77.0690665,
              9.9447895
            ],
            [
              77.0690085,
              9.9446373
            ],
            [
              77.0689256,
              9.9445598
            ],
            [
              77.0688075,
              9.9445596
            ],
            [
              77.0686723,
              9.9445798
            ],
            [
              77.0684971,
              9.9446234
            ],
            [
              77.0683252,
              9.9447083
            ],
            [
              77.0681072,
              9.9448969
            ],
            [
              77.0679751,
              9.9450433
            ],
            [
              77.0678126,
              9.9452784
            ],
            [
              77.0677672,
              9.9453148
            ],
            [
              77.0677208,
              9.9453124
            ],
            [
              77.0676725,
              9.9452951
            ],
            [
              77.0676237,
              9.9452521
            ],
            [
              77.0676241,
              9.9452012
            ],
            [
              77.0676559,
              9.9451633
            ],
            [
              77.0676903,
              9.9451261
            ],
            [
              77.0676888,
              9.9450738
            ],
            [
              77.0677209,
              9.9450335
            ],
            [
              77.0677118,
              9.9449783
            ],
            [
              77.0676935,
              9.944913
            ],
            [
              77.0676985,
              9.9448592
            ],
            [
              77.0677556,
              9.9448072
            ],
            [
              77.0678028,
              9.9447382
            ],
            [
              77.0678182,
              9.9446278
            ],
            [
              77.0678185,
              9.9445451
            ],
            [
              77.0678822,
              9.9443461
            ],
            [
              77.0680102,
              9.9442399
            ],
            [
              77.0680781,
              9.9441939
            ],
            [
              77.0681087,
              9.944111
            ],
            [
              77.0681157,
              9.9439849
            ],
            [
              77.0680492,
              9.9438747
            ],
            [
              77.0679914,
              9.9437657
            ],
            [
              77.0679825,
              9.9436872
            ],
            [
              77.0679838,
              9.9436299
            ],
            [
              77.0680204,
              9.9435794
            ],
            [
              77.0680828,
              9.9435815
            ],
            [
              77.0681526,
              9.943571
            ],
            [
              77.0682473,
              9.9434692
            ],
            [
              77.0683403,
              9.9433276
            ],
            [
              77.0683572,
              9.9431015
            ],
            [
              77.0683584,
              9.9429101
            ],
            [
              77.0685198,
              9.942499
            ],
            [
              77.0685839,
              9.9424637
            ],
            [
              77.0686961,
              9.9424767
            ],
            [
              77.0687839,
              9.942549
            ],
            [
              77.0688127,
              9.9426265
            ],
            [
              77.0688045,
              9.9426968
            ],
            [
              77.0686874,
              9.9429387
            ],
            [
              77.0686068,
              9.9431576
            ],
            [
              77.0683021,
              9.9439546
            ],
            [
              77.0682462,
              9.9441375
            ],
            [
              77.0682759,
              9.9442746
            ],
            [
              77.0683371,
              9.9443312
            ],
            [
              77.0684245,
              9.9443221
            ],
            [
              77.0686237,
              9.9442441
            ],
            [
              77.068728,
              9.9442211
            ],
            [
              77.068855,
              9.9442145
            ],
            [
              77.0690077,
              9.9441577
            ],
            [
              77.0690846,
              9.9440375
            ],
            [
              77.0692882,
              9.9439013
            ],
            [
              77.0694006,
              9.9437798
            ],
            [
              77.0695259,
              9.9436714
            ],
            [
              77.0697351,
              9.9436572
            ],
            [
              77.0698568,
              9.9436081
            ],
            [
              77.0699653,
              9.9435247
            ],
            [
              77.0700314,
              9.9434331
            ],
            [
              77.0700426,
              9.9432928
            ],
            [
              77.0700779,
              9.9429314
            ],
            [
              77.070034,
              9.9426466
            ],
            [
              77.0700621,
              9.9424713
            ],
            [
              77.0705698,
              9.9421779
            ],
            [
              77.07131,
              9.9422366
            ],
            [
              77.071619,
              9.9424181
            ],
            [
              77.071816,
              9.9426343
            ],
            [
              77.0719433,
              9.9429906
            ],
            [
              77.0721053,
              9.943034
            ],
            [
              77.0722482,
              9.9429866
            ],
            [
              77.0723476,
              9.9429037
            ],
            [
              77.0724255,
              9.9425268
            ],
            [
              77.0724536,
              9.9419836
            ],
            [
              77.0724591,
              9.9416689
            ],
            [
              77.0724806,
              9.9415413
            ],
            [
              77.0725933,
              9.9414899
            ],
            [
              77.0726937,
              9.9415909
            ],
            [
              77.07275,
              9.9418456
            ],
            [
              77.0728662,
              9.9420037
            ],
            [
              77.0730903,
              9.9421554
            ],
            [
              77.0732762,
              9.9423221
            ],
            [
              77.0733599,
              9.9424873
            ],
            [
              77.0734637,
              9.9425914
            ],
            [
              77.073592,
              9.9425674
            ],
            [
              77.0737573,
              9.9421981
            ],
            [
              77.0737873,
              9.9419855
            ],
            [
              77.0737889,
              9.9418083
            ],
            [
              77.0739082,
              9.9416578
            ],
            [
              77.0739797,
              9.9413731
            ],
            [
              77.0739261,
              9.9412007
            ],
            [
              77.0739318,
              9.9409131
            ],
            [
              77.0739944,
              9.9407941
            ],
            [
              77.074075,
              9.9407696
            ],
            [
              77.0741148,
              9.940856
            ],
            [
              77.0741696,
              9.9410092
            ],
            [
              77.0743028,
              9.9410605
            ],
            [
              77.0744109,
              9.9410404
            ],
            [
              77.0745122,
              9.9409928
            ],
            [
              77.0745801,
              9.9410823
            ],
            [
              77.0747104,
              9.9410827
            ],
            [
              77.0748038,
              9.9410449
            ],
            [
              77.0749193,
              9.9410639
            ],
            [
              77.0749266,
              9.9411673
            ],
            [
              77.0748657,
              9.9413124
            ],
            [
              77.0749264,
              9.9414518
            ],
            [
              77.0752168,
              9.9416262
            ],
            [
              77.0757519,
              9.9417405
            ],
            [
              77.07625,
              9.9418456
            ],
            [
              77.0763801,
              9.9418228
            ],
            [
              77.0764408,
              9.9417143
            ],
            [
              77.0765107,
              9.9416409
            ],
            [
              77.0765928,
              9.9415041
            ],
            [
              77.0766085,
              9.9413039
            ],
            [
              77.0765767,
              9.9408026
            ],
            [
              77.0764182,
              9.9405227
            ],
            [
              77.0763628,
              9.9402432
            ],
            [
              77.0765554,
              9.9397864
            ],
            [
              77.07725,
              9.9393456
            ],
            [
              77.07875,
              9.9390956
            ],
            [
              77.0795,
              9.9395956
            ],
            [
              77.0796282,
              9.9395654
            ],
            [
              77.0797107,
              9.9394776
            ],
            [
              77.0797243,
              9.9393429
            ],
            [
              77.079664,
              9.9390991
            ],
            [
              77.0795738,
              9.9388866
            ],
            [
              77.0796559,
              9.938532
            ],
            [
              77.0797776,
              9.9382423
            ],
            [
              77.0799069,
              9.9381499
            ],
            [
              77.0800419,
              9.9382188
            ],
            [
              77.0802103,
              9.9385027
            ],
            [
              77.0804808,
              9.9387838
            ],
            [
              77.0805702,
              9.9391303
            ],
            [
              77.0806678,
              9.9392613
            ],
            [
              77.0807881,
              9.9393092
            ],
            [
              77.0810953,
              9.9392222
            ],
            [
              77.0814253,
              9.9391091
            ],
            [
              77.0823464,
              9.9393137
            ],
            [
              77.0836515,
              9.939271
            ],
            [
              77.08449,
              9.9389079
            ],
            [
              77.0847955,
              9.9387492
            ],
            [
              77.0856994,
              9.9386459
            ],
            [
              77.0860544,
              9.9385683
            ],
            [
              77.0864958,
              9.9383825
            ],
            [
              77.086688,
              9.9382057
            ],
            [
              77.086819,
              9.9379198
            ],
            [
              77.0868363,
              9.9375339
            ],
            [
              77.0869773,
              9.9370427
            ],
            [
              77.0870943,
              9.9365435
            ],
            [
              77.0873422,
              9.9361763
            ],
            [
              77.0878744,
              9.9357681
            ],
            [
              77.0884086,
              9.9355117
            ],
            [
              77.08925,
              9.9353456
            ],
            [
              77.0899119,
              9.9357507
            ],
            [
              77.0879846,
              9.9360913
            ],
            [
              77.0876596,
              9.936433
            ],
            [
              77.0875554,
              9.9367328
            ],
            [
              77.087539,
              9.936893
            ],
            [
              77.0876202,
              9.9382939
            ],
            [
              77.0875487,
              9.9386796
            ],
            [
              77.0871987,
              9.9391362
            ],
            [
              77.0863584,
              9.9394998
            ],
            [
              77.0854306,
              9.9395117
            ],
            [
              77.0847695,
              9.9397197
            ],
            [
              77.0842529,
              9.939821
            ],
            [
              77.0840096,
              9.939999
            ],
            [
              77.0839782,
              9.9401353
            ],
            [
              77.0839441,
              9.9401943
            ],
            [
              77.0838072,
              9.9402332
            ],
            [
              77.0836836,
              9.9402169
            ],
            [
              77.0835699,
              9.9402265
            ],
            [
              77.0832741,
              9.9402261
            ],
            [
              77.0826445,
              9.9401303
            ],
            [
              77.0821689,
              9.94031
            ],
            [
              77.0820825,
              9.9403004
            ],
            [
              77.0819987,
              9.940215
            ],
            [
              77.0819251,
              9.9401386
            ],
            [
              77.0818314,
              9.9401127
            ],
            [
              77.0816645,
              9.9402122
            ],
            [
              77.0813488,
              9.9401747
            ],
            [
              77.0810866,
              9.940241
            ],
            [
              77.0809701,
              9.9404562
            ],
            [
              77.0808511,
              9.9404937
            ],
            [
              77.0807586,
              9.9404674
            ],
            [
              77.0806416,
              9.9403798
            ],
            [
              77.0804904,
              9.9402716
            ],
            [
              77.0799157,
              9.9402265
            ],
            [
              77.0795525,
              9.9402684
            ],
            [
              77.0794657,
              9.9403463
            ],
            [
              77.0794393,
              9.9404409
            ],
            [
              77.0794389,
              9.9406213
            ],
            [
              77.0793537,
              9.9406607
            ],
            [
              77.0792798,
              9.9406708
            ],
            [
              77.0792127,
              9.9406481
            ],
            [
              77.0791801,
              9.9405799
            ],
            [
              77.07914,
              9.9405003
            ],
            [
              77.0789995,
              9.9403811
            ],
            [
              77.0786128,
              9.94017
            ],
            [
              77.0783213,
              9.9401293
            ],
            [
              77.0780775,
              9.9402948
            ],
            [
              77.0778431,
              9.940379
            ],
            [
              77.0777465,
              9.94054
            ],
            [
              77.0777909,
              9.9407291
            ],
            [
              77.0779615,
              9.9409852
            ],
            [
              77.0781007,
              9.9415763
            ],
            [
              77.0781437,
              9.9418787
            ],
            [
              77.0779653,
              9.942182
            ],
            [
              77.0777988,
              9.9424457
            ],
            [
              77.0776215,
              9.9426394
            ],
            [
              77.0774693,
              9.942802
            ],
            [
              77.0772486,
              9.9429364
            ],
            [
              77.0770487,
              9.9430335
            ],
            [
              77.0767555,
              9.9431058
            ],
            [
              77.076562,
              9.9431349
            ],
            [
              77.076448,
              9.9432673
            ],
            [
              77.0764367,
              9.943393
            ],
            [
              77.0765048,
              9.9435865
            ],
            [
              77.0764967,
              9.9436452
            ],
            [
              77.0764643,
              9.9436822
            ],
            [
              77.076407,
              9.9436934
            ],
            [
              77.0763428,
              9.9436699
            ],
            [
              77.0761864,
              9.9436212
            ],
            [
              77.0761123,
              9.9435632
            ],
            [
              77.0759111,
              9.9434896
            ],
            [
              77.0758075,
              9.943483
            ],
            [
              77.0757366,
              9.94349
            ],
            [
              77.0756529,
              9.9435692
            ],
            [
              77.0756387,
              9.9437
            ],
            [
              77.0755869,
              9.9439114
            ],
            [
              77.0754875,
              9.944081
            ],
            [
              77.0752966,
              9.9441852
            ],
            [
              77.075171,
              9.9442558
            ],
            [
              77.0750993,
              9.9443376
            ],
            [
              77.0750042,
              9.944446
            ],
            [
              77.074966,
              9.9445451
            ],
            [
              77.0750053,
              9.9446374
            ],
            [
              77.07525,
              9.9453455
            ],
            [
              77.076,
              9.9470955
            ],
            [
              77.0759249,
              9.9488455
            ],
            [
              77.0760291,
              9.9490825
            ],
            [
              77.0760794,
              9.9491817
            ],
            [
              77.0761615,
              9.9492715
            ],
            [
              77.0761956,
              9.9493183
            ],
            [
              77.0762381,
              9.9493375
            ],
            [
              77.0762816,
              9.9493047
            ],
            [
              77.0763495,
              9.9491985
            ],
            [
              77.0764608,
              9.9491243
            ],
            [
              77.0765229,
              9.9489777
            ],
            [
              77.0766434,
              9.9488675
            ],
            [
              77.0768366,
              9.948736
            ],
            [
              77.0769951,
              9.9486445
            ],
            [
              77.0770717,
              9.9486592
            ],
            [
              77.0770944,
              9.9487265
            ],
            [
              77.0770696,
              9.9488184
            ],
            [
              77.0770076,
              9.9490143
            ],
            [
              77.0768893,
              9.9491421
            ],
            [
              77.0767879,
              9.9492517
            ],
            [
              77.076795,
              9.9493601
            ],
            [
              77.07684,
              9.949406
            ],
            [
              77.0769536,
              9.949428
            ],
            [
              77.0770233,
              9.949459
            ],
            [
              77.0770434,
              9.9495233
            ],
            [
              77.0770059,
              9.9495827
            ],
            [
              77.0769756,
              9.9496859
            ],
            [
              77.076993,
              9.9497724
            ],
            [
              77.0770392,
              9.9498239
            ],
            [
              77.0771756,
              9.9498808
            ],
            [
              77.0772254,
              9.9499216
            ],
            [
              77.077237,
              9.9499896
            ],
            [
              77.0772135,
              9.9500452
            ],
            [
              77.0771502,
              9.9500813
            ],
            [
              77.0770697,
              9.9500718
            ],
            [
              77.0769273,
              9.9500346
            ],
            [
              77.0767954,
              9.9500865
            ],
            [
              77.0764195,
              9.9503219
            ],
            [
              77.076349,
              9.9504084
            ],
            [
              77.0763536,
              9.9505315
            ],
            [
              77.0764216,
              9.9506726
            ],
            [
              77.0764215,
              9.9507486
            ],
            [
              77.0763881,
              9.9507998
            ],
            [
              77.0763436,
              9.9508361
            ],
            [
              77.0762717,
              9.9508503
            ],
            [
              77.0760371,
              9.9507807
            ],
            [
              77.0757057,
              9.9507411
            ],
            [
              77.0754788,
              9.9507955
            ],
            [
              77.0750802,
              9.9510999
            ],
            [
              77.0748934,
              9.9511911
            ],
            [
              77.0748791,
              9.9512472
            ],
            [
              77.0749484,
              9.9513009
            ],
            [
              77.0751007,
              9.9513507
            ],
            [
              77.0751999,
              9.9513731
            ],
            [
              77.0753058,
              9.9514906
            ],
            [
              77.0754224,
              9.9516118
            ],
            [
              77.0754507,
              9.9517393
            ],
            [
              77.0754207,
              9.9518308
            ],
            [
              77.075353,
              9.9518864
            ],
            [
              77.0752265,
              9.9518859
            ],
            [
              77.0750963,
              9.9517971
            ],
            [
              77.0748349,
              9.9517591
            ],
            [
              77.0745684,
              9.9518405
            ],
            [
              77.0744159,
              9.9521854
            ],
            [
              77.0744513,
              9.9525573
            ],
            [
              77.0745039,
              9.9527442
            ],
            [
              77.0745565,
              9.9529311
            ],
            [
              77.0744815,
              9.9533228
            ],
            [
              77.0739811,
              9.9536907
            ],
            [
              77.0737112,
              9.9536997
            ],
            [
              77.0735862,
              9.9536208
            ],
            [
              77.0735529,
              9.9534862
            ],
            [
              77.073567,
              9.9533452
            ],
            [
              77.0735021,
              9.9530377
            ],
            [
              77.0731542,
              9.9526578
            ],
            [
              77.072918,
              9.9524585
            ],
            [
              77.072831,
              9.9523974
            ],
            [
              77.072777,
              9.9523811
            ],
            [
              77.0727421,
              9.9524215
            ],
            [
              77.0727334,
              9.9525598
            ],
            [
              77.0727085,
              9.9527772
            ],
            [
              77.0727315,
              9.9528809
            ],
            [
              77.0727717,
              9.9529238
            ],
            [
              77.0728122,
              9.9530206
            ],
            [
              77.0728292,
              9.9531369
            ],
            [
              77.0727424,
              9.9533512
            ],
            [
              77.0727142,
              9.9534828
            ],
            [
              77.0727111,
              9.9535598
            ],
            [
              77.0727381,
              9.953628
            ],
            [
              77.0727828,
              9.9536866
            ],
            [
              77.072815,
              9.9539772
            ],
            [
              77.0728064,
              9.9541146
            ],
            [
              77.0726883,
              9.9541933
            ],
            [
              77.0724941,
              9.9542506
            ],
            [
              77.0724088,
              9.9542992
            ],
            [
              77.0723811,
              9.9543678
            ],
            [
              77.0724151,
              9.954447
            ],
            [
              77.0725554,
              9.9545813
            ],
            [
              77.0729034,
              9.9553974
            ],
            [
              77.0727352,
              9.956013
            ],
            [
              77.0725,
              9.9560955
            ],
            [
              77.07225,
              9.9563455
            ],
            [
              77.06875,
              9.9590955
            ],
            [
              77.0678317,
              9.9596863
            ],
            [
              77.0677275,
              9.9597541
            ],
            [
              77.0676579,
              9.9597242
            ],
            [
              77.0676497,
              9.9596025
            ],
            [
              77.0676743,
              9.9595229
            ],
            [
              77.0677215,
              9.9593967
            ],
            [
              77.0677952,
              9.9592457
            ],
            [
              77.0679114,
              9.9591045
            ]
          ]
        ]
      }
    },
    {
      "type": "Feature",
      "id": 803214021,
      "properties": {
        "name": "Ilaveezhapoonchira Check Dam",
        "natural": "water",
        "water": "reservoir"
      },
      "geometry": {
        "type": "Polygon",
        "coordinates": [
          [
            [
              76.7819479,
              9.80271
            ],
            [
              76.7820291,
              9.80275
            ],
            [
              76.782187,
              9.8027678
            ],
            [
              76.782381,
              9.8026166
            ],
            [
              76.7826516,
              9.8024877
            ],
            [
              76.7828591,
              9.8024077
            ],
            [
              76.7829584,
              9.8022077
            ],
            [
              76.7831163,
              9.8019854
            ],
            [
              76.7833193,
              9.8017987
            ],
            [
              76.7833148,
              9.8016609
            ],
            [
              76.7831839,
              9.8016565
            ],
            [
              76.7829358,
              9.8018476
            ],
            [
              76.782787,
              9.801981
            ],
            [
              76.7827103,
              9.8021588
            ],
            [
              76.7825344,
              9.8023321
            ],
            [
              76.7823539,
              9.8024388
            ],
            [
              76.782169,
              9.8025455
            ],
            [
              76.7820291,
              9.8026122
            ],
            [
              76.7819479,
              9.80271
            ]
          ]
        ]
      }
    },
    {
      "type": "Feature",
      "id": 806268235,
      "properties": {
        "name": "Vattamedu Bhagam No.5/6",
        "natural": "water",
        "water": "reservoir"
      },
      "geometry": {
        "type": "Polygon",
        "coordinates": [
          [
            [
              76.9881513,
              9.8551672
            ],
            [
              76.9881785,
              9.8551789
            ],
            [
              76.9881892,
              9.8551485
            ],
            [
              76.9882034,
              9.8551742
            ],
            [
              76.988214,
              9.8551497
            ],
            [
              76.9882282,
              9.855166
            ],
            [
              76.9882448,
              9.8551637
            ],
            [
              76.988265,
              9.8551684
            ],
            [
              76.9882756,
              9.8552022
            ],
            [
              76.9883076,
              9.8552092
            ],
            [
              76.9882697,
              9.8552127
            ],
            [
              76.988278,
              9.8552465
            ],
            [
              76.9883123,
              9.8552561
            ],
            [
              76.9883183,
              9.855208
            ],
            [
              76.988304,
              9.8551695
            ],
            [
              76.9883408,
              9.8551777
            ],
            [
              76.9883526,
              9.8551438
            ],
            [
              76.9883834,
              9.8551473
            ],
            [
              76.9884083,
              9.8551333
            ],
            [
              76.9884331,
              9.8551532
            ],
            [
              76.9884414,
              9.8551754
            ],
            [
              76.9884248,
              9.8551859
            ],
            [
              76.9884331,
              9.8552045
            ],
            [
              76.9884521,
              9.8551917
            ],
            [
              76.9884651,
              9.855222
            ],
            [
              76.9884426,
              9.8552407
            ],
            [
              76.9884225,
              9.8552524
            ],
            [
              76.9884012,
              9.8552512
            ],
            [
              76.9883846,
              9.8552605
            ],
            [
              76.9883621,
              9.855271
            ],
            [
              76.9883325,
              9.8552675
            ],
            [
              76.9883147,
              9.8552815
            ],
            [
              76.9882969,
              9.8553037
            ],
            [
              76.9882519,
              9.8552967
            ],
            [
              76.9882306,
              9.855285
            ],
            [
              76.9881974,
              9.8552605
            ],
            [
              76.9881524,
              9.8552197
            ],
            [
              76.9881513,
              9.8551672
            ]
          ]
        ]
      }
    },
    {
      "type": "Feature",
      "id": 806368765,
      "properties": {
        "name": "Kallidukki",
        "natural": "water",
        "water": "pond"
      },
      "geometry": {
        "type": "Polygon",
        "coordinates": [
          [
            [
              77.0116725,
              9.8743564
            ],
            [
              77.0116881,
              9.8743789
            ],
            [
              77.0117251,
              9.8743943
            ],
            [
              77.0117578,
              9.8743887
            ],
            [
              77.0117834,
              9.8743607
            ],
            [
              77.0117891,
              9.8743312
            ],
            [
              77.0117819,
              9.8743032
            ],
            [
              77.0117606,
              9.8742822
            ],
            [
              77.0117322,
              9.874278
            ],
            [
              77.0117152,
              9.874278
            ],
            [
              77.0117024,
              9.8742962
            ],
            [
              77.0117083,
              9.8743168
            ],
            [
              77.0116967,
              9.8743382
            ],
            [
              77.011691,
              9.8743522
            ],
            [
              77.0116725,
              9.8743564
            ]
          ]
        ]
      }
    },
    {
      "type": "Feature",
      "id": 931090575,
      "properties": {
        "natural": "water",
        "water": "reservoir"
      },
      "geometry": {
        "type": "Polygon",
        "coordinates": [
          [
            [
              77.0371235,
              9.8613307
            ],
            [
              77.0371991,
              9.8614813
            ],
            [
              77.0373841,
              9.8613862
            ],
            [
              77.0373101,
              9.8612578
            ],
            [
              77.0371235,
              9.8613307
            ]
          ]
        ]
      }
    },
    {
      "type": "Feature",
      "id": 977114282,
      "properties": {
        "name": "Pazhukkekkekkanam Thottumukk Check Dam",
        "natural": "water",
        "water": "reservoir"
      },
      "geometry": {
        "type": "Polygon",
        "coordinates": [
          [
            [
              76.8201753,
              9.768971
            ],
            [
              76.8201404,
              9.7689076
            ],
            [
              76.8201029,
              9.7688917
            ],
            [
              76.8202585,
              9.7686789
            ],
            [
              76.8203161,
              9.7687225
            ],
            [
              76.820355,
              9.7687635
            ],
            [
              76.8203389,
              9.7688296
            ],
            [
              76.8202491,
              9.7689538
            ],
            [
              76.8202139,
              9.7689814
            ],
            [
              76.8201968,
              9.7689948
            ],
            [
              76.8201753,
              9.768971
            ]
          ]
        ]
      }
    },
    {
      "type": "Feature",
      "id": 1167935526,
      "properties": {
        "intermittent": "yes",
        "natural": "water",
        "water": "reservoir"
      },
      "geometry": {
        "type": "Polygon",
        "coordinates": [
          [
            [
              77.048483,
              9.8619293
            ],
            [
              77.0485376,
              9.8619764
            ],
            [
              77.0485923,
              9.8619352
            ],
            [
              77.0486102,
              9.8619142
            ],
            [
              77.0485991,
              9.861883
            ],
            [
              77.0485573,
              9.8618654
            ],
            [
              77.048483,
              9.8619293
            ]
          ]
        ]
      }
    },
    {
      "type": "Feature",
      "id": 1168494133,
      "properties": {
        "natural": "water",
        "water": "reservoir"
      },
      "geometry": {
        "type": "Polygon",
        "coordinates": [
          [
            [
              77.0486917,
              9.8617324
            ],
            [
              77.0487332,
              9.8617683
            ],
            [
              77.0487617,
              9.8617481
            ],
            [
              77.0487884,
              9.8617168
            ],
            [
              77.0487651,
              9.8616865
            ],
            [
              77.0487276,
              9.8616792
            ],
            [
              77.0486917,
              9.8617324
            ]
          ]
        ]
      }
    },
    {
      "type": "Feature",
      "id": 1187231650,
      "properties": {
        "natural": "water",
        "water": "reservoir"
      },
      "geometry": {
        "type": "Polygon",
        "coordinates": [
          [
            [
              76.9935966,
              9.8376465
            ],
            [
              76.9934744,
              9.8375602
            ],
            [
              76.9934619,
              9.8375337
            ],
            [
              76.9935033,
              9.837528
            ],
            [
              76.9935321,
              9.83751
            ],
            [
              76.9936062,
              9.8374607
            ],
            [
              76.9936476,
              9.8374181
            ],
            [
              76.993713,
              9.8373527
            ],
            [
              76.9937534,
              9.8373375
            ],
            [
              76.9937899,
              9.8373375
            ],
            [
              76.9938015,
              9.8373441
            ],
            [
              76.9937832,
              9.8373754
            ],
            [
              76.9938015,
              9.8374086
            ],
            [
              76.9937842,
              9.8374162
            ],
            [
              76.9937707,
              9.837438
            ],
            [
              76.9937572,
              9.8374607
            ],
            [
              76.9937601,
              9.8374721
            ],
            [
              76.9937447,
              9.8374863
            ],
            [
              76.9937621,
              9.8375005
            ],
            [
              76.9937649,
              9.837509
            ],
            [
              76.9937303,
              9.837527
            ],
            [
              76.9936995,
              9.8375109
            ],
            [
              76.9936726,
              9.837528
            ],
            [
              76.9936582,
              9.8375507
            ],
            [
              76.9936322,
              9.8375858
            ],
            [
              76.993613,
              9.8376228
            ],
            [
              76.9936072,
              9.8376408
            ],
            [
              76.9935966,
              9.8376465
            ]
          ]
        ]
      }
    },
    {
      "type": "Feature",
      "id": 1504288012,
      "properties": {
        "natural": "water",
        "water": "reservoir"
      },
      "geometry": {
        "type": "Polygon",
        "coordinates": [
          [
            [
              76.9614011,
              10.0780552
            ],
            [
              76.9614359,
              10.0778462
            ],
            [
              76.9615518,
              10.0771499
            ],
            [
              76.9617659,
              10.0772299
            ],
            [
              76.9618249,
              10.077259
            ],
            [
              76.9618115,
              10.0774227
            ],
            [
              76.9618303,
              10.0776921
            ],
            [
              76.961782,
              10.0778373
            ],
            [
              76.9616801,
              10.0779773
            ],
            [
              76.961672,
              10.0780592
            ],
            [
              76.9616198,
              10.0780673
            ],
            [
              76.9614816,
              10.0780882
            ],
            [
              76.9614011,
              10.0780552
            ]
          ]
        ]
      }
    },
    {
      "type": "Feature",
      "id": 115553485,
      "properties": {},
      "geometry": {
        "type": "Polygon",
        "coordinates": [
          [
            [
              76.7445221,
              9.8461637
            ],
            [
              76.7444319,
              9.8464239
            ],
            [
              76.7444265,
              9.8466882
            ],
            [
              76.7442977,
              9.8469102
            ],
            [
              76.7443644,
              9.8470707
            ],
            [
              76.7437868,
              9.8474558
            ],
            [
              76.7437937,
              9.8475468
            ],
            [
              76.7439991,
              9.8476526
            ],
            [
              76.7444372,
              9.8475894
            ],
            [
              76.7448524,
              9.8476383
            ],
            [
              76.7449742,
              9.8477217
            ],
            [
              76.7450678,
              9.847842
            ],
            [
              76.7451188,
              9.8480245
            ],
            [
              76.7450522,
              9.8481712
            ],
            [
              76.7443246,
              9.8482448
            ],
            [
              76.7440592,
              9.8483481
            ],
            [
              76.7437872,
              9.8489417
            ],
            [
              76.7439383,
              9.8489662
            ],
            [
              76.7441632,
              9.8488481
            ],
            [
              76.7447356,
              9.8491024
            ],
            [
              76.7448878,
              9.8493864
            ],
            [
              76.7447935,
              9.849486
            ],
            [
              76.7447235,
              9.8501857
            ],
            [
              76.7439733,
              9.8507301
            ],
            [
              76.7438431,
              9.8507498
            ],
            [
              76.7436355,
              9.8508975
            ],
            [
              76.7435628,
              9.8509546
            ],
            [
              76.7436319,
              9.8510429
            ],
            [
              76.7436931,
              9.8509912
            ],
            [
              76.7448242,
              9.8527332
            ],
            [
              76.7451559,
              9.8531972
            ],
            [
              76.7455904,
              9.8537971
            ],
            [
              76.7459574,
              9.853851
            ],
            [
              76.7464675,
              9.8535217
            ],
            [
              76.7471409,
              9.8532711
            ],
            [
              76.7475486,
              9.8532341
            ],
            [
              76.7478811,
              9.853435
            ],
            [
              76.7478973,
              9.8539212
            ],
            [
              76.7478275,
              9.8542436
            ],
            [
              76.7477122,
              9.8543334
            ],
            [
              76.7477417,
              9.8545026
            ],
            [
              76.7480689,
              9.8545607
            ],
            [
              76.7481708,
              9.8547298
            ],
            [
              76.7481279,
              9.8551791
            ],
            [
              76.7476639,
              9.8557102
            ],
            [
              76.7476854,
              9.8559534
            ],
            [
              76.74757,
              9.8561172
            ],
            [
              76.7478275,
              9.8563154
            ],
            [
              76.7479992,
              9.8560934
            ],
            [
              76.748372,
              9.8558688
            ],
            [
              76.7487717,
              9.8556019
            ],
            [
              76.7488146,
              9.8553746
            ],
            [
              76.7488575,
              9.8551527
            ],
            [
              76.7491418,
              9.855158
            ],
            [
              76.7492705,
              9.8552796
            ],
            [
              76.7493322,
              9.8554592
            ],
            [
              76.7494476,
              9.8555596
            ],
            [
              76.7496461,
              9.855483
            ],
            [
              76.7498204,
              9.8553561
            ],
            [
              76.749984,
              9.8551157
            ],
            [
              76.7504802,
              9.8551184
            ],
            [
              76.7509791,
              9.8550232
            ],
            [
              76.7516229,
              9.8546268
            ],
            [
              76.752044,
              9.8546215
            ],
            [
              76.7521968,
              9.8544814
            ],
            [
              76.7523792,
              9.8544497
            ],
            [
              76.7524383,
              9.8542356
            ],
            [
              76.7527762,
              9.8541432
            ],
            [
              76.7530214,
              9.8540054
            ],
            [
              76.7529532,
              9.8538551
            ],
            [
              76.7528003,
              9.8537309
            ],
            [
              76.7527954,
              9.8535575
            ],
            [
              76.7527977,
              9.8534112
            ],
            [
              76.7529988,
              9.853205
            ],
            [
              76.7529237,
              9.8531469
            ],
            [
              76.7527331,
              9.8531429
            ],
            [
              76.7521915,
              9.8532526
            ],
            [
              76.7520735,
              9.8533953
            ],
            [
              76.7518669,
              9.8536596
            ],
            [
              76.7515397,
              9.8538287
            ],
            [
              76.7509255,
              9.8540718
            ],
            [
              76.7507136,
              9.8543942
            ],
            [
              76.7503917,
              9.8544418
            ],
            [
              76.7502737,
              9.8542885
            ],
            [
              76.7500269,
              9.8542383
            ],
            [
              76.7497373,
              9.8543969
            ],
            [
              76.7494422,
              9.8543176
            ],
            [
              76.7490131,
              9.854048
            ],
            [
              76.7486858,
              9.8537785
            ],
            [
              76.7485034,
              9.8534931
            ],
            [
              76.7486376,
              9.852954
            ],
            [
              76.748777,
              9.8525999
            ],
            [
              76.7492759,
              9.8520237
            ],
            [
              76.7497265,
              9.8519286
            ],
            [
              76.7500403,
              9.8517146
            ],
            [
              76.7503729,
              9.8516802
            ],
            [
              76.7505177,
              9.8515983
            ],
            [
              76.7505982,
              9.851482
            ],
            [
              76.7506653,
              9.8514001
            ],
            [
              76.7506734,
              9.8513129
            ],
            [
              76.7505929,
              9.8512231
            ],
            [
              76.7503837,
              9.8510222
            ],
            [
              76.7503756,
              9.8505122
            ],
            [
              76.7501788,
              9.8502523
            ],
            [
              76.7501637,
              9.8500418
            ],
            [
              76.7499873,
              9.8499018
            ],
            [
              76.7498236,
              9.8497819
            ],
            [
              76.749815,
              9.849685
            ],
            [
              76.7499019,
              9.8495089
            ],
            [
              76.7500806,
              9.8495555
            ],
            [
              76.7502918,
              9.8495832
            ],
            [
              76.7506278,
              9.8495344
            ],
            [
              76.7508048,
              9.8496084
            ],
            [
              76.750845,
              9.8496771
            ],
            [
              76.7510277,
              9.8496865
            ],
            [
              76.7510448,
              9.8495621
            ],
            [
              76.7510596,
              9.8494934
            ],
            [
              76.7509147,
              9.8493124
            ],
            [
              76.7506913,
              9.8491657
            ],
            [
              76.750442,
              9.848966
            ],
            [
              76.7504731,
              9.8487511
            ],
            [
              76.750617,
              9.8485857
            ],
            [
              76.7511293,
              9.8483875
            ],
            [
              76.7513895,
              9.8482923
            ],
            [
              76.7514698,
              9.8481801
            ],
            [
              76.7514002,
              9.8480307
            ],
            [
              76.7513927,
              9.8478604
            ],
            [
              76.7514297,
              9.8477321
            ],
            [
              76.7512608,
              9.8477532
            ],
            [
              76.7509952,
              9.8477823
            ],
            [
              76.7509174,
              9.847859
            ],
            [
              76.7508048,
              9.8480043
            ],
            [
              76.7503139,
              9.8477876
            ],
            [
              76.749882,
              9.8478273
            ],
            [
              76.7496756,
              9.8478748
            ],
            [
              76.749469,
              9.847814
            ],
            [
              76.7493966,
              9.847629
            ],
            [
              76.7494691,
              9.8474097
            ],
            [
              76.7496058,
              9.8470635
            ],
            [
              76.7498392,
              9.8468283
            ],
            [
              76.7500538,
              9.8467226
            ],
            [
              76.7502549,
              9.8465244
            ],
            [
              76.7503783,
              9.8463367
            ],
            [
              76.7504802,
              9.8463341
            ],
            [
              76.750629,
              9.8462634
            ],
            [
              76.7507404,
              9.8461385
            ],
            [
              76.750753,
              9.845996
            ],
            [
              76.7506438,
              9.8459139
            ],
            [
              76.7505714,
              9.845795
            ],
            [
              76.7505811,
              9.8455741
            ],
            [
              76.7507243,
              9.8454567
            ],
            [
              76.7509645,
              9.8452865
            ],
            [
              76.7509701,
              9.8451747
            ],
            [
              76.7508289,
              9.845092
            ],
            [
              76.7507404,
              9.8449387
            ],
            [
              76.7506944,
              9.8448035
            ],
            [
              76.7506251,
              9.8446983
            ],
            [
              76.7506465,
              9.8446295
            ],
            [
              76.750735,
              9.8446058
            ],
            [
              76.7509308,
              9.8446586
            ],
            [
              76.751081,
              9.8446049
            ],
            [
              76.7511722,
              9.8445106
            ],
            [
              76.7512608,
              9.8443917
            ],
            [
              76.7512768,
              9.8441829
            ],
            [
              76.7513525,
              9.8440182
            ],
            [
              76.7514271,
              9.843953
            ],
            [
              76.7515504,
              9.8440825
            ],
            [
              76.7515933,
              9.8442094
            ],
            [
              76.7514753,
              9.8445556
            ],
            [
              76.7514753,
              9.8447775
            ],
            [
              76.7515174,
              9.8449274
            ],
            [
              76.7514442,
              9.8452384
            ],
            [
              76.7516631,
              9.8454673
            ],
            [
              76.7518293,
              9.8456391
            ],
            [
              76.7519769,
              9.8460751
            ],
            [
              76.7520091,
              9.8463869
            ],
            [
              76.7519742,
              9.8467279
            ],
            [
              76.7519394,
              9.8469049
            ],
            [
              76.7521164,
              9.8470133
            ],
            [
              76.7522987,
              9.8470978
            ],
            [
              76.75239,
              9.8469974
            ],
            [
              76.7524222,
              9.8468415
            ],
            [
              76.7524731,
              9.8467464
            ],
            [
              76.7525938,
              9.8467886
            ],
            [
              76.7527065,
              9.8469049
            ],
            [
              76.7528272,
              9.8469419
            ],
            [
              76.7529291,
              9.8468891
            ],
            [
              76.7530096,
              9.8467094
            ],
            [
              76.7531463,
              9.846564
            ],
            [
              76.7537836,
              9.8463021
            ],
            [
              76.7538016,
              9.8460639
            ],
            [
              76.7536184,
              9.8460117
            ],
            [
              76.7533395,
              9.8461306
            ],
            [
              76.7529425,
              9.8460778
            ],
            [
              76.7527279,
              9.845869
            ],
            [
              76.7527333,
              9.8456998
            ],
            [
              76.7525965,
              9.8454118
            ],
            [
              76.7525563,
              9.8451449
            ],
            [
              76.7527789,
              9.845063
            ],
            [
              76.7528433,
              9.844944
            ],
            [
              76.7528164,
              9.8447881
            ],
            [
              76.7528781,
              9.8446692
            ],
            [
              76.7528138,
              9.8444366
            ],
            [
              76.7528464,
              9.8442251
            ],
            [
              76.7525884,
              9.8440244
            ],
            [
              76.752457,
              9.8439081
            ],
            [
              76.752457,
              9.8437707
            ],
            [
              76.7525105,
              9.8436278
            ],
            [
              76.7525992,
              9.8434033
            ],
            [
              76.7525724,
              9.8431496
            ],
            [
              76.7526555,
              9.8430069
            ],
            [
              76.7528084,
              9.842851
            ],
            [
              76.7529666,
              9.8427453
            ],
            [
              76.7533303,
              9.8430059
            ],
            [
              76.7535192,
              9.842925
            ],
            [
              76.7536372,
              9.8428827
            ],
            [
              76.7537349,
              9.8429698
            ],
            [
              76.7539456,
              9.8433716
            ],
            [
              76.7539269,
              9.8436835
            ],
            [
              76.7539376,
              9.8437839
            ],
            [
              76.7540208,
              9.8438333
            ],
            [
              76.7541629,
              9.8438129
            ],
            [
              76.7542757,
              9.8436878
            ],
            [
              76.754474,
              9.8435434
            ],
            [
              76.7544633,
              9.8432527
            ],
            [
              76.7545223,
              9.8430783
            ],
            [
              76.7545974,
              9.8429646
            ],
            [
              76.7548174,
              9.8429171
            ],
            [
              76.755107,
              9.8429329
            ],
            [
              76.7552116,
              9.8427797
            ],
            [
              76.7552707,
              9.8426449
            ],
            [
              76.7554074,
              9.8425999
            ],
            [
              76.7555684,
              9.8426713
            ],
            [
              76.7556542,
              9.8428378
            ],
            [
              76.7556488,
              9.8429831
            ],
            [
              76.7556086,
              9.8431391
            ],
            [
              76.7555737,
              9.8433478
            ],
            [
              76.7554691,
              9.8434615
            ],
            [
              76.7554182,
              9.8436147
            ],
            [
              76.7554665,
              9.8437786
            ],
            [
              76.7554611,
              9.8439662
            ],
            [
              76.7553002,
              9.8441829
            ],
            [
              76.7550373,
              9.8442569
            ],
            [
              76.7547154,
              9.8444763
            ],
            [
              76.7546859,
              9.8446031
            ],
            [
              76.7548066,
              9.8446533
            ],
            [
              76.7551312,
              9.8447379
            ],
            [
              76.7552707,
              9.8448595
            ],
            [
              76.7552707,
              9.8450762
            ],
            [
              76.7552063,
              9.8452876
            ],
            [
              76.7550614,
              9.8454409
            ],
            [
              76.7543251,
              9.8461293
            ],
            [
              76.7542916,
              9.8462866
            ],
            [
              76.7544848,
              9.8465006
            ],
            [
              76.7544124,
              9.8467437
            ],
            [
              76.7544177,
              9.8468811
            ],
            [
              76.7545411,
              9.8469842
            ],
            [
              76.754702,
              9.8467992
            ],
            [
              76.7549756,
              9.8464107
            ],
            [
              76.7554316,
              9.8458875
            ],
            [
              76.7556381,
              9.8458928
            ],
            [
              76.7557615,
              9.8458928
            ],
            [
              76.7560752,
              9.8458188
            ],
            [
              76.7563301,
              9.8458453
            ],
            [
              76.7564589,
              9.8461385
            ],
            [
              76.7565393,
              9.8463552
            ],
            [
              76.7567164,
              9.8462945
            ],
            [
              76.7567861,
              9.8459694
            ],
            [
              76.7569095,
              9.8457131
            ],
            [
              76.7570141,
              9.8455994
            ],
            [
              76.7572126,
              9.8455598
            ],
            [
              76.7573574,
              9.8456258
            ],
            [
              76.7574701,
              9.8458611
            ],
            [
              76.7576203,
              9.8459007
            ],
            [
              76.7577624,
              9.8459245
            ],
            [
              76.7580414,
              9.8458531
            ],
            [
              76.7582613,
              9.8456787
            ],
            [
              76.7579314,
              9.8451898
            ],
            [
              76.7579582,
              9.8450233
            ],
            [
              76.7578536,
              9.8449282
            ],
            [
              76.7573172,
              9.8449731
            ],
            [
              76.7571241,
              9.8446903
            ],
            [
              76.757006,
              9.8446243
            ],
            [
              76.7569578,
              9.8447035
            ],
            [
              76.7569336,
              9.8449441
            ],
            [
              76.7568317,
              9.8450656
            ],
            [
              76.7566627,
              9.8451026
            ],
            [
              76.7565125,
              9.8452374
            ],
            [
              76.7563355,
              9.8452268
            ],
            [
              76.7561853,
              9.8451
            ],
            [
              76.7560672,
              9.8448146
            ],
            [
              76.7560699,
              9.8446216
            ],
            [
              76.7561451,
              9.8443679
            ],
            [
              76.7561451,
              9.844101
            ],
            [
              76.7561129,
              9.8439424
            ],
            [
              76.7561853,
              9.8437707
            ],
            [
              76.7562926,
              9.8436676
            ],
            [
              76.7564455,
              9.8436412
            ],
            [
              76.7565769,
              9.8439054
            ],
            [
              76.7566252,
              9.8442279
            ],
            [
              76.7567754,
              9.8443362
            ],
            [
              76.75688,
              9.8443891
            ],
            [
              76.7570007,
              9.8442913
            ],
            [
              76.7570704,
              9.8439557
            ],
            [
              76.7570543,
              9.8437786
            ],
            [
              76.7572823,
              9.8436782
            ],
            [
              76.7574245,
              9.8436306
            ],
            [
              76.7575371,
              9.8435592
            ],
            [
              76.7575666,
              9.8434483
            ],
            [
              76.7575076,
              9.8433505
            ],
            [
              76.7573895,
              9.8432078
            ],
            [
              76.7575263,
              9.8429858
            ],
            [
              76.757639,
              9.8426845
            ],
            [
              76.7577829,
              9.8425471
            ],
            [
              76.7580946,
              9.8424704
            ],
            [
              76.7582184,
              9.8423594
            ],
            [
              76.7582504,
              9.8422093
            ],
            [
              76.7579663,
              9.8418811
            ],
            [
              76.7579395,
              9.8415825
            ],
            [
              76.7579904,
              9.841268
            ],
            [
              76.7579985,
              9.8409773
            ],
            [
              76.7580521,
              9.8407421
            ],
            [
              76.758087,
              9.8405439
            ],
            [
              76.7582238,
              9.840462
            ],
            [
              76.7583472,
              9.840454
            ],
            [
              76.7585295,
              9.8406522
            ],
            [
              76.7586046,
              9.840898
            ],
            [
              76.7587092,
              9.8410275
            ],
            [
              76.7588702,
              9.8412046
            ],
            [
              76.759066,
              9.8413367
            ],
            [
              76.759176,
              9.8414345
            ],
            [
              76.7592028,
              9.8411676
            ],
            [
              76.7591599,
              9.8410407
            ],
            [
              76.7590686,
              9.8407738
            ],
            [
              76.7592055,
              9.840351
            ],
            [
              76.7593771,
              9.8402056
            ],
            [
              76.7593905,
              9.8400153
            ],
            [
              76.7597231,
              9.8399889
            ],
            [
              76.7598331,
              9.8397511
            ],
            [
              76.7600825,
              9.8395396
            ],
            [
              76.7604821,
              9.8393388
            ],
            [
              76.760737,
              9.8392833
            ],
            [
              76.7609167,
              9.8392199
            ],
            [
              76.7611071,
              9.8392252
            ],
            [
              76.7612064,
              9.8395079
            ],
            [
              76.7612064,
              9.839722
            ],
            [
              76.7611608,
              9.83987
            ],
            [
              76.7610078,
              9.8399836
            ],
            [
              76.760863,
              9.8401845
            ],
            [
              76.7611474,
              9.8402955
            ],
            [
              76.7611715,
              9.8404725
            ],
            [
              76.7610267,
              9.8406892
            ],
            [
              76.7609945,
              9.8407817
            ],
            [
              76.7610642,
              9.8408663
            ],
            [
              76.7611742,
              9.8408637
            ],
            [
              76.7613244,
              9.8408267
            ],
            [
              76.7615256,
              9.840898
            ],
            [
              76.7616865,
              9.8411464
            ],
            [
              76.7618662,
              9.8414266
            ],
            [
              76.7620245,
              9.8415006
            ],
            [
              76.7621854,
              9.8414636
            ],
            [
              76.762408,
              9.8413129
            ],
            [
              76.7623356,
              9.8411887
            ],
            [
              76.7621157,
              9.8412151
            ],
            [
              76.7620486,
              9.8410487
            ],
            [
              76.7619064,
              9.84061
            ],
            [
              76.7620701,
              9.8404752
            ],
            [
              76.7621613,
              9.8404012
            ],
            [
              76.7622229,
              9.8403034
            ],
            [
              76.7620835,
              9.8402928
            ],
            [
              76.7619172,
              9.8402135
            ],
            [
              76.761944,
              9.8400127
            ],
            [
              76.7619467,
              9.8398832
            ],
            [
              76.7617831,
              9.8397035
            ],
            [
              76.7617938,
              9.8395317
            ],
            [
              76.7618474,
              9.8393864
            ],
            [
              76.7620271,
              9.8391829
            ],
            [
              76.7621559,
              9.8390798
            ],
            [
              76.7624027,
              9.8391009
            ],
            [
              76.7625877,
              9.8391776
            ],
            [
              76.7627352,
              9.8391776
            ],
            [
              76.7629337,
              9.8390639
            ],
            [
              76.7636203,
              9.8383874
            ],
            [
              76.7641353,
              9.8388948
            ],
            [
              76.7643714,
              9.8393731
            ],
            [
              76.7644384,
              9.8396559
            ],
            [
              76.7643848,
              9.8400179
            ],
            [
              76.7643633,
              9.8402215
            ],
            [
              76.764366,
              9.8403774
            ],
            [
              76.764527,
              9.8404038
            ],
            [
              76.7647147,
              9.8402453
            ],
            [
              76.7647845,
              9.8400312
            ],
            [
              76.7649266,
              9.8397246
            ],
            [
              76.7650017,
              9.8393679
            ],
            [
              76.7651117,
              9.8391274
            ],
            [
              76.7653692,
              9.8391855
            ],
            [
              76.7655301,
              9.8391987
            ],
            [
              76.7656079,
              9.8391591
            ],
            [
              76.765683,
              9.8390005
            ],
            [
              76.765514,
              9.8386966
            ],
            [
              76.7654201,
              9.8384508
            ],
            [
              76.7653879,
              9.8382922
            ],
            [
              76.7656803,
              9.8380491
            ],
            [
              76.76759,
              9.8379645
            ],
            [
              76.7679763,
              9.8385036
            ],
            [
              76.7680353,
              9.8386438
            ],
            [
              76.7680058,
              9.8394286
            ],
            [
              76.7678583,
              9.8397563
            ],
            [
              76.7677858,
              9.8399281
            ],
            [
              76.7678878,
              9.8399572
            ],
            [
              76.767987,
              9.8399387
            ],
            [
              76.7680889,
              9.8399731
            ],
            [
              76.768156,
              9.8398806
            ],
            [
              76.7683384,
              9.8396929
            ],
            [
              76.7685959,
              9.8394604
            ],
            [
              76.76862,
              9.8392014
            ],
            [
              76.7692852,
              9.8372034
            ],
            [
              76.7696808,
              9.8368136
            ],
            [
              76.7701435,
              9.8363577
            ],
            [
              76.7707735,
              9.8362143
            ],
            [
              76.7711505,
              9.8365873
            ],
            [
              76.7712808,
              9.8371717
            ],
            [
              76.7716401,
              9.8370687
            ],
            [
              76.7717849,
              9.8362998
            ],
            [
              76.7722034,
              9.8356812
            ],
            [
              76.7724509,
              9.8359251
            ],
            [
              76.7725467,
              9.8360195
            ],
            [
              76.7730617,
              9.8355121
            ],
            [
              76.7727184,
              9.8351738
            ],
            [
              76.7735767,
              9.8343281
            ],
            [
              76.7746067,
              9.8336516
            ],
            [
              76.7763233,
              9.832975
            ],
            [
              76.7776966,
              9.832975
            ],
            [
              76.7790699,
              9.8319602
            ],
            [
              76.7804432,
              9.8319602
            ],
            [
              76.7802715,
              9.8314527
            ],
            [
              76.7804432,
              9.830607
            ],
            [
              76.781542,
              9.8315553
            ],
            [
              76.7822588,
              9.8313834
            ],
            [
              76.7825031,
              9.8299304
            ],
            [
              76.7838764,
              9.8312836
            ],
            [
              76.7847347,
              9.8314527
            ],
            [
              76.7849064,
              9.8333133
            ],
            [
              76.7862796,
              9.8316219
            ],
            [
              76.7873284,
              9.8322006
            ],
            [
              76.7880043,
              9.8329142
            ],
            [
              76.7883181,
              9.8331441
            ],
            [
              76.7881867,
              9.8333978
            ],
            [
              76.7879695,
              9.8337176
            ],
            [
              76.7877763,
              9.833863
            ],
            [
              76.7874223,
              9.83404
            ],
            [
              76.787138,
              9.8340956
            ],
            [
              76.7869449,
              9.8341431
            ],
            [
              76.7870522,
              9.8344761
            ],
            [
              76.7873123,
              9.834521
            ],
            [
              76.7876449,
              9.8345157
            ],
            [
              76.7879641,
              9.8348646
            ],
            [
              76.7880338,
              9.8350972
            ],
            [
              76.7880124,
              9.8355147
            ],
            [
              76.7879319,
              9.835631
            ],
            [
              76.7879373,
              9.8357526
            ],
            [
              76.7879534,
              9.8359534
            ],
            [
              76.7879319,
              9.8361173
            ],
            [
              76.7878702,
              9.8362388
            ],
            [
              76.7873096,
              9.836696
            ],
            [
              76.7866659,
              9.837029
            ],
            [
              76.7861563,
              9.8371559
            ],
            [
              76.7858022,
              9.8370396
            ],
            [
              76.7852282,
              9.8371083
            ],
            [
              76.7847078,
              9.8372933
            ],
            [
              76.7839086,
              9.8375576
            ],
            [
              76.7831469,
              9.8379487
            ],
            [
              76.7831093,
              9.8381548
            ],
            [
              76.7832273,
              9.8385883
            ],
            [
              76.7823314,
              9.8388948
            ],
            [
              76.7822403,
              9.8391379
            ],
            [
              76.7824709,
              9.8395449
            ],
            [
              76.7827525,
              9.8399307
            ],
            [
              76.7830235,
              9.8398092
            ],
            [
              76.78323,
              9.8401898
            ],
            [
              76.7835706,
              9.8403166
            ],
            [
              76.7838684,
              9.8402241
            ],
            [
              76.7846328,
              9.8398489
            ],
            [
              76.7849278,
              9.8402585
            ],
            [
              76.785078,
              9.8405862
            ],
            [
              76.7852465,
              9.8409417
            ],
            [
              76.7855287,
              9.8417437
            ],
            [
              76.7855716,
              9.8419842
            ],
            [
              76.7854214,
              9.8421692
            ],
            [
              76.7853383,
              9.8424467
            ],
            [
              76.7850539,
              9.8426713
            ],
            [
              76.7855461,
              9.8427246
            ],
            [
              76.7858827,
              9.8427611
            ],
            [
              76.7859873,
              9.8426554
            ],
            [
              76.7860919,
              9.8425814
            ],
            [
              76.7861751,
              9.8425074
            ],
            [
              76.7861161,
              9.8423251
            ],
            [
              76.7861187,
              9.8422088
            ],
            [
              76.7861268,
              9.8420185
            ],
            [
              76.7858908,
              9.841416
            ],
            [
              76.7858586,
              9.8411121
            ],
            [
              76.7857647,
              9.8409244
            ],
            [
              76.7857218,
              9.8407025
            ],
            [
              76.7860383,
              9.8405227
            ],
            [
              76.7862797,
              9.8404699
            ],
            [
              76.7864755,
              9.840454
            ],
            [
              76.7866364,
              9.8404593
            ],
            [
              76.7868322,
              9.8404646
            ],
            [
              76.7868778,
              9.84038
            ],
            [
              76.7868161,
              9.8403087
            ],
            [
              76.7866766,
              9.8402902
            ],
            [
              76.7864889,
              9.8402585
            ],
            [
              76.7861456,
              9.840158
            ],
            [
              76.7857969,
              9.8399228
            ],
            [
              76.785526,
              9.839907
            ],
            [
              76.7854186,
              9.8396189
            ],
            [
              76.7853516,
              9.8392727
            ],
            [
              76.7852175,
              9.8389688
            ],
            [
              76.7851853,
              9.8385539
            ],
            [
              76.7852095,
              9.8381786
            ],
            [
              76.7854401,
              9.8379804
            ],
            [
              76.7858773,
              9.8378906
            ],
            [
              76.7862958,
              9.8379461
            ],
            [
              76.7865694,
              9.8379989
            ],
            [
              76.7867973,
              9.8379223
            ],
            [
              76.7871782,
              9.8377082
            ],
            [
              76.7877093,
              9.837362
            ],
            [
              76.7879024,
              9.8373382
            ],
            [
              76.7883959,
              9.8369999
            ],
            [
              76.7887178,
              9.8366679
            ],
            [
              76.7888546,
              9.8365268
            ],
            [
              76.7891979,
              9.8358504
            ],
            [
              76.7888546,
              9.8355121
            ],
            [
              76.7888546,
              9.8338207
            ],
            [
              76.7890584,
              9.8334692
            ],
            [
              76.7893106,
              9.8333952
            ],
            [
              76.7897156,
              9.8333767
            ],
            [
              76.7900535,
              9.8335987
            ],
            [
              76.7902305,
              9.8338154
            ],
            [
              76.7902735,
              9.8339977
            ],
            [
              76.7904076,
              9.8341299
            ],
            [
              76.790708,
              9.8341008
            ],
            [
              76.7907724,
              9.8339687
            ],
            [
              76.7907482,
              9.8337467
            ],
            [
              76.7908475,
              9.8336621
            ],
            [
              76.7910326,
              9.833633
            ],
            [
              76.7912418,
              9.8338101
            ],
            [
              76.7913866,
              9.833974
            ],
            [
              76.7914375,
              9.8339771
            ],
            [
              76.7915153,
              9.8339819
            ],
            [
              76.791687,
              9.8338868
            ],
            [
              76.7916495,
              9.8336753
            ],
            [
              76.7914402,
              9.8333608
            ],
            [
              76.7913678,
              9.8330146
            ],
            [
              76.7912927,
              9.832864
            ],
            [
              76.7911103,
              9.8327848
            ],
            [
              76.7910513,
              9.8326393
            ],
            [
              76.791054,
              9.8324649
            ],
            [
              76.7913061,
              9.8322614
            ],
            [
              76.7915234,
              9.8320526
            ],
            [
              76.7916629,
              9.8319205
            ],
            [
              76.7917809,
              9.8317857
            ],
            [
              76.7919606,
              9.8316774
            ],
            [
              76.792084,
              9.8315981
            ],
            [
              76.7922208,
              9.8315161
            ],
            [
              76.792202,
              9.8313946
            ],
            [
              76.7923146,
              9.8313496
            ],
            [
              76.7922342,
              9.8311673
            ],
            [
              76.7921001,
              9.8310695
            ],
            [
              76.7919633,
              9.8311541
            ],
            [
              76.7918426,
              9.8312492
            ],
            [
              76.7916977,
              9.8313734
            ],
            [
              76.7915717,
              9.8314686
            ],
            [
              76.7913946,
              9.8315901
            ],
            [
              76.7912123,
              9.8317302
            ],
            [
              76.7910245,
              9.8319206
            ],
            [
              76.7908448,
              9.8320658
            ],
            [
              76.7907509,
              9.8320566
            ],
            [
              76.7907187,
              9.8319773
            ],
            [
              76.7906436,
              9.8319364
            ],
            [
              76.7905202,
              9.8319601
            ],
            [
              76.7904666,
              9.8320341
            ],
            [
              76.7904666,
              9.8322059
            ],
            [
              76.7903995,
              9.8322984
            ],
            [
              76.790303,
              9.8324332
            ],
            [
              76.7901903,
              9.8324623
            ],
            [
              76.790075,
              9.8323883
            ],
            [
              76.7900643,
              9.8322826
            ],
            [
              76.7901018,
              9.8321266
            ],
            [
              76.7901447,
              9.8319364
            ],
            [
              76.790075,
              9.8316906
            ],
            [
              76.789898,
              9.8317434
            ],
            [
              76.7897505,
              9.8316456
            ],
            [
              76.7896217,
              9.8317011
            ],
            [
              76.7895332,
              9.8317884
            ],
            [
              76.7895305,
              9.831939
            ],
            [
              76.7893803,
              9.8320711
            ],
            [
              76.7893347,
              9.8322826
            ],
            [
              76.7890155,
              9.8324596
            ],
            [
              76.7889324,
              9.8325891
            ],
            [
              76.7886481,
              9.8325521
            ],
            [
              76.7884523,
              9.8322693
            ],
            [
              76.7882672,
              9.8320077
            ],
            [
              76.7878246,
              9.8314527
            ],
            [
              76.7883396,
              9.8309453
            ],
            [
              76.7903995,
              9.8295922
            ],
            [
              76.7914295,
              9.8292539
            ],
            [
              76.7921161,
              9.828239
            ],
            [
              76.7934894,
              9.8272242
            ],
            [
              76.7938327,
              9.8272242
            ],
            [
              76.795206,
              9.8289156
            ],
            [
              76.7958927,
              9.8292539
            ],
            [
              76.7966823,
              9.8291739
            ],
            [
              76.7970305,
              9.8284678
            ],
            [
              76.7976093,
              9.828239
            ],
            [
              76.7986393,
              9.8272242
            ],
            [
              76.8008213,
              9.826662
            ],
            [
              76.8009248,
              9.8265354
            ],
            [
              76.8010533,
              9.8263632
            ],
            [
              76.8014316,
              9.826226
            ],
            [
              76.8019026,
              9.8261662
            ],
            [
              76.8022759,
              9.8261003
            ],
            [
              76.8029308,
              9.8253636
            ],
            [
              76.8029308,
              9.824687
            ],
            [
              76.8057634,
              9.8225472
            ],
            [
              76.8063116,
              9.8226648
            ],
            [
              76.8073976,
              9.8214758
            ],
            [
              76.8074677,
              9.8210892
            ],
            [
              76.8078826,
              9.8207118
            ],
            [
              76.8077485,
              9.8205348
            ],
            [
              76.8076192,
              9.820364
            ],
            [
              76.8064742,
              9.8193073
            ],
            [
              76.8056774,
              9.819951
            ],
            [
              76.806364,
              9.8206276
            ],
            [
              76.8061924,
              9.8214733
            ],
            [
              76.8049285,
              9.8217846
            ],
            [
              76.8048191,
              9.8218116
            ],
            [
              76.8037891,
              9.8228265
            ],
            [
              76.8027591,
              9.8228265
            ],
            [
              76.8013858,
              9.823503
            ],
            [
              76.8012142,
              9.8243487
            ],
            [
              76.8015575,
              9.824687
            ],
            [
              76.8006992,
              9.8255327
            ],
            [
              76.7996692,
              9.8255327
            ],
            [
              76.7989826,
              9.8262093
            ],
            [
              76.7958927,
              9.8275624
            ],
            [
              76.7946911,
              9.827055
            ],
            [
              76.7946911,
              9.8253636
            ],
            [
              76.7950344,
              9.824687
            ],
            [
              76.7938327,
              9.8245178
            ],
            [
              76.7928028,
              9.8248561
            ],
            [
              76.7919445,
              9.8257019
            ],
            [
              76.7919445,
              9.827055
            ],
            [
              76.7913812,
              9.8280118
            ],
            [
              76.7907428,
              9.8285773
            ],
            [
              76.7891979,
              9.8284082
            ],
            [
              76.7890262,
              9.8289156
            ],
            [
              76.7879963,
              9.8289156
            ],
            [
              76.786623,
              9.8295922
            ],
            [
              76.7849064,
              9.8295922
            ],
            [
              76.784048,
              9.8287464
            ],
            [
              76.7865324,
              9.8274657
            ],
            [
              76.7876529,
              9.8272242
            ],
            [
              76.7894621,
              9.8268575
            ],
            [
              76.7894652,
              9.8264836
            ],
            [
              76.7891643,
              9.826325
            ],
            [
              76.7890303,
              9.8262309
            ],
            [
              76.7873096,
              9.8262093
            ],
            [
              76.7865151,
              9.8263659
            ],
            [
              76.7852115,
              9.8266228
            ],
            [
              76.7838764,
              9.8268859
            ],
            [
              76.7825031,
              9.8275624
            ],
            [
              76.7811298,
              9.8289156
            ],
            [
              76.7797565,
              9.8289156
            ],
            [
              76.7780399,
              9.8299304
            ],
            [
              76.7763233,
              9.8289156
            ],
            [
              76.7771816,
              9.8307762
            ],
            [
              76.7766666,
              9.8312836
            ],
            [
              76.7756366,
              9.830607
            ],
            [
              76.7735767,
              9.8316219
            ],
            [
              76.7728901,
              9.8326367
            ],
            [
              76.7718601,
              9.8326367
            ],
            [
              76.7711734,
              9.8336516
            ],
            [
              76.7694568,
              9.8339898
            ],
            [
              76.7670536,
              9.8360195
            ],
            [
              76.765337,
              9.8356812
            ],
            [
              76.7636203,
              9.8370343
            ],
            [
              76.7629337,
              9.8370343
            ],
            [
              76.7625904,
              9.8373725
            ],
            [
              76.7605304,
              9.836696
            ],
            [
              76.7595005,
              9.8377108
            ],
            [
              76.7581272,
              9.8377108
            ],
            [
              76.7579555,
              9.8368651
            ],
            [
              76.7590297,
              9.835867
            ],
            [
              76.7598714,
              9.8354217
            ],
            [
              76.7604792,
              9.8349764
            ],
            [
              76.7606818,
              9.8347153
            ],
            [
              76.7612171,
              9.8346664
            ],
            [
              76.7623865,
              9.8334507
            ],
            [
              76.7626548,
              9.8326367
            ],
            [
              76.7632893,
              9.832071
            ],
            [
              76.7635652,
              9.8318743
            ],
            [
              76.763347,
              9.8315057
            ],
            [
              76.7630756,
              9.8312263
            ],
            [
              76.7625904,
              9.8316219
            ],
            [
              76.7621398,
              9.832827
            ],
            [
              76.7612171,
              9.8333133
            ],
            [
              76.7605304,
              9.832975
            ],
            [
              76.7598438,
              9.832975
            ],
            [
              76.7574405,
              9.835343
            ],
            [
              76.7564106,
              9.835343
            ],
            [
              76.7560672,
              9.8350047
            ],
            [
              76.7557668,
              9.8358715
            ],
            [
              76.754694,
              9.8360195
            ],
            [
              76.754179,
              9.8365268
            ],
            [
              76.754694,
              9.8370343
            ],
            [
              76.7557239,
              9.8370343
            ],
            [
              76.7562389,
              9.83788
            ],
            [
              76.7553806,
              9.8380491
            ],
            [
              76.754694,
              9.8387256
            ],
            [
              76.7540073,
              9.8387256
            ],
            [
              76.7538692,
              9.8388591
            ],
            [
              76.7536037,
              9.8389041
            ],
            [
              76.7535594,
              9.8389952
            ],
            [
              76.7535742,
              9.8390877
            ],
            [
              76.7536962,
              9.8391723
            ],
            [
              76.7537311,
              9.8393203
            ],
            [
              76.7538357,
              9.8394392
            ],
            [
              76.7538665,
              9.8396731
            ],
            [
              76.7537713,
              9.8398977
            ],
            [
              76.7536801,
              9.8400153
            ],
            [
              76.7536224,
              9.8401924
            ],
            [
              76.7536077,
              9.8402955
            ],
            [
              76.753597,
              9.840343
            ],
            [
              76.7535165,
              9.8403946
            ],
            [
              76.7534481,
              9.8404078
            ],
            [
              76.7533542,
              9.8403919
            ],
            [
              76.7532738,
              9.8403378
            ],
            [
              76.7532429,
              9.8402387
            ],
            [
              76.7531665,
              9.8401633
            ],
            [
              76.7530203,
              9.8401633
            ],
            [
              76.7525884,
              9.8402003
            ],
            [
              76.7523578,
              9.8402875
            ],
            [
              76.7523524,
              9.840462
            ],
            [
              76.7524838,
              9.84061
            ],
            [
              76.7524999,
              9.8407738
            ],
            [
              76.7524248,
              9.8409958
            ],
            [
              76.7522532,
              9.8412495
            ],
            [
              76.7519286,
              9.8414979
            ],
            [
              76.7515638,
              9.8416618
            ],
            [
              76.7513573,
              9.8418282
            ],
            [
              76.7513144,
              9.841934
            ],
            [
              76.7511454,
              9.8419578
            ],
            [
              76.7510676,
              9.8418758
            ],
            [
              76.751014,
              9.8417199
            ],
            [
              76.7509818,
              9.8415349
            ],
            [
              76.7509974,
              9.8412594
            ],
            [
              76.7511079,
              9.8409139
            ],
            [
              76.7510654,
              9.8407504
            ],
            [
              76.7507914,
              9.8408187
            ],
            [
              76.7505205,
              9.840787
            ],
            [
              76.7502764,
              9.8406734
            ],
            [
              76.7500991,
              9.8407504
            ],
            [
              76.7498794,
              9.8409165
            ],
            [
              76.7496895,
              9.8411625
            ],
            [
              76.7495844,
              9.8416935
            ],
            [
              76.7494181,
              9.8420502
            ],
            [
              76.7492388,
              9.8425036
            ],
            [
              76.7490265,
              9.8425682
            ],
            [
              76.7486739,
              9.842692
            ],
            [
              76.748152,
              9.8429395
            ],
            [
              76.7476989,
              9.8431
            ],
            [
              76.7474413,
              9.8431153
            ],
            [
              76.7471248,
              9.843036
            ],
            [
              76.7470169,
              9.8430659
            ],
            [
              76.7469558,
              9.8431919
            ],
            [
              76.7469504,
              9.8434324
            ],
            [
              76.7467654,
              9.8437046
            ],
            [
              76.7465857,
              9.8438605
            ],
            [
              76.7464945,
              9.8439953
            ],
            [
              76.7465642,
              9.8441089
            ],
            [
              76.7466366,
              9.8443388
            ],
            [
              76.7465883,
              9.8445053
            ],
            [
              76.7464542,
              9.8447009
            ],
            [
              76.7464757,
              9.8448357
            ],
            [
              76.7465964,
              9.8450445
            ],
            [
              76.746642,
              9.8451052
            ],
            [
              76.7466098,
              9.8452347
            ],
            [
              76.7465079,
              9.8453008
            ],
            [
              76.7463469,
              9.8453352
            ],
            [
              76.7461404,
              9.8452717
            ],
            [
              76.7459446,
              9.8453616
            ],
            [
              76.7455585,
              9.8457784
            ],
            [
              76.7455906,
              9.8459165
            ],
            [
              76.745713,
              9.8460369
            ],
            [
              76.7459446,
              9.8461068
            ],
            [
              76.746286,
              9.8462398
            ],
            [
              76.7465857,
              9.8466142
            ],
            [
              76.746787,
              9.8466885
            ],
            [
              76.7470926,
              9.846601
            ],
            [
              76.7472374,
              9.8466116
            ],
            [
              76.7472714,
              9.8467029
            ],
            [
              76.7472643,
              9.8468996
            ],
            [
              76.7471811,
              9.847074
            ],
            [
              76.7470933,
              9.8471769
            ],
            [
              76.7469236,
              9.8471798
            ],
            [
              76.7468029,
              9.8470688
            ],
            [
              76.7464784,
              9.8467279
            ],
            [
              76.7461009,
              9.84641
            ],
            [
              76.7460117,
              9.8464451
            ],
            [
              76.7459741,
              9.8465376
            ],
            [
              76.7458257,
              9.8467081
            ],
            [
              76.7455503,
              9.8468468
            ],
            [
              76.7452839,
              9.8468054
            ],
            [
              76.745148,
              9.8466697
            ],
            [
              76.7450595,
              9.8465059
            ],
            [
              76.7450452,
              9.8462013
            ],
            [
              76.7449066,
              9.8461491
            ],
            [
              76.7446384,
              9.8461359
            ],
            [
              76.7445221,
              9.8461637
            ]
          ]
        ]
      }
    },
    {
      "type": "Feature",
      "id": 115553482,
      "properties": {},
      "geometry": {
        "type": "Polygon",
        "coordinates": [
          [
            [
              76.7570919,
              9.8410354
            ],
            [
              76.7572367,
              9.8412627
            ],
            [
              76.7572367,
              9.8415376
            ],
            [
              76.7569739,
              9.8417331
            ],
            [
              76.7568344,
              9.8417543
            ],
            [
              76.7567217,
              9.8417014
            ],
            [
              76.7565715,
              9.8417067
            ],
            [
              76.7564321,
              9.8417728
            ],
            [
              76.7562738,
              9.8417675
            ],
            [
              76.7561397,
              9.8415878
            ],
            [
              76.7559922,
              9.8415428
            ],
            [
              76.7558232,
              9.8415613
            ],
            [
              76.7557347,
              9.841527
            ],
            [
              76.7556757,
              9.8414213
            ],
            [
              76.7556971,
              9.8412733
            ],
            [
              76.7558527,
              9.8410513
            ],
            [
              76.7560619,
              9.840935
            ],
            [
              76.7562792,
              9.8408319
            ],
            [
              76.7563999,
              9.8408134
            ],
            [
              76.7565098,
              9.8406126
            ],
            [
              76.7567593,
              9.8405122
            ],
            [
              76.7569792,
              9.8404382
            ],
            [
              76.7570865,
              9.8405677
            ],
            [
              76.7571509,
              9.8406919
            ],
            [
              76.7570624,
              9.8409588
            ],
            [
              76.7570919,
              9.8410354
            ]
          ]
        ]
      }
    },
    {
      "type": "Feature",
      "id": 115553481,
      "properties": {},
      "geometry": {
        "type": "Polygon",
        "coordinates": [
          [
            [
              76.7495711,
              9.8501977
            ],
            [
              76.7495441,
              9.8503589
            ],
            [
              76.7494717,
              9.8504752
            ],
            [
              76.7493322,
              9.8505571
            ],
            [
              76.7491284,
              9.8506152
            ],
            [
              76.7486966,
              9.8509958
            ],
            [
              76.7485088,
              9.8511649
            ],
            [
              76.7485008,
              9.8512944
            ],
            [
              76.7484069,
              9.8515137
            ],
            [
              76.7481199,
              9.8515957
            ],
            [
              76.7479134,
              9.8515693
            ],
            [
              76.7475378,
              9.851556
            ],
            [
              76.7473903,
              9.851667
            ],
            [
              76.7471248,
              9.8519022
            ],
            [
              76.7469082,
              9.851879
            ],
            [
              76.7468163,
              9.8519841
            ],
            [
              76.7466608,
              9.8520026
            ],
            [
              76.7463121,
              9.8518335
            ],
            [
              76.7461914,
              9.8516036
            ],
            [
              76.7463148,
              9.8514054
            ],
            [
              76.746422,
              9.8510724
            ],
            [
              76.7468029,
              9.8509139
            ],
            [
              76.747098,
              9.8505122
            ],
            [
              76.7465293,
              9.8501316
            ],
            [
              76.7465509,
              9.8498198
            ],
            [
              76.7468136,
              9.8496665
            ],
            [
              76.7471517,
              9.8495502
            ],
            [
              76.7474198,
              9.8491803
            ],
            [
              76.7476612,
              9.8489794
            ],
            [
              76.7478007,
              9.8487998
            ],
            [
              76.7481923,
              9.8488526
            ],
            [
              76.7485249,
              9.8491063
            ],
            [
              76.7486215,
              9.8493177
            ],
            [
              76.7486161,
              9.8494551
            ],
            [
              76.7484766,
              9.8497299
            ],
            [
              76.7486107,
              9.8499361
            ],
            [
              76.7487717,
              9.8498674
            ],
            [
              76.7490399,
              9.8497987
            ],
            [
              76.7492223,
              9.8496242
            ],
            [
              76.74941,
              9.8496084
            ],
            [
              76.7495817,
              9.8497564
            ],
            [
              76.7496246,
              9.8499308
            ],
            [
              76.7495711,
              9.8501977
            ]
          ]
        ]
      }
    },
    {
      "type": "Feature",
      "id": 553609598,
      "properties": {},
      "geometry": {
        "type": "Polygon",
        "coordinates": [
          [
            [
              76.9126654,
              9.7688437
            ],
            [
              76.9122362,
              9.7687591
            ],
            [
              76.9122148,
              9.7686534
            ],
            [
              76.9120431,
              9.7684842
            ],
            [
              76.9120002,
              9.768315
            ],
            [
              76.9120646,
              9.7682516
            ],
            [
              76.9122791,
              9.7682516
            ],
            [
              76.9125366,
              9.7681247
            ],
            [
              76.9126654,
              9.768167
            ],
            [
              76.9127297,
              9.7682727
            ],
            [
              76.9127727,
              9.7686957
            ],
            [
              76.9126654,
              9.7688437
            ]
          ]
        ]
      }
    },
    {
      "type": "Feature",
      "id": 553609593,
      "properties": {},
      "geometry": {
        "type": "Polygon",
        "coordinates": [
          [
            [
              76.9036746,
              9.7637896
            ],
            [
              76.9037175,
              9.7639588
            ],
            [
              76.9036746,
              9.7640011
            ],
            [
              76.9037175,
              9.7640857
            ],
            [
              76.9038033,
              9.764128
            ],
            [
              76.9040608,
              9.7644663
            ],
            [
              76.9040608,
              9.7646355
            ],
            [
              76.9039106,
              9.7647835
            ],
            [
              76.9036961,
              9.7648258
            ],
            [
              76.9036102,
              9.7649104
            ],
            [
              76.9035244,
              9.7649104
            ],
            [
              76.9030309,
              9.7645086
            ],
            [
              76.9030309,
              9.764424
            ],
            [
              76.9029665,
              9.7643606
            ],
            [
              76.9028592,
              9.7643395
            ],
            [
              76.9028592,
              9.7642549
            ],
            [
              76.9027305,
              9.7640857
            ],
            [
              76.9027305,
              9.7639165
            ],
            [
              76.9026875,
              9.7638742
            ],
            [
              76.9027519,
              9.7637685
            ],
            [
              76.9029236,
              9.7636839
            ],
            [
              76.9033742,
              9.7637051
            ],
            [
              76.9036746,
              9.7637896
            ]
          ]
        ]
      }
    },
    {
      "type": "Feature",
      "id": 553609601,
      "properties": {},
      "geometry": {
        "type": "Polygon",
        "coordinates": [
          [
            [
              76.91185,
              9.7622882
            ],
            [
              76.9117641,
              9.7622882
            ],
            [
              76.9116569,
              9.7621825
            ],
            [
              76.9116569,
              9.7620556
            ],
            [
              76.9117212,
              9.7619922
            ],
            [
              76.9118929,
              9.7619922
            ],
            [
              76.9120002,
              9.7620979
            ],
            [
              76.9119787,
              9.7622036
            ],
            [
              76.91185,
              9.7622882
            ]
          ]
        ]
      }
    },
    {
      "type": "Feature",
      "id": 553609599,
      "properties": {},
      "geometry": {
        "type": "Polygon",
        "coordinates": [
          [
            [
              76.919446,
              9.7518837
            ],
            [
              76.9193816,
              9.7518203
            ],
            [
              76.919446,
              9.7517146
            ],
            [
              76.9195318,
              9.7517146
            ],
            [
              76.9195962,
              9.751778
            ],
            [
              76.9195318,
              9.7518837
            ],
            [
              76.919446,
              9.7518837
            ]
          ]
        ]
      }
    },
    {
      "type": "Feature",
      "id": 553609595,
      "properties": {},
      "geometry": {
        "type": "Polygon",
        "coordinates": [
          [
            [
              76.9305611,
              9.7588624
            ],
            [
              76.9306469,
              9.7588624
            ],
            [
              76.9307113,
              9.7589258
            ],
            [
              76.93084,
              9.7593488
            ],
            [
              76.9304323,
              9.7597083
            ],
            [
              76.9301748,
              9.7597083
            ],
            [
              76.9299817,
              9.7595179
            ],
            [
              76.9299603,
              9.7593699
            ],
            [
              76.929853,
              9.7593911
            ],
            [
              76.9298315,
              9.7594968
            ],
            [
              76.9296813,
              9.7593911
            ],
            [
              76.9296384,
              9.7592642
            ],
            [
              76.9297886,
              9.7591162
            ],
            [
              76.9299173,
              9.7591162
            ],
            [
              76.9301319,
              9.7589893
            ],
            [
              76.9304323,
              9.758947
            ],
            [
              76.9305611,
              9.7588624
            ]
          ]
        ]
      }
    },
    {
      "type": "Feature",
      "id": 617591660,
      "properties": {},
      "geometry": {
        "type": "Polygon",
        "coordinates": [
          [
            [
              76.7566922,
              9.8429567
            ],
            [
              76.7568585,
              9.8429012
            ],
            [
              76.7569444,
              9.8428748
            ],
            [
              76.7570262,
              9.8428893
            ],
            [
              76.7571603,
              9.8428431
            ],
            [
              76.7572434,
              9.8427651
            ],
            [
              76.7573628,
              9.8426607
            ],
            [
              76.7574486,
              9.8425709
            ],
            [
              76.757517,
              9.8423661
            ],
            [
              76.7575116,
              9.8422352
            ],
            [
              76.7574017,
              9.8421441
            ],
            [
              76.7573172,
              9.842074
            ],
            [
              76.7572434,
              9.8420397
            ],
            [
              76.7571348,
              9.8420529
            ],
            [
              76.7570302,
              9.8421242
            ],
            [
              76.7569363,
              9.8422458
            ],
            [
              76.7568867,
              9.8423
            ],
            [
              76.7567861,
              9.8423661
            ],
            [
              76.7566802,
              9.8423819
            ],
            [
              76.7565863,
              9.8423951
            ],
            [
              76.7565233,
              9.8424625
            ],
            [
              76.7565098,
              9.8425537
            ],
            [
              76.7565098,
              9.8426554
            ],
            [
              76.7565219,
              9.8427757
            ],
            [
              76.75653,
              9.8428497
            ],
            [
              76.7565608,
              9.8428933
            ],
            [
              76.7566346,
              9.8429369
            ],
            [
              76.7566922,
              9.8429567
            ]
          ]
        ]
      }
    },
    {
      "type": "Feature",
      "id": 617363917,
      "properties": {},
      "geometry": {
        "type": "Polygon",
        "coordinates": [
          [
            [
              76.7801347,
              9.84038
            ],
            [
              76.7803466,
              9.8408002
            ],
            [
              76.7806229,
              9.8407368
            ],
            [
              76.7807516,
              9.840758
            ],
            [
              76.780808,
              9.8408769
            ],
            [
              76.7808643,
              9.8409086
            ],
            [
              76.7809582,
              9.8409218
            ],
            [
              76.7810896,
              9.840898
            ],
            [
              76.7811647,
              9.8408319
            ],
            [
              76.7812639,
              9.8407527
            ],
            [
              76.7814007,
              9.8407527
            ],
            [
              76.7815214,
              9.8408108
            ],
            [
              76.7816395,
              9.8408874
            ],
            [
              76.7818245,
              9.8409192
            ],
            [
              76.7819747,
              9.8409297
            ],
            [
              76.7821088,
              9.840935
            ],
            [
              76.7822859,
              9.8408663
            ],
            [
              76.7823422,
              9.8407897
            ],
            [
              76.7823985,
              9.8405782
            ],
            [
              76.7824012,
              9.8404329
            ],
            [
              76.7824817,
              9.8403008
            ],
            [
              76.7825943,
              9.8402162
            ],
            [
              76.7826506,
              9.8401131
            ],
            [
              76.7826158,
              9.839981
            ],
            [
              76.7824924,
              9.8398092
            ],
            [
              76.7822617,
              9.8395026
            ],
            [
              76.782133,
              9.8393362
            ],
            [
              76.7819586,
              9.8393124
            ],
            [
              76.7818379,
              9.8392701
            ],
            [
              76.7817655,
              9.8391459
            ],
            [
              76.7816877,
              9.8390507
            ],
            [
              76.781559,
              9.8390137
            ],
            [
              76.7814544,
              9.8389899
            ],
            [
              76.7813712,
              9.8388975
            ],
            [
              76.7814544,
              9.8386728
            ],
            [
              76.7814973,
              9.838509
            ],
            [
              76.7814544,
              9.8384455
            ],
            [
              76.7812452,
              9.838398
            ],
            [
              76.7811298,
              9.8383345
            ],
            [
              76.781036,
              9.8382685
            ],
            [
              76.7809153,
              9.8382262
            ],
            [
              76.7807865,
              9.8382711
            ],
            [
              76.780749,
              9.8384403
            ],
            [
              76.7806846,
              9.8385856
            ],
            [
              76.7805988,
              9.8387627
            ],
            [
              76.7806229,
              9.838945
            ],
            [
              76.7806578,
              9.8390745
            ],
            [
              76.7806846,
              9.8392384
            ],
            [
              76.780706,
              9.8393573
            ],
            [
              76.7808187,
              9.8395608
            ],
            [
              76.7808992,
              9.8397299
            ],
            [
              76.7809179,
              9.8399228
            ],
            [
              76.7808589,
              9.8400523
            ],
            [
              76.7806765,
              9.8401713
            ],
            [
              76.7804834,
              9.8402638
            ],
            [
              76.7804164,
              9.8403378
            ],
            [
              76.7803198,
              9.8403589
            ],
            [
              76.7802018,
              9.8403457
            ],
            [
              76.7801347,
              9.84038
            ]
          ]
        ]
      }
    },
    {
      "type": "Feature",
      "id": 553609586,
      "properties": {},
      "geometry": {
        "type": "Polygon",
        "coordinates": [
          [
            [
              76.8897057,
              9.7999277
            ],
            [
              76.889534,
              9.7998431
            ],
            [
              76.8894267,
              9.7997374
            ],
            [
              76.8894267,
              9.7996528
            ],
            [
              76.8895984,
              9.7994836
            ],
            [
              76.8895984,
              9.7994413
            ],
            [
              76.8897915,
              9.7993356
            ],
            [
              76.8899632,
              9.7993356
            ],
            [
              76.8901134,
              9.7994836
            ],
            [
              76.8901134,
              9.7997797
            ],
            [
              76.8899202,
              9.7999277
            ],
            [
              76.8897057,
              9.7999277
            ]
          ]
        ]
      }
    },
    {
      "type": "Feature",
      "id": 553609587,
      "properties": {},
      "geometry": {
        "type": "Polygon",
        "coordinates": [
          [
            [
              76.8901992,
              9.7981727
            ],
            [
              76.8904567,
              9.7979189
            ],
            [
              76.8904781,
              9.7978132
            ],
            [
              76.8906927,
              9.7977709
            ],
            [
              76.8909287,
              9.7980458
            ],
            [
              76.8909717,
              9.7981304
            ],
            [
              76.8909717,
              9.7982995
            ],
            [
              76.8907785,
              9.7984898
            ],
            [
              76.890521,
              9.798363
            ],
            [
              76.8904781,
              9.7984053
            ],
            [
              76.8903923,
              9.7984053
            ],
            [
              76.8903065,
              9.7984898
            ],
            [
              76.8901777,
              9.7984898
            ],
            [
              76.8901134,
              9.7984264
            ],
            [
              76.8901134,
              9.7983418
            ],
            [
              76.8901992,
              9.798215
            ],
            [
              76.8901992,
              9.7981727
            ]
          ]
        ]
      }
    },
    {
      "type": "Feature",
      "id": 553609592,
      "properties": {},
      "geometry": {
        "type": "Polygon",
        "coordinates": [
          [
            [
              76.8975806,
              9.800118
            ],
            [
              76.8975806,
              9.8000334
            ],
            [
              76.8976879,
              9.7998854
            ],
            [
              76.8977308,
              9.7998854
            ],
            [
              76.8977952,
              9.7999488
            ],
            [
              76.8977952,
              9.8000757
            ],
            [
              76.897645,
              9.8001814
            ],
            [
              76.8975806,
              9.800118
            ]
          ]
        ]
      }
    },
    {
      "type": "Feature",
      "id": 553609585,
      "properties": {},
      "geometry": {
        "type": "Polygon",
        "coordinates": [
          [
            [
              76.893568,
              9.8041566
            ],
            [
              76.8934822,
              9.8041988
            ],
            [
              76.8933105,
              9.8041988
            ],
            [
              76.8932676,
              9.8042834
            ],
            [
              76.8932247,
              9.8042834
            ],
            [
              76.8929887,
              9.8040931
            ],
            [
              76.8929029,
              9.8039663
            ],
            [
              76.8929029,
              9.8037125
            ],
            [
              76.8930531,
              9.8035222
            ],
            [
              76.8931389,
              9.8036068
            ],
            [
              76.8932676,
              9.8036068
            ],
            [
              76.8933105,
              9.8036914
            ],
            [
              76.8933535,
              9.8036914
            ],
            [
              76.8935895,
              9.803924
            ],
            [
              76.8936324,
              9.8040508
            ],
            [
              76.893568,
              9.8041566
            ]
          ]
        ]
      }
    },
    {
      "type": "Feature",
      "id": 553609591,
      "properties": {},
      "geometry": {
        "type": "Polygon",
        "coordinates": [
          [
            [
              76.8919373,
              9.8009849
            ],
            [
              76.8922377,
              9.8009426
            ],
            [
              76.892302,
              9.801006
            ],
            [
              76.892302,
              9.8012598
            ],
            [
              76.8919802,
              9.8016192
            ],
            [
              76.8919373,
              9.8016192
            ],
            [
              76.8917656,
              9.8017884
            ],
            [
              76.8916798,
              9.8017884
            ],
            [
              76.8916154,
              9.801725
            ],
            [
              76.8916154,
              9.8015135
            ],
            [
              76.8915725,
              9.8014712
            ],
            [
              76.8915725,
              9.8013021
            ],
            [
              76.8915296,
              9.8012598
            ],
            [
              76.8915296,
              9.8008792
            ],
            [
              76.8916368,
              9.8008157
            ],
            [
              76.8917656,
              9.8009003
            ],
            [
              76.8919373,
              9.8009849
            ]
          ]
        ]
      }
    },
    {
      "type": "Feature",
      "id": 553609588,
      "properties": {},
      "geometry": {
        "type": "Polygon",
        "coordinates": [
          [
            [
              76.8929029,
              9.8057847
            ],
            [
              76.8927097,
              9.805975
            ],
            [
              76.8926239,
              9.8060172
            ],
            [
              76.8924522,
              9.8060172
            ],
            [
              76.8924093,
              9.805975
            ],
            [
              76.8922806,
              9.8061018
            ],
            [
              76.8922377,
              9.8060595
            ],
            [
              76.8921089,
              9.8060595
            ],
            [
              76.8919802,
              9.8061441
            ],
            [
              76.8919373,
              9.8061018
            ],
            [
              76.8918943,
              9.8061441
            ],
            [
              76.8917656,
              9.8061441
            ],
            [
              76.8916798,
              9.8060172
            ],
            [
              76.8916368,
              9.8060172
            ],
            [
              76.8916154,
              9.806123
            ],
            [
              76.8915081,
              9.8061864
            ],
            [
              76.8914652,
              9.8061441
            ],
            [
              76.8913794,
              9.8061441
            ],
            [
              76.8911862,
              9.8059961
            ],
            [
              76.8911433,
              9.8058269
            ],
            [
              76.8911862,
              9.8057847
            ],
            [
              76.8910789,
              9.8057635
            ],
            [
              76.8910146,
              9.8057001
            ],
            [
              76.8910575,
              9.8055732
            ],
            [
              76.8909931,
              9.8055098
            ],
            [
              76.8909502,
              9.8055521
            ],
            [
              76.8908215,
              9.8054252
            ],
            [
              76.8907356,
              9.8054252
            ],
            [
              76.8906927,
              9.8054675
            ],
            [
              76.8905854,
              9.8052772
            ],
            [
              76.8907356,
              9.8050446
            ],
            [
              76.8908215,
              9.8050446
            ],
            [
              76.8909502,
              9.8048755
            ],
            [
              76.8911004,
              9.804812
            ],
            [
              76.8911433,
              9.8046852
            ],
            [
              76.8910146,
              9.804516
            ],
            [
              76.8910146,
              9.8044314
            ],
            [
              76.8911219,
              9.8043257
            ],
            [
              76.8912292,
              9.8044314
            ],
            [
              76.8912292,
              9.8046006
            ],
            [
              76.8913364,
              9.8047063
            ],
            [
              76.8914223,
              9.8047063
            ],
            [
              76.8915081,
              9.8047909
            ],
            [
              76.8918085,
              9.8047909
            ],
            [
              76.8918514,
              9.8048332
            ],
            [
              76.8919373,
              9.8048332
            ],
            [
              76.8919802,
              9.8047909
            ],
            [
              76.8922806,
              9.8047909
            ],
            [
              76.8923664,
              9.8047486
            ],
            [
              76.8924093,
              9.8047909
            ],
            [
              76.8926668,
              9.8047909
            ],
            [
              76.8927956,
              9.8048755
            ],
            [
              76.8930316,
              9.8051503
            ],
            [
              76.8930316,
              9.8054886
            ],
            [
              76.8929887,
              9.8055309
            ],
            [
              76.8929887,
              9.8056578
            ],
            [
              76.8929029,
              9.8057424
            ],
            [
              76.8929029,
              9.8057847
            ]
          ]
        ]
      }
    },
    {
      "type": "Feature",
      "id": 553609590,
      "properties": {},
      "geometry": {
        "type": "Polygon",
        "coordinates": [
          [
            [
              76.8939328,
              9.8017672
            ],
            [
              76.8939328,
              9.8015981
            ],
            [
              76.894083,
              9.8014501
            ],
            [
              76.8943834,
              9.8015347
            ],
            [
              76.8946195,
              9.8017672
            ],
            [
              76.8946624,
              9.8018518
            ],
            [
              76.8946624,
              9.8022747
            ],
            [
              76.8946195,
              9.802317
            ],
            [
              76.8946195,
              9.8025284
            ],
            [
              76.8944693,
              9.8027187
            ],
            [
              76.8942976,
              9.8026342
            ],
            [
              76.8941474,
              9.802613
            ],
            [
              76.8941903,
              9.8025284
            ],
            [
              76.8940616,
              9.8023593
            ],
            [
              76.8940616,
              9.8022747
            ],
            [
              76.8939757,
              9.8021478
            ],
            [
              76.8939757,
              9.8018095
            ],
            [
              76.8939328,
              9.8017672
            ]
          ]
        ]
      }
    },
    {
      "type": "Feature",
      "id": 553609596,
      "properties": {},
      "geometry": {
        "type": "Polygon",
        "coordinates": [
          [
            [
              76.9155622,
              9.7806221
            ],
            [
              76.9156265,
              9.7805164
            ],
            [
              76.9157553,
              9.7804318
            ],
            [
              76.915884,
              9.7804318
            ],
            [
              76.9159269,
              9.7803472
            ],
            [
              76.9161415,
              9.7802626
            ],
            [
              76.9161844,
              9.7801781
            ],
            [
              76.9162703,
              9.7801358
            ],
            [
              76.9166565,
              9.7801358
            ],
            [
              76.9167209,
              9.7801992
            ],
            [
              76.9167638,
              9.780453
            ],
            [
              76.916678,
              9.7805375
            ],
            [
              76.916678,
              9.7806644
            ],
            [
              76.9165707,
              9.7808124
            ],
            [
              76.9165277,
              9.7807701
            ],
            [
              76.9164205,
              9.7807913
            ],
            [
              76.9163775,
              9.7809182
            ],
            [
              76.9162917,
              9.7810027
            ],
            [
              76.9162488,
              9.7814257
            ],
            [
              76.9159269,
              9.7816583
            ],
            [
              76.9158411,
              9.7816583
            ],
            [
              76.9156265,
              9.7814891
            ],
            [
              76.9153261,
              9.7815314
            ],
            [
              76.9151759,
              9.7814257
            ],
            [
              76.9150901,
              9.7811296
            ],
            [
              76.9152617,
              9.7809605
            ],
            [
              76.9152617,
              9.7807913
            ],
            [
              76.9154334,
              9.7807067
            ],
            [
              76.9155622,
              9.7806221
            ]
          ]
        ]
      }
    },
    {
      "type": "Feature",
      "id": 553609597,
      "properties": {},
      "geometry": {
        "type": "Polygon",
        "coordinates": [
          [
            [
              76.9188452,
              9.7814045
            ],
            [
              76.918695,
              9.7811719
            ],
            [
              76.9187379,
              9.7811296
            ],
            [
              76.9187379,
              9.781045
            ],
            [
              76.9188881,
              9.7808547
            ],
            [
              76.919167,
              9.7810873
            ],
            [
              76.919167,
              9.7812565
            ],
            [
              76.9190383,
              9.7813411
            ],
            [
              76.9190168,
              9.7814468
            ],
            [
              76.9188452,
              9.7814045
            ]
          ]
        ]
      }
    },
    {
      "type": "Feature",
      "id": 553609600,
      "properties": {},
      "geometry": {
        "type": "Polygon",
        "coordinates": [
          [
            [
              76.9289517,
              9.7749973
            ],
            [
              76.928823,
              9.774955
            ],
            [
              76.928823,
              9.7747435
            ],
            [
              76.9288874,
              9.7746801
            ],
            [
              76.9291019,
              9.7746801
            ],
            [
              76.9292307,
              9.7745955
            ],
            [
              76.9293165,
              9.7745955
            ],
            [
              76.9296813,
              9.7750819
            ],
            [
              76.9296813,
              9.7753779
            ],
            [
              76.9296384,
              9.7754202
            ],
            [
              76.9296384,
              9.7755048
            ],
            [
              76.9294453,
              9.7756528
            ],
            [
              76.9293594,
              9.7756528
            ],
            [
              76.9293165,
              9.7756951
            ],
            [
              76.9291019,
              9.7756528
            ],
            [
              76.9290161,
              9.7756951
            ],
            [
              76.9289088,
              9.7755894
            ],
            [
              76.9289088,
              9.7755048
            ],
            [
              76.9287801,
              9.7753779
            ],
            [
              76.928823,
              9.7751665
            ],
            [
              76.9289517,
              9.7749973
            ]
          ]
        ]
      }
    },
    {
      "type": "Feature",
      "id": 553609594,
      "properties": {},
      "geometry": {
        "type": "Polygon",
        "coordinates": [
          [
            [
              76.9217205,
              9.782631
            ],
            [
              76.9216347,
              9.7825464
            ],
            [
              76.9212484,
              9.7825464
            ],
            [
              76.9212055,
              9.7825887
            ],
            [
              76.9211197,
              9.7825887
            ],
            [
              76.9209909,
              9.7825041
            ],
            [
              76.9208193,
              9.7824618
            ],
            [
              76.9207549,
              9.7823984
            ],
            [
              76.9207549,
              9.7822715
            ],
            [
              76.9208837,
              9.7821023
            ],
            [
              76.9209266,
              9.7819754
            ],
            [
              76.9210339,
              9.7818697
            ],
            [
              76.9215059,
              9.7818274
            ],
            [
              76.9215488,
              9.7818697
            ],
            [
              76.9217205,
              9.7818697
            ],
            [
              76.9219136,
              9.7821446
            ],
            [
              76.9219136,
              9.7823561
            ],
            [
              76.9218707,
              9.7823984
            ],
            [
              76.9218707,
              9.7824829
            ],
            [
              76.9217849,
              9.7825675
            ],
            [
              76.9217205,
              9.782631
            ]
          ]
        ]
      }
    },
    {
      "type": "Feature",
      "id": 553609602,
      "properties": {},
      "geometry": {
        "type": "Polygon",
        "coordinates": [
          [
            [
              76.926527,
              9.7889746
            ],
            [
              76.9262481,
              9.788742
            ],
            [
              76.9262481,
              9.7886151
            ],
            [
              76.9261408,
              9.7885517
            ],
            [
              76.9257116,
              9.7889323
            ],
            [
              76.92554,
              9.7889323
            ],
            [
              76.9254112,
              9.7888477
            ],
            [
              76.9251966,
              9.7888477
            ],
            [
              76.9251537,
              9.7888054
            ],
            [
              76.9249392,
              9.7888054
            ],
            [
              76.9248319,
              9.7889112
            ],
            [
              76.9248319,
              9.7889957
            ],
            [
              76.9247675,
              9.7890592
            ],
            [
              76.9244456,
              9.7892495
            ],
            [
              76.9243598,
              9.7895878
            ],
            [
              76.9242525,
              9.7897781
            ],
            [
              76.9241238,
              9.7898204
            ],
            [
              76.9240379,
              9.789905
            ],
            [
              76.9239521,
              9.7898204
            ],
            [
              76.9237375,
              9.789905
            ],
            [
              76.9235659,
              9.789905
            ],
            [
              76.92348,
              9.7898627
            ],
            [
              76.9234586,
              9.7897147
            ],
            [
              76.9233298,
              9.7896301
            ],
            [
              76.9233727,
              9.7895878
            ],
            [
              76.9233298,
              9.7895455
            ],
            [
              76.9233298,
              9.7894609
            ],
            [
              76.9233727,
              9.7894187
            ],
            [
              76.9232869,
              9.7892072
            ],
            [
              76.9231582,
              9.7890803
            ],
            [
              76.9231153,
              9.7889535
            ],
            [
              76.9228578,
              9.788742
            ],
            [
              76.9228578,
              9.7886151
            ],
            [
              76.922965,
              9.7885094
            ],
            [
              76.9231367,
              9.7884248
            ],
            [
              76.9232869,
              9.7882345
            ],
            [
              76.9232225,
              9.7881711
            ],
            [
              76.9231367,
              9.7882134
            ],
            [
              76.922965,
              9.7880019
            ],
            [
              76.9228578,
              9.7879808
            ],
            [
              76.9228578,
              9.7878962
            ],
            [
              76.923008,
              9.787875
            ],
            [
              76.9230509,
              9.7877905
            ],
            [
              76.9231582,
              9.787727
            ],
            [
              76.9231796,
              9.7876213
            ],
            [
              76.9233942,
              9.787579
            ],
            [
              76.9234157,
              9.7874733
            ],
            [
              76.9235015,
              9.7873887
            ],
            [
              76.9235015,
              9.7873041
            ],
            [
              76.9235873,
              9.7871773
            ],
            [
              76.923759,
              9.7870504
            ],
            [
              76.9238019,
              9.7869658
            ],
            [
              76.9236732,
              9.7867966
            ],
            [
              76.9236732,
              9.7865429
            ],
            [
              76.923759,
              9.7865006
            ],
            [
              76.9238234,
              9.7863949
            ],
            [
              76.9239092,
              9.7863526
            ],
            [
              76.9242954,
              9.7863526
            ],
            [
              76.9244456,
              9.7864583
            ],
            [
              76.9245315,
              9.7866698
            ],
            [
              76.9245315,
              9.7867966
            ],
            [
              76.9244456,
              9.7869235
            ],
            [
              76.9244885,
              9.7869658
            ],
            [
              76.9243169,
              9.787135
            ],
            [
              76.9243169,
              9.7872195
            ],
            [
              76.9241452,
              9.7873464
            ],
            [
              76.9241452,
              9.7876002
            ],
            [
              76.9242096,
              9.7876636
            ],
            [
              76.9242954,
              9.7876636
            ],
            [
              76.9243813,
              9.7877905
            ],
            [
              76.9245529,
              9.7879173
            ],
            [
              76.9246817,
              9.7879596
            ],
            [
              76.9247675,
              9.7880865
            ],
            [
              76.9249821,
              9.7881288
            ],
            [
              76.925025,
              9.7882134
            ],
            [
              76.9251108,
              9.7882557
            ],
            [
              76.9251966,
              9.7882557
            ],
            [
              76.9254541,
              9.7880865
            ],
            [
              76.9257545,
              9.7877905
            ],
            [
              76.9258833,
              9.7877905
            ],
            [
              76.9259691,
              9.7876636
            ],
            [
              76.926012,
              9.7877059
            ],
            [
              76.9263554,
              9.7877059
            ],
            [
              76.9263983,
              9.7877482
            ],
            [
              76.9265699,
              9.7877482
            ],
            [
              76.9266558,
              9.7876636
            ],
            [
              76.9269562,
              9.7875367
            ],
            [
              76.9271708,
              9.7875367
            ],
            [
              76.9272137,
              9.787579
            ],
            [
              76.9273853,
              9.787579
            ],
            [
              76.9274282,
              9.7876213
            ],
            [
              76.9277287,
              9.7876213
            ],
            [
              76.9279861,
              9.7873253
            ],
            [
              76.928072,
              9.787283
            ],
            [
              76.9284153,
              9.787283
            ],
            [
              76.9285011,
              9.7872407
            ],
            [
              76.9286942,
              9.7870504
            ],
            [
              76.9286942,
              9.7869658
            ],
            [
              76.9285655,
              9.7868389
            ],
            [
              76.9285655,
              9.7865852
            ],
            [
              76.9286299,
              9.7864795
            ],
            [
              76.9287157,
              9.7864372
            ],
            [
              76.9289732,
              9.7864372
            ],
            [
              76.929059,
              9.7865217
            ],
            [
              76.9292307,
              9.7864795
            ],
            [
              76.9293165,
              9.786564
            ],
            [
              76.9296169,
              9.786564
            ],
            [
              76.9297457,
              9.7864795
            ],
            [
              76.9298744,
              9.7864795
            ],
            [
              76.9299817,
              9.7865852
            ],
            [
              76.9300246,
              9.7869658
            ],
            [
              76.9299817,
              9.7870081
            ],
            [
              76.9299817,
              9.7870927
            ],
            [
              76.9298315,
              9.7871984
            ],
            [
              76.9294882,
              9.787283
            ],
            [
              76.9292307,
              9.7874098
            ],
            [
              76.9291234,
              9.7875156
            ],
            [
              76.9291234,
              9.7877693
            ],
            [
              76.9289303,
              9.7880865
            ],
            [
              76.9287586,
              9.7881288
            ],
            [
              76.9286728,
              9.7882134
            ],
            [
              76.928587,
              9.7882134
            ],
            [
              76.928544,
              9.7882557
            ],
            [
              76.9284582,
              9.7882557
            ],
            [
              76.9284153,
              9.7882134
            ],
            [
              76.9283509,
              9.7882768
            ],
            [
              76.9284368,
              9.7888266
            ],
            [
              76.9281578,
              9.7891438
            ],
            [
              76.9279003,
              9.7892706
            ],
            [
              76.9276428,
              9.7892706
            ],
            [
              76.9274497,
              9.7891226
            ],
            [
              76.9273424,
              9.7889323
            ],
            [
              76.9272566,
              9.7889323
            ],
            [
              76.9271922,
              9.7888689
            ],
            [
              76.9271278,
              9.7887631
            ],
            [
              76.9268274,
              9.7888477
            ],
            [
              76.9266987,
              9.7889746
            ],
            [
              76.926527,
              9.7889746
            ]
          ]
        ]
      }
    },
    {
      "type": "Feature",
      "id": 553609607,
      "properties": {},
      "geometry": {
        "type": "Polygon",
        "coordinates": [
          [
            [
              76.9209695,
              9.7903913
            ],
            [
              76.9208837,
              9.7903068
            ],
            [
              76.9208837,
              9.7902222
            ],
            [
              76.9209266,
              9.7901799
            ],
            [
              76.9206691,
              9.7899684
            ],
            [
              76.9206047,
              9.7898627
            ],
            [
              76.9205618,
              9.789905
            ],
            [
              76.9205403,
              9.7898838
            ],
            [
              76.9205403,
              9.7897993
            ],
            [
              76.9204116,
              9.7896301
            ],
            [
              76.9204545,
              9.7895878
            ],
            [
              76.9204116,
              9.7895455
            ],
            [
              76.9205403,
              9.7894609
            ],
            [
              76.9206047,
              9.7893975
            ],
            [
              76.9206905,
              9.7893975
            ],
            [
              76.9207335,
              9.7893552
            ],
            [
              76.9207764,
              9.7893975
            ],
            [
              76.9209051,
              9.7893975
            ],
            [
              76.9209266,
              9.7893764
            ],
            [
              76.9209909,
              9.7893975
            ],
            [
              76.9211411,
              9.7893764
            ],
            [
              76.921227,
              9.7894187
            ],
            [
              76.921227,
              9.7894609
            ],
            [
              76.9214416,
              9.7896724
            ],
            [
              76.9214416,
              9.7898416
            ],
            [
              76.9215703,
              9.7900292
            ],
            [
              76.9215488,
              9.7903279
            ],
            [
              76.9214416,
              9.790349
            ],
            [
              76.9214416,
              9.7904336
            ],
            [
              76.9213343,
              9.7905393
            ],
            [
              76.9211197,
              9.7906239
            ],
            [
              76.9210553,
              9.7905869
            ],
            [
              76.9209695,
              9.790431
            ],
            [
              76.9209695,
              9.7903913
            ]
          ]
        ]
      }
    },
    {
      "type": "Feature",
      "id": 553609604,
      "properties": {},
      "geometry": {
        "type": "Polygon",
        "coordinates": [
          [
            [
              76.9471264,
              9.793838
            ],
            [
              76.9475126,
              9.793838
            ],
            [
              76.9476628,
              9.7939437
            ],
            [
              76.9476628,
              9.7941974
            ],
            [
              76.9473839,
              9.7944723
            ],
            [
              76.9472122,
              9.7945146
            ],
            [
              76.947062,
              9.7944512
            ],
            [
              76.947062,
              9.7943666
            ],
            [
              76.9469762,
              9.7942397
            ],
            [
              76.9469333,
              9.793986
            ],
            [
              76.9471264,
              9.793838
            ]
          ]
        ]
      }
    },
    {
      "type": "Feature",
      "id": 553609605,
      "properties": {},
      "geometry": {
        "type": "Polygon",
        "coordinates": [
          [
            [
              76.929059,
              9.7974749
            ],
            [
              76.9291878,
              9.7974326
            ],
            [
              76.9292307,
              9.7974749
            ],
            [
              76.9294024,
              9.7974749
            ],
            [
              76.9294453,
              9.7975595
            ],
            [
              76.9295526,
              9.7976229
            ],
            [
              76.9295096,
              9.7979189
            ],
            [
              76.9293594,
              9.7980669
            ],
            [
              76.9291878,
              9.7980247
            ],
            [
              76.9291449,
              9.7980669
            ],
            [
              76.9289732,
              9.7980669
            ],
            [
              76.9289303,
              9.7981515
            ],
            [
              76.9288874,
              9.7981515
            ],
            [
              76.9287157,
              9.7983207
            ],
            [
              76.9286299,
              9.7983207
            ],
            [
              76.928587,
              9.798363
            ],
            [
              76.9284582,
              9.798363
            ],
            [
              76.9284153,
              9.7984053
            ],
            [
              76.9282436,
              9.7983207
            ],
            [
              76.9281793,
              9.7982572
            ],
            [
              76.9281793,
              9.7981304
            ],
            [
              76.9282436,
              9.7980669
            ],
            [
              76.9283295,
              9.7980669
            ],
            [
              76.9284368,
              9.7979189
            ],
            [
              76.9283938,
              9.7977921
            ],
            [
              76.9285655,
              9.7976652
            ],
            [
              76.9286299,
              9.7975595
            ],
            [
              76.9287157,
              9.7976018
            ],
            [
              76.9287586,
              9.7975595
            ],
            [
              76.9288445,
              9.7975595
            ],
            [
              76.9290161,
              9.7974326
            ],
            [
              76.929059,
              9.7974749
            ]
          ]
        ]
      }
    },
    {
      "type": "Feature",
      "id": 553609603,
      "properties": {},
      "geometry": {
        "type": "Polygon",
        "coordinates": [
          [
            [
              76.9333935,
              9.797348
            ],
            [
              76.933136,
              9.7972634
            ],
            [
              76.9330931,
              9.797348
            ],
            [
              76.9328356,
              9.797348
            ],
            [
              76.9327497,
              9.7972212
            ],
            [
              76.9326425,
              9.7971577
            ],
            [
              76.9326425,
              9.7971154
            ],
            [
              76.9327497,
              9.7970097
            ],
            [
              76.9328785,
              9.7970097
            ],
            [
              76.9329214,
              9.7969674
            ],
            [
              76.9330072,
              9.7970097
            ],
            [
              76.9330931,
              9.7968405
            ],
            [
              76.933136,
              9.7969251
            ],
            [
              76.9334364,
              9.7968828
            ],
            [
              76.9336081,
              9.7969674
            ],
            [
              76.933651,
              9.797052
            ],
            [
              76.9337153,
              9.7970731
            ],
            [
              76.9336724,
              9.7971154
            ],
            [
              76.9337153,
              9.7971577
            ],
            [
              76.9336081,
              9.7972634
            ],
            [
              76.9334793,
              9.7972212
            ],
            [
              76.9333935,
              9.797348
            ]
          ]
        ]
      }
    },
    {
      "type": "Feature",
      "id": 553609606,
      "properties": {},
      "geometry": {
        "type": "Polygon",
        "coordinates": [
          [
            [
              76.9472551,
              9.7958679
            ],
            [
              76.9469976,
              9.7958679
            ],
            [
              76.9469547,
              9.7959102
            ],
            [
              76.9468474,
              9.7958467
            ],
            [
              76.9468474,
              9.7956353
            ],
            [
              76.9469333,
              9.7955507
            ],
            [
              76.9469333,
              9.7954238
            ],
            [
              76.947062,
              9.795297
            ],
            [
              76.9471049,
              9.7950855
            ],
            [
              76.9472122,
              9.7949798
            ],
            [
              76.9474268,
              9.7949798
            ],
            [
              76.9477057,
              9.7951701
            ],
            [
              76.9476628,
              9.7952124
            ],
            [
              76.9476628,
              9.795297
            ],
            [
              76.9477057,
              9.7953816
            ],
            [
              76.9476199,
              9.7954238
            ],
            [
              76.9476199,
              9.7954661
            ],
            [
              76.9474483,
              9.7956353
            ],
            [
              76.9474483,
              9.7957199
            ],
            [
              76.9473624,
              9.7958045
            ],
            [
              76.9472551,
              9.7958679
            ]
          ]
        ]
      }
    },
    {
      "type": "Feature",
      "id": 553609608,
      "properties": {},
      "geometry": {
        "type": "Polygon",
        "coordinates": [
          [
            [
              76.9474268,
              9.806419
            ],
            [
              76.9474268,
              9.8057424
            ],
            [
              76.9475985,
              9.8054041
            ],
            [
              76.9475985,
              9.8052349
            ],
            [
              76.9477272,
              9.805108
            ],
            [
              76.947813,
              9.805108
            ],
            [
              76.9481564,
              9.8047697
            ],
            [
              76.9485855,
              9.8046852
            ],
            [
              76.9486713,
              9.8046006
            ],
            [
              76.9489288,
              9.8046006
            ],
            [
              76.9492722,
              9.8040085
            ],
            [
              76.9494438,
              9.8040931
            ],
            [
              76.949873,
              9.8040931
            ],
            [
              76.9500017,
              9.80422
            ],
            [
              76.9499159,
              9.8047274
            ],
            [
              76.9501734,
              9.8049812
            ],
            [
              76.9501734,
              9.8058269
            ],
            [
              76.9499588,
              9.806123
            ],
            [
              76.9498301,
              9.8061653
            ],
            [
              76.9498301,
              9.8063344
            ],
            [
              76.9500017,
              9.8065881
            ],
            [
              76.9499159,
              9.8068419
            ],
            [
              76.9500017,
              9.807011
            ],
            [
              76.9497442,
              9.8074339
            ],
            [
              76.9500875,
              9.8076876
            ],
            [
              76.9500875,
              9.8078568
            ],
            [
              76.9499159,
              9.8080259
            ],
            [
              76.9499159,
              9.8082797
            ],
            [
              76.9500875,
              9.8085334
            ],
            [
              76.9500875,
              9.8087871
            ],
            [
              76.9497442,
              9.8091254
            ],
            [
              76.9496584,
              9.8097175
            ],
            [
              76.949358,
              9.8100135
            ],
            [
              76.9489288,
              9.8100135
            ],
            [
              76.9485855,
              9.8102672
            ],
            [
              76.9483709,
              9.8101403
            ],
            [
              76.9482851,
              9.8094637
            ],
            [
              76.9483709,
              9.8093792
            ],
            [
              76.9483709,
              9.8091254
            ],
            [
              76.9481993,
              9.8088717
            ],
            [
              76.9481993,
              9.8087025
            ],
            [
              76.9475985,
              9.8081951
            ],
            [
              76.9475126,
              9.8080259
            ],
            [
              76.9476843,
              9.8076876
            ],
            [
              76.9476843,
              9.8075185
            ],
            [
              76.9484568,
              9.8067573
            ],
            [
              76.9487143,
              9.806419
            ],
            [
              76.9487143,
              9.8062498
            ],
            [
              76.9482422,
              9.8062921
            ],
            [
              76.9481564,
              9.8064613
            ],
            [
              76.9480276,
              9.8063344
            ],
            [
              76.9480276,
              9.8061653
            ],
            [
              76.9478989,
              9.806123
            ],
            [
              76.9476414,
              9.8064613
            ],
            [
              76.9475555,
              9.8064613
            ],
            [
              76.9474268,
              9.806419
            ]
          ]
        ]
      }
    },
    {
      "type": "Feature",
      "id": 553609610,
      "properties": {},
      "geometry": {
        "type": "Polygon",
        "coordinates": [
          [
            [
              76.946311,
              9.8123393
            ],
            [
              76.9463968,
              9.812001
            ],
            [
              76.9462252,
              9.8119164
            ],
            [
              76.9460535,
              9.8114935
            ],
            [
              76.9457102,
              9.8111552
            ],
            [
              76.9457102,
              9.8110707
            ],
            [
              76.9453669,
              9.8108169
            ],
            [
              76.9451094,
              9.8101403
            ],
            [
              76.9451094,
              9.8097175
            ],
            [
              76.945281,
              9.8095483
            ],
            [
              76.9451094,
              9.8092946
            ],
            [
              76.9451094,
              9.8090408
            ],
            [
              76.945281,
              9.8087871
            ],
            [
              76.9451952,
              9.8087025
            ],
            [
              76.945281,
              9.8082797
            ],
            [
              76.9451952,
              9.8081951
            ],
            [
              76.9451952,
              9.8079414
            ],
            [
              76.9454527,
              9.8075185
            ],
            [
              76.9453669,
              9.8070956
            ],
            [
              76.9458389,
              9.806715
            ],
            [
              76.9460106,
              9.806715
            ],
            [
              76.9460964,
              9.8066304
            ],
            [
              76.946311,
              9.8067573
            ],
            [
              76.946311,
              9.807011
            ],
            [
              76.9465685,
              9.8072648
            ],
            [
              76.9465685,
              9.8076876
            ],
            [
              76.9470835,
              9.8083642
            ],
            [
              76.9470835,
              9.8091254
            ],
            [
              76.9469118,
              9.8095483
            ],
            [
              76.9469118,
              9.809802
            ],
            [
              76.9470835,
              9.8100558
            ],
            [
              76.9470835,
              9.8105632
            ],
            [
              76.9472551,
              9.8108169
            ],
            [
              76.9472551,
              9.8112398
            ],
            [
              76.9470835,
              9.8116627
            ],
            [
              76.9470835,
              9.8124239
            ],
            [
              76.9472551,
              9.812593
            ],
            [
              76.9471264,
              9.8127199
            ],
            [
              76.9469547,
              9.8127199
            ],
            [
              76.9467831,
              9.8125507
            ],
            [
              76.9466114,
              9.8125507
            ],
            [
              76.946311,
              9.8123393
            ]
          ]
        ]
      }
    },
    {
      "type": "Feature",
      "id": 553609609,
      "properties": {},
      "geometry": {
        "type": "Polygon",
        "coordinates": [
          [
            [
              76.9519758,
              9.8106478
            ],
            [
              76.9520617,
              9.8105632
            ],
            [
              76.9519758,
              9.8104786
            ],
            [
              76.9520617,
              9.8103095
            ],
            [
              76.9525337,
              9.8101826
            ],
            [
              76.9526625,
              9.8100558
            ],
            [
              76.9526625,
              9.809802
            ],
            [
              76.9530487,
              9.8095906
            ],
            [
              76.9532633,
              9.809802
            ],
            [
              76.9532633,
              9.8099712
            ],
            [
              76.9530487,
              9.8102672
            ],
            [
              76.95292,
              9.8103095
            ],
            [
              76.9528341,
              9.8105632
            ],
            [
              76.9525766,
              9.8109015
            ],
            [
              76.9523621,
              9.8110284
            ],
            [
              76.9521046,
              9.8107747
            ],
            [
              76.9519758,
              9.8106478
            ]
          ]
        ]
      }
    },
    {
      "type": "Feature",
      "id": 553609612,
      "properties": {},
      "geometry": {
        "type": "Polygon",
        "coordinates": [
          [
            [
              76.941247,
              9.8319601
            ],
            [
              76.941247,
              9.8321293
            ],
            [
              76.9410753,
              9.8322138
            ],
            [
              76.9410324,
              9.8323407
            ],
            [
              76.9407749,
              9.8324253
            ],
            [
              76.9404316,
              9.8327635
            ],
            [
              76.940217,
              9.8327213
            ],
            [
              76.940217,
              9.832383
            ],
            [
              76.9406891,
              9.8318333
            ],
            [
              76.9411182,
              9.8317487
            ],
            [
              76.9411612,
              9.8318756
            ],
            [
              76.941247,
              9.8319601
            ]
          ]
        ]
      }
    },
    {
      "type": "Feature",
      "id": 553609582,
      "properties": {},
      "geometry": {
        "type": "Polygon",
        "coordinates": [
          [
            [
              77.051239,
              9.7641491
            ],
            [
              77.0511532,
              9.7640223
            ],
            [
              77.0508742,
              9.7638319
            ],
            [
              77.0508742,
              9.7637473
            ],
            [
              77.0509815,
              9.7636416
            ],
            [
              77.0513678,
              9.7636839
            ],
            [
              77.0516467,
              9.7639588
            ],
            [
              77.0516467,
              9.764128
            ],
            [
              77.0515823,
              9.7641914
            ],
            [
              77.0514536,
              9.7642337
            ],
            [
              77.0513463,
              9.7641703
            ],
            [
              77.051239,
              9.7641491
            ]
          ]
        ]
      }
    },
    {
      "type": "Feature",
      "id": 553609583,
      "properties": {},
      "geometry": {
        "type": "Polygon",
        "coordinates": [
          [
            [
              77.0124435,
              9.80071
            ],
            [
              77.0125723,
              9.8008369
            ],
            [
              77.012229,
              9.8014289
            ],
            [
              77.0121002,
              9.8015558
            ],
            [
              77.0116711,
              9.8015558
            ],
            [
              77.0114994,
              9.8013866
            ],
            [
              77.0112419,
              9.8013866
            ],
            [
              77.011199,
              9.8011752
            ],
            [
              77.0113707,
              9.8009215
            ],
            [
              77.0113707,
              9.8007523
            ],
            [
              77.0114994,
              9.8006254
            ],
            [
              77.0119286,
              9.8006254
            ],
            [
              77.0124435,
              9.80071
            ]
          ]
        ]
      }
    },
    {
      "type": "Feature",
      "id": 553609584,
      "properties": {},
      "geometry": {
        "type": "Polygon",
        "coordinates": [
          [
            [
              77.0103836,
              9.8018095
            ],
            [
              77.0105124,
              9.8019364
            ],
            [
              77.0105124,
              9.8022747
            ],
            [
              77.0102978,
              9.8024016
            ],
            [
              77.0101261,
              9.802317
            ],
            [
              77.0099974,
              9.8021901
            ],
            [
              77.0099974,
              9.802021
            ],
            [
              77.0103836,
              9.8018095
            ]
          ]
        ]
      }
    },
    {
      "type": "Feature",
      "id": 553609580,
      "properties": {},
      "geometry": {
        "type": "Polygon",
        "coordinates": [
          [
            [
              77.0282793,
              9.7854222
            ],
            [
              77.0287514,
              9.7854222
            ],
            [
              77.0290089,
              9.7855913
            ],
            [
              77.0291376,
              9.7855913
            ],
            [
              77.0292664,
              9.7856759
            ],
            [
              77.0293951,
              9.7856759
            ],
            [
              77.029438,
              9.7856336
            ],
            [
              77.0294809,
              9.7856759
            ],
            [
              77.0296955,
              9.7855913
            ],
            [
              77.0299101,
              9.7855913
            ],
            [
              77.0301032,
              9.7857394
            ],
            [
              77.0303607,
              9.7862469
            ],
            [
              77.0303607,
              9.7863314
            ],
            [
              77.0302534,
              9.7863949
            ],
            [
              77.0300388,
              9.7863103
            ],
            [
              77.0297384,
              9.7863526
            ],
            [
              77.0296955,
              9.7863103
            ],
            [
              77.0296097,
              9.7863103
            ],
            [
              77.0294809,
              9.7863949
            ],
            [
              77.0293522,
              9.7863949
            ],
            [
              77.0293093,
              9.786564
            ],
            [
              77.0292234,
              9.786564
            ],
            [
              77.0291805,
              9.7864795
            ],
            [
              77.0290947,
              9.7864372
            ],
            [
              77.0290089,
              9.7865217
            ],
            [
              77.0287085,
              9.7865217
            ],
            [
              77.0285797,
              9.7863949
            ],
            [
              77.0284939,
              9.7864372
            ],
            [
              77.0283651,
              9.7863103
            ],
            [
              77.0281935,
              9.786268
            ],
            [
              77.0280862,
              9.78612
            ],
            [
              77.0280433,
              9.7859508
            ],
            [
              77.0281291,
              9.7858239
            ],
            [
              77.0280433,
              9.7857394
            ],
            [
              77.0280433,
              9.7856548
            ],
            [
              77.0281291,
              9.7855279
            ],
            [
              77.0282793,
              9.7854222
            ]
          ]
        ]
      }
    },
    {
      "type": "Feature",
      "id": 553609581,
      "properties": {},
      "geometry": {
        "type": "Polygon",
        "coordinates": [
          [
            [
              77.0381713,
              9.7854433
            ],
            [
              77.0381927,
              9.7853799
            ],
            [
              77.0383215,
              9.7853799
            ],
            [
              77.0384073,
              9.7852953
            ],
            [
              77.038579,
              9.785253
            ],
            [
              77.0386863,
              9.7850627
            ],
            [
              77.0389438,
              9.7848513
            ],
            [
              77.0389652,
              9.7847878
            ],
            [
              77.0390511,
              9.7847878
            ],
            [
              77.0392227,
              9.7847032
            ],
            [
              77.0393085,
              9.7846186
            ],
            [
              77.0394373,
              9.7846186
            ],
            [
              77.0396519,
              9.7844918
            ],
            [
              77.0397377,
              9.7844918
            ],
            [
              77.0398235,
              9.7844072
            ],
            [
              77.0399094,
              9.7844072
            ],
            [
              77.0401239,
              9.7842803
            ],
            [
              77.0402527,
              9.7842803
            ],
            [
              77.0402956,
              9.784238
            ],
            [
              77.0404243,
              9.7843226
            ],
            [
              77.0405531,
              9.784238
            ],
            [
              77.0407248,
              9.7841957
            ],
            [
              77.040875,
              9.7839631
            ],
            [
              77.0409608,
              9.7839208
            ],
            [
              77.0410037,
              9.783794
            ],
            [
              77.0410895,
              9.7837094
            ],
            [
              77.0410895,
              9.7836248
            ],
            [
              77.0411539,
              9.7835614
            ],
            [
              77.0414543,
              9.7834345
            ],
            [
              77.041626,
              9.7834345
            ],
            [
              77.0417976,
              9.7835191
            ],
            [
              77.0420337,
              9.7838786
            ],
            [
              77.0419478,
              9.7842592
            ],
            [
              77.0419478,
              9.7844283
            ],
            [
              77.0420766,
              9.7846768
            ],
            [
              77.0420337,
              9.7848935
            ],
            [
              77.0420337,
              9.785105
            ],
            [
              77.0420766,
              9.7852319
            ],
            [
              77.0420766,
              9.7853165
            ],
            [
              77.0418835,
              9.7856336
            ],
            [
              77.0415401,
              9.7858874
            ],
            [
              77.0414114,
              9.7859297
            ],
            [
              77.0412397,
              9.7860988
            ],
            [
              77.0410252,
              9.7860988
            ],
            [
              77.0409179,
              9.7859931
            ],
            [
              77.040832,
              9.7855702
            ],
            [
              77.0406604,
              9.785401
            ],
            [
              77.0406175,
              9.7853165
            ],
            [
              77.0405102,
              9.7852953
            ],
            [
              77.0404243,
              9.7852107
            ],
            [
              77.0403385,
              9.7852953
            ],
            [
              77.0402527,
              9.7852107
            ],
            [
              77.0401669,
              9.7852107
            ],
            [
              77.0399308,
              9.785401
            ],
            [
              77.039845,
              9.7855279
            ],
            [
              77.039845,
              9.7856548
            ],
            [
              77.0397592,
              9.7857394
            ],
            [
              77.0396948,
              9.7858028
            ],
            [
              77.0396304,
              9.7858662
            ],
            [
              77.0396304,
              9.7859085
            ],
            [
              77.0393515,
              9.7862257
            ],
            [
              77.0390511,
              9.7862257
            ],
            [
              77.0389223,
              9.7860988
            ],
            [
              77.0387936,
              9.7860565
            ],
            [
              77.0386219,
              9.7859297
            ],
            [
              77.0385361,
              9.7859297
            ],
            [
              77.0384502,
              9.7859297
            ],
            [
              77.0384073,
              9.785972
            ],
            [
              77.0383215,
              9.785972
            ],
            [
              77.0380855,
              9.7861623
            ],
            [
              77.0379996,
              9.7863314
            ],
            [
              77.0378709,
              9.7864583
            ],
            [
              77.0377851,
              9.7866698
            ],
            [
              77.0377636,
              9.7868601
            ],
            [
              77.0375919,
              9.7868601
            ],
            [
              77.0374203,
              9.7869869
            ],
            [
              77.0372057,
              9.7869869
            ],
            [
              77.0370126,
              9.7868389
            ],
            [
              77.0370126,
              9.7867543
            ],
            [
              77.0368838,
              9.7866275
            ],
            [
              77.0368838,
              9.786416
            ],
            [
              77.0369911,
              9.7862257
            ],
            [
              77.0371199,
              9.7861834
            ],
            [
              77.0373344,
              9.7860143
            ],
            [
              77.0374632,
              9.7860143
            ],
            [
              77.0377207,
              9.7858451
            ],
            [
              77.0381713,
              9.7854433
            ]
          ]
        ]
      }
    },
    {
      "type": "Feature",
      "id": 553609611,
      "properties": {},
      "geometry": {
        "type": "Polygon",
        "coordinates": [
          [
            [
              76.97721,
              9.8340744
            ],
            [
              76.9771671,
              9.8342012
            ],
            [
              76.9769955,
              9.8342858
            ],
            [
              76.9767809,
              9.8342435
            ],
            [
              76.9769096,
              9.8340321
            ],
            [
              76.9770813,
              9.8340321
            ],
            [
              76.97721,
              9.8340744
            ]
          ]
        ]
      }
    },
    {
      "type": "Feature",
      "id": 285632709,
      "properties": {},
      "geometry": {
        "type": "Polygon",
        "coordinates": [
          [
            [
              77.0020314,
              9.9797399
            ],
            [
              77.0018862,
              9.9798229
            ],
            [
              77.001658,
              9.9799812
            ],
            [
              77.0015641,
              9.9800463
            ],
            [
              77.0014872,
              9.9800997
            ],
            [
              77.001414,
              9.980149
            ],
            [
              77.00137,
              9.9801787
            ],
            [
              77.0011609,
              9.9803197
            ],
            [
              77.000933,
              9.9804721
            ],
            [
              77.0009985,
              9.980783
            ],
            [
              77.0011015,
              9.9808624
            ],
            [
              77.0011111,
              9.9809653
            ],
            [
              77.0010827,
              9.981116
            ],
            [
              77.0006927,
              9.9816548
            ],
            [
              77.0002608,
              9.9820959
            ],
            [
              77.0001385,
              9.9823576
            ],
            [
              76.9999792,
              9.9823654
            ],
            [
              76.999696,
              9.9826297
            ],
            [
              76.9996906,
              9.9826746
            ],
            [
              76.9997201,
              9.9828119
            ],
            [
              76.9996654,
              9.9830786
            ],
            [
              76.9995983,
              9.9832979
            ],
            [
              76.9996209,
              9.9834248
            ],
            [
              76.9996386,
              9.9835884
            ],
            [
              76.9996075,
              9.9836916
            ],
            [
              76.9995565,
              9.9837867
            ],
            [
              76.9994331,
              9.9838501
            ],
            [
              76.9993312,
              9.9839135
            ],
            [
              76.9992159,
              9.9842331
            ],
            [
              76.9992148,
              9.9844443
            ],
            [
              76.9989718,
              9.9848856
            ],
            [
              76.9989492,
              9.9850307
            ],
            [
              76.9989047,
              9.9850943
            ],
            [
              76.9988618,
              9.9851075
            ],
            [
              76.9988339,
              9.9850756
            ],
            [
              76.998725,
              9.9850546
            ],
            [
              76.9986097,
              9.9850943
            ],
            [
              76.9985399,
              9.9852184
            ],
            [
              76.9984691,
              9.9854058
            ],
            [
              76.9982449,
              9.985509
            ],
            [
              76.9982411,
              9.9855828
            ],
            [
              76.9980802,
              9.9856304
            ],
            [
              76.9979541,
              9.9855538
            ],
            [
              76.9977771,
              9.9854983
            ],
            [
              76.9976012,
              9.9854984
            ],
            [
              76.9974241,
              9.9855882
            ],
            [
              76.9973061,
              9.9856147
            ],
            [
              76.9971559,
              9.9855777
            ],
            [
              76.9970942,
              9.9855143
            ],
            [
              76.9970422,
              9.9854613
            ],
            [
              76.9969456,
              9.9854507
            ],
            [
              76.9963475,
              9.9856145
            ],
            [
              76.9963234,
              9.985736
            ],
            [
              76.9963046,
              9.9858074
            ],
            [
              76.9962574,
              9.9858339
            ],
            [
              76.9961946,
              9.9858179
            ],
            [
              76.9961517,
              9.9857625
            ],
            [
              76.9956968,
              9.9859026
            ],
            [
              76.9953696,
              9.9860453
            ],
            [
              76.9953792,
              9.9861429
            ],
            [
              76.995457,
              9.9862828
            ],
            [
              76.9955841,
              9.9863464
            ],
            [
              76.9956233,
              9.9864096
            ],
            [
              76.9956217,
              9.98646
            ],
            [
              76.9955627,
              9.9864917
            ],
            [
              76.9954946,
              9.9865153
            ],
            [
              76.9954704,
              9.9865496
            ],
            [
              76.9954876,
              9.9865894
            ],
            [
              76.995509,
              9.9866634
            ],
            [
              76.9954661,
              9.9866686
            ],
            [
              76.9954205,
              9.9866607
            ],
            [
              76.9953846,
              9.9866976
            ],
            [
              76.9954044,
              9.9867373
            ],
            [
              76.9954125,
              9.9868166
            ],
            [
              76.9953723,
              9.9868324
            ],
            [
              76.9953309,
              9.9868217
            ],
            [
              76.9952263,
              9.9867742
            ],
            [
              76.9951657,
              9.9867479
            ],
            [
              76.9951271,
              9.986761
            ],
            [
              76.9950558,
              9.9869539
            ],
            [
              76.9950761,
              9.9870119
            ],
            [
              76.9951416,
              9.9870702
            ],
            [
              76.9952194,
              9.9870834
            ],
            [
              76.9952478,
              9.9870832
            ],
            [
              76.9952961,
              9.9871387
            ],
            [
              76.9953497,
              9.9871731
            ],
            [
              76.995398,
              9.9871625
            ],
            [
              76.9955831,
              9.9870621
            ],
            [
              76.9957172,
              9.9870489
            ],
            [
              76.9957601,
              9.9870674
            ],
            [
              76.9958835,
              9.9870146
            ],
            [
              76.9959425,
              9.9870172
            ],
            [
              76.9960176,
              9.9869987
            ],
            [
              76.9960766,
              9.9869697
            ],
            [
              76.9964333,
              9.9867029
            ],
            [
              76.9964923,
              9.9866923
            ],
            [
              76.996539,
              9.9867083
            ],
            [
              76.9967686,
              9.9868191
            ],
            [
              76.9969644,
              9.9867583
            ],
            [
              76.9971039,
              9.9868006
            ],
            [
              76.9972058,
              9.98679
            ],
            [
              76.9972755,
              9.9867715
            ],
            [
              76.9973775,
              9.9868059
            ],
            [
              76.9974821,
              9.9868825
            ],
            [
              76.997533,
              9.9869749
            ],
            [
              76.9978227,
              9.9870542
            ],
            [
              76.9979005,
              9.9869855
            ],
            [
              76.9979928,
              9.986946
            ],
            [
              76.9980614,
              9.9869406
            ],
            [
              76.998217,
              9.9870066
            ],
            [
              76.9988323,
              9.9873766
            ],
            [
              76.9989074,
              9.9873502
            ],
            [
              76.9989251,
              9.9873104
            ],
            [
              76.9989197,
              9.9872497
            ],
            [
              76.9988913,
              9.9871864
            ],
            [
              76.9987921,
              9.9871838
            ],
            [
              76.998725,
              9.9871705
            ],
            [
              76.9986381,
              9.9871281
            ],
            [
              76.9985576,
              9.9870806
            ],
            [
              76.9985389,
              9.9870463
            ],
            [
              76.9983457,
              9.9867187
            ],
            [
              76.9983189,
              9.9865972
            ],
            [
              76.9983323,
              9.9864704
            ],
            [
              76.9984316,
              9.9862855
            ],
            [
              76.9985265,
              9.9862064
            ],
            [
              76.9985775,
              9.98618
            ],
            [
              76.9986596,
              9.9861085
            ],
            [
              76.9986982,
              9.9860267
            ],
            [
              76.9986864,
              9.9859342
            ],
            [
              76.9986783,
              9.9858655
            ],
            [
              76.9987132,
              9.9857704
            ],
            [
              76.9987829,
              9.9857519
            ],
            [
              76.9990619,
              9.9857017
            ],
            [
              76.9991799,
              9.9857625
            ],
            [
              76.9996386,
              9.98609
            ],
            [
              76.9998022,
              9.9861481
            ],
            [
              77.0000554,
              9.9862222
            ],
            [
              77.0001348,
              9.9862194
            ],
            [
              77.0002072,
              9.9861957
            ],
            [
              77.000278,
              9.9860849
            ],
            [
              77.0004352,
              9.9858602
            ],
            [
              77.0005543,
              9.9857969
            ],
            [
              77.0006739,
              9.9857704
            ],
            [
              77.0007973,
              9.9857783
            ],
            [
              77.0009207,
              9.9858787
            ],
            [
              77.0010736,
              9.9861059
            ],
            [
              77.0011379,
              9.9862485
            ],
            [
              77.0010789,
              9.986407
            ],
            [
              77.0009368,
              9.9866157
            ],
            [
              77.0009797,
              9.9866712
            ],
            [
              77.0009647,
              9.9868641
            ],
            [
              77.0008091,
              9.9869592
            ],
            [
              77.0007276,
              9.9870066
            ],
            [
              77.0007018,
              9.9870596
            ],
            [
              77.0006954,
              9.9870991
            ],
            [
              77.0007624,
              9.9871414
            ],
            [
              77.0009448,
              9.9871889
            ],
            [
              77.0013214,
              9.9873317
            ],
            [
              77.0014019,
              9.9874955
            ],
            [
              77.0016234,
              9.98763
            ],
            [
              77.0017629,
              9.9875851
            ],
            [
              77.0018299,
              9.9876116
            ],
            [
              77.0020552,
              9.9877859
            ],
            [
              77.0021062,
              9.9879021
            ],
            [
              77.0020966,
              9.9880211
            ],
            [
              77.0018863,
              9.9882482
            ],
            [
              77.0018058,
              9.988264
            ],
            [
              77.0017184,
              9.9882589
            ],
            [
              77.0016744,
              9.9882165
            ],
            [
              77.0016218,
              9.9881796
            ],
            [
              77.0015145,
              9.9881902
            ],
            [
              77.0014153,
              9.9882325
            ],
            [
              77.0013938,
              9.9883064
            ],
            [
              77.0012785,
              9.9887185
            ],
            [
              77.0011943,
              9.9887316
            ],
            [
              77.0011444,
              9.988774
            ],
            [
              77.0011095,
              9.988943
            ],
            [
              77.0010494,
              9.9889561
            ],
            [
              77.0009486,
              9.9889615
            ],
            [
              77.0009486,
              9.9890302
            ],
            [
              77.0010022,
              9.989091
            ],
            [
              77.0010655,
              9.9892995
            ],
            [
              77.0014544,
              9.9896059
            ],
            [
              77.0014866,
              9.989981
            ],
            [
              77.001544,
              9.9901238
            ],
            [
              77.0017817,
              9.9903218
            ],
            [
              77.0018283,
              9.9903827
            ],
            [
              77.001787,
              9.9904803
            ],
            [
              77.0018112,
              9.9905357
            ],
            [
              77.0019453,
              9.9906203
            ],
            [
              77.0021196,
              9.9906731
            ],
            [
              77.0022832,
              9.9907048
            ],
            [
              77.0024093,
              9.990681
            ],
            [
              77.0025354,
              9.9906282
            ],
            [
              77.0025729,
              9.9905278
            ],
            [
              77.0025327,
              9.9899625
            ],
            [
              77.0025836,
              9.9897486
            ],
            [
              77.0025407,
              9.9895531
            ],
            [
              77.0023154,
              9.9893312
            ],
            [
              77.0020687,
              9.9891489
            ],
            [
              77.0020322,
              9.9890434
            ],
            [
              77.0022859,
              9.988787
            ],
            [
              77.0025327,
              9.9887104
            ],
            [
              77.0026882,
              9.9885784
            ],
            [
              77.002876,
              9.9884331
            ],
            [
              77.002935,
              9.9883221
            ],
            [
              77.0030595,
              9.9882483
            ],
            [
              77.0032327,
              9.9883644
            ],
            [
              77.0033706,
              9.9885547
            ],
            [
              77.0034232,
              9.9886787
            ],
            [
              77.0034082,
              9.98884
            ],
            [
              77.0034822,
              9.9889429
            ],
            [
              77.0035948,
              9.9889772
            ],
            [
              77.0036753,
              9.9889667
            ],
            [
              77.0037316,
              9.9889244
            ],
            [
              77.0037343,
              9.9888478
            ],
            [
              77.0036308,
              9.9886736
            ],
            [
              77.0036056,
              9.9885942
            ],
            [
              77.0037263,
              9.9884067
            ],
            [
              77.0038051,
              9.9883883
            ],
            [
              77.003855,
              9.9884119
            ],
            [
              77.0043845,
              9.988877
            ],
            [
              77.0044193,
              9.9890144
            ],
            [
              77.0045282,
              9.989112
            ],
            [
              77.0046194,
              9.9891146
            ],
            [
              77.0047267,
              9.9890618
            ],
            [
              77.0048126,
              9.9887633
            ],
            [
              77.0049333,
              9.988721
            ],
            [
              77.0048646,
              9.988597
            ],
            [
              77.0047627,
              9.9884992
            ],
            [
              77.0046983,
              9.9885045
            ],
            [
              77.0046446,
              9.9885785
            ],
            [
              77.0045873,
              9.9885335
            ],
            [
              77.0045481,
              9.9884411
            ],
            [
              77.0045159,
              9.9883038
            ],
            [
              77.0044274,
              9.9883038
            ],
            [
              77.0043646,
              9.9882218
            ],
            [
              77.004319,
              9.9881055
            ],
            [
              77.0043067,
              9.9879974
            ],
            [
              77.0043083,
              9.9879048
            ],
            [
              77.0043351,
              9.9878176
            ],
            [
              77.0043968,
              9.9877568
            ],
            [
              77.0044381,
              9.9876909
            ],
            [
              77.0044639,
              9.9876433
            ],
            [
              77.0043442,
              9.9876302
            ],
            [
              77.0041887,
              9.9876856
            ],
            [
              77.0040696,
              9.9877912
            ],
            [
              77.0038909,
              9.9879736
            ],
            [
              77.0037665,
              9.9879682
            ],
            [
              77.0036522,
              9.9878415
            ],
            [
              77.0035423,
              9.9877517
            ],
            [
              77.0032461,
              9.9877859
            ],
            [
              77.0031212,
              9.9877543
            ],
            [
              77.0029575,
              9.9876751
            ],
            [
              77.0029216,
              9.9875746
            ],
            [
              77.0029591,
              9.9874663
            ],
            [
              77.003458,
              9.9869115
            ],
            [
              77.0036404,
              9.9867055
            ],
            [
              77.0036458,
              9.9866421
            ],
            [
              77.0035718,
              9.9866528
            ],
            [
              77.003112,
              9.9870753
            ],
            [
              77.0028529,
              9.9872075
            ],
            [
              77.0028207,
              9.9872973
            ],
            [
              77.0026212,
              9.9873263
            ],
            [
              77.0025338,
              9.9873026
            ],
            [
              77.0024549,
              9.987181
            ],
            [
              77.0023664,
              9.9870912
            ],
            [
              77.0021545,
              9.9870225
            ],
            [
              77.0020188,
              9.9868298
            ],
            [
              77.0019303,
              9.9866554
            ],
            [
              77.0018836,
              9.9864625
            ],
            [
              77.0018755,
              9.986341
            ],
            [
              77.0020338,
              9.9860028
            ],
            [
              77.0022618,
              9.9857836
            ],
            [
              77.0026051,
              9.9855723
            ],
            [
              77.002868,
              9.9855141
            ],
            [
              77.0031925,
              9.98553
            ],
            [
              77.003274,
              9.9856569
            ],
            [
              77.0037906,
              9.9859711
            ],
            [
              77.0039033,
              9.98595
            ],
            [
              77.0040401,
              9.9860081
            ],
            [
              77.0041018,
              9.985876
            ],
            [
              77.0040642,
              9.9858232
            ],
            [
              77.0039205,
              9.9857441
            ],
            [
              77.0038614,
              9.9857124
            ],
            [
              77.0038496,
              9.9855749
            ],
            [
              77.0039247,
              9.9855855
            ],
            [
              77.0039848,
              9.9854799
            ],
            [
              77.0038614,
              9.9854773
            ],
            [
              77.0038185,
              9.9854245
            ],
            [
              77.003789,
              9.9853426
            ],
            [
              77.0036431,
              9.9854613
            ],
            [
              77.0035197,
              9.9854877
            ],
            [
              77.0034473,
              9.985493
            ],
            [
              77.0033626,
              9.9854747
            ],
            [
              77.0032757,
              9.9853821
            ],
            [
              77.0031764,
              9.9852764
            ],
            [
              77.0029994,
              9.9851787
            ],
            [
              77.0026963,
              9.9851232
            ],
            [
              77.0024656,
              9.9851021
            ],
            [
              77.0021116,
              9.9851787
            ],
            [
              77.0019667,
              9.9852975
            ],
            [
              77.0017961,
              9.9855935
            ],
            [
              77.0015789,
              9.985575
            ],
            [
              77.0015859,
              9.9854217
            ],
            [
              77.0015306,
              9.9853135
            ],
            [
              77.0011889,
              9.984896
            ],
            [
              77.0009754,
              9.984735
            ],
            [
              77.0007731,
              9.9846134
            ],
            [
              77.0006015,
              9.9846266
            ],
            [
              77.0004497,
              9.9847799
            ],
            [
              77.0003467,
              9.984867
            ],
            [
              77.0002271,
              9.9848882
            ],
            [
              77.0000731,
              9.9848485
            ],
            [
              76.999998,
              9.9847877
            ],
            [
              76.9999803,
              9.9846478
            ],
            [
              77.0000194,
              9.9844786
            ],
            [
              77.0001332,
              9.9843176
            ],
            [
              77.0003655,
              9.9842039
            ],
            [
              77.0004432,
              9.9841167
            ],
            [
              77.0004808,
              9.9838922
            ],
            [
              77.000513,
              9.9837601
            ],
            [
              77.0005586,
              9.9837284
            ],
            [
              77.0006015,
              9.9837364
            ],
            [
              77.0006455,
              9.9836572
            ],
            [
              77.0006846,
              9.9835356
            ],
            [
              77.0006455,
              9.983335
            ],
            [
              77.0004953,
              9.9831236
            ],
            [
              77.0004057,
              9.9830205
            ],
            [
              77.0005666,
              9.9827458
            ],
            [
              77.0008107,
              9.9825688
            ],
            [
              77.000969,
              9.9825899
            ],
            [
              77.0010199,
              9.9825265
            ],
            [
              77.0011256,
              9.9824632
            ],
            [
              77.0012694,
              9.9824631
            ],
            [
              77.0014222,
              9.9825133
            ],
            [
              77.0015295,
              9.9826163
            ],
            [
              77.0015172,
              9.982775
            ],
            [
              77.0015778,
              9.9827827
            ],
            [
              77.0016261,
              9.9828488
            ],
            [
              77.0016808,
              9.9829044
            ],
            [
              77.0017924,
              9.9829254
            ],
            [
              77.0019238,
              9.9828937
            ],
            [
              77.0020204,
              9.9827827
            ],
            [
              77.0021464,
              9.9828567
            ],
            [
              77.0022645,
              9.9828197
            ],
            [
              77.0023058,
              9.9827406
            ],
            [
              77.0022913,
              9.9826163
            ],
            [
              77.0021947,
              9.9824314
            ],
            [
              77.0021411,
              9.9824816
            ],
            [
              77.0020992,
              9.9824606
            ],
            [
              77.0021008,
              9.9823416
            ],
            [
              77.0020472,
              9.9822174
            ],
            [
              77.0020579,
              9.9821303
            ],
            [
              77.0021089,
              9.9820748
            ],
            [
              77.0021813,
              9.9821171
            ],
            [
              77.0022591,
              9.9821488
            ],
            [
              77.0024211,
              9.9821859
            ],
            [
              77.0025166,
              9.9822571
            ],
            [
              77.0025579,
              9.9823259
            ],
            [
              77.0025971,
              9.9823442
            ],
            [
              77.002699,
              9.9823205
            ],
            [
              77.0028277,
              9.9822201
            ],
            [
              77.0028921,
              9.9821593
            ],
            [
              77.0028975,
              9.9820748
            ],
            [
              77.0028529,
              9.9819191
            ],
            [
              77.0028143,
              9.9817657
            ],
            [
              77.002825,
              9.9816865
            ],
            [
              77.0028411,
              9.9816099
            ],
            [
              77.0028975,
              9.9815676
            ],
            [
              77.0029549,
              9.9815809
            ],
            [
              77.0030407,
              9.9816285
            ],
            [
              77.0030959,
              9.9816521
            ],
            [
              77.0031603,
              9.9816574
            ],
            [
              77.0032928,
              9.9816021
            ],
            [
              77.0032998,
              9.9815755
            ],
            [
              77.0033186,
              9.9815227
            ],
            [
              77.0034833,
              9.9814594
            ],
            [
              77.0036281,
              9.981507
            ],
            [
              77.0036898,
              9.9813907
            ],
            [
              77.0038926,
              9.9814065
            ],
            [
              77.0040277,
              9.9811609
            ],
            [
              77.0040723,
              9.9810815
            ],
            [
              77.0041404,
              9.9810949
            ],
            [
              77.0041796,
              9.9811265
            ],
            [
              77.0042225,
              9.9811978
            ],
            [
              77.0043271,
              9.9812427
            ],
            [
              77.0044837,
              9.9812983
            ],
            [
              77.0045738,
              9.981285
            ],
            [
              77.0046275,
              9.9813325
            ],
            [
              77.0046355,
              9.9814038
            ],
            [
              77.00465,
              9.9814357
            ],
            [
              77.0047911,
              9.9814144
            ],
            [
              77.0048689,
              9.9814144
            ],
            [
              77.0049118,
              9.9812797
            ],
            [
              77.0050003,
              9.9811265
            ],
            [
              77.0049976,
              9.9809917
            ],
            [
              77.0050754,
              9.9809098
            ],
            [
              77.00518,
              9.9807936
            ],
            [
              77.0052551,
              9.9806879
            ],
            [
              77.0056011,
              9.9806668
            ],
            [
              77.0057567,
              9.9806325
            ],
            [
              77.0058211,
              9.9805744
            ],
            [
              77.0059418,
              9.9804925
            ],
            [
              77.0062019,
              9.9804027
            ],
            [
              77.0063521,
              9.9803657
            ],
            [
              77.0067207,
              9.9801571
            ],
            [
              77.0069825,
              9.9799721
            ],
            [
              77.0070415,
              9.9799774
            ],
            [
              77.0071364,
              9.9800118
            ],
            [
              77.0071541,
              9.9801121
            ],
            [
              77.0071391,
              9.9802179
            ],
            [
              77.007079,
              9.9802257
            ],
            [
              77.0071793,
              9.9803447
            ],
            [
              77.0071541,
              9.9804581
            ],
            [
              77.00724,
              9.9806245
            ],
            [
              77.0072024,
              9.9807883
            ],
            [
              77.0071042,
              9.9808915
            ],
            [
              77.0068521,
              9.9811055
            ],
            [
              77.0069342,
              9.9812031
            ],
            [
              77.0070978,
              9.9811529
            ],
            [
              77.0072105,
              9.9810683
            ],
            [
              77.0073446,
              9.9810657
            ],
            [
              77.0074465,
              9.9811212
            ],
            [
              77.0075173,
              9.9812058
            ],
            [
              77.0075683,
              9.9813696
            ],
            [
              77.0074787,
              9.9813933
            ],
            [
              77.0074878,
              9.9815334
            ],
            [
              77.0074154,
              9.9816655
            ],
            [
              77.0073231,
              9.9817921
            ],
            [
              77.0073188,
              9.98189
            ],
            [
              77.0073698,
              9.9820221
            ],
            [
              77.0074599,
              9.982088
            ],
            [
              77.0075173,
              9.9821568
            ],
            [
              77.0075725,
              9.9829994
            ],
            [
              77.0073778,
              9.9833878
            ],
            [
              77.0073483,
              9.9835701
            ],
            [
              77.0073859,
              9.9835806
            ],
            [
              77.0074384,
              9.983673
            ],
            [
              77.0074261,
              9.9837682
            ],
            [
              77.0073054,
              9.9839188
            ],
            [
              77.0073215,
              9.9841222
            ],
            [
              77.0073861,
              9.984109
            ],
            [
              77.0078623,
              9.9840116
            ],
            [
              77.008058,
              9.9839715
            ],
            [
              77.008278,
              9.9831975
            ],
            [
              77.0082297,
              9.9828012
            ],
            [
              77.0083397,
              9.9824261
            ],
            [
              77.0084389,
              9.9822888
            ],
            [
              77.0084818,
              9.9822069
            ],
            [
              77.0084604,
              9.9821144
            ],
            [
              77.0083085,
              9.9821093
            ],
            [
              77.0082254,
              9.9819561
            ],
            [
              77.0082994,
              9.9816838
            ],
            [
              77.0082699,
              9.9815914
            ],
            [
              77.0082002,
              9.9815623
            ],
            [
              77.008176,
              9.9814382
            ],
            [
              77.0082807,
              9.9813325
            ],
            [
              77.0083853,
              9.9813378
            ],
            [
              77.0084899,
              9.9814038
            ],
            [
              77.0086009,
              9.9814541
            ],
            [
              77.0087474,
              9.9813668
            ],
            [
              77.0088573,
              9.9812083
            ],
            [
              77.0086776,
              9.9810129
            ],
            [
              77.0086213,
              9.9809917
            ],
            [
              77.0084936,
              9.981079
            ],
            [
              77.0083772,
              9.9810921
            ],
            [
              77.0083461,
              9.9810341
            ],
            [
              77.0083085,
              9.9809338
            ],
            [
              77.0082967,
              9.9808227
            ],
            [
              77.0082056,
              9.9808042
            ],
            [
              77.0080661,
              9.9806008
            ],
            [
              77.0080376,
              9.9805085
            ],
            [
              77.0079186,
              9.9804185
            ],
            [
              77.0078327,
              9.9804608
            ],
            [
              77.0077254,
              9.9805268
            ],
            [
              77.007638,
              9.9805375
            ],
            [
              77.0075109,
              9.9804845
            ],
            [
              77.0074288,
              9.9803843
            ],
            [
              77.0074277,
              9.9802257
            ],
            [
              77.0075001,
              9.9799272
            ],
            [
              77.0075243,
              9.9798241
            ],
            [
              77.0074985,
              9.9797397
            ],
            [
              77.0074502,
              9.979679
            ],
            [
              77.0073215,
              9.9796209
            ],
            [
              77.0073,
              9.9795707
            ],
            [
              77.007292,
              9.9794941
            ],
            [
              77.0073644,
              9.9794624
            ],
            [
              77.0074518,
              9.979449
            ],
            [
              77.007535,
              9.9793751
            ],
            [
              77.0075736,
              9.9793065
            ],
            [
              77.0076772,
              9.9791558
            ],
            [
              77.0079266,
              9.9790633
            ],
            [
              77.0080591,
              9.9788918
            ],
            [
              77.0082243,
              9.9788547
            ],
            [
              77.0082914,
              9.9787886
            ],
            [
              77.0084738,
              9.9786856
            ],
            [
              77.0085274,
              9.9785746
            ],
            [
              77.0088681,
              9.9783554
            ],
            [
              77.0088788,
              9.9782418
            ],
            [
              77.0089432,
              9.9781335
            ],
            [
              77.0091524,
              9.9781071
            ],
            [
              77.0093213,
              9.977864
            ],
            [
              77.0095708,
              9.9776157
            ],
            [
              77.0098444,
              9.9773938
            ],
            [
              77.0099973,
              9.9773384
            ],
            [
              77.010067,
              9.9772459
            ],
            [
              77.0102628,
              9.9772327
            ],
            [
              77.0105069,
              9.9772089
            ],
            [
              77.0106517,
              9.9771746
            ],
            [
              77.0108046,
              9.9770927
            ],
            [
              77.0108958,
              9.9771112
            ],
            [
              77.0110058,
              9.9771006
            ],
            [
              77.0110498,
              9.9771509
            ],
            [
              77.0110031,
              9.9772327
            ],
            [
              77.0110256,
              9.9772592
            ],
            [
              77.0110648,
              9.977304
            ],
            [
              77.0110203,
              9.9773781
            ],
            [
              77.0111023,
              9.9773886
            ],
            [
              77.0111399,
              9.9774757
            ],
            [
              77.0111211,
              9.9775655
            ],
            [
              77.0110605,
              9.9776159
            ],
            [
              77.0109655,
              9.9776342
            ],
            [
              77.0109344,
              9.9776951
            ],
            [
              77.0109629,
              9.9780305
            ],
            [
              77.0109747,
              9.9781997
            ],
            [
              77.0109387,
              9.9782761
            ],
            [
              77.0108985,
              9.9783105
            ],
            [
              77.010869,
              9.9783977
            ],
            [
              77.0108996,
              9.9784453
            ],
            [
              77.0109521,
              9.9784478
            ],
            [
              77.0110004,
              9.978432
            ],
            [
              77.0110541,
              9.9784003
            ],
            [
              77.011098,
              9.9784163
            ],
            [
              77.0111318,
              9.9783844
            ],
            [
              77.011282,
              9.9784109
            ],
            [
              77.0113625,
              9.9784188
            ],
            [
              77.0114027,
              9.9783739
            ],
            [
              77.011384,
              9.9783184
            ],
            [
              77.011318,
              9.9783
            ],
            [
              77.0112418,
              9.9779274
            ],
            [
              77.0112901,
              9.9776606
            ],
            [
              77.0113679,
              9.977592
            ],
            [
              77.0116361,
              9.9775074
            ],
            [
              77.0117192,
              9.9775074
            ],
            [
              77.0117595,
              9.9774678
            ],
            [
              77.0116871,
              9.9773886
            ],
            [
              77.0117595,
              9.9772882
            ],
            [
              77.0117863,
              9.9771402
            ],
            [
              77.0118024,
              9.9770531
            ],
            [
              77.0117192,
              9.9769553
            ],
            [
              77.011664,
              9.9769158
            ],
            [
              77.0116951,
              9.9768893
            ],
            [
              77.0117809,
              9.9769025
            ],
            [
              77.0118373,
              9.9769368
            ],
            [
              77.011915,
              9.9769606
            ],
            [
              77.0120465,
              9.9769342
            ],
            [
              77.0121173,
              9.9769634
            ],
            [
              77.0121012,
              9.9770004
            ],
            [
              77.0122128,
              9.9770557
            ],
            [
              77.0122664,
              9.9770293
            ],
            [
              77.0122664,
              9.9769897
            ],
            [
              77.0124086,
              9.97695
            ],
            [
              77.0124971,
              9.9769817
            ],
            [
              77.0125223,
              9.9770638
            ],
            [
              77.0127009,
              9.9770504
            ],
            [
              77.0128002,
              9.9769606
            ],
            [
              77.0129718,
              9.9769157
            ],
            [
              77.0130469,
              9.9768497
            ],
            [
              77.0131676,
              9.9768074
            ],
            [
              77.0132427,
              9.9767678
            ],
            [
              77.0132803,
              9.9767757
            ],
            [
              77.0132776,
              9.9768153
            ],
            [
              77.0132401,
              9.9768549
            ],
            [
              77.0132669,
              9.976921
            ],
            [
              77.0133313,
              9.9768919
            ],
            [
              77.0133688,
              9.9768576
            ],
            [
              77.0134144,
              9.9767995
            ],
            [
              77.0134627,
              9.9766859
            ],
            [
              77.0135228,
              9.9765803
            ],
            [
              77.0136638,
              9.9764719
            ],
            [
              77.0140447,
              9.976176
            ],
            [
              77.0141091,
              9.9760915
            ],
            [
              77.0141638,
              9.9759833
            ],
            [
              77.0141761,
              9.9758696
            ],
            [
              77.0142298,
              9.9758722
            ],
            [
              77.0143156,
              9.9757692
            ],
            [
              77.0144803,
              9.9756795
            ],
            [
              77.0148478,
              9.9755501
            ],
            [
              77.014895,
              9.9754945
            ],
            [
              77.0149084,
              9.9754417
            ],
            [
              77.0150291,
              9.9754258
            ],
            [
              77.0151605,
              9.9753967
            ],
            [
              77.0153805,
              9.9753201
            ],
            [
              77.0155387,
              9.9752673
            ],
            [
              77.0157919,
              9.9751433
            ],
            [
              77.0161878,
              9.9748288
            ],
            [
              77.0164936,
              9.9745673
            ],
            [
              77.0166491,
              9.974422
            ],
            [
              77.0167108,
              9.9743374
            ],
            [
              77.0168315,
              9.9737272
            ],
            [
              77.016905,
              9.9736481
            ],
            [
              77.0170327,
              9.9736163
            ],
            [
              77.0171641,
              9.9736189
            ],
            [
              77.0173251,
              9.9736163
            ],
            [
              77.0174592,
              9.9735819
            ],
            [
              77.0175584,
              9.9734683
            ],
            [
              77.0177998,
              9.9732306
            ],
            [
              77.0179607,
              9.9731777
            ],
            [
              77.018119,
              9.9731777
            ],
            [
              77.0183497,
              9.9731857
            ],
            [
              77.0185401,
              9.9732438
            ],
            [
              77.0188657,
              9.9734315
            ],
            [
              77.0190132,
              9.9734632
            ],
            [
              77.0192402,
              9.9734578
            ],
            [
              77.0195647,
              9.9734129
            ],
            [
              77.0204498,
              9.973257
            ],
            [
              77.0206725,
              9.9732015
            ],
            [
              77.0208908,
              9.9732334
            ],
            [
              77.0210882,
              9.973257
            ],
            [
              77.0214101,
              9.9731962
            ],
            [
              77.0220994,
              9.9731434
            ],
            [
              77.0227512,
              9.9732623
            ],
            [
              77.023014,
              9.9732068
            ],
            [
              77.0235623,
              9.9733258
            ],
            [
              77.0243659,
              9.9731645
            ],
            [
              77.0246716,
              9.9730192
            ],
            [
              77.0253744,
              9.9729294
            ],
            [
              77.0259106,
              9.9729323
            ],
            [
              77.0262468,
              9.9728286
            ],
            [
              77.0261054,
              9.9726663
            ],
            [
              77.0254181,
              9.972603
            ],
            [
              77.0248642,
              9.9725612
            ],
            [
              77.0245901,
              9.9725885
            ],
            [
              77.0243146,
              9.9726421
            ],
            [
              77.0240714,
              9.9727215
            ],
            [
              77.0231237,
              9.972664
            ],
            [
              77.0225569,
              9.9725217
            ],
            [
              77.0222611,
              9.9725062
            ],
            [
              77.0220033,
              9.9726028
            ],
            [
              77.0217748,
              9.9724671
            ],
            [
              77.0216016,
              9.9723801
            ],
            [
              77.0214047,
              9.9722584
            ],
            [
              77.021292,
              9.9721026
            ],
            [
              77.0211633,
              9.9719467
            ],
            [
              77.0210356,
              9.9717461
            ],
            [
              77.0208763,
              9.9716033
            ],
            [
              77.0207862,
              9.97154
            ],
            [
              77.020754,
              9.9715823
            ],
            [
              77.0207824,
              9.9716271
            ],
            [
              77.0207958,
              9.9716139
            ],
            [
              77.0208253,
              9.9716192
            ],
            [
              77.0208621,
              9.9716619
            ],
            [
              77.0210008,
              9.9718227
            ],
            [
              77.0211687,
              9.9721264
            ],
            [
              77.0210732,
              9.9725941
            ],
            [
              77.021056,
              9.972697
            ],
            [
              77.0210142,
              9.9726627
            ],
            [
              77.0209648,
              9.9727022
            ],
            [
              77.0208962,
              9.9726601
            ],
            [
              77.020761,
              9.9726336
            ],
            [
              77.0204552,
              9.9727181
            ],
            [
              77.0202111,
              9.9726415
            ],
            [
              77.0196747,
              9.9722901
            ],
            [
              77.0194011,
              9.9722479
            ],
            [
              77.0190765,
              9.9723879
            ],
            [
              77.0187584,
              9.972499
            ],
            [
              77.0180573,
              9.9725596
            ],
            [
              77.0177274,
              9.9724724
            ],
            [
              77.0176013,
              9.9725834
            ],
            [
              77.0174645,
              9.972697
            ],
            [
              77.0172365,
              9.9728317
            ],
            [
              77.0171695,
              9.9727973
            ],
            [
              77.0171491,
              9.9727235
            ],
            [
              77.0172135,
              9.9725518
            ],
            [
              77.0173251,
              9.9724117
            ],
            [
              77.0175235,
              9.9722901
            ],
            [
              77.0174871,
              9.9721846
            ],
            [
              77.0174227,
              9.972211
            ],
            [
              77.0173798,
              9.9722586
            ],
            [
              77.0173342,
              9.9722691
            ],
            [
              77.0172859,
              9.9722374
            ],
            [
              77.0172339,
              9.9721713
            ],
            [
              77.0171572,
              9.9720657
            ],
            [
              77.0166813,
              9.9719018
            ],
            [
              77.0165928,
              9.9718252
            ],
            [
              77.0165161,
              9.9717857
            ],
            [
              77.0164212,
              9.9717961
            ],
            [
              77.0163927,
              9.9718808
            ],
            [
              77.0164158,
              9.9720445
            ],
            [
              77.0164249,
              9.9722269
            ],
            [
              77.0163981,
              9.972351
            ],
            [
              77.0163364,
              9.9723273
            ],
            [
              77.0162656,
              9.972335
            ],
            [
              77.016264,
              9.9724012
            ],
            [
              77.0163632,
              9.9725148
            ],
            [
              77.0165365,
              9.9726996
            ],
            [
              77.0164517,
              9.973125
            ],
            [
              77.0163675,
              9.9732464
            ],
            [
              77.0159786,
              9.9735766
            ],
            [
              77.0159046,
              9.9736824
            ],
            [
              77.0156862,
              9.9739835
            ],
            [
              77.0155226,
              9.9741155
            ],
            [
              77.0147673,
              9.9744697
            ],
            [
              77.0146922,
              9.9746123
            ],
            [
              77.0143435,
              9.9746863
            ],
            [
              77.0143719,
              9.9747284
            ],
            [
              77.0143542,
              9.9747576
            ],
            [
              77.0143022,
              9.974768
            ],
            [
              77.0142631,
              9.974747
            ],
            [
              77.0142335,
              9.9747153
            ],
            [
              77.0141091,
              9.9747971
            ],
            [
              77.0140002,
              9.9748527
            ],
            [
              77.0139921,
              9.9749689
            ],
            [
              77.014085,
              9.9749714
            ],
            [
              77.0140512,
              9.9750746
            ],
            [
              77.0139761,
              9.9751248
            ],
            [
              77.013916,
              9.975085
            ],
            [
              77.0138757,
              9.975085
            ],
            [
              77.0137025,
              9.9751406
            ],
            [
              77.0135818,
              9.9751274
            ],
            [
              77.0135351,
              9.9750692
            ],
            [
              77.0134638,
              9.9750006
            ],
            [
              77.0133929,
              9.9749582
            ],
            [
              77.0133055,
              9.9749504
            ],
            [
              77.0133028,
              9.9750165
            ],
            [
              77.0134144,
              9.9751431
            ],
            [
              77.0133699,
              9.9752331
            ],
            [
              77.0133822,
              9.9753545
            ],
            [
              77.0133699,
              9.975418
            ],
            [
              77.0133259,
              9.9754575
            ],
            [
              77.0131891,
              9.9754601
            ],
            [
              77.013099,
              9.9755184
            ],
            [
              77.0130561,
              9.9755924
            ],
            [
              77.0130738,
              9.9756636
            ],
            [
              77.0131526,
              9.9757218
            ],
            [
              77.0130764,
              9.9758485
            ],
            [
              77.0130228,
              9.9758538
            ],
            [
              77.0129209,
              9.9759726
            ],
            [
              77.0128549,
              9.9759569
            ],
            [
              77.0127438,
              9.9759832
            ],
            [
              77.01265,
              9.9759832
            ],
            [
              77.0125615,
              9.9759251
            ],
            [
              77.012532,
              9.9758485
            ],
            [
              77.0125116,
              9.9757826
            ],
            [
              77.0124552,
              9.9757456
            ],
            [
              77.0122514,
              9.9757297
            ],
            [
              77.0119081,
              9.9757561
            ],
            [
              77.0118061,
              9.9757218
            ],
            [
              77.0116908,
              9.9756901
            ],
            [
              77.0115165,
              9.975669
            ],
            [
              77.0114333,
              9.9756954
            ],
            [
              77.0114242,
              9.9757428
            ],
            [
              77.0113716,
              9.9757984
            ],
            [
              77.0112338,
              9.9758194
            ],
            [
              77.0111678,
              9.9758195
            ],
            [
              77.0110176,
              9.9757905
            ],
            [
              77.0109425,
              9.9758143
            ],
            [
              77.0107038,
              9.9760335
            ],
            [
              77.010685,
              9.9760784
            ],
            [
              77.0105294,
              9.976192
            ],
            [
              77.0104838,
              9.9761947
            ],
            [
              77.0104157,
              9.9761708
            ],
            [
              77.0102692,
              9.9760996
            ],
            [
              77.0101957,
              9.9761074
            ],
            [
              77.0098819,
              9.976176
            ],
            [
              77.0097237,
              9.9762632
            ],
            [
              77.0096995,
              9.9763187
            ],
            [
              77.0096631,
              9.9763849
            ],
            [
              77.0095906,
              9.9764509
            ],
            [
              77.0095198,
              9.9764957
            ],
            [
              77.009375,
              9.9764666
            ],
            [
              77.0092355,
              9.9764534
            ],
            [
              77.0091883,
              9.97648
            ],
            [
              77.0091577,
              9.9766357
            ],
            [
              77.0089898,
              9.9767151
            ],
            [
              77.0089244,
              9.9767836
            ],
            [
              77.0088949,
              9.9768946
            ],
            [
              77.008786,
              9.9768788
            ],
            [
              77.0086159,
              9.9768549
            ],
            [
              77.0083997,
              9.9768604
            ],
            [
              77.00822,
              9.9769449
            ],
            [
              77.0080527,
              9.9771482
            ],
            [
              77.0080097,
              9.9773093
            ],
            [
              77.0080108,
              9.9774389
            ],
            [
              77.0078998,
              9.977592
            ],
            [
              77.0076852,
              9.977798
            ],
            [
              77.0074556,
              9.9779012
            ],
            [
              77.007241,
              9.9780121
            ],
            [
              77.0070372,
              9.9782604
            ],
            [
              77.0068789,
              9.9783687
            ],
            [
              77.0066939,
              9.9785933
            ],
            [
              77.0065705,
              9.9786963
            ],
            [
              77.0065426,
              9.978786
            ],
            [
              77.0065104,
              9.9788705
            ],
            [
              77.0064149,
              9.9788997
            ],
            [
              77.0061762,
              9.9789235
            ],
            [
              77.0058908,
              9.9789233
            ],
            [
              77.0058007,
              9.9789657
            ],
            [
              77.0057229,
              9.9791559
            ],
            [
              77.005644,
              9.9794517
            ],
            [
              77.0056022,
              9.9796394
            ],
            [
              77.0055099,
              9.9796921
            ],
            [
              77.0054413,
              9.9797239
            ],
            [
              77.0052846,
              9.9797502
            ],
            [
              77.0050915,
              9.9797634
            ],
            [
              77.0049182,
              9.9797371
            ],
            [
              77.0046312,
              9.9798348
            ],
            [
              77.0045374,
              9.9798665
            ],
            [
              77.0045336,
              9.979906
            ],
            [
              77.0044478,
              9.9799668
            ],
            [
              77.0043791,
              9.9799616
            ],
            [
              77.004296,
              9.9799854
            ],
            [
              77.0042343,
              9.9800277
            ],
            [
              77.0039875,
              9.9800382
            ],
            [
              77.0039526,
              9.9799326
            ],
            [
              77.003914,
              9.9798373
            ],
            [
              77.0038711,
              9.9797687
            ],
            [
              77.0037343,
              9.9797105
            ],
            [
              77.003686,
              9.9797475
            ],
            [
              77.0036565,
              9.9797766
            ],
            [
              77.0036174,
              9.9799114
            ],
            [
              77.0035396,
              9.9799696
            ],
            [
              77.0034554,
              9.9799853
            ],
            [
              77.0033894,
              9.9799669
            ],
            [
              77.003399,
              9.980017
            ],
            [
              77.0034285,
              9.9800249
            ],
            [
              77.0034339,
              9.9800857
            ],
            [
              77.0034001,
              9.9801439
            ],
            [
              77.0033293,
              9.9801543
            ],
            [
              77.0032579,
              9.9801307
            ],
            [
              77.0032445,
              9.9800567
            ],
            [
              77.0031802,
              9.9800382
            ],
            [
              77.0030772,
              9.9800487
            ],
            [
              77.0030664,
              9.9801279
            ],
            [
              77.0030461,
              9.9801439
            ],
            [
              77.0029404,
              9.9801332
            ],
            [
              77.0028637,
              9.9801545
            ],
            [
              77.002751,
              9.9802152
            ],
            [
              77.0027322,
              9.9802892
            ],
            [
              77.0026652,
              9.9802945
            ],
            [
              77.0026008,
              9.980276
            ],
            [
              77.0025166,
              9.9803181
            ],
            [
              77.002286,
              9.9802109
            ],
            [
              77.0022327,
              9.9801311
            ],
            [
              77.002251,
              9.9800381
            ],
            [
              77.0022752,
              9.9799694
            ],
            [
              77.0021797,
              9.9799431
            ],
            [
              77.0020314,
              9.9797399
            ]
          ]
        ]
      }
    },
    {
      "type": "Feature",
      "id": 285634790,
      "properties": {},
      "geometry": {
        "type": "Polygon",
        "coordinates": [
          [
            [
              77.0187144,
              9.9725834
            ],
            [
              77.0191838,
              9.9726468
            ],
            [
              77.0192385,
              9.9727156
            ],
            [
              77.0194987,
              9.9727473
            ],
            [
              77.0196639,
              9.9727419
            ],
            [
              77.019944,
              9.9727103
            ],
            [
              77.0200073,
              9.9726917
            ],
            [
              77.0200663,
              9.9726388
            ],
            [
              77.0200459,
              9.9726126
            ],
            [
              77.0198866,
              9.972623
            ],
            [
              77.0198839,
              9.9725728
            ],
            [
              77.0198447,
              9.9725993
            ],
            [
              77.0198249,
              9.9725939
            ],
            [
              77.0197846,
              9.9724962
            ],
            [
              77.0196972,
              9.9724488
            ],
            [
              77.019606,
              9.9723933
            ],
            [
              77.019437,
              9.972351
            ],
            [
              77.0193448,
              9.972372
            ],
            [
              77.0189489,
              9.9725122
            ],
            [
              77.0187772,
              9.9725439
            ],
            [
              77.0187144,
              9.9725834
            ]
          ]
        ]
      }
    }
  ]
}