{
  "type": "FeatureCollection",
  "name": "tehri_flood_inundation_extent",
  "crs": {
    "type": "name",
    "properties": {
      "name": "urn:ogc:def:crs:OGC:1.3:CRS84"
    }
  },
  "features": [
    {
      "type": "Feature",
      "properties": {
        "dam_id": "tehri",
        "scenario_id": "Scenario 04 \u2014 River Blockage & Landslide Lake Outburst (Rishi Ganga 2021 Analog)",
        "solver": "2D Manning kinematic/diffusion-wave approximation",
        "sph_status": "NOT YET COUPLED",
        "delft3d_status": "EXPORTER ONLY",
        "inundated_area_sqkm": 38.97,
        "peak_depth_m": 181.71,
        "peak_velocity_ms": 192.16,
        "inundation_threshold_m": 0.15
      },
      "geometry": {
        "type": "MultiPolygon",
        "coordinates": [
          [
            [
              [
                78.47791666666667,
                30.359027777777776
              ],
              [
                78.4776388888889,
                30.358749999999997
              ],
              [
                78.4776388888889,
                30.359027777777776
              ],
              [
                78.47791666666667,
                30.359027777777776
              ]
            ]
          ],
          [
            [
              [
                78.48208333333335,
                30.36125
              ],
              [
                78.48180555555557,
                30.36097222222222
              ],
              [
                78.48180555555557,
                30.36125
              ],
              [
                78.48208333333335,
                30.36125
              ]
            ]
          ],
          [
            [
              [
                78.48125000000002,
                30.37486111111111
              ],
              [
                78.48125000000002,
                30.374305555555555
              ],
              [
                78.48069444444445,
                30.374305555555555
              ],
              [
                78.48069444444445,
                30.375138888888888
              ],
              [
                78.48125000000002,
                30.37486111111111
              ]
            ]
          ],
          [
            [
              [
                78.43680555555557,
                30.406249999999996
              ],
              [
                78.43625000000002,
                30.406249999999996
              ],
              [
                78.4351388888889,
                30.407361111111108
              ],
              [
                78.43569444444445,
                30.407638888888886
              ],
              [
                78.43597222222223,
                30.407083333333333
              ],
              [
                78.43625000000002,
                30.407361111111108
              ],
              [
                78.43736111111112,
                30.407361111111108
              ],
              [
                78.43736111111112,
                30.407083333333333
              ],
              [
                78.44208333333334,
                30.406805555555554
              ],
              [
                78.44208333333334,
                30.407083333333333
              ],
              [
                78.44347222222223,
                30.407361111111108
              ],
              [
                78.44347222222223,
                30.407638888888886
              ],
              [
                78.44541666666667,
                30.407916666666665
              ],
              [
                78.44541666666667,
                30.408749999999998
              ],
              [
                78.44597222222224,
                30.409027777777776
              ],
              [
                78.44569444444446,
                30.409305555555555
              ],
              [
                78.44597222222224,
                30.40986111111111
              ],
              [
                78.44458333333334,
                30.410138888888888
              ],
              [
                78.44430555555557,
                30.410416666666663
              ],
              [
                78.44430555555557,
                30.41125
              ],
              [
                78.44347222222223,
                30.41125
              ],
              [
                78.44347222222223,
                30.412916666666664
              ],
              [
                78.44291666666668,
                30.412916666666664
              ],
              [
                78.4426388888889,
                30.41347222222222
              ],
              [
                78.44125000000001,
                30.41347222222222
              ],
              [
                78.44125000000001,
                30.414583333333333
              ],
              [
                78.44041666666668,
                30.414861111111108
              ],
              [
                78.4401388888889,
                30.415694444444444
              ],
              [
                78.43958333333335,
                30.41597222222222
              ],
              [
                78.43986111111113,
                30.416249999999998
              ],
              [
                78.43958333333335,
                30.41736111111111
              ],
              [
                78.4390277777778,
                30.41736111111111
              ],
              [
                78.43736111111112,
                30.415694444444444
              ],
              [
                78.43708333333335,
                30.41597222222222
              ],
              [
                78.43625000000002,
                30.41597222222222
              ],
              [
                78.43625000000002,
                30.415694444444444
              ],
              [
                78.43458333333335,
                30.415694444444444
              ],
              [
                78.43430555555557,
                30.415416666666665
              ],
              [
                78.43402777777779,
                30.41597222222222
              ],
              [
                78.43486111111112,
                30.416805555555552
              ],
              [
                78.43541666666668,
                30.416805555555552
              ],
              [
                78.43541666666668,
                30.41736111111111
              ],
              [
                78.43625000000002,
                30.417638888888888
              ],
              [
                78.43625000000002,
                30.418194444444442
              ],
              [
                78.43708333333335,
                30.418194444444442
              ],
              [
                78.43708333333335,
                30.419027777777774
              ],
              [
                78.43625000000002,
                30.419305555555553
              ],
              [
                78.43625000000002,
                30.419583333333332
              ],
              [
                78.43597222222223,
                30.419305555555553
              ],
              [
                78.43458333333335,
                30.419583333333332
              ],
              [
                78.43375000000002,
                30.421249999999997
              ],
              [
                78.43125,
                30.42208333333333
              ],
              [
                78.43097222222224,
                30.422916666666666
              ],
              [
                78.4301388888889,
                30.42375
              ],
              [
                78.4301388888889,
                30.42458333333333
              ],
              [
                78.42930555555557,
                30.424305555555552
              ],
              [
                78.42930555555557,
                30.42375
              ],
              [
                78.42847222222223,
                30.42347222222222
              ],
              [
                78.42847222222223,
                30.42319444444444
              ],
              [
                78.42736111111113,
                30.42347222222222
              ],
              [
                78.42652777777779,
                30.422638888888887
              ],
              [
                78.42597222222223,
                30.422638888888887
              ],
              [
                78.42597222222223,
                30.422916666666666
              ],
              [
                78.42569444444446,
                30.422638888888887
              ],
              [
                78.42458333333335,
                30.422638888888887
              ],
              [
                78.42375000000001,
                30.421527777777776
              ],
              [
                78.42319444444445,
                30.421527777777776
              ],
              [
                78.4226388888889,
                30.42208333333333
              ],
              [
                78.4226388888889,
                30.42236111111111
              ],
              [
                78.42319444444445,
                30.42236111111111
              ],
              [
                78.42319444444445,
                30.42347222222222
              ],
              [
                78.42375000000001,
                30.42375
              ],
              [
                78.42375000000001,
                30.424305555555552
              ],
              [
                78.42486111111113,
                30.42458333333333
              ],
              [
                78.4251388888889,
                30.42625
              ],
              [
                78.42458333333335,
                30.426527777777775
              ],
              [
                78.42458333333335,
                30.427083333333332
              ],
              [
                78.4251388888889,
                30.427638888888886
              ],
              [
                78.42569444444446,
                30.427638888888886
              ],
              [
                78.42652777777779,
                30.42847222222222
              ],
              [
                78.42652777777779,
                30.429027777777776
              ],
              [
                78.42597222222223,
                30.429305555555555
              ],
              [
                78.42597222222223,
                30.430416666666666
              ],
              [
                78.42569444444446,
                30.43069444444444
              ],
              [
                78.42458333333335,
                30.43069444444444
              ],
              [
                78.4240277777778,
                30.43125
              ],
              [
                78.4240277777778,
                30.431805555555552
              ],
              [
                78.42375000000001,
                30.431527777777777
              ],
              [
                78.42291666666668,
                30.431527777777777
              ],
              [
                78.42291666666668,
                30.43125
              ],
              [
                78.42152777777778,
                30.43125
              ],
              [
                78.42152777777778,
                30.431527777777777
              ],
              [
                78.4201388888889,
                30.431805555555552
              ],
              [
                78.4201388888889,
                30.43263888888889
              ],
              [
                78.41986111111112,
                30.432916666666664
              ],
              [
                78.4201388888889,
                30.432916666666664
              ],
              [
                78.4201388888889,
                30.43347222222222
              ],
              [
                78.42097222222223,
                30.433749999999996
              ],
              [
                78.42069444444445,
                30.435416666666665
              ],
              [
                78.42347222222223,
                30.436249999999998
              ],
              [
                78.42375000000001,
                30.437638888888888
              ],
              [
                78.42458333333335,
                30.437916666666666
              ],
              [
                78.42458333333335,
                30.439305555555553
              ],
              [
                78.42319444444445,
                30.43986111111111
              ],
              [
                78.42291666666668,
                30.441527777777775
              ],
              [
                78.42097222222223,
                30.441249999999997
              ],
              [
                78.42097222222223,
                30.441527777777775
              ],
              [
                78.41930555555557,
                30.441527777777775
              ],
              [
                78.41875000000002,
                30.442361111111108
              ],
              [
                78.41791666666667,
                30.442361111111108
              ],
              [
                78.41819444444445,
                30.442916666666665
              ],
              [
                78.41986111111112,
                30.442916666666665
              ],
              [
                78.41986111111112,
                30.443194444444444
              ],
              [
                78.42097222222223,
                30.44347222222222
              ],
              [
                78.42125000000001,
                30.443749999999998
              ],
              [
                78.42125000000001,
                30.44458333333333
              ],
              [
                78.41986111111112,
                30.44486111111111
              ],
              [
                78.41986111111112,
                30.44458333333333
              ],
              [
                78.41902777777779,
                30.444305555555555
              ],
              [
                78.41847222222223,
                30.44597222222222
              ],
              [
                78.41680555555557,
                30.44597222222222
              ],
              [
                78.41708333333334,
                30.44736111111111
              ],
              [
                78.41458333333334,
                30.44708333333333
              ],
              [
                78.41430555555557,
                30.446527777777774
              ],
              [
                78.41402777777779,
                30.446805555555553
              ],
              [
                78.41375000000001,
                30.446527777777774
              ],
              [
                78.41291666666667,
                30.446527777777774
              ],
              [
                78.41263888888889,
                30.447916666666664
              ],
              [
                78.41041666666668,
                30.447916666666664
              ],
              [
                78.41041666666668,
                30.447638888888886
              ],
              [
                78.40875000000001,
                30.44736111111111
              ],
              [
                78.4076388888889,
                30.44625
              ],
              [
                78.4076388888889,
                30.44708333333333
              ],
              [
                78.40819444444446,
                30.44736111111111
              ],
              [
                78.40819444444446,
                30.447916666666664
              ],
              [
                78.40875000000001,
                30.448194444444443
              ],
              [
                78.40875000000001,
                30.448749999999997
              ],
              [
                78.40958333333334,
                30.449027777777776
              ],
              [
                78.41041666666668,
                30.450138888888887
              ],
              [
                78.44541666666667,
                30.450138888888887
              ],
              [
                78.44541666666667,
                30.449305555555554
              ],
              [
                78.44458333333334,
                30.448749999999997
              ],
              [
                78.44458333333334,
                30.448194444444443
              ],
              [
                78.44541666666667,
                30.447638888888886
              ],
              [
                78.44541666666667,
                30.446527777777774
              ],
              [
                78.4451388888889,
                30.446527777777774
              ],
              [
                78.4451388888889,
                30.44569444444444
              ],
              [
                78.44486111111112,
                30.445416666666663
              ],
              [
                78.44402777777779,
                30.445416666666663
              ],
              [
                78.44375000000001,
                30.445138888888888
              ],
              [
                78.44375000000001,
                30.443749999999998
              ],
              [
                78.44486111111112,
                30.443749999999998
              ],
              [
                78.44486111111112,
                30.44347222222222
              ],
              [
                78.44625,
                30.44347222222222
              ],
              [
                78.44625,
                30.443749999999998
              ],
              [
                78.44708333333334,
                30.44347222222222
              ],
              [
                78.44708333333334,
                30.443749999999998
              ],
              [
                78.44791666666667,
                30.443749999999998
              ],
              [
                78.44847222222224,
                30.442083333333333
              ],
              [
                78.44930555555557,
                30.442083333333333
              ],
              [
                78.44986111111112,
                30.442916666666665
              ],
              [
                78.45208333333335,
                30.442916666666665
              ],
              [
                78.45208333333335,
                30.443194444444444
              ],
              [
                78.45291666666668,
                30.443194444444444
              ],
              [
                78.4526388888889,
                30.442916666666665
              ],
              [
                78.4526388888889,
                30.442083333333333
              ],
              [
                78.45180555555557,
                30.441805555555554
              ],
              [
                78.45152777777778,
                30.43958333333333
              ],
              [
                78.45208333333335,
                30.439027777777774
              ],
              [
                78.4526388888889,
                30.439027777777774
              ],
              [
                78.4526388888889,
                30.43847222222222
              ],
              [
                78.45347222222223,
                30.43819444444444
              ],
              [
                78.45347222222223,
                30.436527777777776
              ],
              [
                78.45375000000001,
                30.436805555555555
              ],
              [
                78.4551388888889,
                30.436805555555555
              ],
              [
                78.45569444444446,
                30.437638888888888
              ],
              [
                78.45819444444446,
                30.437916666666666
              ],
              [
                78.45819444444446,
                30.43736111111111
              ],
              [
                78.45847222222223,
                30.43736111111111
              ],
              [
                78.45847222222223,
                30.434305555555554
              ],
              [
                78.45902777777779,
                30.434305555555554
              ],
              [
                78.45930555555556,
                30.433749999999996
              ],
              [
                78.45986111111112,
                30.433749999999996
              ],
              [
                78.4601388888889,
                30.432916666666664
              ],
              [
                78.46180555555557,
                30.432916666666664
              ],
              [
                78.46236111111112,
                30.43236111111111
              ],
              [
                78.46236111111112,
                30.430138888888887
              ],
              [
                78.46291666666667,
                30.42958333333333
              ],
              [
                78.46569444444445,
                30.42986111111111
              ],
              [
                78.46569444444445,
                30.42958333333333
              ],
              [
                78.46819444444445,
                30.42958333333333
              ],
              [
                78.46819444444445,
                30.429305555555555
              ],
              [
                78.46875000000001,
                30.429305555555555
              ],
              [
                78.46875000000001,
                30.42958333333333
              ],
              [
                78.46958333333335,
                30.42958333333333
              ],
              [
                78.4701388888889,
                30.430138888888887
              ],
              [
                78.47069444444446,
                30.430138888888887
              ],
              [
                78.47069444444446,
                30.430416666666666
              ],
              [
                78.47180555555556,
                30.430416666666666
              ],
              [
                78.47236111111113,
                30.43125
              ],
              [
                78.47319444444446,
                30.43125
              ],
              [
                78.47291666666668,
                30.430138888888887
              ],
              [
                78.47236111111113,
                30.430138888888887
              ],
              [
                78.47236111111113,
                30.42986111111111
              ],
              [
                78.4715277777778,
                30.42958333333333
              ],
              [
                78.47097222222223,
                30.427916666666665
              ],
              [
                78.46902777777778,
                30.426805555555553
              ],
              [
                78.46902777777778,
                30.42513888888889
              ],
              [
                78.46958333333335,
                30.42458333333333
              ],
              [
                78.47097222222223,
                30.42458333333333
              ],
              [
                78.4715277777778,
                30.424027777777777
              ],
              [
                78.4715277777778,
                30.42319444444444
              ],
              [
                78.4726388888889,
                30.422638888888887
              ],
              [
                78.47291666666668,
                30.421527777777776
              ],
              [
                78.47430555555556,
                30.420138888888886
              ],
              [
                78.47513888888889,
                30.420138888888886
              ],
              [
                78.47513888888889,
                30.420416666666664
              ],
              [
                78.47625000000001,
                30.420416666666664
              ],
              [
                78.47680555555557,
                30.41986111111111
              ],
              [
                78.47902777777779,
                30.41986111111111
              ],
              [
                78.47902777777779,
                30.420138888888886
              ],
              [
                78.47986111111112,
                30.420138888888886
              ],
              [
                78.47958333333334,
                30.41875
              ],
              [
                78.47930555555557,
                30.41875
              ],
              [
                78.47930555555557,
                30.416805555555552
              ],
              [
                78.47875,
                30.416249999999998
              ],
              [
                78.47875,
                30.415416666666665
              ],
              [
                78.47930555555557,
                30.415416666666665
              ],
              [
                78.47930555555557,
                30.414583333333333
              ],
              [
                78.47958333333334,
                30.414583333333333
              ],
              [
                78.47958333333334,
                30.41347222222222
              ],
              [
                78.47986111111112,
                30.41347222222222
              ],
              [
                78.47986111111112,
                30.41236111111111
              ],
              [
                78.4801388888889,
                30.41236111111111
              ],
              [
                78.4801388888889,
                30.41097222222222
              ],
              [
                78.48125000000002,
                30.41097222222222
              ],
              [
                78.48208333333335,
                30.411805555555553
              ],
              [
                78.48319444444445,
                30.411805555555553
              ],
              [
                78.48319444444445,
                30.411527777777774
              ],
              [
                78.48597222222223,
                30.411805555555553
              ],
              [
                78.48597222222223,
                30.41125
              ],
              [
                78.48625000000001,
                30.41125
              ],
              [
                78.48625000000001,
                30.41069444444444
              ],
              [
                78.48569444444445,
                30.410416666666663
              ],
              [
                78.48597222222223,
                30.408194444444444
              ],
              [
                78.48541666666668,
                30.408194444444444
              ],
              [
                78.4851388888889,
                30.407638888888886
              ],
              [
                78.48375000000001,
                30.407361111111108
              ],
              [
                78.48347222222223,
                30.407083333333333
              ],
              [
                78.48347222222223,
                30.406249999999996
              ],
              [
                78.48375000000001,
                30.406249999999996
              ],
              [
                78.48375000000001,
                30.405416666666664
              ],
              [
                78.48430555555557,
                30.405416666666664
              ],
              [
                78.48430555555557,
                30.40486111111111
              ],
              [
                78.4851388888889,
                30.40458333333333
              ],
              [
                78.48486111111112,
                30.404027777777777
              ],
              [
                78.4851388888889,
                30.404027777777777
              ],
              [
                78.4851388888889,
                30.40347222222222
              ],
              [
                78.48569444444445,
                30.40347222222222
              ],
              [
                78.48625000000001,
                30.402916666666666
              ],
              [
                78.48625000000001,
                30.40236111111111
              ],
              [
                78.48847222222223,
                30.40208333333333
              ],
              [
                78.48958333333334,
                30.40347222222222
              ],
              [
                78.49041666666668,
                30.40375
              ],
              [
                78.49041666666668,
                30.40208333333333
              ],
              [
                78.49097222222223,
                30.401527777777776
              ],
              [
                78.49097222222223,
                30.400694444444444
              ],
              [
                78.49152777777779,
                30.400416666666665
              ],
              [
                78.49152777777779,
                30.399027777777775
              ],
              [
                78.49180555555557,
                30.399027777777775
              ],
              [
                78.49069444444446,
                30.396527777777777
              ],
              [
                78.49208333333334,
                30.396527777777777
              ],
              [
                78.49236111111112,
                30.396805555555552
              ],
              [
                78.49236111111112,
                30.39736111111111
              ],
              [
                78.49291666666667,
                30.397916666666664
              ],
              [
                78.49291666666667,
                30.399305555555554
              ],
              [
                78.49319444444446,
                30.399305555555554
              ],
              [
                78.49319444444446,
                30.399861111111107
              ],
              [
                78.49375,
                30.399861111111107
              ],
              [
                78.49375,
                30.400416666666665
              ],
              [
                78.49430555555557,
                30.400416666666665
              ],
              [
                78.49402777777779,
                30.401249999999997
              ],
              [
                78.49458333333334,
                30.401527777777776
              ],
              [
                78.49486111111112,
                30.40236111111111
              ],
              [
                78.49597222222224,
                30.40236111111111
              ],
              [
                78.49625000000002,
                30.402916666666666
              ],
              [
                78.4976388888889,
                30.402638888888887
              ],
              [
                78.49902777777778,
                30.404027777777777
              ],
              [
                78.49958333333335,
                30.404027777777777
              ],
              [
                78.49986111111112,
                30.40458333333333
              ],
              [
                78.50041666666668,
                30.40458333333333
              ],
              [
                78.5001388888889,
                30.40236111111111
              ],
              [
                78.49958333333335,
                30.40208333333333
              ],
              [
                78.49958333333335,
                30.401249999999997
              ],
              [
                78.49930555555557,
                30.401249999999997
              ],
              [
                78.49930555555557,
                30.400416666666665
              ],
              [
                78.49958333333335,
                30.400416666666665
              ],
              [
                78.49986111111112,
                30.399027777777775
              ],
              [
                78.49902777777778,
                30.39875
              ],
              [
                78.49930555555557,
                30.397916666666664
              ],
              [
                78.49958333333335,
                30.397916666666664
              ],
              [
                78.49958333333335,
                30.396805555555552
              ],
              [
                78.49930555555557,
                30.396805555555552
              ],
              [
                78.49958333333335,
                30.395416666666666
              ],
              [
                78.49930555555557,
                30.395138888888887
              ],
              [
                78.5001388888889,
                30.39486111111111
              ],
              [
                78.5001388888889,
                30.394305555555555
              ],
              [
                78.49986111111112,
                30.394305555555555
              ],
              [
                78.5001388888889,
                30.394027777777776
              ],
              [
                78.5001388888889,
                30.393194444444443
              ],
              [
                78.49986111111112,
                30.393194444444443
              ],
              [
                78.5001388888889,
                30.392638888888886
              ],
              [
                78.5015277777778,
                30.392638888888886
              ],
              [
                78.50208333333335,
                30.393194444444443
              ],
              [
                78.50180555555556,
                30.393749999999997
              ],
              [
                78.50236111111113,
                30.394027777777776
              ],
              [
                78.50236111111113,
                30.39486111111111
              ],
              [
                78.50291666666668,
                30.395138888888887
              ],
              [
                78.5026388888889,
                30.395416666666666
              ],
              [
                78.5026388888889,
                30.396527777777777
              ],
              [
                78.50291666666668,
                30.396805555555552
              ],
              [
                78.5040277777778,
                30.396805555555552
              ],
              [
                78.50458333333334,
                30.39763888888889
              ],
              [
                78.50569444444446,
                30.39763888888889
              ],
              [
                78.50597222222223,
                30.398194444444442
              ],
              [
                78.50791666666667,
                30.39847222222222
              ],
              [
                78.50736111111112,
                30.397916666666664
              ],
              [
                78.50736111111112,
                30.39708333333333
              ],
              [
                78.50652777777779,
                30.396805555555552
              ],
              [
                78.50652777777779,
                30.39625
              ],
              [
                78.5076388888889,
                30.39569444444444
              ],
              [
                78.50736111111112,
                30.395416666666666
              ],
              [
                78.50736111111112,
                30.39458333333333
              ],
              [
                78.50708333333334,
                30.39458333333333
              ],
              [
                78.50708333333334,
                30.39347222222222
              ],
              [
                78.50847222222224,
                30.393749999999997
              ],
              [
                78.50930555555557,
                30.392916666666665
              ],
              [
                78.50986111111112,
                30.392916666666665
              ],
              [
                78.5101388888889,
                30.39236111111111
              ],
              [
                78.51152777777779,
                30.39236111111111
              ],
              [
                78.51152777777779,
                30.392083333333332
              ],
              [
                78.51208333333335,
                30.392638888888886
              ],
              [
                78.5126388888889,
                30.392638888888886
              ],
              [
                78.51291666666668,
                30.390416666666663
              ],
              [
                78.51236111111112,
                30.38986111111111
              ],
              [
                78.51236111111112,
                30.389305555555552
              ],
              [
                78.51180555555557,
                30.389027777777777
              ],
              [
                78.51180555555557,
                30.38819444444444
              ],
              [
                78.5126388888889,
                30.387916666666666
              ],
              [
                78.5126388888889,
                30.387638888888887
              ],
              [
                78.51319444444445,
                30.387638888888887
              ],
              [
                78.51319444444445,
                30.387083333333333
              ],
              [
                78.51486111111112,
                30.386805555555554
              ],
              [
                78.51541666666668,
                30.387361111111108
              ],
              [
                78.5176388888889,
                30.387361111111108
              ],
              [
                78.5176388888889,
                30.387638888888887
              ],
              [
                78.5190277777778,
                30.387361111111108
              ],
              [
                78.51958333333334,
                30.387916666666666
              ],
              [
                78.52041666666668,
                30.387916666666666
              ],
              [
                78.52069444444446,
                30.387638888888887
              ],
              [
                78.52069444444446,
                30.387916666666666
              ],
              [
                78.52152777777779,
                30.387916666666666
              ],
              [
                78.52152777777779,
                30.38819444444444
              ],
              [
                78.52402777777779,
                30.387916666666666
              ],
              [
                78.52402777777779,
                30.38847222222222
              ],
              [
                78.52458333333334,
                30.38847222222222
              ],
              [
                78.52486111111112,
                30.38958333333333
              ],
              [
                78.52569444444445,
                30.38958333333333
              ],
              [
                78.52569444444445,
                30.390138888888888
              ],
              [
                78.52625,
                30.390694444444442
              ],
              [
                78.52680555555557,
                30.390694444444442
              ],
              [
                78.52680555555557,
                30.38986111111111
              ],
              [
                78.52791666666668,
                30.389027777777777
              ],
              [
                78.52791666666668,
                30.387638888888887
              ],
              [
                78.5276388888889,
                30.387361111111108
              ],
              [
                78.52847222222223,
                30.386805555555554
              ],
              [
                78.52847222222223,
                30.386249999999997
              ],
              [
                78.52930555555557,
                30.385416666666664
              ],
              [
                78.5301388888889,
                30.385416666666664
              ],
              [
                78.53125000000001,
                30.384305555555553
              ],
              [
                78.53125000000001,
                30.384027777777774
              ],
              [
                78.53041666666668,
                30.384027777777774
              ],
              [
                78.53041666666668,
                30.38375
              ],
              [
                78.52819444444445,
                30.38347222222222
              ],
              [
                78.52819444444445,
                30.38319444444444
              ],
              [
                78.52680555555557,
                30.38319444444444
              ],
              [
                78.52819444444445,
                30.381527777777777
              ],
              [
                78.52902777777778,
                30.381527777777777
              ],
              [
                78.52930555555557,
                30.381249999999998
              ],
              [
                78.52930555555557,
                30.380416666666665
              ],
              [
                78.52958333333335,
                30.380138888888887
              ],
              [
                78.53041666666668,
                30.380138888888887
              ],
              [
                78.53041666666668,
                30.379861111111108
              ],
              [
                78.52625,
                30.379583333333333
              ],
              [
                78.52625,
                30.379305555555554
              ],
              [
                78.52430555555557,
                30.379305555555554
              ],
              [
                78.52430555555557,
                30.379027777777775
              ],
              [
                78.52236111111112,
                30.379305555555554
              ],
              [
                78.52236111111112,
                30.379583333333333
              ],
              [
                78.51958333333334,
                30.379583333333333
              ],
              [
                78.51958333333334,
                30.379305555555554
              ],
              [
                78.51930555555556,
                30.379583333333333
              ],
              [
                78.51791666666668,
                30.379583333333333
              ],
              [
                78.5176388888889,
                30.379027777777775
              ],
              [
                78.51486111111112,
                30.379027777777775
              ],
              [
                78.5151388888889,
                30.377916666666664
              ],
              [
                78.51291666666668,
                30.377916666666664
              ],
              [
                78.51291666666668,
                30.377638888888885
              ],
              [
                78.51180555555557,
                30.377638888888885
              ],
              [
                78.51180555555557,
                30.37736111111111
              ],
              [
                78.5076388888889,
                30.37708333333333
              ],
              [
                78.5076388888889,
                30.377638888888885
              ],
              [
                78.50736111111112,
                30.377638888888885
              ],
              [
                78.5076388888889,
                30.378194444444443
              ],
              [
                78.50736111111112,
                30.37847222222222
              ],
              [
                78.50541666666668,
                30.37847222222222
              ],
              [
                78.50541666666668,
                30.378194444444443
              ],
              [
                78.50430555555556,
                30.378194444444443
              ],
              [
                78.50430555555556,
                30.377916666666664
              ],
              [
                78.5026388888889,
                30.378194444444443
              ],
              [
                78.5026388888889,
                30.377916666666664
              ],
              [
                78.4976388888889,
                30.377638888888885
              ],
              [
                78.4976388888889,
                30.37708333333333
              ],
              [
                78.49652777777779,
                30.37708333333333
              ],
              [
                78.49652777777779,
                30.37736111111111
              ],
              [
                78.4951388888889,
                30.37708333333333
              ],
              [
                78.4951388888889,
                30.377638888888885
              ],
              [
                78.49458333333334,
                30.377638888888885
              ],
              [
                78.49458333333334,
                30.378194444444443
              ],
              [
                78.4951388888889,
                30.37847222222222
              ],
              [
                78.49486111111112,
                30.379027777777775
              ],
              [
                78.49291666666667,
                30.378749999999997
              ],
              [
                78.49236111111112,
                30.378194444444443
              ],
              [
                78.49069444444446,
                30.378194444444443
              ],
              [
                78.49069444444446,
                30.377916666666664
              ],
              [
                78.48902777777779,
                30.377916666666664
              ],
              [
                78.48902777777779,
                30.378194444444443
              ],
              [
                78.48791666666668,
                30.378194444444443
              ],
              [
                78.48791666666668,
                30.37847222222222
              ],
              [
                78.48597222222223,
                30.378749999999997
              ],
              [
                78.48569444444445,
                30.379027777777775
              ],
              [
                78.48541666666668,
                30.378194444444443
              ],
              [
                78.4851388888889,
                30.378194444444443
              ],
              [
                78.4851388888889,
                30.37736111111111
              ],
              [
                78.48569444444445,
                30.37708333333333
              ],
              [
                78.48597222222223,
                30.375138888888888
              ],
              [
                78.4851388888889,
                30.375138888888888
              ],
              [
                78.4851388888889,
                30.37486111111111
              ],
              [
                78.48486111111112,
                30.375138888888888
              ],
              [
                78.48402777777778,
                30.375138888888888
              ],
              [
                78.48347222222223,
                30.37569444444444
              ],
              [
                78.48319444444445,
                30.375416666666666
              ],
              [
                78.48152777777779,
                30.375416666666666
              ],
              [
                78.48152777777779,
                30.375138888888888
              ],
              [
                78.48097222222223,
                30.375138888888888
              ],
              [
                78.48125000000002,
                30.37569444444444
              ],
              [
                78.48291666666668,
                30.37569444444444
              ],
              [
                78.4826388888889,
                30.37736111111111
              ],
              [
                78.48152777777779,
                30.37736111111111
              ],
              [
                78.48152777777779,
                30.37708333333333
              ],
              [
                78.4776388888889,
                30.37736111111111
              ],
              [
                78.47819444444445,
                30.376527777777774
              ],
              [
                78.47736111111112,
                30.376527777777774
              ],
              [
                78.47736111111112,
                30.37625
              ],
              [
                78.47819444444445,
                30.37625
              ],
              [
                78.47819444444445,
                30.37597222222222
              ],
              [
                78.47791666666667,
                30.37569444444444
              ],
              [
                78.47708333333334,
                30.37569444444444
              ],
              [
                78.47708333333334,
                30.375416666666666
              ],
              [
                78.4776388888889,
                30.375416666666666
              ],
              [
                78.4776388888889,
                30.375138888888888
              ],
              [
                78.47708333333334,
                30.375138888888888
              ],
              [
                78.47736111111112,
                30.37486111111111
              ],
              [
                78.47708333333334,
                30.37458333333333
              ],
              [
                78.47736111111112,
                30.374305555555555
              ],
              [
                78.47708333333334,
                30.37347222222222
              ],
              [
                78.47847222222224,
                30.372916666666665
              ],
              [
                78.4776388888889,
                30.371527777777775
              ],
              [
                78.47791666666667,
                30.371249999999996
              ],
              [
                78.47875,
                30.371249999999996
              ],
              [
                78.47875,
                30.37097222222222
              ],
              [
                78.47986111111112,
                30.371249999999996
              ],
              [
                78.48125000000002,
                30.36958333333333
              ],
              [
                78.48236111111112,
                30.369305555555552
              ],
              [
                78.48291666666668,
                30.36847222222222
              ],
              [
                78.48402777777778,
                30.36819444444444
              ],
              [
                78.48402777777778,
                30.367638888888887
              ],
              [
                78.48458333333335,
                30.367638888888887
              ],
              [
                78.48458333333335,
                30.36597222222222
              ],
              [
                78.4851388888889,
                30.365416666666665
              ],
              [
                78.4851388888889,
                30.364027777777775
              ],
              [
                78.48458333333335,
                30.364027777777775
              ],
              [
                78.48458333333335,
                30.36347222222222
              ],
              [
                78.4851388888889,
                30.36347222222222
              ],
              [
                78.4851388888889,
                30.362916666666663
              ],
              [
                78.48430555555557,
                30.36236111111111
              ],
              [
                78.48430555555557,
                30.361527777777777
              ],
              [
                78.48458333333335,
                30.361527777777777
              ],
              [
                78.48458333333335,
                30.360416666666666
              ],
              [
                78.48430555555557,
                30.360416666666666
              ],
              [
                78.48458333333335,
                30.35958333333333
              ],
              [
                78.48430555555557,
                30.359305555555554
              ],
              [
                78.48486111111112,
                30.359305555555554
              ],
              [
                78.48486111111112,
                30.359027777777776
              ],
              [
                78.4865277777778,
                30.359305555555554
              ],
              [
                78.4865277777778,
                30.359027777777776
              ],
              [
                78.48736111111113,
                30.359027777777776
              ],
              [
                78.48791666666668,
                30.358472222222222
              ],
              [
                78.48875000000001,
                30.358472222222222
              ],
              [
                78.48875000000001,
                30.357916666666664
              ],
              [
                78.48791666666668,
                30.357083333333332
              ],
              [
                78.48847222222223,
                30.356805555555553
              ],
              [
                78.48819444444446,
                30.356527777777774
              ],
              [
                78.48819444444446,
                30.355694444444442
              ],
              [
                78.48930555555556,
                30.355694444444442
              ],
              [
                78.48930555555556,
                30.355138888888888
              ],
              [
                78.48875000000001,
                30.35458333333333
              ],
              [
                78.48875000000001,
                30.354027777777777
              ],
              [
                78.48819444444446,
                30.35347222222222
              ],
              [
                78.4876388888889,
                30.35347222222222
              ],
              [
                78.4876388888889,
                30.352916666666665
              ],
              [
                78.4851388888889,
                30.350416666666664
              ],
              [
                78.4851388888889,
                30.34958333333333
              ],
              [
                78.48458333333335,
                30.349027777777774
              ],
              [
                78.48458333333335,
                30.34819444444444
              ],
              [
                78.48486111111112,
                30.347916666666663
              ],
              [
                78.4865277777778,
                30.347916666666663
              ],
              [
                78.4865277777778,
                30.347638888888888
              ],
              [
                78.48708333333335,
                30.34819444444444
              ],
              [
                78.48791666666668,
                30.347916666666663
              ],
              [
                78.48791666666668,
                30.347638888888888
              ],
              [
                78.48875000000001,
                30.347638888888888
              ],
              [
                78.48902777777779,
                30.34847222222222
              ],
              [
                78.48958333333334,
                30.34847222222222
              ],
              [
                78.48958333333334,
                30.34819444444444
              ],
              [
                78.49180555555557,
                30.34819444444444
              ],
              [
                78.49180555555557,
                30.347638888888888
              ],
              [
                78.49125000000001,
                30.347638888888888
              ],
              [
                78.49125000000001,
                30.34736111111111
              ],
              [
                78.4901388888889,
                30.34736111111111
              ],
              [
                78.48958333333334,
                30.346805555555555
              ],
              [
                78.48847222222223,
                30.346805555555555
              ],
              [
                78.48791666666668,
                30.346249999999998
              ],
              [
                78.48680555555556,
                30.346249999999998
              ],
              [
                78.48680555555556,
                30.345416666666665
              ],
              [
                78.48708333333335,
                30.345416666666665
              ],
              [
                78.48708333333335,
                30.344583333333333
              ],
              [
                78.48791666666668,
                30.343749999999996
              ],
              [
                78.48902777777779,
                30.343749999999996
              ],
              [
                78.48902777777779,
                30.342916666666664
              ],
              [
                78.49041666666668,
                30.341805555555553
              ],
              [
                78.49041666666668,
                30.34125
              ],
              [
                78.49125000000001,
                30.34097222222222
              ],
              [
                78.49125000000001,
                30.340416666666666
              ],
              [
                78.49236111111112,
                30.340416666666666
              ],
              [
                78.49208333333334,
                30.33986111111111
              ],
              [
                78.49152777777779,
                30.33986111111111
              ],
              [
                78.49097222222223,
                30.339305555555555
              ],
              [
                78.49097222222223,
                30.338749999999997
              ],
              [
                78.49125000000001,
                30.338749999999997
              ],
              [
                78.49152777777779,
                30.337916666666665
              ],
              [
                78.49069444444446,
                30.337638888888886
              ],
              [
                78.48958333333334,
                30.336527777777775
              ],
              [
                78.48958333333334,
                30.335694444444442
              ],
              [
                78.4901388888889,
                30.335694444444442
              ],
              [
                78.49069444444446,
                30.33513888888889
              ],
              [
                78.4901388888889,
                30.33458333333333
              ],
              [
                78.49041666666668,
                30.33375
              ],
              [
                78.49069444444446,
                30.33375
              ],
              [
                78.49069444444446,
                30.33208333333333
              ],
              [
                78.49152777777779,
                30.331249999999997
              ],
              [
                78.49208333333334,
                30.331249999999997
              ],
              [
                78.49208333333334,
                30.32875
              ],
              [
                78.4926388888889,
                30.32875
              ],
              [
                78.4926388888889,
                30.328194444444442
              ],
              [
                78.49208333333334,
                30.328194444444442
              ],
              [
                78.49180555555557,
                30.32708333333333
              ],
              [
                78.49152777777779,
                30.32708333333333
              ],
              [
                78.49152777777779,
                30.325138888888887
              ],
              [
                78.49180555555557,
                30.325138888888887
              ],
              [
                78.49152777777779,
                30.324305555555554
              ],
              [
                78.49180555555557,
                30.324305555555554
              ],
              [
                78.49180555555557,
                30.32347222222222
              ],
              [
                78.49236111111112,
                30.322916666666664
              ],
              [
                78.49236111111112,
                30.32208333333333
              ],
              [
                78.4926388888889,
                30.32208333333333
              ],
              [
                78.4926388888889,
                30.32097222222222
              ],
              [
                78.49208333333334,
                30.320416666666663
              ],
              [
                78.49180555555557,
                30.319027777777777
              ],
              [
                78.49125000000001,
                30.31847222222222
              ],
              [
                78.49069444444446,
                30.31847222222222
              ],
              [
                78.49069444444446,
                30.318194444444444
              ],
              [
                78.49125000000001,
                30.317638888888887
              ],
              [
                78.4926388888889,
                30.317638888888887
              ],
              [
                78.4926388888889,
                30.317916666666665
              ],
              [
                78.49458333333334,
                30.317916666666665
              ],
              [
                78.49458333333334,
                30.317638888888887
              ],
              [
                78.49430555555557,
                30.317361111111108
              ],
              [
                78.49291666666667,
                30.317638888888887
              ],
              [
                78.49236111111112,
                30.317083333333333
              ],
              [
                78.49236111111112,
                30.31597222222222
              ],
              [
                78.49097222222223,
                30.315694444444443
              ],
              [
                78.49041666666668,
                30.31486111111111
              ],
              [
                78.49125000000001,
                30.31486111111111
              ],
              [
                78.49152777777779,
                30.31458333333333
              ],
              [
                78.49291666666667,
                30.31597222222222
              ],
              [
                78.49291666666667,
                30.316527777777775
              ],
              [
                78.49375,
                30.317083333333333
              ],
              [
                78.49347222222224,
                30.31597222222222
              ],
              [
                78.49430555555557,
                30.315416666666664
              ],
              [
                78.49402777777779,
                30.31458333333333
              ],
              [
                78.4951388888889,
                30.31458333333333
              ],
              [
                78.4951388888889,
                30.31347222222222
              ],
              [
                78.49569444444445,
                30.31319444444444
              ],
              [
                78.49569444444445,
                30.31208333333333
              ],
              [
                78.4951388888889,
                30.311527777777776
              ],
              [
                78.49458333333334,
                30.311527777777776
              ],
              [
                78.49486111111112,
                30.311249999999998
              ],
              [
                78.49486111111112,
                30.309861111111108
              ],
              [
                78.49458333333334,
                30.309861111111108
              ],
              [
                78.49458333333334,
                30.308749999999996
              ],
              [
                78.49430555555557,
                30.30847222222222
              ],
              [
                78.49458333333334,
                30.30847222222222
              ],
              [
                78.49458333333334,
                30.30708333333333
              ],
              [
                78.49569444444445,
                30.306527777777777
              ],
              [
                78.49569444444445,
                30.305416666666666
              ],
              [
                78.49597222222224,
                30.305416666666666
              ],
              [
                78.49597222222224,
                30.304027777777776
              ],
              [
                78.4951388888889,
                30.303194444444443
              ],
              [
                78.4951388888889,
                30.301527777777775
              ],
              [
                78.49486111111112,
                30.301527777777775
              ],
              [
                78.49486111111112,
                30.30097222222222
              ],
              [
                78.49597222222224,
                30.29986111111111
              ],
              [
                78.48736111111113,
                30.29986111111111
              ],
              [
                78.48736111111113,
                30.300416666666663
              ],
              [
                78.48875000000001,
                30.300694444444442
              ],
              [
                78.48902777777779,
                30.302083333333332
              ],
              [
                78.4901388888889,
                30.303194444444443
              ],
              [
                78.4901388888889,
                30.304027777777776
              ],
              [
                78.48986111111113,
                30.304027777777776
              ],
              [
                78.4901388888889,
                30.304305555555555
              ],
              [
                78.4901388888889,
                30.30486111111111
              ],
              [
                78.48986111111113,
                30.30486111111111
              ],
              [
                78.48986111111113,
                30.305416666666666
              ],
              [
                78.4901388888889,
                30.305416666666666
              ],
              [
                78.48986111111113,
                30.30569444444444
              ],
              [
                78.48986111111113,
                30.306805555555552
              ],
              [
                78.48902777777779,
                30.30763888888889
              ],
              [
                78.48902777777779,
                30.308194444444442
              ],
              [
                78.48597222222223,
                30.308194444444442
              ],
              [
                78.48597222222223,
                30.30847222222222
              ],
              [
                78.48541666666668,
                30.30847222222222
              ],
              [
                78.48569444444445,
                30.309305555555554
              ],
              [
                78.48680555555556,
                30.309305555555554
              ],
              [
                78.4876388888889,
                30.310694444444444
              ],
              [
                78.48819444444446,
                30.310694444444444
              ],
              [
                78.48819444444446,
                30.311805555555555
              ],
              [
                78.4876388888889,
                30.311805555555555
              ],
              [
                78.48708333333335,
                30.311249999999998
              ],
              [
                78.4865277777778,
                30.311805555555555
              ],
              [
                78.4865277777778,
                30.312638888888888
              ],
              [
                78.48569444444445,
                30.31347222222222
              ],
              [
                78.48569444444445,
                30.314027777777774
              ],
              [
                78.48458333333335,
                30.315138888888885
              ],
              [
                78.48347222222223,
                30.315138888888885
              ],
              [
                78.48319444444445,
                30.315416666666664
              ],
              [
                78.48319444444445,
                30.31597222222222
              ],
              [
                78.48375000000001,
                30.31597222222222
              ],
              [
                78.48375000000001,
                30.316527777777775
              ],
              [
                78.48402777777778,
                30.316527777777775
              ],
              [
                78.48402777777778,
                30.317361111111108
              ],
              [
                78.48375000000001,
                30.317638888888887
              ],
              [
                78.48430555555557,
                30.318194444444444
              ],
              [
                78.48402777777778,
                30.31958333333333
              ],
              [
                78.48430555555557,
                30.31958333333333
              ],
              [
                78.48458333333335,
                30.32069444444444
              ],
              [
                78.48402777777778,
                30.32125
              ],
              [
                78.48347222222223,
                30.32125
              ],
              [
                78.48347222222223,
                30.321527777777774
              ],
              [
                78.48097222222223,
                30.321527777777774
              ],
              [
                78.48069444444445,
                30.321805555555553
              ],
              [
                78.48097222222223,
                30.32236111111111
              ],
              [
                78.48347222222223,
                30.322638888888886
              ],
              [
                78.48347222222223,
                30.323194444444443
              ],
              [
                78.48486111111112,
                30.324027777777776
              ],
              [
                78.48486111111112,
                30.324861111111108
              ],
              [
                78.4851388888889,
                30.324861111111108
              ],
              [
                78.4851388888889,
                30.325416666666666
              ],
              [
                78.48486111111112,
                30.325416666666666
              ],
              [
                78.4851388888889,
                30.32875
              ],
              [
                78.48347222222223,
                30.32847222222222
              ],
              [
                78.48319444444445,
                30.329027777777775
              ],
              [
                78.48208333333335,
                30.329027777777775
              ],
              [
                78.48152777777779,
                30.328194444444442
              ],
              [
                78.47847222222224,
                30.328194444444442
              ],
              [
                78.47791666666667,
                30.329027777777775
              ],
              [
                78.47736111111112,
                30.329027777777775
              ],
              [
                78.47652777777779,
                30.32986111111111
              ],
              [
                78.47625000000001,
                30.329583333333332
              ],
              [
                78.47458333333334,
                30.329583333333332
              ],
              [
                78.47402777777779,
                30.330138888888886
              ],
              [
                78.47402777777779,
                30.330416666666665
              ],
              [
                78.47486111111112,
                30.330416666666665
              ],
              [
                78.47486111111112,
                30.330138888888886
              ],
              [
                78.47513888888889,
                30.330416666666665
              ],
              [
                78.47680555555557,
                30.330416666666665
              ],
              [
                78.47680555555557,
                30.330138888888886
              ],
              [
                78.47847222222224,
                30.330138888888886
              ],
              [
                78.47875,
                30.329583333333332
              ],
              [
                78.47958333333334,
                30.329583333333332
              ],
              [
                78.47986111111112,
                30.330138888888886
              ],
              [
                78.48069444444445,
                30.330138888888886
              ],
              [
                78.48069444444445,
                30.330416666666665
              ],
              [
                78.48097222222223,
                30.330138888888886
              ],
              [
                78.4826388888889,
                30.330416666666665
              ],
              [
                78.4826388888889,
                30.330694444444443
              ],
              [
                78.48319444444445,
                30.330694444444443
              ],
              [
                78.48402777777778,
                30.331527777777776
              ],
              [
                78.48402777777778,
                30.33236111111111
              ],
              [
                78.48375000000001,
                30.33236111111111
              ],
              [
                78.48402777777778,
                30.33319444444444
              ],
              [
                78.48347222222223,
                30.33375
              ],
              [
                78.48375000000001,
                30.33513888888889
              ],
              [
                78.48319444444445,
                30.335694444444442
              ],
              [
                78.48347222222223,
                30.33597222222222
              ],
              [
                78.48347222222223,
                30.337361111111107
              ],
              [
                78.48319444444445,
                30.337361111111107
              ],
              [
                78.48347222222223,
                30.337638888888886
              ],
              [
                78.48347222222223,
                30.33958333333333
              ],
              [
                78.48291666666668,
                30.340138888888887
              ],
              [
                78.48236111111112,
                30.340138888888887
              ],
              [
                78.4801388888889,
                30.34236111111111
              ],
              [
                78.4801388888889,
                30.343194444444443
              ],
              [
                78.47930555555557,
                30.34347222222222
              ],
              [
                78.47930555555557,
                30.344583333333333
              ],
              [
                78.47902777777779,
                30.344861111111108
              ],
              [
                78.47597222222224,
                30.345138888888886
              ],
              [
                78.47569444444446,
                30.345694444444444
              ],
              [
                78.47486111111112,
                30.34597222222222
              ],
              [
                78.47486111111112,
                30.346249999999998
              ],
              [
                78.47680555555557,
                30.346249999999998
              ],
              [
                78.47680555555557,
                30.346527777777776
              ],
              [
                78.47875,
                30.346805555555555
              ],
              [
                78.47847222222224,
                30.34847222222222
              ],
              [
                78.47902777777779,
                30.34875
              ],
              [
                78.47875,
                30.349305555555553
              ],
              [
                78.47986111111112,
                30.34986111111111
              ],
              [
                78.47986111111112,
                30.35097222222222
              ],
              [
                78.4801388888889,
                30.35097222222222
              ],
              [
                78.4801388888889,
                30.351527777777775
              ],
              [
                78.48069444444445,
                30.351527777777775
              ],
              [
                78.48069444444445,
                30.352083333333333
              ],
              [
                78.48152777777779,
                30.352916666666665
              ],
              [
                78.48152777777779,
                30.35347222222222
              ],
              [
                78.48208333333335,
                30.35347222222222
              ],
              [
                78.48319444444445,
                30.35486111111111
              ],
              [
                78.48375000000001,
                30.35486111111111
              ],
              [
                78.48375000000001,
                30.355138888888888
              ],
              [
                78.48236111111112,
                30.355416666666663
              ],
              [
                78.48236111111112,
                30.355694444444442
              ],
              [
                78.48041666666667,
                30.35597222222222
              ],
              [
                78.47791666666667,
                30.358472222222222
              ],
              [
                78.47902777777779,
                30.35958333333333
              ],
              [
                78.47958333333334,
                30.35958333333333
              ],
              [
                78.47986111111112,
                30.360416666666666
              ],
              [
                78.48041666666667,
                30.360416666666666
              ],
              [
                78.48041666666667,
                30.36069444444444
              ],
              [
                78.48152777777779,
                30.36069444444444
              ],
              [
                78.48152777777779,
                30.36097222222222
              ],
              [
                78.48236111111112,
                30.36069444444444
              ],
              [
                78.48236111111112,
                30.36125
              ],
              [
                78.48208333333335,
                30.36125
              ],
              [
                78.48208333333335,
                30.36208333333333
              ],
              [
                78.47958333333334,
                30.36069444444444
              ],
              [
                78.47958333333334,
                30.361527777777777
              ],
              [
                78.4801388888889,
                30.361805555555552
              ],
              [
                78.4801388888889,
                30.36236111111111
              ],
              [
                78.47986111111112,
                30.36236111111111
              ],
              [
                78.47986111111112,
                30.364027777777775
              ],
              [
                78.47847222222224,
                30.365138888888886
              ],
              [
                78.47847222222224,
                30.365694444444443
              ],
              [
                78.47791666666667,
                30.365694444444443
              ],
              [
                78.47736111111112,
                30.366527777777776
              ],
              [
                78.47625000000001,
                30.366805555555555
              ],
              [
                78.47597222222224,
                30.36736111111111
              ],
              [
                78.47430555555556,
                30.36736111111111
              ],
              [
                78.47430555555556,
                30.371249999999996
              ],
              [
                78.47402777777779,
                30.371527777777775
              ],
              [
                78.47513888888889,
                30.371527777777775
              ],
              [
                78.47541666666667,
                30.371805555555554
              ],
              [
                78.47569444444446,
                30.37347222222222
              ],
              [
                78.47625000000001,
                30.374027777777776
              ],
              [
                78.47625000000001,
                30.37569444444444
              ],
              [
                78.47652777777779,
                30.37569444444444
              ],
              [
                78.47652777777779,
                30.37625
              ],
              [
                78.47625000000001,
                30.37625
              ],
              [
                78.47625000000001,
                30.376805555555553
              ],
              [
                78.47652777777779,
                30.376805555555553
              ],
              [
                78.47625000000001,
                30.379861111111108
              ],
              [
                78.47541666666667,
                30.380138888888887
              ],
              [
                78.47513888888889,
                30.380694444444444
              ],
              [
                78.47458333333334,
                30.380694444444444
              ],
              [
                78.47430555555556,
                30.381249999999998
              ],
              [
                78.47375000000001,
                30.381249999999998
              ],
              [
                78.47347222222223,
                30.381805555555555
              ],
              [
                78.47291666666668,
                30.381805555555555
              ],
              [
                78.47180555555556,
                30.382916666666663
              ],
              [
                78.4715277777778,
                30.38319444444444
              ],
              [
                78.4715277777778,
                30.38458333333333
              ],
              [
                78.47041666666668,
                30.385694444444443
              ],
              [
                78.46958333333335,
                30.385694444444443
              ],
              [
                78.46958333333335,
                30.385416666666664
              ],
              [
                78.46819444444445,
                30.385694444444443
              ],
              [
                78.46736111111112,
                30.386805555555554
              ],
              [
                78.46680555555557,
                30.386527777777776
              ],
              [
                78.46652777777778,
                30.387083333333333
              ],
              [
                78.46597222222223,
                30.387083333333333
              ],
              [
                78.46597222222223,
                30.387638888888887
              ],
              [
                78.46625000000002,
                30.387638888888887
              ],
              [
                78.46597222222223,
                30.38819444444444
              ],
              [
                78.4651388888889,
                30.387916666666666
              ],
              [
                78.46458333333334,
                30.38847222222222
              ],
              [
                78.46291666666667,
                30.38847222222222
              ],
              [
                78.4626388888889,
                30.389027777777777
              ],
              [
                78.46208333333334,
                30.389027777777777
              ],
              [
                78.46180555555557,
                30.38958333333333
              ],
              [
                78.46125,
                30.38958333333333
              ],
              [
                78.46069444444446,
                30.390138888888888
              ],
              [
                78.46069444444446,
                30.390694444444442
              ],
              [
                78.46208333333334,
                30.39097222222222
              ],
              [
                78.46236111111112,
                30.391527777777775
              ],
              [
                78.46208333333334,
                30.391527777777775
              ],
              [
                78.46208333333334,
                30.392083333333332
              ],
              [
                78.46125,
                30.39236111111111
              ],
              [
                78.46125,
                30.39347222222222
              ],
              [
                78.46097222222224,
                30.39347222222222
              ],
              [
                78.46069444444446,
                30.394305555555555
              ],
              [
                78.4601388888889,
                30.394305555555555
              ],
              [
                78.45958333333334,
                30.39347222222222
              ],
              [
                78.45902777777779,
                30.39347222222222
              ],
              [
                78.45902777777779,
                30.394305555555555
              ],
              [
                78.45847222222223,
                30.39458333333333
              ],
              [
                78.45847222222223,
                30.395416666666666
              ],
              [
                78.45819444444446,
                30.395416666666666
              ],
              [
                78.45875000000001,
                30.39597222222222
              ],
              [
                78.45875000000001,
                30.396805555555552
              ],
              [
                78.45791666666668,
                30.39708333333333
              ],
              [
                78.45819444444446,
                30.39847222222222
              ],
              [
                78.4576388888889,
                30.399027777777775
              ],
              [
                78.45680555555556,
                30.399027777777775
              ],
              [
                78.4565277777778,
                30.399583333333332
              ],
              [
                78.45486111111113,
                30.399583333333332
              ],
              [
                78.45486111111113,
                30.399861111111107
              ],
              [
                78.45347222222223,
                30.399583333333332
              ],
              [
                78.45347222222223,
                30.400138888888886
              ],
              [
                78.45458333333335,
                30.401249999999997
              ],
              [
                78.45402777777778,
                30.401249999999997
              ],
              [
                78.45375000000001,
                30.402638888888887
              ],
              [
                78.45319444444445,
                30.402638888888887
              ],
              [
                78.45319444444445,
                30.40319444444444
              ],
              [
                78.45236111111112,
                30.40319444444444
              ],
              [
                78.45180555555557,
                30.40375
              ],
              [
                78.45180555555557,
                30.40458333333333
              ],
              [
                78.45291666666668,
                30.405138888888885
              ],
              [
                78.4526388888889,
                30.40597222222222
              ],
              [
                78.45208333333335,
                30.405416666666664
              ],
              [
                78.45097222222223,
                30.405416666666664
              ],
              [
                78.45041666666668,
                30.40458333333333
              ],
              [
                78.44986111111112,
                30.40458333333333
              ],
              [
                78.44930555555557,
                30.404027777777777
              ],
              [
                78.44958333333335,
                30.40375
              ],
              [
                78.44958333333335,
                30.402916666666666
              ],
              [
                78.44847222222224,
                30.401805555555555
              ],
              [
                78.44652777777779,
                30.401805555555555
              ],
              [
                78.44569444444446,
                30.40097222222222
              ],
              [
                78.44430555555557,
                30.40097222222222
              ],
              [
                78.44430555555557,
                30.401249999999997
              ],
              [
                78.44375000000001,
                30.401249999999997
              ],
              [
                78.44347222222223,
                30.401805555555555
              ],
              [
                78.4426388888889,
                30.401805555555555
              ],
              [
                78.4426388888889,
                30.40208333333333
              ],
              [
                78.44097222222223,
                30.401805555555555
              ],
              [
                78.44097222222223,
                30.401527777777776
              ],
              [
                78.43986111111113,
                30.401249999999997
              ],
              [
                78.4401388888889,
                30.401527777777776
              ],
              [
                78.4401388888889,
                30.402638888888887
              ],
              [
                78.43847222222223,
                30.402916666666666
              ],
              [
                78.43847222222223,
                30.40347222222222
              ],
              [
                78.4376388888889,
                30.40375
              ],
              [
                78.4376388888889,
                30.402916666666666
              ],
              [
                78.43541666666668,
                30.400694444444444
              ],
              [
                78.43319444444445,
                30.400416666666665
              ],
              [
                78.4326388888889,
                30.40097222222222
              ],
              [
                78.43236111111112,
                30.400416666666665
              ],
              [
                78.43097222222224,
                30.400416666666665
              ],
              [
                78.43125,
                30.40097222222222
              ],
              [
                78.43180555555557,
                30.40097222222222
              ],
              [
                78.43236111111112,
                30.401527777777776
              ],
              [
                78.43236111111112,
                30.40208333333333
              ],
              [
                78.43291666666667,
                30.402638888888887
              ],
              [
                78.43541666666668,
                30.402916666666666
              ],
              [
                78.43541666666668,
                30.404305555555553
              ],
              [
                78.43569444444445,
                30.404305555555553
              ],
              [
                78.43569444444445,
                30.40486111111111
              ],
              [
                78.43652777777778,
                30.405694444444443
              ],
              [
                78.43708333333335,
                30.405694444444443
              ],
              [
                78.43680555555557,
                30.406249999999996
              ]
            ],
            [
              [
                78.43708333333335,
                30.405416666666664
              ],
              [
                78.4376388888889,
                30.405416666666664
              ],
              [
                78.4376388888889,
                30.405694444444443
              ],
              [
                78.43708333333335,
                30.405694444444443
              ],
              [
                78.43708333333335,
                30.405416666666664
              ]
            ],
            [
              [
                78.44986111111112,
                30.434305555555554
              ],
              [
                78.44958333333335,
                30.434583333333332
              ],
              [
                78.44958333333335,
                30.434305555555554
              ],
              [
                78.44986111111112,
                30.434305555555554
              ]
            ],
            [
              [
                78.47791666666667,
                30.377916666666664
              ],
              [
                78.4776388888889,
                30.378194444444443
              ],
              [
                78.4776388888889,
                30.377916666666664
              ],
              [
                78.47791666666667,
                30.377916666666664
              ]
            ],
            [
              [
                78.47708333333334,
                30.37625
              ],
              [
                78.47680555555557,
                30.376527777777774
              ],
              [
                78.47680555555557,
                30.37625
              ],
              [
                78.47708333333334,
                30.37625
              ]
            ],
            [
              [
                78.47680555555557,
                30.37486111111111
              ],
              [
                78.47652777777779,
                30.375138888888888
              ],
              [
                78.47652777777779,
                30.37486111111111
              ],
              [
                78.47680555555557,
                30.37486111111111
              ]
            ],
            [
              [
                78.47708333333334,
                30.372916666666665
              ],
              [
                78.47680555555557,
                30.373194444444444
              ],
              [
                78.47680555555557,
                30.372916666666665
              ],
              [
                78.47708333333334,
                30.372916666666665
              ]
            ],
            [
              [
                78.48319444444445,
                30.36236111111111
              ],
              [
                78.48291666666668,
                30.36263888888889
              ],
              [
                78.48291666666668,
                30.36236111111111
              ],
              [
                78.48319444444445,
                30.36236111111111
              ]
            ],
            [
              [
                78.48291666666668,
                30.361805555555552
              ],
              [
                78.4826388888889,
                30.36208333333333
              ],
              [
                78.4826388888889,
                30.361805555555552
              ],
              [
                78.48291666666668,
                30.361805555555552
              ]
            ],
            [
              [
                78.48291666666668,
                30.34847222222222
              ],
              [
                78.48319444444445,
                30.34819444444444
              ],
              [
                78.48319444444445,
                30.34847222222222
              ],
              [
                78.48291666666668,
                30.34847222222222
              ]
            ],
            [
              [
                78.48319444444445,
                30.34819444444444
              ],
              [
                78.48347222222223,
                30.34736111111111
              ],
              [
                78.48402777777778,
                30.34736111111111
              ],
              [
                78.48347222222223,
                30.34819444444444
              ],
              [
                78.48319444444445,
                30.34819444444444
              ]
            ],
            [
              [
                78.48402777777778,
                30.34736111111111
              ],
              [
                78.48430555555557,
                30.34708333333333
              ],
              [
                78.48430555555557,
                30.34736111111111
              ],
              [
                78.48402777777778,
                30.34736111111111
              ]
            ],
            [
              [
                78.49097222222223,
                30.305416666666666
              ],
              [
                78.49069444444446,
                30.30569444444444
              ],
              [
                78.49069444444446,
                30.305416666666666
              ],
              [
                78.49097222222223,
                30.305416666666666
              ]
            ]
          ],
          [
            [
              [
                78.5015277777778,
                30.40486111111111
              ],
              [
                78.50069444444445,
                30.40486111111111
              ],
              [
                78.50041666666668,
                30.40458333333333
              ],
              [
                78.50041666666668,
                30.405138888888885
              ],
              [
                78.5015277777778,
                30.405138888888885
              ],
              [
                78.5015277777778,
                30.40486111111111
              ]
            ]
          ]
        ]
      }
    }
  ]
}