{
  "type": "FeatureCollection",
  "features": [
    {
      "type": "Feature",
      "id": 50230627,
      "properties": {
        "alt_name": "Cauvery",
        "name": "Kaveri \u0b95\u0bbe\u0bb5\u0bbf\u0bb0\u0bbf\u0b86\u0bb1\u0bc1",
        "name:bn": "\u0995\u09be\u09ac\u09c7\u09b0\u09c0 \u09a8\u09a6\u09c0",
        "name:en": "Kaveri",
        "name:hi": "\u0915\u093e\u0935\u0947\u0930\u0940 \u0928\u0926\u0940",
        "name:kn": "\u0c95\u0cbe\u0cb5\u0cc7\u0cb0\u0cbf",
        "name:ml": "\u0d15\u0d3e\u0d35\u0d47\u0d30\u0d3f",
        "name:mr": "\u0915\u093e\u0935\u0947\u0930\u0940 \u0928\u0926\u0940",
        "name:ta": "\u0b95\u0bbe\u0bb5\u0bbf\u0bb0\u0bbf \u0b86\u0bb1\u0bc1",
        "name:te": "\u0c15\u0c3e\u0c35\u0c47\u0c30\u0c3f \u0c28\u0c26\u0c3f",
        "waterway": "river",
        "width": "400",
        "osm_id": 50230627
      },
      "geometry": {
        "type": "LineString",
        "coordinates": [
          [
            77.8121668,
            11.8284785
          ],
          [
            77.8118732,
            11.8210056
          ],
          [
            77.8114414,
            11.8100175
          ],
          [
            77.8112483,
            11.807161
          ],
          [
            77.8103041,
            11.8047246
          ],
          [
            77.8102095,
            11.8045814
          ],
          [
            77.8085339,
            11.8020466
          ],
          [
            77.8083408,
            11.801763
          ],
          [
            77.808313,
            11.8017083
          ],
          [
            77.8079706,
            11.8004975
          ],
          [
            77.8079438,
            11.7996941
          ],
          [
            77.8080159,
            11.7988651
          ],
          [
            77.8083354,
            11.7974992
          ],
          [
            77.8082603,
            11.7966958
          ],
          [
            77.8077829,
            11.7950259
          ],
          [
            77.8066778,
            11.7925631
          ],
          [
            77.8036952,
            11.7860305
          ],
          [
            77.801764,
            11.7799704
          ],
          [
            77.7993607,
            11.7703181
          ],
          [
            77.7982878,
            11.7661588
          ],
          [
            77.7963996,
            11.7593315
          ],
          [
            77.794404,
            11.7539116
          ],
          [
            77.7927089,
            11.7513066
          ],
          [
            77.7899194,
            11.7481764
          ],
          [
            77.7878148,
            11.7446589
          ],
          [
            77.7857351,
            11.7400041
          ],
          [
            77.7840185,
            11.7346678
          ],
          [
            77.7820267,
            11.7295639
          ],
          [
            77.7808226,
            11.7275287
          ],
          [
            77.780793,
            11.7274162
          ],
          [
            77.7799184,
            11.722305
          ],
          [
            77.7801025,
            11.7198139
          ],
          [
            77.7808428,
            11.7178179
          ],
          [
            77.7819049,
            11.7162001
          ],
          [
            77.7823555,
            11.7150655
          ],
          [
            77.7824199,
            11.7134477
          ],
          [
            77.782098,
            11.7110525
          ],
          [
            77.7813685,
            11.7089934
          ],
          [
            77.7792656,
            11.7054635
          ],
          [
            77.7779782,
            11.7017129
          ],
          [
            77.776401,
            11.6963549
          ],
          [
            77.7761328,
            11.6945898
          ],
          [
            77.7756607,
            11.6926987
          ],
          [
            77.7746522,
            11.6893683
          ],
          [
            77.7740085,
            11.6876557
          ],
          [
            77.7726459,
            11.6851132
          ],
          [
            77.7705645,
            11.6826651
          ],
          [
            77.7686333,
            11.6797863
          ],
          [
            77.7678609,
            11.6769495
          ],
          [
            77.7663749,
            11.6667104
          ],
          [
            77.766155,
            11.6653287
          ],
          [
            77.7659082,
            11.6643043
          ],
          [
            77.7653718,
            11.6630697
          ],
          [
            77.7643525,
            11.6612624
          ],
          [
            77.7622282,
            11.6577477
          ],
          [
            77.7617508,
            11.6564027
          ],
          [
            77.761547,
            11.654401
          ],
          [
            77.7610803,
            11.648254
          ],
          [
            77.7603078,
            11.646373
          ],
          [
            77.7580735,
            11.6431839
          ],
          [
            77.757985,
            11.6430551
          ],
          [
            77.7579582,
            11.6426847
          ],
          [
            77.757867,
            11.6423905
          ],
          [
            77.7576739,
            11.6421541
          ],
          [
            77.7572823,
            11.6418231
          ],
          [
            77.7567244,
            11.6413607
          ],
          [
            77.756145,
            11.6405673
          ],
          [
            77.7557641,
            11.639774
          ],
          [
            77.755512,
            11.6393221
          ],
          [
            77.7551901,
            11.638907
          ],
          [
            77.7544659,
            11.6384079
          ],
          [
            77.7539939,
            11.6379613
          ],
          [
            77.753436,
            11.6371522
          ],
          [
            77.7531516,
            11.6365952
          ],
          [
            77.7526742,
            11.6355339
          ],
          [
            77.7508879,
            11.6324497
          ],
          [
            77.7503085,
            11.630968
          ],
          [
            77.7501798,
            11.6288452
          ],
          [
            77.7500939,
            11.6263652
          ],
          [
            77.7493215,
            11.6233702
          ],
          [
            77.7481627,
            11.6215837
          ],
          [
            77.7461994,
            11.619566
          ],
          [
            77.7443111,
            11.6171174
          ],
          [
            77.7418005,
            11.6133341
          ],
          [
            77.7389789,
            11.608195
          ],
          [
            77.7369296,
            11.604811
          ],
          [
            77.7361572,
            11.6029403
          ],
          [
            77.7355349,
            11.6002708
          ]
        ]
      }
    },
    {
      "type": "Feature",
      "id": 202486628,
      "properties": {
        "intermittent": "yes",
        "waterway": "river",
        "osm_id": 202486628
      },
      "geometry": {
        "type": "LineString",
        "coordinates": [
          [
            78.0738977,
            11.9377847
          ],
          [
            78.0737507,
            11.9377516
          ],
          [
            78.073504,
            11.9377096
          ],
          [
            78.0733323,
            11.9377096
          ],
          [
            78.0731177,
            11.9378566
          ],
          [
            78.0724096,
            11.9386963
          ],
          [
            78.0721843,
            11.9388433
          ],
          [
            78.0718195,
            11.9388958
          ],
          [
            78.0714548,
            11.9388643
          ],
          [
            78.0713153,
            11.9388118
          ],
          [
            78.0708647,
            11.9387803
          ],
          [
            78.0705857,
            11.9386963
          ],
          [
            78.0700707,
            11.9385074
          ],
          [
            78.0695772,
            11.9382764
          ],
          [
            78.0691159,
            11.9380035
          ],
          [
            78.0689442,
            11.9380035
          ],
          [
            78.0686545,
            11.937972
          ],
          [
            78.0684614,
            11.9380035
          ],
          [
            78.0682897,
            11.938056
          ],
          [
            78.0681717,
            11.9381505
          ],
          [
            78.0680859,
            11.9382555
          ],
          [
            78.0679464,
            11.9385179
          ],
          [
            78.0676675,
            11.9389482
          ],
          [
            78.0674314,
            11.9391477
          ],
          [
            78.0673027,
            11.9392316
          ],
          [
            78.0671418,
            11.9392736
          ],
          [
            78.0669808,
            11.9392631
          ],
          [
            78.0668306,
            11.9391897
          ],
          [
            78.0667233,
            11.9391057
          ],
          [
            78.066659,
            11.9389797
          ],
          [
            78.0664766,
            11.9386123
          ],
          [
            78.0662405,
            11.9382555
          ],
          [
            78.0660903,
            11.938224
          ],
          [
            78.0657577,
            11.9382345
          ],
          [
            78.0652964,
            11.9383919
          ],
          [
            78.0644917,
            11.9387593
          ],
          [
            78.0643308,
            11.9387593
          ],
          [
            78.0638695,
            11.9388013
          ],
          [
            78.0637193,
            11.9387908
          ],
          [
            78.0635476,
            11.9387383
          ],
          [
            78.0629897,
            11.9385284
          ],
          [
            78.0626786,
            11.9384339
          ],
          [
            78.0619919,
            11.9383394
          ],
          [
            78.0609727,
            11.9385704
          ],
          [
            78.0598998,
            11.9386753
          ],
          [
            78.0594277,
            11.9386753
          ],
          [
            78.0592346,
            11.9386543
          ],
          [
            78.0590415,
            11.9386018
          ],
          [
            78.0585694,
            11.9383499
          ],
          [
            78.0583656,
            11.938224
          ],
          [
            78.0581617,
            11.9381295
          ],
          [
            78.0575609,
            11.9381085
          ],
          [
            78.0574107,
            11.938119
          ],
          [
            78.0569172,
            11.9385494
          ],
          [
            78.0562734,
            11.9385913
          ],
          [
            78.0554688,
            11.9385913
          ],
          [
            78.0538058,
            11.9388958
          ],
          [
            78.0526686,
            11.9389167
          ],
          [
            78.0519068,
            11.9385284
          ],
          [
            78.0516601,
            11.9381505
          ],
          [
            78.0514991,
            11.9378566
          ],
          [
            78.0512416,
            11.9375102
          ],
          [
            78.0510163,
            11.9374262
          ],
          [
            78.0503511,
            11.9373212
          ],
          [
            78.0501902,
            11.9373212
          ],
          [
            78.0495894,
            11.9373947
          ],
          [
            78.049407,
            11.9373842
          ],
          [
            78.0484092,
            11.9369643
          ],
          [
            78.0480337,
            11.9368804
          ],
          [
            78.0478299,
            11.9368594
          ],
          [
            78.0470681,
            11.9368489
          ],
          [
            78.0469286,
            11.9368699
          ],
          [
            78.0466282,
            11.9368909
          ],
          [
            78.0454373,
            11.9368699
          ],
          [
            78.0448687,
            11.9367754
          ],
          [
            78.0440855,
            11.9366599
          ],
          [
            78.0438816,
            11.9366704
          ],
          [
            78.0435383,
            11.9368279
          ],
          [
            78.0433988,
            11.9368594
          ],
          [
            78.0428839,
            11.9366599
          ],
          [
            78.0427337,
            11.9366075
          ],
          [
            78.0421865,
            11.9362086
          ],
          [
            78.0420041,
            11.9360406
          ],
          [
            78.0418539,
            11.9359357
          ],
          [
            78.0416822,
            11.9358517
          ],
          [
            78.0412316,
            11.9356837
          ],
          [
            78.0408561,
            11.9356837
          ],
          [
            78.0406523,
            11.9357362
          ],
          [
            78.0403733,
            11.9359147
          ],
          [
            78.0402446,
            11.9360196
          ],
          [
            78.0400193,
            11.9362611
          ],
          [
            78.0396974,
            11.9365025
          ],
          [
            78.0395794,
            11.9365655
          ],
          [
            78.0391931,
            11.9366075
          ],
          [
            78.0390537,
            11.9366075
          ],
          [
            78.0388498,
            11.936555
          ],
          [
            78.0385709,
            11.9364185
          ],
          [
            78.0382168,
            11.9361561
          ],
          [
            78.0380988,
            11.9360616
          ],
          [
            78.0376267,
            11.9355158
          ],
          [
            78.0375409,
            11.9354003
          ],
          [
            78.0374873,
            11.9352743
          ],
          [
            78.03738,
            11.934802
          ],
          [
            78.0372298,
            11.9344976
          ],
          [
            78.0370259,
            11.9343401
          ],
          [
            78.0364573,
            11.9342037
          ],
          [
            78.0355775,
            11.9345501
          ],
          [
            78.0350304,
            11.9348545
          ],
          [
            78.0348694,
            11.9348755
          ],
          [
            78.0346227,
            11.934928
          ],
          [
            78.0344725,
            11.9349594
          ],
          [
            78.0341399,
            11.9349489
          ],
          [
            78.0340004,
            11.934886
          ],
          [
            78.0337429,
            11.934592
          ],
          [
            78.0336785,
            11.9344451
          ],
          [
            78.0336463,
            11.9341932
          ],
          [
            78.0337536,
            11.9340252
          ],
          [
            78.0340326,
            11.9336788
          ],
          [
            78.0342901,
            11.9333324
          ],
          [
            78.0343759,
            11.933133
          ],
          [
            78.0343759,
            11.932965
          ],
          [
            78.0342901,
            11.9327866
          ],
          [
            78.0341399,
            11.9326186
          ],
          [
            78.0340218,
            11.9325241
          ],
          [
            78.0332386,
            11.9320413
          ],
          [
            78.0329382,
            11.9316949
          ],
          [
            78.0326164,
            11.931254
          ],
          [
            78.0324447,
            11.9310336
          ],
          [
            78.0322838,
            11.9307711
          ],
          [
            78.0312109,
            11.9298159
          ],
          [
            78.0307817,
            11.9297319
          ],
          [
            78.030138,
            11.929459
          ],
          [
            78.0298161,
            11.9292701
          ],
          [
            78.0294943,
            11.9289971
          ],
          [
            78.0293441,
            11.9287032
          ],
          [
            78.0293119,
            11.9277323
          ],
          [
            78.0292368,
            11.9269397
          ],
          [
            78.0292797,
            11.9266458
          ],
          [
            78.0293011,
            11.92568
          ],
          [
            78.0292153,
            11.9251552
          ],
          [
            78.0290651,
            11.9249032
          ],
          [
            78.0287432,
            11.9245673
          ],
          [
            78.0281424,
            11.9242314
          ],
          [
            78.027842,
            11.9240214
          ],
          [
            78.0275202,
            11.9237065
          ],
          [
            78.0273485,
            11.9234126
          ],
          [
            78.027327,
            11.9228457
          ],
          [
            78.0271983,
            11.922006
          ],
          [
            78.0271125,
            11.92167
          ],
          [
            78.0266833,
            11.9206833
          ],
          [
            78.0264687,
            11.9204733
          ],
          [
            78.0260825,
            11.9203893
          ],
          [
            78.0254602,
            11.9203893
          ],
          [
            78.0246663,
            11.9200324
          ],
          [
            78.0243873,
            11.9199275
          ],
          [
            78.023529,
            11.9196755
          ],
          [
            78.0231857,
            11.9196545
          ],
          [
            78.022542,
            11.9196545
          ],
          [
            78.0218339,
            11.9197805
          ],
          [
            78.021512,
            11.9199275
          ],
          [
            78.0211472,
            11.9202004
          ],
          [
            78.0209112,
            11.9204103
          ],
          [
            78.0205679,
            11.9208092
          ],
          [
            78.0202675,
            11.9210612
          ],
          [
            78.02001,
            11.9211662
          ],
          [
            78.0196881,
            11.9211872
          ],
          [
            78.0194092,
            11.9210822
          ],
          [
            78.0191517,
            11.9209352
          ],
          [
            78.0188942,
            11.9205993
          ],
          [
            78.0186796,
            11.9204103
          ],
          [
            78.0184221,
            11.9202424
          ],
          [
            78.0179286,
            11.9200324
          ],
          [
            78.0165338,
            11.9199065
          ],
          [
            78.0161905,
            11.9199065
          ],
          [
            78.0155897,
            11.9200954
          ],
          [
            78.014431,
            11.9207673
          ],
          [
            78.0141949,
            11.9209562
          ],
          [
            78.0139804,
            11.9211872
          ],
          [
            78.0137658,
            11.9213761
          ],
          [
            78.0132293,
            11.92167
          ],
          [
            78.0129504,
            11.921796
          ],
          [
            78.0126929,
            11.92188
          ],
          [
            78.012371,
            11.921922
          ],
          [
            78.0111909,
            11.9215231
          ],
          [
            78.0108905,
            11.9214811
          ],
          [
            78.0105901,
            11.9212921
          ],
          [
            78.0099678,
            11.9208092
          ],
          [
            78.0096245,
            11.9204523
          ],
          [
            78.0093241,
            11.9200954
          ],
          [
            78.0091953,
            11.9198645
          ],
          [
            78.009088,
            11.9196125
          ],
          [
            78.0089807,
            11.9190037
          ],
          [
            78.008852,
            11.9187517
          ],
          [
            78.0085945,
            11.9185418
          ],
          [
            78.008337,
            11.9184158
          ],
          [
            78.0075002,
            11.9181219
          ],
          [
            78.0068564,
            11.917744
          ],
          [
            78.0066848,
            11.9172611
          ],
          [
            78.0066418,
            11.9169671
          ],
          [
            78.0066418,
            11.9159594
          ],
          [
            78.0065346,
            11.9153505
          ],
          [
            78.0063844,
            11.9151196
          ],
          [
            78.0061269,
            11.9148886
          ],
          [
            78.0054402,
            11.9147207
          ],
          [
            78.004024,
            11.9150146
          ],
          [
            78.0029726,
            11.9149726
          ],
          [
            78.0022645,
            11.9148466
          ],
          [
            78.0018568,
            11.9147207
          ],
          [
            78.001492,
            11.9145527
          ],
          [
            78.0009556,
            11.9143637
          ],
          [
            78.0006981,
            11.9142168
          ],
          [
            78.0004191,
            11.9140278
          ],
          [
            78.000226,
            11.9138388
          ],
          [
            77.99999,
            11.9135029
          ],
          [
            77.9998612,
            11.913272
          ],
          [
            77.9997539,
            11.91302
          ],
          [
            77.9995823,
            11.9125371
          ],
          [
            77.9992819,
            11.9118863
          ],
          [
            77.9988527,
            11.9115713
          ],
          [
            77.9986167,
            11.9114244
          ],
          [
            77.9984021,
            11.9112354
          ],
          [
            77.9982304,
            11.9110254
          ],
          [
            77.9981875,
            11.9104586
          ],
          [
            77.9982519,
            11.9098917
          ],
          [
            77.9980695,
            11.9093983
          ],
          [
            77.9976725,
            11.9094088
          ],
          [
            77.9974258,
            11.9094927
          ],
          [
            77.9972327,
            11.9095977
          ],
          [
            77.9969108,
            11.9099966
          ],
          [
            77.9968035,
            11.9101016
          ],
          [
            77.9965889,
            11.9102381
          ],
          [
            77.9964065,
            11.9102801
          ],
          [
            77.9962563,
            11.9102696
          ],
          [
            77.9959667,
            11.9100701
          ],
          [
            77.9955268,
            11.9094717
          ],
          [
            77.9954839,
            11.9093143
          ],
          [
            77.9952156,
            11.9087999
          ],
          [
            77.9950869,
            11.9086214
          ],
          [
            77.9949582,
            11.9085584
          ],
          [
            77.9945934,
            11.9084534
          ],
          [
            77.9942822,
            11.9083905
          ],
          [
            77.9941213,
            11.9083905
          ],
          [
            77.9939389,
            11.908422
          ],
          [
            77.9937673,
            11.9084325
          ],
          [
            77.9932094,
            11.9086109
          ],
          [
            77.9928768,
            11.9086109
          ],
          [
            77.99263,
            11.9085899
          ],
          [
            77.9922116,
            11.9084429
          ],
          [
            77.9919863,
            11.9083065
          ],
          [
            77.9918361,
            11.9080755
          ],
          [
            77.991718,
            11.9077921
          ],
          [
            77.9916,
            11.9075296
          ],
          [
            77.9914176,
            11.9073407
          ],
          [
            77.9912889,
            11.9072777
          ],
          [
            77.9905164,
            11.9070677
          ],
          [
            77.9890144,
            11.9069942
          ],
          [
            77.988596,
            11.9069837
          ],
          [
            77.9878986,
            11.9066793
          ],
          [
            77.9877591,
            11.9065953
          ],
          [
            77.9870832,
            11.9058919
          ],
          [
            77.9856026,
            11.9030889
          ],
          [
            77.9853129,
            11.9029105
          ],
          [
            77.9850984,
            11.9028265
          ],
          [
            77.9840577,
            11.902564
          ],
          [
            77.9839075,
            11.902564
          ],
          [
            77.9837572,
            11.902585
          ],
          [
            77.9834354,
            11.902711
          ],
          [
            77.9828453,
            11.903005
          ],
          [
            77.9826629,
            11.9030155
          ],
          [
            77.9819977,
            11.9032674
          ],
          [
            77.9818261,
            11.9032884
          ],
          [
            77.9816115,
            11.9033514
          ],
          [
            77.9812896,
            11.9033724
          ],
          [
            77.9808175,
            11.9033619
          ],
          [
            77.9803562,
            11.9032464
          ],
          [
            77.9800773,
            11.9030785
          ],
          [
            77.9799592,
            11.9029735
          ],
          [
            77.9798841,
            11.902858
          ],
          [
            77.9796696,
            11.902627
          ],
          [
            77.979455,
            11.9021336
          ],
          [
            77.9794013,
            11.9019237
          ],
          [
            77.9793799,
            11.9017767
          ],
          [
            77.9793906,
            11.9011153
          ],
          [
            77.9796803,
            11.8993726
          ],
          [
            77.9797554,
            11.8984802
          ],
          [
            77.9797125,
            11.8983123
          ],
          [
            77.9793262,
            11.8972519
          ],
          [
            77.9790366,
            11.8970944
          ],
          [
            77.9787147,
            11.8970105
          ],
          [
            77.9784572,
            11.8969895
          ],
          [
            77.9778778,
            11.896979
          ],
          [
            77.9775131,
            11.8969895
          ],
          [
            77.9773629,
            11.8970105
          ],
          [
            77.9769337,
            11.8971994
          ],
          [
            77.9759574,
            11.8975459
          ],
          [
            77.9744983,
            11.8974829
          ],
          [
            77.9734361,
            11.8970524
          ],
          [
            77.9729319,
            11.896685
          ],
          [
            77.9726422,
            11.896496
          ],
          [
            77.9720521,
            11.8961916
          ],
          [
            77.9718912,
            11.8961916
          ],
          [
            77.971741,
            11.8961601
          ],
          [
            77.9714835,
            11.8961286
          ],
          [
            77.9710758,
            11.8961286
          ],
          [
            77.9708612,
            11.8961601
          ],
          [
            77.9706895,
            11.8962441
          ],
          [
            77.9702926,
            11.896538
          ],
          [
            77.970078,
            11.8966535
          ],
          [
            77.969917,
            11.8967375
          ],
          [
            77.969048,
            11.8977978
          ],
          [
            77.968297,
            11.8979763
          ],
          [
            77.967664,
            11.8979133
          ],
          [
            77.9675031,
            11.8979133
          ],
          [
            77.9670954,
            11.8978503
          ],
          [
            77.9666018,
            11.8978503
          ],
          [
            77.9664302,
            11.8978923
          ],
          [
            77.9661941,
            11.8979973
          ],
          [
            77.9658079,
            11.8982598
          ],
          [
            77.9651534,
            11.8987532
          ],
          [
            77.9647152,
            11.8987983
          ],
          [
            77.9637212,
            11.8987479
          ],
          [
            77.9629916,
            11.8990366
          ],
          [
            77.9625839,
            11.8995878
          ],
          [
            77.9624659,
            11.9003384
          ],
          [
            77.9621118,
            11.9008108
          ],
          [
            77.9614305,
            11.9010943
          ],
          [
            77.9608619,
            11.9012045
          ],
          [
            77.9598266,
            11.9009473
          ],
          [
            77.9582387,
            11.9005274
          ],
          [
            77.9576433,
            11.9005904
          ],
          [
            77.9559696,
            11.901152
          ],
          [
            77.9554599,
            11.9011153
          ],
          [
            77.9547679,
            11.9009368
          ],
          [
            77.953738,
            11.9003227
          ],
          [
            77.9529118,
            11.8993201
          ],
          [
            77.9518943,
            11.8993044
          ],
          [
            77.95053,
            11.8996665
          ],
          [
            77.9492533,
            11.900097
          ],
          [
            77.9483199,
            11.8999185
          ],
          [
            77.9483199,
            11.8995091
          ],
          [
            77.9488456,
            11.8978293
          ],
          [
            77.9489851,
            11.8971679
          ],
          [
            77.9486954,
            11.8960761
          ],
          [
            77.9470861,
            11.8951627
          ],
          [
            77.9460025,
            11.8953412
          ],
          [
            77.9454124,
            11.8959291
          ],
          [
            77.9448223,
            11.8975774
          ],
          [
            77.9445434,
            11.8981023
          ],
          [
            77.9436314,
            11.8982178
          ],
          [
            77.9420864,
            11.8974094
          ],
          [
            77.9410672,
            11.8963806
          ],
          [
            77.9404127,
            11.8963596
          ],
          [
            77.939297,
            11.8972099
          ],
          [
            77.9378378,
            11.8984592
          ],
          [
            77.9358208,
            11.9004539
          ],
          [
            77.9345333,
            11.9012308
          ]
        ]
      }
    },
    {
      "type": "Feature",
      "id": 456753320,
      "properties": {
        "name": "Kaveri River \u0b95\u0bbe\u0bb5\u0bbf\u0bb0\u0bbf \u0b86\u0bb1\u0bc1",
        "waterway": "river",
        "width": "400",
        "osm_id": 456753320
      },
      "geometry": {
        "type": "LineString",
        "coordinates": [
          [
            77.8118732,
            11.8210056
          ],
          [
            77.8071475,
            11.8140118
          ],
          [
            77.8038645,
            11.8102102
          ],
          [
            77.8015339,
            11.8072337
          ],
          [
            77.8012866,
            11.8068893
          ],
          [
            77.8011471,
            11.8067278
          ],
          [
            77.80101,
            11.8065053
          ],
          [
            77.8007632,
            11.8060643
          ],
          [
            77.8007203,
            11.8056652
          ],
          [
            77.8007632,
            11.8050456
          ],
          [
            77.8011709,
            11.804363
          ],
          [
            77.8016859,
            11.8039639
          ],
          [
            77.8035205,
            11.8031447
          ],
          [
            77.8043252,
            11.8022941
          ],
          [
            77.8051084,
            11.8007293
          ],
          [
            77.8064173,
            11.7991329
          ],
          [
            77.8083354,
            11.7974992
          ]
        ]
      }
    },
    {
      "type": "Feature",
      "id": 456753321,
      "properties": {
        "name": "\u0b95\u0bbe\u0bb2\u0bcd\u0bb5\u0bbe\u0baf\u0bcd Canal",
        "waterway": "canal",
        "osm_id": 456753321
      },
      "geometry": {
        "type": "LineString",
        "coordinates": [
          [
            77.7947351,
            11.78911
          ],
          [
            77.7946585,
            11.7890612
          ],
          [
            77.7941972,
            11.7885256
          ],
          [
            77.7926254,
            11.7855113
          ],
          [
            77.7907371,
            11.780638
          ],
          [
            77.789278,
            11.7754916
          ],
          [
            77.7893638,
            11.7718575
          ],
          [
            77.7880549,
            11.7679923
          ],
          [
            77.7868104,
            11.7653665
          ],
          [
            77.7866816,
            11.7648413
          ],
          [
            77.7865529,
            11.764064
          ],
          [
            77.7857589,
            11.7614172
          ],
          [
            77.7849436,
            11.7603878
          ],
          [
            77.7843857,
            11.7594425
          ],
          [
            77.783935,
            11.7584131
          ],
          [
            77.7827334,
            11.7532032
          ],
          [
            77.7826905,
            11.75251
          ],
          [
            77.7828276,
            11.7507394
          ],
          [
            77.783246,
            11.7486858
          ],
          [
            77.7834928,
            11.7476512
          ],
          [
            77.7828598,
            11.7443529
          ],
          [
            77.7820551,
            11.7419684
          ],
          [
            77.7817976,
            11.7416008
          ],
          [
            77.780875,
            11.7406134
          ],
          [
            77.7805853,
            11.7400251
          ],
          [
            77.7803278,
            11.7393948
          ],
          [
            77.7801561,
            11.7392688
          ],
          [
            77.7798879,
            11.7393213
          ],
          [
            77.7788901,
            11.7395419
          ],
          [
            77.7769589,
            11.7397415
          ],
          [
            77.7764439,
            11.7396785
          ],
          [
            77.7762616,
            11.7394684
          ],
          [
            77.7744162,
            11.7363065
          ],
          [
            77.7743411,
            11.7357708
          ],
          [
            77.7736545,
            11.7325039
          ],
          [
            77.7733755,
            11.7315689
          ],
          [
            77.7733004,
            11.7298987
          ],
          [
            77.7734721,
            11.7292684
          ],
          [
            77.7744377,
            11.7267262
          ],
          [
            77.7755749,
            11.7226083
          ],
          [
            77.7757358,
            11.721001
          ],
          [
            77.7758217,
            11.7207279
          ],
          [
            77.7765834,
            11.7196878
          ],
          [
            77.7767551,
            11.7192992
          ],
          [
            77.7774203,
            11.7171981
          ],
          [
            77.7774203,
            11.7167674
          ],
          [
            77.7773774,
            11.7153282
          ],
          [
            77.7771413,
            11.7137313
          ],
          [
            77.7765727,
            11.7122501
          ],
          [
            77.7754784,
            11.7104011
          ],
          [
            77.7753281,
            11.7094346
          ],
          [
            77.7745986,
            11.7072389
          ],
          [
            77.772603,
            11.7019966
          ],
          [
            77.7722382,
            11.6994962
          ],
          [
            77.7714872,
            11.6977732
          ],
          [
            77.7705431,
            11.6961973
          ],
          [
            77.7683115,
            11.6910072
          ],
          [
            77.7659941,
            11.6870358
          ]
        ]
      }
    },
    {
      "type": "Feature",
      "id": 456753360,
      "properties": {
        "name": "Kaveri        \u0b95\u0bbe\u0bb5\u0bbf\u0bb0\u0bbf",
        "waterway": "river",
        "osm_id": 456753360
      },
      "geometry": {
        "type": "LineString",
        "coordinates": [
          [
            77.8156555,
            11.7995939
          ],
          [
            77.8163351,
            11.7987195
          ],
          [
            77.8169693,
            11.7979135
          ],
          [
            77.8173382,
            11.7967382
          ],
          [
            77.8178885,
            11.7957296
          ],
          [
            77.8184957,
            11.7947791
          ],
          [
            77.8190536,
            11.7935608
          ],
          [
            77.8193969,
            11.7924686
          ],
          [
            77.8192896,
            11.790116
          ],
          [
            77.8189677,
            11.7873643
          ],
          [
            77.8177875,
            11.7844656
          ],
          [
            77.8156632,
            11.7812098
          ],
          [
            77.814247,
            11.7799284
          ],
          [
            77.8130025,
            11.7792352
          ],
          [
            77.8107923,
            11.7761053
          ],
          [
            77.8074664,
            11.7726603
          ],
          [
            77.8060073,
            11.7706857
          ],
          [
            77.8049344,
            11.7685431
          ],
          [
            77.8042263,
            11.7662533
          ],
          [
            77.8034109,
            11.7659172
          ],
          [
            77.8000688,
            11.7663111
          ],
          [
            77.7982878,
            11.7661588
          ]
        ]
      }
    },
    {
      "type": "Feature",
      "id": 547774115,
      "properties": {
        "alt_name": "Cauvery",
        "name": "Kaveri",
        "name:bn": "\u0995\u09be\u09ac\u09c7\u09b0\u09c0 \u09a8\u09a6\u09c0",
        "name:en": "Kaveri river",
        "name:hi": "\u0915\u093e\u0935\u0947\u0930\u0940 \u0928\u0926\u0940",
        "name:kn": "\u0c95\u0cbe\u0cb5\u0cc7\u0cb0\u0cbf",
        "name:ml": "\u0d15\u0d3e\u0d35\u0d47\u0d30\u0d3f",
        "name:mr": "\u0915\u093e\u0935\u0947\u0930\u0940 \u0928\u0926\u0940",
        "name:ta": "\u0b95\u0bbe\u0bb5\u0bbf\u0bb0\u0bbf \u0b86\u0bb1\u0bc1",
        "name:te": "\u0c15\u0c3e\u0c35\u0c47\u0c30\u0c3f \u0c28\u0c26\u0c3f",
        "waterway": "river",
        "width": "175",
        "osm_id": 547774115
      },
      "geometry": {
        "type": "LineString",
        "coordinates": [
          [
            77.7391075,
            11.9340518
          ],
          [
            77.7397466,
            11.9329672
          ],
          [
            77.7404863,
            11.9318523
          ],
          [
            77.7408496,
            11.9313081
          ],
          [
            77.7418274,
            11.9301046
          ],
          [
            77.7440482,
            11.928404
          ],
          [
            77.7468914,
            11.9251866
          ],
          [
            77.7480278,
            11.9243333
          ],
          [
            77.7488226,
            11.9242471
          ],
          [
            77.7502978,
            11.9243678
          ],
          [
            77.7514189,
            11.9241107
          ],
          [
            77.7524236,
            11.9236084
          ],
          [
            77.7542016,
            11.9220298
          ],
          [
            77.7546132,
            11.9215304
          ],
          [
            77.7564078,
            11.9180671
          ],
          [
            77.7571374,
            11.9172768
          ],
          [
            77.7625487,
            11.9126223
          ],
          [
            77.7636766,
            11.9120175
          ],
          [
            77.7679323,
            11.9094487
          ],
          [
            77.7691835,
            11.9089333
          ],
          [
            77.7704573,
            11.9087369
          ],
          [
            77.7715214,
            11.9090138
          ],
          [
            77.773283,
            11.9100287
          ],
          [
            77.7749293,
            11.9105764
          ],
          [
            77.7765922,
            11.9117524
          ],
          [
            77.7784032,
            11.9126384
          ],
          [
            77.7791476,
            11.91281
          ],
          [
            77.7800495,
            11.9128639
          ],
          [
            77.7812022,
            11.9125476
          ],
          [
            77.7821785,
            11.9120332
          ],
          [
            77.7828115,
            11.9114191
          ],
          [
            77.7835894,
            11.9103641
          ],
          [
            77.7839595,
            11.909351
          ],
          [
            77.784158,
            11.908359
          ],
          [
            77.784394,
            11.9069995
          ],
          [
            77.7846032,
            11.9065796
          ],
          [
            77.7849841,
            11.9062909
          ],
          [
            77.7853972,
            11.9061491
          ],
          [
            77.787779,
            11.9060756
          ],
          [
            77.7895707,
            11.9062961
          ],
          [
            77.79199,
            11.9067108
          ],
          [
            77.8005946,
            11.9073617
          ],
          [
            77.8028208,
            11.9071937
          ],
          [
            77.8060019,
            11.9065691
          ],
          [
            77.808314,
            11.9059602
          ],
          [
            77.8181272,
            11.9039093
          ],
          [
            77.8246829,
            11.9026074
          ],
          [
            77.8317601,
            11.9014211
          ],
          [
            77.8419226,
            11.8973958
          ],
          [
            77.8442287,
            11.8964541
          ],
          [
            77.8455806,
            11.8951522
          ],
          [
            77.8459883,
            11.8931365
          ],
          [
            77.8411484,
            11.8814883
          ],
          [
            77.8358173,
            11.8734826
          ],
          [
            77.8279209,
            11.8639491
          ],
          [
            77.8176835,
            11.8430889
          ],
          [
            77.8121668,
            11.8284785
          ]
        ]
      }
    },
    {
      "type": "Feature",
      "id": 823992636,
      "properties": {
        "waterway": "canal",
        "osm_id": 823992636
      },
      "geometry": {
        "type": "LineString",
        "coordinates": [
          [
            77.7924782,
            11.7452037
          ],
          [
            77.7926874,
            11.7446628
          ],
          [
            77.7927142,
            11.7437857
          ],
          [
            77.7925748,
            11.7432657
          ],
          [
            77.7916789,
            11.7410755
          ],
          [
            77.7902949,
            11.7391532
          ],
          [
            77.7897477,
            11.7385965
          ],
          [
            77.7894688,
            11.7380398
          ],
          [
            77.7894258,
            11.7373885
          ],
          [
            77.789458,
            11.7346468
          ],
          [
            77.7894795,
            11.7331867
          ],
          [
            77.7893829,
            11.7328085
          ],
          [
            77.7890181,
            11.7322202
          ],
          [
            77.7873659,
            11.7301088
          ],
          [
            77.7870226,
            11.7294995
          ],
          [
            77.786926,
            11.7289427
          ],
          [
            77.7869475,
            11.7280813
          ],
          [
            77.7871513,
            11.727241
          ],
          [
            77.7875376,
            11.7260644
          ],
          [
            77.7875376,
            11.7256442
          ],
          [
            77.7871084,
            11.7242786
          ],
          [
            77.7869153,
            11.7235222
          ],
          [
            77.7869153,
            11.7231545
          ],
          [
            77.7870762,
            11.7228499
          ],
          [
            77.7875805,
            11.7216628
          ],
          [
            77.7875698,
            11.721127
          ],
          [
            77.7874625,
            11.7196563
          ],
          [
            77.7875376,
            11.7189735
          ],
          [
            77.7879667,
            11.7175763
          ],
          [
            77.7879667,
            11.7171351
          ],
          [
            77.7879774,
            11.7167884
          ],
          [
            77.7881598,
            11.7159585
          ],
          [
            77.7881169,
            11.7155383
          ],
          [
            77.78772,
            11.7133321
          ],
          [
            77.7877736,
            11.7128804
          ],
          [
            77.7880418,
            11.7124812
          ],
          [
            77.7882564,
            11.7112416
          ],
          [
            77.7883959,
            11.7093295
          ],
          [
            77.7887392,
            11.7075856
          ],
          [
            77.7886963,
            11.7064195
          ],
          [
            77.7884817,
            11.7060203
          ],
          [
            77.7882028,
            11.7056316
          ],
          [
            77.7867973,
            11.7039191
          ],
          [
            77.7848446,
            11.7010826
          ],
          [
            77.7826559,
            11.6983405
          ],
          [
            77.7816367,
            11.6968592
          ],
          [
            77.7814865,
            11.6964389
          ],
          [
            77.7805638,
            11.6933081
          ],
          [
            77.7801347,
            11.6924151
          ],
          [
            77.7784181,
            11.6901037
          ],
          [
            77.7779567,
            11.6886538
          ],
          [
            77.7773666,
            11.686563
          ],
          [
            77.7773344,
            11.6830854
          ],
          [
            77.7772272,
            11.6823079
          ],
          [
            77.7766693,
            11.6806794
          ],
          [
            77.7766156,
            11.6802486
          ],
          [
            77.7767229,
            11.6798073
          ],
          [
            77.7768087,
            11.6797128
          ],
          [
            77.7773452,
            11.6795867
          ],
          [
            77.7784502,
            11.6796497
          ],
          [
            77.7792978,
            11.6797443
          ],
          [
            77.7798664,
            11.6796707
          ],
          [
            77.7805745,
            11.6794606
          ],
          [
            77.7809822,
            11.6789038
          ],
          [
            77.7810252,
            11.6783889
          ],
          [
            77.7808964,
            11.6780422
          ],
          [
            77.7806604,
            11.6778951
          ],
          [
            77.7797055,
            11.6772962
          ],
          [
            77.7790725,
            11.6764872
          ],
          [
            77.7782035,
            11.6746065
          ],
          [
            77.7781391,
            11.6741967
          ],
          [
            77.7782571,
            11.6729674
          ],
          [
            77.7784717,
            11.6725471
          ],
          [
            77.7791369,
            11.6720743
          ],
          [
            77.7792871,
            11.6718326
          ],
          [
            77.7792656,
            11.6710341
          ],
          [
            77.7791262,
            11.6706033
          ],
          [
            77.7783108,
            11.6698783
          ],
          [
            77.7778709,
            11.6694791
          ],
          [
            77.7777743,
            11.6692794
          ],
          [
            77.777431,
            11.6673356
          ],
          [
            77.7770877,
            11.6648244
          ],
          [
            77.7770984,
            11.6640574
          ],
          [
            77.7772593,
            11.6637526
          ],
          [
            77.7779996,
            11.6630907
          ],
          [
            77.7783644,
            11.6626074
          ],
          [
            77.7786326,
            11.6619664
          ],
          [
            77.7786326,
            11.6617563
          ],
          [
            77.7784824,
            11.6613465
          ],
          [
            77.778182,
            11.6611573
          ],
          [
            77.7764439,
            11.6603062
          ],
          [
            77.7762079,
            11.660012
          ],
          [
            77.7761006,
            11.6595497
          ],
          [
            77.7761972,
            11.6591819
          ],
          [
            77.776519,
            11.658499
          ],
          [
            77.7787721,
            11.6555358
          ],
          [
            77.7797055,
            11.6547583
          ],
          [
            77.7800381,
            11.6540227
          ],
          [
            77.780199,
            11.6520368
          ],
          [
            77.7799523,
            11.6487793
          ],
          [
            77.7800274,
            11.6484431
          ],
          [
            77.7815616,
            11.6461629
          ],
          [
            77.7815831,
            11.6458371
          ],
          [
            77.7801776,
            11.6407512
          ],
          [
            77.7800059,
            11.6404675
          ]
        ]
      }
    },
    {
      "type": "Feature",
      "id": 823992639,
      "properties": {
        "waterway": "canal",
        "osm_id": 823992639
      },
      "geometry": {
        "type": "LineString",
        "coordinates": [
          [
            77.783246,
            11.7486858
          ],
          [
            77.7838468,
            11.7487331
          ],
          [
            77.7842331,
            11.7486491
          ]
        ]
      }
    },
    {
      "type": "Feature",
      "id": 1025030821,
      "properties": {
        "intermittent": "yes",
        "waterway": "river",
        "osm_id": 1025030821
      },
      "geometry": {
        "type": "LineString",
        "coordinates": [
          [
            77.9345333,
            11.9012308
          ],
          [
            77.933836,
            11.9020391
          ],
          [
            77.9330099,
            11.9025955
          ],
          [
            77.9321194,
            11.9025325
          ],
          [
            77.9312074,
            11.9017347
          ],
          [
            77.9304671,
            11.9013148
          ],
          [
            77.9292762,
            11.90153
          ],
          [
            77.9287934,
            11.9017032
          ],
          [
            77.9280424,
            11.9024486
          ],
          [
            77.9270768,
            11.9024276
          ],
          [
            77.9258001,
            11.9020181
          ],
          [
            77.9245448,
            11.9019919
          ],
          [
            77.9236007,
            11.9022176
          ],
          [
            77.9226029,
            11.902753
          ],
          [
            77.9209292,
            11.9029682
          ],
          [
            77.9201567,
            11.9031099
          ],
          [
            77.9192126,
            11.9030522
          ],
          [
            77.9181397,
            11.9023331
          ],
          [
            77.9171097,
            11.9022543
          ],
          [
            77.9165733,
            11.902543
          ],
          [
            77.9161012,
            11.9031624
          ],
          [
            77.9156721,
            11.9034459
          ],
          [
            77.9151142,
            11.9035036
          ],
          [
            77.9140252,
            11.9028107
          ],
          [
            77.9133922,
            11.902774
          ],
          [
            77.912271,
            11.9029157
          ],
          [
            77.9110426,
            11.9032727
          ],
          [
            77.909503,
            11.9040075
          ],
          [
            77.908693,
            11.9040443
          ],
          [
            77.9074645,
            11.9039498
          ],
          [
            77.9063702,
            11.9040023
          ],
          [
            77.9052973,
            11.9047004
          ],
          [
            77.9042566,
            11.9051991
          ],
          [
            77.9019821,
            11.9057975
          ],
          [
            77.8996968,
            11.9063119
          ],
          [
            77.8978729,
            11.9071412
          ],
          [
            77.8968322,
            11.9074456
          ],
          [
            77.8936565,
            11.9080545
          ],
          [
            77.8914571,
            11.908149
          ],
          [
            77.8908348,
            11.9079601
          ],
          [
            77.8900158,
            11.9077517
          ],
          [
            77.8897619,
            11.9076871
          ],
          [
            77.8889465,
            11.9074352
          ],
          [
            77.887938,
            11.9073512
          ],
          [
            77.8870153,
            11.9074562
          ],
          [
            77.8863072,
            11.9077921
          ],
          [
            77.8856635,
            11.90838
          ],
          [
            77.884891,
            11.9093458
          ],
          [
            77.883861,
            11.9109205
          ],
          [
            77.8830027,
            11.9117813
          ],
          [
            77.8818869,
            11.9122432
          ],
          [
            77.8792262,
            11.9127681
          ],
          [
            77.8776812,
            11.912894
          ],
          [
            77.8770804,
            11.9126211
          ],
          [
            77.876544,
            11.9119912
          ],
          [
            77.8759217,
            11.9119702
          ],
          [
            77.8754711,
            11.9122012
          ],
          [
            77.8748488,
            11.9123062
          ],
          [
            77.8734112,
            11.9119283
          ],
          [
            77.8720808,
            11.9120122
          ],
          [
            77.8713083,
            11.9125581
          ],
          [
            77.8709435,
            11.913188
          ],
          [
            77.8706431,
            11.9141958
          ],
          [
            77.8693986,
            11.9148466
          ],
          [
            77.8672099,
            11.9145737
          ],
          [
            77.8564167,
            11.9102066
          ],
          [
            77.8441858,
            11.908086
          ],
          [
            77.8317601,
            11.9014211
          ]
        ]
      }
    },
    {
      "type": "Feature",
      "id": 1109084536,
      "properties": {
        "name": "Kaveri River \u0b95\u0bbe\u0bb5\u0bbf\u0bb0\u0bbf \u0b86\u0bb1\u0bc1",
        "waterway": "river",
        "width": "400",
        "osm_id": 1109084536
      },
      "geometry": {
        "type": "LineString",
        "coordinates": [
          [
            77.8102095,
            11.8045814
          ],
          [
            77.8150097,
            11.800108
          ],
          [
            77.815182,
            11.7999403
          ]
        ]
      }
    },
    {
      "type": "Feature",
      "id": 1109084538,
      "properties": {
        "name": "Kaveri",
        "waterway": "river",
        "osm_id": 1109084538
      },
      "geometry": {
        "type": "LineString",
        "coordinates": [
          [
            77.815182,
            11.7999403
          ],
          [
            77.8156555,
            11.7995939
          ]
        ]
      }
    },
    {
      "type": "Feature",
      "id": 1109084539,
      "properties": {
        "name": "\u0b95\u0bbe\u0bb2\u0bcd\u0bb5\u0bbe\u0baf\u0bcd Canal",
        "waterway": "canal",
        "osm_id": 1109084539
      },
      "geometry": {
        "type": "LineString",
        "coordinates": [
          [
            77.8007632,
            11.8060643
          ],
          [
            77.8003019,
            11.8058017
          ],
          [
            77.7999049,
            11.8051401
          ],
          [
            77.7998621,
            11.8048236
          ],
          [
            77.7998694,
            11.8046457
          ],
          [
            77.7999037,
            11.8045812
          ],
          [
            77.7999451,
            11.8045176
          ],
          [
            77.8001467,
            11.8043551
          ],
          [
            77.8007418,
            11.8039219
          ],
          [
            77.8013855,
            11.8034283
          ],
          [
            77.8016752,
            11.8031027
          ],
          [
            77.8016644,
            11.8025461
          ],
          [
            77.801246,
            11.8010653
          ],
          [
            77.8009349,
            11.8006978
          ],
          [
            77.8004414,
            11.8005402
          ],
          [
            77.79998,
            11.8006137
          ],
          [
            77.799626,
            11.8008238
          ],
          [
            77.7992934,
            11.8011073
          ],
          [
            77.7985424,
            11.8011283
          ],
          [
            77.7974802,
            11.8006978
          ],
          [
            77.7970296,
            11.8003197
          ],
          [
            77.7958709,
            11.7974106
          ],
          [
            77.7957529,
            11.796959
          ],
          [
            77.7959245,
            11.7960768
          ],
          [
            77.7960855,
            11.7958142
          ],
          [
            77.7972442,
            11.7952471
          ],
          [
            77.7974373,
            11.7949846
          ],
          [
            77.7974909,
            11.7933987
          ],
          [
            77.7971476,
            11.7921069
          ],
          [
            77.7965361,
            11.790353
          ],
          [
            77.7959567,
            11.7901009
          ],
          [
            77.7954632,
            11.7895338
          ],
          [
            77.7950877,
            11.7893343
          ],
          [
            77.7948202,
            11.7891641
          ]
        ]
      }
    },
    {
      "type": "Feature",
      "id": 1109084540,
      "properties": {
        "layer": "-1",
        "name": "\u0b95\u0bbe\u0bb2\u0bcd\u0bb5\u0bbe\u0baf\u0bcd Canal",
        "tunnel": "culvert",
        "waterway": "canal",
        "osm_id": 1109084540
      },
      "geometry": {
        "type": "LineString",
        "coordinates": [
          [
            77.7948202,
            11.7891641
          ],
          [
            77.7947351,
            11.78911
          ]
        ]
      }
    },
    {
      "type": "Feature",
      "id": 1227610294,
      "properties": {
        "layer": "-1",
        "tunnel": "culvert",
        "waterway": "canal",
        "osm_id": 1227610294
      },
      "geometry": {
        "type": "LineString",
        "coordinates": [
          [
            77.9775349,
            11.6885595
          ],
          [
            77.9771031,
            11.6887302
          ]
        ]
      }
    },
    {
      "type": "Feature",
      "id": 1227610295,
      "properties": {
        "layer": "-1",
        "tunnel": "culvert",
        "waterway": "canal",
        "osm_id": 1227610295
      },
      "geometry": {
        "type": "LineString",
        "coordinates": [
          [
            77.9778649,
            11.689458
          ],
          [
            77.9774259,
            11.6896066
          ]
        ]
      }
    },
    {
      "type": "Feature",
      "id": 1227610296,
      "properties": {
        "waterway": "canal",
        "osm_id": 1227610296
      },
      "geometry": {
        "type": "LineString",
        "coordinates": [
          [
            77.9763647,
            11.6905656
          ],
          [
            77.9762953,
            11.6905046
          ]
        ]
      }
    },
    {
      "type": "Feature",
      "id": 1227610297,
      "properties": {
        "waterway": "canal",
        "osm_id": 1227610297
      },
      "geometry": {
        "type": "LineString",
        "coordinates": [
          [
            77.9760603,
            11.6902848
          ],
          [
            77.9759827,
            11.6902157
          ]
        ]
      }
    },
    {
      "type": "Feature",
      "id": 1227610298,
      "properties": {
        "layer": "-1",
        "tunnel": "culvert",
        "waterway": "canal",
        "osm_id": 1227610298
      },
      "geometry": {
        "type": "LineString",
        "coordinates": [
          [
            77.9762953,
            11.6905046
          ],
          [
            77.9760603,
            11.6902848
          ]
        ]
      }
    },
    {
      "type": "Feature",
      "id": 1235424463,
      "properties": {
        "waterway": "canal",
        "osm_id": 1235424463
      },
      "geometry": {
        "type": "LineString",
        "coordinates": [
          [
            77.8037208,
            11.8054866
          ],
          [
            77.8035051,
            11.8052333
          ],
          [
            77.8031662,
            11.8047749
          ],
          [
            77.8030922,
            11.8044582
          ],
          [
            77.8031015,
            11.8042592
          ],
          [
            77.8031508,
            11.8039425
          ],
          [
            77.8032771,
            11.8036379
          ],
          [
            77.8035205,
            11.8031447
          ]
        ]
      }
    },
    {
      "type": "Feature",
      "id": 1341318939,
      "properties": {
        "intermittent": "yes",
        "waterway": "river",
        "osm_id": 1341318939
      },
      "geometry": {
        "type": "LineString",
        "coordinates": [
          [
            78.0725948,
            12.0982962
          ],
          [
            78.072035,
            12.0982101
          ],
          [
            78.071805,
            12.0982202
          ],
          [
            78.0715085,
            12.0984716
          ],
          [
            78.0714234,
            12.0985437
          ],
          [
            78.0711324,
            12.0987516
          ],
          [
            78.0708135,
            12.098904
          ],
          [
            78.0704542,
            12.0989051
          ],
          [
            78.0701783,
            12.0988642
          ],
          [
            78.0697656,
            12.0986586
          ],
          [
            78.0693547,
            12.0983049
          ],
          [
            78.0687274,
            12.0975726
          ],
          [
            78.0680505,
            12.0968089
          ],
          [
            78.0675316,
            12.0962592
          ],
          [
            78.0672468,
            12.0958959
          ],
          [
            78.066864,
            12.095196
          ],
          [
            78.0665733,
            12.0947512
          ],
          [
            78.0662796,
            12.0944324
          ],
          [
            78.0658267,
            12.0941975
          ],
          [
            78.0653936,
            12.0941507
          ],
          [
            78.064796,
            12.0942246
          ],
          [
            78.0645212,
            12.0941442
          ],
          [
            78.0644765,
            12.0941311
          ],
          [
            78.0642791,
            12.0939286
          ],
          [
            78.0640987,
            12.0936382
          ],
          [
            78.0639642,
            12.0929116
          ],
          [
            78.0637474,
            12.0921783
          ],
          [
            78.0634803,
            12.0914394
          ],
          [
            78.0632355,
            12.0906509
          ],
          [
            78.0630237,
            12.0898668
          ],
          [
            78.0629058,
            12.0891526
          ],
          [
            78.062747,
            12.0888022
          ],
          [
            78.062508,
            12.0885219
          ],
          [
            78.0620934,
            12.0882349
          ],
          [
            78.0614552,
            12.0879303
          ],
          [
            78.0609927,
            12.0876839
          ],
          [
            78.0605183,
            12.0873332
          ],
          [
            78.0603859,
            12.0870417
          ],
          [
            78.06037,
            12.0867503
          ],
          [
            78.06037,
            12.0864115
          ],
          [
            78.0604282,
            12.0859469
          ],
          [
            78.0605023,
            12.0856943
          ],
          [
            78.0604939,
            12.0854416
          ],
          [
            78.0604058,
            12.0852349
          ],
          [
            78.0601691,
            12.0850905
          ],
          [
            78.0599031,
            12.084906
          ],
          [
            78.0594491,
            12.0846945
          ],
          [
            78.0591396,
            12.0845359
          ],
          [
            78.0589805,
            12.0842664
          ],
          [
            78.0588941,
            12.0838035
          ],
          [
            78.0587513,
            12.0832609
          ],
          [
            78.0586011,
            12.0829575
          ],
          [
            78.0584709,
            12.0827372
          ],
          [
            78.0581581,
            12.0823593
          ],
          [
            78.057856,
            12.0821139
          ],
          [
            78.0576898,
            12.0817032
          ],
          [
            78.0576311,
            12.0814485
          ],
          [
            78.0575218,
            12.0808403
          ],
          [
            78.0574316,
            12.0804731
          ],
          [
            78.0572568,
            12.0800869
          ],
          [
            78.0570588,
            12.0798781
          ],
          [
            78.0568813,
            12.0797868
          ],
          [
            78.0566685,
            12.0795837
          ],
          [
            78.0562215,
            12.079321
          ],
          [
            78.0558771,
            12.0792228
          ],
          [
            78.0554703,
            12.0791945
          ],
          [
            78.0551812,
            12.0790374
          ],
          [
            78.0548218,
            12.0788321
          ],
          [
            78.054001,
            12.0786411
          ],
          [
            78.0532328,
            12.0785433
          ],
          [
            78.0520754,
            12.078449
          ],
          [
            78.0517472,
            12.078373
          ],
          [
            78.0514863,
            12.0781796
          ],
          [
            78.0511058,
            12.0777396
          ],
          [
            78.0508279,
            12.0775333
          ],
          [
            78.050659,
            12.0774852
          ],
          [
            78.050403,
            12.0774687
          ],
          [
            78.0501716,
            12.0774093
          ],
          [
            78.049881,
            12.077239
          ],
          [
            78.0495763,
            12.0769956
          ],
          [
            78.0493944,
            12.0769581
          ],
          [
            78.048799,
            12.0770329
          ],
          [
            78.0481796,
            12.0770685
          ],
          [
            78.0478621,
            12.0769859
          ],
          [
            78.0475901,
            12.0768827
          ],
          [
            78.04723,
            12.0766115
          ],
          [
            78.0468811,
            12.0759941
          ],
          [
            78.0467119,
            12.075498
          ],
          [
            78.0467147,
            12.0750701
          ],
          [
            78.0467875,
            12.0745668
          ],
          [
            78.0467709,
            12.0742065
          ],
          [
            78.0466298,
            12.0739334
          ],
          [
            78.0463489,
            12.0735733
          ],
          [
            78.04605,
            12.073407
          ],
          [
            78.0454376,
            12.0733614
          ],
          [
            78.0449987,
            12.0734865
          ],
          [
            78.0446089,
            12.0737006
          ],
          [
            78.0441854,
            12.0737483
          ],
          [
            78.0436973,
            12.0737019
          ],
          [
            78.0432778,
            12.0735993
          ],
          [
            78.0424459,
            12.0733356
          ],
          [
            78.041763,
            12.0731718
          ],
          [
            78.0412315,
            12.0731172
          ],
          [
            78.0409096,
            12.0730427
          ],
          [
            78.0406338,
            12.0728227
          ],
          [
            78.0400107,
            12.0719788
          ],
          [
            78.0396986,
            12.0717248
          ],
          [
            78.0392603,
            12.0715664
          ],
          [
            78.0388204,
            12.0713876
          ],
          [
            78.0385062,
            12.0711672
          ],
          [
            78.0381134,
            12.0707401
          ],
          [
            78.0377684,
            12.0701025
          ],
          [
            78.0374106,
            12.0696134
          ],
          [
            78.0369921,
            12.0692993
          ],
          [
            78.0364668,
            12.0691152
          ],
          [
            78.0358504,
            12.0690311
          ],
          [
            78.0353476,
            12.0687765
          ],
          [
            78.0351086,
            12.0684467
          ],
          [
            78.034544,
            12.0673021
          ],
          [
            78.0333489,
            12.0662821
          ],
          [
            78.0323771,
            12.0655293
          ],
          [
            78.0313345,
            12.0644742
          ],
          [
            78.0303374,
            12.0632642
          ],
          [
            78.0294823,
            12.0626233
          ],
          [
            78.0282514,
            12.0620995
          ],
          [
            78.0267644,
            12.0618062
          ],
          [
            78.0260902,
            12.0613744
          ],
          [
            78.0255789,
            12.0612308
          ],
          [
            78.0252237,
            12.0612065
          ],
          [
            78.024999,
            12.061202
          ],
          [
            78.0246478,
            12.0610357
          ],
          [
            78.0238151,
            12.0603992
          ],
          [
            78.0237295,
            12.0602602
          ],
          [
            78.0236998,
            12.0600567
          ],
          [
            78.0236887,
            12.0594281
          ],
          [
            78.0237395,
            12.0588407
          ],
          [
            78.0238309,
            12.0584311
          ],
          [
            78.0240449,
            12.0579675
          ],
          [
            78.0241949,
            12.0574923
          ],
          [
            78.0242158,
            12.0573126
          ],
          [
            78.0241486,
            12.0571375
          ],
          [
            78.0239279,
            12.0568093
          ],
          [
            78.0237428,
            12.0566089
          ],
          [
            78.0235916,
            12.0564224
          ],
          [
            78.0234444,
            12.0561729
          ],
          [
            78.0233527,
            12.0559557
          ],
          [
            78.0228733,
            12.055497
          ],
          [
            78.0220683,
            12.0547063
          ],
          [
            78.021614,
            12.0544734
          ],
          [
            78.020884,
            12.0541106
          ],
          [
            78.0203959,
            12.0539054
          ],
          [
            78.0199612,
            12.0536664
          ],
          [
            78.0197643,
            12.0534431
          ],
          [
            78.0195461,
            12.0531045
          ],
          [
            78.0193441,
            12.0528154
          ],
          [
            78.0191808,
            12.0526046
          ],
          [
            78.0189608,
            12.0524999
          ],
          [
            78.0181945,
            12.0522774
          ],
          [
            78.0176328,
            12.0520426
          ],
          [
            78.0173385,
            12.051824
          ],
          [
            78.0171579,
            12.0515202
          ],
          [
            78.0170923,
            12.0512692
          ],
          [
            78.0171399,
            12.0510693
          ],
          [
            78.0172465,
            12.0509401
          ],
          [
            78.017804,
            12.0508607
          ],
          [
            78.0180892,
            12.0508696
          ],
          [
            78.0182408,
            12.0508132
          ],
          [
            78.0183463,
            12.0506596
          ],
          [
            78.0183583,
            12.0504664
          ],
          [
            78.0183225,
            12.0503836
          ],
          [
            78.0181861,
            12.0502626
          ],
          [
            78.0179225,
            12.050131
          ],
          [
            78.0174992,
            12.0498507
          ],
          [
            78.0170479,
            12.0494355
          ],
          [
            78.0164421,
            12.0487527
          ],
          [
            78.0160189,
            12.0484695
          ],
          [
            78.0157272,
            12.0482769
          ],
          [
            78.0153797,
            12.0481842
          ],
          [
            78.0150931,
            12.0482078
          ],
          [
            78.0147145,
            12.0483632
          ],
          [
            78.0138391,
            12.0487891
          ],
          [
            78.0133621,
            12.0489324
          ],
          [
            78.0130653,
            12.0489638
          ],
          [
            78.0127866,
            12.0488848
          ],
          [
            78.0120845,
            12.0484562
          ],
          [
            78.0116766,
            12.0481174
          ],
          [
            78.0111105,
            12.0474374
          ],
          [
            78.0108526,
            12.0469578
          ],
          [
            78.0106143,
            12.0465224
          ],
          [
            78.0104336,
            12.0463106
          ],
          [
            78.0101366,
            12.0459927
          ],
          [
            78.0097931,
            12.0456492
          ],
          [
            78.0094633,
            12.0454737
          ],
          [
            78.0091297,
            12.0453792
          ],
          [
            78.0088248,
            12.0453933
          ],
          [
            78.0084719,
            12.0455831
          ],
          [
            78.0081884,
            12.0458398
          ],
          [
            78.007586,
            12.0465546
          ],
          [
            78.0072822,
            12.0468546
          ],
          [
            78.0069465,
            12.0469569
          ],
          [
            78.0066783,
            12.0469372
          ],
          [
            78.0065095,
            12.0468346
          ],
          [
            78.0062993,
            12.046505
          ],
          [
            78.0060704,
            12.0456588
          ],
          [
            78.0059713,
            12.0450712
          ],
          [
            78.0059752,
            12.0447644
          ],
          [
            78.0058577,
            12.0445332
          ],
          [
            78.0056545,
            12.0443458
          ],
          [
            78.0053277,
            12.0442369
          ],
          [
            78.0051061,
            12.0442575
          ],
          [
            78.0046031,
            12.0444777
          ],
          [
            78.0042923,
            12.0447067
          ],
          [
            78.0038224,
            12.0451714
          ],
          [
            78.0034606,
            12.0455176
          ],
          [
            78.003268,
            12.0456195
          ],
          [
            78.0030444,
            12.0456172
          ],
          [
            78.0028196,
            12.0456767
          ],
          [
            78.0026435,
            12.0455826
          ],
          [
            78.0024499,
            12.0453567
          ],
          [
            78.0022829,
            12.045035
          ],
          [
            78.0016351,
            12.0439164
          ],
          [
            78.0013155,
            12.0431685
          ],
          [
            78.0012491,
            12.0429878
          ],
          [
            78.0012233,
            12.0429175
          ],
          [
            78.0011001,
            12.0428167
          ],
          [
            78.0008799,
            12.0427095
          ],
          [
            78.000525,
            12.0424245
          ],
          [
            78.0002642,
            12.0421787
          ],
          [
            78.0000306,
            12.0418225
          ],
          [
            77.9998595,
            12.0415448
          ],
          [
            77.9996195,
            12.0413866
          ],
          [
            77.9993923,
            12.0409161
          ],
          [
            77.9991307,
            12.040529
          ],
          [
            77.9989498,
            12.0403348
          ],
          [
            77.9986356,
            12.0402528
          ],
          [
            77.9980187,
            12.0402939
          ],
          [
            77.9974029,
            12.0403565
          ],
          [
            77.9970083,
            12.0403994
          ],
          [
            77.9965956,
            12.0404429
          ],
          [
            77.9963351,
            12.0405154
          ],
          [
            77.9960662,
            12.0405934
          ],
          [
            77.9956329,
            12.0405807
          ],
          [
            77.9951937,
            12.0404428
          ],
          [
            77.9948509,
            12.0402701
          ],
          [
            77.9941117,
            12.0395814
          ],
          [
            77.9929571,
            12.0385955
          ],
          [
            77.9926199,
            12.0382521
          ],
          [
            77.9925559,
            12.0380449
          ],
          [
            77.9925559,
            12.0378617
          ],
          [
            77.9925822,
            12.0369812
          ],
          [
            77.9925282,
            12.0364349
          ],
          [
            77.9923864,
            12.0358153
          ],
          [
            77.9922362,
            12.0352215
          ],
          [
            77.9921653,
            12.0347549
          ],
          [
            77.9922033,
            12.0343336
          ],
          [
            77.9927689,
            12.032289
          ],
          [
            77.9927993,
            12.0318645
          ],
          [
            77.9926552,
            12.0314321
          ],
          [
            77.9923715,
            12.0310709
          ],
          [
            77.9919108,
            12.0307431
          ],
          [
            77.9914313,
            12.030495
          ],
          [
            77.9909548,
            12.0303545
          ],
          [
            77.9903904,
            12.0303561
          ],
          [
            77.9886692,
            12.0306829
          ],
          [
            77.9883896,
            12.0306841
          ],
          [
            77.9881745,
            12.0305653
          ],
          [
            77.9879108,
            12.0300859
          ],
          [
            77.9876351,
            12.0293031
          ],
          [
            77.9876351,
            12.0289352
          ],
          [
            77.9878739,
            12.0280589
          ],
          [
            77.9879359,
            12.0274969
          ],
          [
            77.987842,
            12.0271439
          ],
          [
            77.9876885,
            12.026883
          ],
          [
            77.9872648,
            12.0265931
          ],
          [
            77.9865736,
            12.0262514
          ],
          [
            77.9860313,
            12.0258255
          ],
          [
            77.9854784,
            12.0250662
          ],
          [
            77.9853012,
            12.0243329
          ],
          [
            77.9850415,
            12.0232025
          ],
          [
            77.9850245,
            12.0217063
          ],
          [
            77.9848705,
            12.0213607
          ],
          [
            77.9845744,
            12.0210202
          ],
          [
            77.9840048,
            12.0206466
          ],
          [
            77.9830958,
            12.0203159
          ],
          [
            77.9826659,
            12.0200818
          ],
          [
            77.9823749,
            12.0198065
          ],
          [
            77.982094,
            12.0192037
          ],
          [
            77.9818608,
            12.018852
          ],
          [
            77.9816517,
            12.0187343
          ],
          [
            77.9795473,
            12.0185585
          ],
          [
            77.9785805,
            12.0186535
          ],
          [
            77.9779823,
            12.0187479
          ],
          [
            77.9775393,
            12.0189034
          ],
          [
            77.9771734,
            12.0188441
          ],
          [
            77.9768377,
            12.0185576
          ],
          [
            77.976503,
            12.0180967
          ],
          [
            77.9761262,
            12.0174779
          ],
          [
            77.9757066,
            12.0170174
          ],
          [
            77.9753979,
            12.0167253
          ],
          [
            77.9750192,
            12.0165709
          ],
          [
            77.9745216,
            12.0164979
          ],
          [
            77.9738727,
            12.0163916
          ],
          [
            77.9733825,
            12.0160806
          ],
          [
            77.9730265,
            12.0156038
          ],
          [
            77.9725764,
            12.0145748
          ],
          [
            77.9722533,
            12.0137547
          ],
          [
            77.9718929,
            12.0130634
          ],
          [
            77.971288,
            12.0122001
          ],
          [
            77.9705363,
            12.0114259
          ],
          [
            77.9700231,
            12.010655
          ],
          [
            77.9696223,
            12.0095406
          ],
          [
            77.9692801,
            12.0086988
          ],
          [
            77.9691948,
            12.008273
          ],
          [
            77.9692271,
            12.0078366
          ],
          [
            77.9694781,
            12.0075385
          ],
          [
            77.9698841,
            12.0072755
          ],
          [
            77.970624,
            12.0070675
          ],
          [
            77.971311,
            12.0068355
          ],
          [
            77.9715678,
            12.0066654
          ],
          [
            77.9716046,
            12.0065324
          ],
          [
            77.9715875,
            12.0063428
          ],
          [
            77.9713385,
            12.0059215
          ],
          [
            77.9706559,
            12.0047314
          ],
          [
            77.9703139,
            12.0040134
          ],
          [
            77.9701719,
            12.0031764
          ],
          [
            77.9699702,
            12.0022386
          ],
          [
            77.9697714,
            12.0017519
          ],
          [
            77.9694091,
            12.0013341
          ],
          [
            77.9687975,
            12.0009077
          ],
          [
            77.9680436,
            12.0005541
          ],
          [
            77.9676134,
            12.000301
          ],
          [
            77.967234,
            11.9998959
          ],
          [
            77.9670503,
            11.9995828
          ],
          [
            77.9670023,
            11.9992691
          ],
          [
            77.9670447,
            11.9989416
          ],
          [
            77.9670032,
            11.9985212
          ],
          [
            77.966817,
            11.9981279
          ],
          [
            77.9658895,
            11.9967325
          ],
          [
            77.9655824,
            11.9963977
          ],
          [
            77.9653076,
            11.9962258
          ],
          [
            77.9645929,
            11.9959925
          ],
          [
            77.9639438,
            11.9957441
          ],
          [
            77.9636827,
            11.9955283
          ],
          [
            77.963553,
            11.9951802
          ],
          [
            77.9635522,
            11.9947732
          ],
          [
            77.963729,
            11.9933386
          ],
          [
            77.9637794,
            11.9926102
          ],
          [
            77.9636838,
            11.9921168
          ],
          [
            77.9635136,
            11.9918714
          ],
          [
            77.9632712,
            11.9916939
          ],
          [
            77.9628685,
            11.9916035
          ],
          [
            77.9621603,
            11.9915896
          ],
          [
            77.9612647,
            11.9916081
          ],
          [
            77.960621,
            11.9916713
          ],
          [
            77.9602948,
            11.9916467
          ],
          [
            77.9600497,
            11.9914965
          ],
          [
            77.9598325,
            11.9911009
          ],
          [
            77.9595881,
            11.9895457
          ],
          [
            77.9594719,
            11.9888637
          ],
          [
            77.9592132,
            11.9882466
          ],
          [
            77.9588821,
            11.9876813
          ],
          [
            77.9586259,
            11.9875473
          ],
          [
            77.9582648,
            11.9875326
          ],
          [
            77.957713,
            11.9876418
          ],
          [
            77.9568373,
            11.9879388
          ],
          [
            77.9564017,
            11.9879355
          ],
          [
            77.9559246,
            11.9877823
          ],
          [
            77.9554038,
            11.9875696
          ],
          [
            77.9548355,
            11.9871721
          ],
          [
            77.9544262,
            11.9866333
          ],
          [
            77.9537895,
            11.9857419
          ],
          [
            77.9533696,
            11.9850215
          ],
          [
            77.9531964,
            11.984471
          ],
          [
            77.9531167,
            11.9837883
          ],
          [
            77.9531033,
            11.9829384
          ],
          [
            77.9529867,
            11.9819337
          ],
          [
            77.9530084,
            11.980698
          ],
          [
            77.9530864,
            11.9795227
          ],
          [
            77.9531093,
            11.9784974
          ],
          [
            77.9531895,
            11.9779907
          ],
          [
            77.9533066,
            11.9773586
          ],
          [
            77.9534457,
            11.9768928
          ],
          [
            77.9534494,
            11.9765981
          ],
          [
            77.9533002,
            11.9762815
          ],
          [
            77.952604,
            11.9753343
          ],
          [
            77.9518379,
            11.9745325
          ],
          [
            77.9515733,
            11.9742822
          ],
          [
            77.9513072,
            11.9742057
          ],
          [
            77.9510584,
            11.9742777
          ],
          [
            77.950793,
            11.974341
          ],
          [
            77.9504786,
            11.9743046
          ],
          [
            77.9501939,
            11.974091
          ],
          [
            77.949927,
            11.9735803
          ],
          [
            77.9496795,
            11.9730381
          ],
          [
            77.9496711,
            11.9726758
          ],
          [
            77.9497387,
            11.9722794
          ],
          [
            77.9498233,
            11.9716717
          ],
          [
            77.9496726,
            11.9712367
          ],
          [
            77.949346,
            11.9708135
          ],
          [
            77.9488791,
            11.9703477
          ],
          [
            77.9481336,
            11.9699241
          ],
          [
            77.9474016,
            11.9694068
          ],
          [
            77.9470026,
            11.9690198
          ],
          [
            77.9461446,
            11.9675557
          ],
          [
            77.9459322,
            11.9671766
          ],
          [
            77.9458136,
            11.9665281
          ],
          [
            77.9456788,
            11.9656985
          ],
          [
            77.9454843,
            11.9651681
          ],
          [
            77.945237,
            11.9647964
          ],
          [
            77.9441311,
            11.9640232
          ],
          [
            77.9434655,
            11.9636283
          ],
          [
            77.9429057,
            11.9632528
          ],
          [
            77.9425265,
            11.9628774
          ],
          [
            77.9421217,
            11.9623701
          ],
          [
            77.9417237,
            11.962068
          ],
          [
            77.9412704,
            11.9619755
          ],
          [
            77.9407673,
            11.9619541
          ],
          [
            77.940378,
            11.9621566
          ],
          [
            77.9400431,
            11.9625691
          ],
          [
            77.9397123,
            11.963045
          ],
          [
            77.9393845,
            11.9639943
          ],
          [
            77.9390968,
            11.9648348
          ],
          [
            77.9390204,
            11.9650581
          ],
          [
            77.9387973,
            11.9657664
          ],
          [
            77.9384296,
            11.9664576
          ],
          [
            77.9378815,
            11.9671913
          ],
          [
            77.9375631,
            11.9674352
          ],
          [
            77.9371451,
            11.9675502
          ],
          [
            77.9366061,
            11.9676918
          ],
          [
            77.9364221,
            11.9676794
          ],
          [
            77.9361626,
            11.9676619
          ],
          [
            77.9355292,
            11.9675752
          ],
          [
            77.9348415,
            11.9675259
          ],
          [
            77.9345376,
            11.9675648
          ],
          [
            77.9341874,
            11.9677111
          ],
          [
            77.9337348,
            11.968031
          ],
          [
            77.9333646,
            11.9682096
          ],
          [
            77.93301,
            11.9681473
          ],
          [
            77.9327338,
            11.9679634
          ],
          [
            77.9324079,
            11.9675616
          ],
          [
            77.9317567,
            11.9672132
          ],
          [
            77.9312245,
            11.9666478
          ],
          [
            77.9310673,
            11.9662484
          ],
          [
            77.9310935,
            11.9658754
          ],
          [
            77.9315409,
            11.9647357
          ],
          [
            77.9319449,
            11.9634314
          ],
          [
            77.9321506,
            11.9627083
          ],
          [
            77.9321611,
            11.9620006
          ],
          [
            77.9320286,
            11.9613001
          ],
          [
            77.9317395,
            11.9606262
          ],
          [
            77.93138,
            11.9601099
          ],
          [
            77.9310827,
            11.9598168
          ],
          [
            77.9305261,
            11.9593991
          ],
          [
            77.9297576,
            11.9589376
          ],
          [
            77.9291679,
            11.9586674
          ],
          [
            77.9286928,
            11.9583084
          ],
          [
            77.9283574,
            11.9579029
          ],
          [
            77.9281212,
            11.9575789
          ],
          [
            77.927553,
            11.9572454
          ],
          [
            77.9267637,
            11.9568616
          ],
          [
            77.9263589,
            11.9566358
          ],
          [
            77.92606,
            11.9562894
          ],
          [
            77.9257898,
            11.9555795
          ],
          [
            77.9257816,
            11.9553036
          ],
          [
            77.925873,
            11.9546776
          ],
          [
            77.9259286,
            11.9540891
          ],
          [
            77.9258984,
            11.9537007
          ],
          [
            77.9257609,
            11.9533201
          ],
          [
            77.9254171,
            11.9530573
          ],
          [
            77.9244565,
            11.9523674
          ],
          [
            77.9235672,
            11.9516916
          ],
          [
            77.9229462,
            11.9510869
          ],
          [
            77.9225069,
            11.9499953
          ],
          [
            77.9223386,
            11.9494189
          ],
          [
            77.9222386,
            11.9488479
          ],
          [
            77.9222686,
            11.9486098
          ],
          [
            77.9224636,
            11.9482332
          ],
          [
            77.9226966,
            11.9477945
          ],
          [
            77.9227707,
            11.9474175
          ],
          [
            77.9226318,
            11.9471372
          ],
          [
            77.9224125,
            11.9468299
          ],
          [
            77.9220367,
            11.9466144
          ],
          [
            77.9217618,
            11.9463602
          ],
          [
            77.9217532,
            11.9462203
          ],
          [
            77.9218087,
            11.9460269
          ],
          [
            77.9218104,
            11.9457915
          ],
          [
            77.9217888,
            11.9452633
          ],
          [
            77.921888,
            11.9446555
          ],
          [
            77.9220343,
            11.9436335
          ],
          [
            77.9220753,
            11.9429355
          ],
          [
            77.9220172,
            11.9425268
          ],
          [
            77.921842,
            11.9422095
          ],
          [
            77.9215984,
            11.9419555
          ],
          [
            77.921088,
            11.9416646
          ],
          [
            77.9204294,
            11.9415363
          ],
          [
            77.9200734,
            11.941402
          ],
          [
            77.9198026,
            11.9410361
          ],
          [
            77.9194698,
            11.9401293
          ],
          [
            77.9190653,
            11.9392014
          ],
          [
            77.9187677,
            11.938601
          ],
          [
            77.9182799,
            11.9380758
          ],
          [
            77.9174679,
            11.9369182
          ],
          [
            77.9166982,
            11.9358216
          ],
          [
            77.9159387,
            11.9346009
          ],
          [
            77.9155798,
            11.9338624
          ],
          [
            77.9150784,
            11.9333581
          ],
          [
            77.9144841,
            11.932602
          ],
          [
            77.9141395,
            11.9321441
          ],
          [
            77.9138075,
            11.9313336
          ],
          [
            77.9133701,
            11.9306454
          ],
          [
            77.9130704,
            11.9302571
          ],
          [
            77.9121957,
            11.9295169
          ],
          [
            77.9113299,
            11.9286826
          ],
          [
            77.9105668,
            11.9277031
          ],
          [
            77.9102761,
            11.9270802
          ],
          [
            77.9102704,
            11.9267525
          ],
          [
            77.9103768,
            11.9265024
          ],
          [
            77.9107496,
            11.9262475
          ],
          [
            77.9113372,
            11.9259946
          ],
          [
            77.912271,
            11.9258276
          ],
          [
            77.912955,
            11.9257774
          ],
          [
            77.9136638,
            11.9257378
          ],
          [
            77.9141458,
            11.9256607
          ],
          [
            77.9144389,
            11.9254376
          ],
          [
            77.9145858,
            11.9251352
          ],
          [
            77.9144455,
            11.9247048
          ],
          [
            77.9140999,
            11.9244125
          ],
          [
            77.9134843,
            11.9242132
          ],
          [
            77.9125201,
            11.923598
          ],
          [
            77.9123299,
            11.9233368
          ],
          [
            77.9123332,
            11.9230697
          ],
          [
            77.9124295,
            11.9228669
          ],
          [
            77.912691,
            11.9225936
          ],
          [
            77.9129251,
            11.9223644
          ],
          [
            77.9129643,
            11.9221055
          ],
          [
            77.9128615,
            11.9217804
          ],
          [
            77.9126107,
            11.9215504
          ],
          [
            77.9122344,
            11.9213695
          ],
          [
            77.9112682,
            11.9210413
          ],
          [
            77.9107196,
            11.9206794
          ],
          [
            77.9104853,
            11.9202195
          ],
          [
            77.9103039,
            11.9195693
          ],
          [
            77.9099093,
            11.9190538
          ],
          [
            77.9096746,
            11.918588
          ],
          [
            77.9093867,
            11.9184082
          ],
          [
            77.9088701,
            11.9184042
          ],
          [
            77.9083303,
            11.9185083
          ],
          [
            77.9077865,
            11.9186551
          ],
          [
            77.9071759,
            11.9185712
          ],
          [
            77.9063353,
            11.9183425
          ],
          [
            77.9055356,
            11.9183583
          ],
          [
            77.9041658,
            11.9185054
          ],
          [
            77.9024658,
            11.9189907
          ],
          [
            77.9009645,
            11.9195469
          ],
          [
            77.8999009,
            11.9196475
          ],
          [
            77.8990321,
            11.9195178
          ],
          [
            77.8985472,
            11.9191419
          ],
          [
            77.8980819,
            11.9180658
          ],
          [
            77.8980302,
            11.916986
          ],
          [
            77.8976075,
            11.9155907
          ],
          [
            77.8969745,
            11.915072
          ],
          [
            77.8958344,
            11.9150073
          ],
          [
            77.8945487,
            11.9147432
          ],
          [
            77.8929664,
            11.9144784
          ],
          [
            77.8923164,
            11.9138209
          ],
          [
            77.8911783,
            11.9116276
          ],
          [
            77.8900158,
            11.9077517
          ]
        ]
      }
    }
  ]
}