{
  "type": "FeatureCollection",
  "features": [
    {
      "type": "Feature",
      "id": 285883326,
      "properties": {
        "amenity": "bus_station",
        "building": "yes",
        "bus": "yes",
        "name": "Cheruthoni",
        "name:ml": "\u0d1a\u0d46\u0d31\u0d41\u0d24\u0d4b\u0d23\u0d3f",
        "public_transport": "station"
      },
      "geometry": {
        "type": "Polygon",
        "coordinates": [
          [
            [
              76.9638188,
              9.8564514
            ],
            [
              76.9640041,
              9.8567431
            ],
            [
              76.9635048,
              9.85708
            ],
            [
              76.963493,
              9.8570646
            ],
            [
              76.9632864,
              9.8567967
            ],
            [
              76.9638188,
              9.8564514
            ]
          ]
        ]
      }
    },
    {
      "type": "Feature",
      "id": 498450999,
      "properties": {
        "addr:municipality": "Thodupuzha",
        "building": "yes",
        "healthcare": "alternative",
        "healthcare:speciality": "general",
        "name": "District Medical Office Idukki",
        "operator:en": "Indian System of Medicine",
        "operator:type": "government",
        "phone": "+91-4862232318",
        "ref": "061005320015"
      },
      "geometry": {
        "type": "Polygon",
        "coordinates": [
          [
            [
              76.9424578,
              9.8476516
            ],
            [
              76.9420688,
              9.8478103
            ],
            [
              76.9416852,
              9.8478855
            ],
            [
              76.9418692,
              9.8483488
            ],
            [
              76.9426421,
              9.8480506
            ],
            [
              76.9424578,
              9.8476516
            ]
          ]
        ]
      }
    },
    {
      "type": "Feature",
      "id": 498451000,
      "properties": {
        "building": "yes"
      },
      "geometry": {
        "type": "Polygon",
        "coordinates": [
          [
            [
              76.9419255,
              9.8475642
            ],
            [
              76.9419917,
              9.8477525
            ],
            [
              76.9425521,
              9.8475611
            ],
            [
              76.942486,
              9.847373
            ],
            [
              76.9419255,
              9.8475642
            ]
          ]
        ]
      }
    },
    {
      "type": "Feature",
      "id": 498451001,
      "properties": {
        "addr:city": "PAINAV",
        "addr:housenumber": "04862 296297",
        "addr:postcode": "685603",
        "addr:street": "KUYILIMALA",
        "building": "yes",
        "name": "District Scheduled Castes Development"
      },
      "geometry": {
        "type": "Polygon",
        "coordinates": [
          [
            [
              76.9420154,
              9.8472189
            ],
            [
              76.9419686,
              9.8472372
            ],
            [
              76.9419808,
              9.8472654
            ],
            [
              76.9420283,
              9.8472463
            ],
            [
              76.9420154,
              9.8472189
            ]
          ]
        ]
      }
    },
    {
      "type": "Feature",
      "id": 669462973,
      "properties": {
        "addr:postcode": "685603",
        "building": "yes",
        "building:levels": "3",
        "name": "CS-IT Department"
      },
      "geometry": {
        "type": "Polygon",
        "coordinates": [
          [
            [
              76.9397571,
              9.8518522
            ],
            [
              76.9400371,
              9.8516955
            ],
            [
              76.9400786,
              9.8517468
            ],
            [
              76.9401049,
              9.8517794
            ],
            [
              76.9403725,
              9.8521103
            ],
            [
              76.9400762,
              9.8522521
            ],
            [
              76.9400081,
              9.8521701
            ],
            [
              76.9401955,
              9.8520599
            ],
            [
              76.9400328,
              9.8518499
            ],
            [
              76.9399607,
              9.8518889
            ],
            [
              76.9398343,
              9.8519571
            ],
            [
              76.9397571,
              9.8518522
            ]
          ]
        ]
      }
    },
    {
      "type": "Feature",
      "id": 669463627,
      "properties": {
        "addr:postcode": "685603",
        "building": "yes",
        "building:levels": "3",
        "name": "EC-EE Department"
      },
      "geometry": {
        "type": "Polygon",
        "coordinates": [
          [
            [
              76.9393263,
              9.8522633
            ],
            [
              76.9396213,
              9.8520743
            ],
            [
              76.9399573,
              9.8524664
            ],
            [
              76.9396892,
              9.8526679
            ],
            [
              76.9396006,
              9.8525685
            ],
            [
              76.9397964,
              9.8524338
            ],
            [
              76.9396018,
              9.8522059
            ],
            [
              76.9394046,
              9.8523417
            ],
            [
              76.9393263,
              9.8522633
            ]
          ]
        ]
      }
    },
    {
      "type": "Feature",
      "id": 674018976,
      "properties": {
        "building": "yes",
        "building:levels": "3",
        "name": "Kabani Ladies hostel"
      },
      "geometry": {
        "type": "Polygon",
        "coordinates": [
          [
            [
              76.9385858,
              9.8527811
            ],
            [
              76.9385001,
              9.8527238
            ],
            [
              76.9388431,
              9.852278
            ],
            [
              76.938942,
              9.8523497
            ],
            [
              76.9385858,
              9.8527811
            ]
          ]
        ]
      }
    },
    {
      "type": "Feature",
      "id": 674021943,
      "properties": {
        "addr:city": "Painav",
        "addr:postcode": "685603",
        "building": "yes",
        "building:levels": "3",
        "description": "Include administrative sections,Principal office,first year classes,physics and chemistry lab,Central technical library,ccf",
        "name": "Administrative Block,GEC Idukki (main block)"
      },
      "geometry": {
        "type": "Polygon",
        "coordinates": [
          [
            [
              76.9396683,
              9.8509106
            ],
            [
              76.9400741,
              9.8513003
            ],
            [
              76.9404936,
              9.8509208
            ],
            [
              76.9400637,
              9.8505074
            ],
            [
              76.9396683,
              9.8509106
            ]
          ]
        ]
      }
    },
    {
      "type": "Feature",
      "id": 674022205,
      "properties": {
        "addr:city": "Painav",
        "addr:postcode": "685603",
        "building": "residential",
        "building:levels": "3",
        "description": "first ladies hostel of GEC,Idukki",
        "name": "Nila Ladies Hostel"
      },
      "geometry": {
        "type": "Polygon",
        "coordinates": [
          [
            [
              76.9388924,
              9.8527851
            ],
            [
              76.938981,
              9.8529141
            ],
            [
              76.9391338,
              9.8528122
            ],
            [
              76.9394635,
              9.8525924
            ],
            [
              76.9393749,
              9.8524634
            ],
            [
              76.9388924,
              9.8527851
            ]
          ]
        ]
      }
    },
    {
      "type": "Feature",
      "id": 674022206,
      "properties": {
        "building": "yes",
        "building:levels": "3",
        "name": "Staff Hostel"
      },
      "geometry": {
        "type": "Polygon",
        "coordinates": [
          [
            [
              76.9385851,
              9.8531296
            ],
            [
              76.9387203,
              9.853273
            ],
            [
              76.9389336,
              9.8530778
            ],
            [
              76.9389796,
              9.8530358
            ],
            [
              76.9388333,
              9.8528806
            ],
            [
              76.938769,
              9.8529395
            ],
            [
              76.9387304,
              9.8529129
            ],
            [
              76.9386778,
              9.8529871
            ],
            [
              76.9386832,
              9.8530399
            ],
            [
              76.9385851,
              9.8531296
            ]
          ]
        ]
      }
    },
    {
      "type": "Feature",
      "id": 674022210,
      "properties": {
        "building": "yes",
        "building:levels": "2",
        "name": "mechanical department 1"
      },
      "geometry": {
        "type": "Polygon",
        "coordinates": [
          [
            [
              76.9404059,
              9.8512789
            ],
            [
              76.9405677,
              9.8513696
            ],
            [
              76.9407271,
              9.8510936
            ],
            [
              76.9405653,
              9.8510029
            ],
            [
              76.9404059,
              9.8512789
            ]
          ]
        ]
      }
    },
    {
      "type": "Feature",
      "id": 674022211,
      "properties": {
        "building": "yes",
        "name": "mechanical department2"
      },
      "geometry": {
        "type": "Polygon",
        "coordinates": [
          [
            [
              76.9403187,
              9.8516832
            ],
            [
              76.9404765,
              9.851577
            ],
            [
              76.9402472,
              9.8512692
            ],
            [
              76.9400824,
              9.8513813
            ],
            [
              76.9403187,
              9.8516832
            ]
          ]
        ]
      }
    },
    {
      "type": "Feature",
      "id": 674022416,
      "properties": {
        "building": "yes",
        "name": "Staff quarters 3"
      },
      "geometry": {
        "type": "Polygon",
        "coordinates": [
          [
            [
              76.9388308,
              9.8509649
            ],
            [
              76.9389075,
              9.8510592
            ],
            [
              76.939073,
              9.8509164
            ],
            [
              76.9390087,
              9.8508154
            ],
            [
              76.9388308,
              9.8509649
            ]
          ]
        ]
      }
    },
    {
      "type": "Feature",
      "id": 674022437,
      "properties": {
        "building": "residential",
        "height": "3",
        "name": "ekalevya residential school"
      },
      "geometry": {
        "type": "Polygon",
        "coordinates": [
          [
            [
              76.9380039,
              9.8539618
            ],
            [
              76.9384815,
              9.8540134
            ],
            [
              76.9384965,
              9.8539193
            ],
            [
              76.9382886,
              9.8538879
            ],
            [
              76.938298,
              9.8538418
            ],
            [
              76.9383654,
              9.8538492
            ],
            [
              76.9383635,
              9.8538289
            ],
            [
              76.9386257,
              9.8538566
            ],
            [
              76.9386538,
              9.8535595
            ],
            [
              76.9378334,
              9.853469
            ],
            [
              76.9378185,
              9.8535945
            ],
            [
              76.9377922,
              9.8537588
            ],
            [
              76.9381313,
              9.8537975
            ],
            [
              76.9381256,
              9.8538197
            ],
            [
              76.9381481,
              9.8538252
            ],
            [
              76.9381331,
              9.8538769
            ],
            [
              76.9380114,
              9.8538621
            ],
            [
              76.9380039,
              9.8539618
            ]
          ]
        ]
      }
    },
    {
      "type": "Feature",
      "id": 674023355,
      "properties": {
        "addr:postcode": "685602",
        "addr:street": "Painav - Cheruthoni Road",
        "amenity": "place_of_worship",
        "building": "church",
        "denomination": "roman_catholic",
        "name": "St. Mary's Church",
        "religion": "christian"
      },
      "geometry": {
        "type": "Polygon",
        "coordinates": [
          [
            [
              76.9701552,
              9.8958111
            ],
            [
              76.9702583,
              9.8959061
            ],
            [
              76.9704578,
              9.8957358
            ],
            [
              76.9703514,
              9.8956343
            ],
            [
              76.9701552,
              9.8958111
            ]
          ]
        ]
      }
    },
    {
      "type": "Feature",
      "id": 674023692,
      "properties": {
        "addr:postcode": "685602",
        "addr:street": "Painav - Cheruthoni Road",
        "building": "church",
        "building:levels": "1",
        "name": "Parish Hall"
      },
      "geometry": {
        "type": "Polygon",
        "coordinates": [
          [
            [
              76.9699957,
              9.8957456
            ],
            [
              76.9700622,
              9.8958504
            ],
            [
              76.970235,
              9.8956703
            ],
            [
              76.9701586,
              9.8956015
            ],
            [
              76.9699957,
              9.8957456
            ]
          ]
        ]
      }
    },
    {
      "type": "Feature",
      "id": 674024264,
      "properties": {
        "amenity": "bus_station",
        "building": "yes",
        "bus": "yes",
        "departures_board": "timetable",
        "highway": "bus_stop",
        "name": "Karimban",
        "name:ml": "\u0d15\u0d30\u0d3f\u0d2e\u0d4d\u0d2a\u0d28\u0d4d\u200d",
        "public_transport": "station",
        "surface": "paved"
      },
      "geometry": {
        "type": "Polygon",
        "coordinates": [
          [
            [
              76.9716963,
              9.8936151
            ],
            [
              76.9718073,
              9.8936722
            ],
            [
              76.9719232,
              9.8934487
            ],
            [
              76.9717977,
              9.8934012
            ],
            [
              76.9716963,
              9.8936151
            ]
          ]
        ]
      }
    },
    {
      "type": "Feature",
      "id": 674024954,
      "properties": {
        "addr:postcode": "685602",
        "addr:street": "Painav-Cheruthoni Road",
        "amenity": "place_of_worship",
        "building": "yes",
        "name": "Shiva Temple",
        "religion": "hindu"
      },
      "geometry": {
        "type": "Polygon",
        "coordinates": [
          [
            [
              76.9716372,
              9.904481
            ],
            [
              76.9718547,
              9.9043096
            ],
            [
              76.9716683,
              9.9040647
            ],
            [
              76.9714321,
              9.9042484
            ],
            [
              76.9716372,
              9.904481
            ]
          ]
        ]
      }
    },
    {
      "type": "Feature",
      "id": 726611958,
      "properties": {
        "addr:city": "Painavu",
        "building": "yes",
        "building:levels": "1",
        "name": "Model Polytechnic college"
      },
      "geometry": {
        "type": "Polygon",
        "coordinates": [
          [
            [
              76.9406253,
              9.8448554
            ],
            [
              76.9406192,
              9.8446945
            ],
            [
              76.9406716,
              9.8446793
            ],
            [
              76.9410058,
              9.8446626
            ],
            [
              76.9409951,
              9.8448342
            ],
            [
              76.9406253,
              9.8448554
            ]
          ]
        ]
      }
    },
    {
      "type": "Feature",
      "id": 726620968,
      "properties": {
        "building": "yes",
        "name": "IDA Building"
      },
      "geometry": {
        "type": "Polygon",
        "coordinates": [
          [
            [
              76.9431397,
              9.8494491
            ],
            [
              76.9431218,
              9.8495064
            ],
            [
              76.9430853,
              9.8495543
            ],
            [
              76.9430344,
              9.8495871
            ],
            [
              76.9429752,
              9.849601
            ],
            [
              76.9429148,
              9.8495943
            ],
            [
              76.9428603,
              9.8495678
            ],
            [
              76.9428181,
              9.8495247
            ],
            [
              76.9427945,
              9.8494749
            ],
            [
              76.9427879,
              9.8494203
            ],
            [
              76.9427989,
              9.8493664
            ],
            [
              76.9428264,
              9.8493186
            ],
            [
              76.9428677,
              9.8492816
            ],
            [
              76.9429186,
              9.8492591
            ],
            [
              76.942974,
              9.8492534
            ],
            [
              76.9430285,
              9.849265
            ],
            [
              76.9430767,
              9.8492928
            ],
            [
              76.9431136,
              9.8493339
            ],
            [
              76.9431369,
              9.8493893
            ],
            [
              76.9431397,
              9.8494491
            ]
          ]
        ]
      }
    },
    {
      "type": "Feature",
      "id": 735273548,
      "properties": {
        "building": "hospital"
      },
      "geometry": {
        "type": "Polygon",
        "coordinates": [
          [
            [
              76.960902,
              9.8488922
            ],
            [
              76.9611102,
              9.8488964
            ],
            [
              76.9611113,
              9.8488458
            ],
            [
              76.9613207,
              9.84885
            ],
            [
              76.9613211,
              9.8488303
            ],
            [
              76.9613913,
              9.8488317
            ],
            [
              76.9613943,
              9.8486883
            ],
            [
              76.9611451,
              9.8486832
            ],
            [
              76.9611466,
              9.8486134
            ],
            [
              76.9609391,
              9.8486092
            ],
            [
              76.9609426,
              9.8484424
            ],
            [
              76.960763,
              9.8484387
            ],
            [
              76.9607529,
              9.8489171
            ],
            [
              76.9609015,
              9.8489201
            ],
            [
              76.960902,
              9.8488922
            ]
          ]
        ]
      }
    },
    {
      "type": "Feature",
      "id": 768092006,
      "properties": {
        "addr:postcode": "685602",
        "addr:street": "Mariapuram Thadiyampadu road",
        "building": "yes",
        "government": "panchayath_office",
        "name": "Panchayat Office, Mariyapuram",
        "office": "government"
      },
      "geometry": {
        "type": "Polygon",
        "coordinates": [
          [
            [
              76.9875656,
              9.8567576
            ],
            [
              76.9877951,
              9.8568084
            ],
            [
              76.9878466,
              9.8565826
            ],
            [
              76.987617,
              9.8565318
            ],
            [
              76.9875656,
              9.8567576
            ]
          ]
        ]
      }
    },
    {
      "type": "Feature",
      "id": 768161249,
      "properties": {
        "building": "yes",
        "layer": "-1",
        "office": "yes"
      },
      "geometry": {
        "type": "Polygon",
        "coordinates": [
          [
            [
              76.9670514,
              9.8814784
            ],
            [
              76.9672229,
              9.8814969
            ],
            [
              76.9672596,
              9.8811674
            ],
            [
              76.9670881,
              9.8811489
            ],
            [
              76.9670514,
              9.8814784
            ]
          ]
        ]
      }
    },
    {
      "type": "Feature",
      "id": 768165934,
      "properties": {
        "addr:city": "Murickassery",
        "addr:street": "Murickassery P O",
        "building": "yes",
        "government": "panchayath_office",
        "name": "Vathikudy Grama Panchayath",
        "office": "government"
      },
      "geometry": {
        "type": "Polygon",
        "coordinates": [
          [
            [
              77.0081359,
              9.9143065
            ],
            [
              77.0083466,
              9.9143668
            ],
            [
              77.0083778,
              9.9142613
            ],
            [
              77.008167,
              9.9142009
            ],
            [
              77.0081359,
              9.9143065
            ]
          ]
        ]
      }
    },
    {
      "type": "Feature",
      "id": 770084266,
      "properties": {
        "building": "yes",
        "name": "LSGD AE Office",
        "office": "government"
      },
      "geometry": {
        "type": "Polygon",
        "coordinates": [
          [
            [
              76.9591577,
              9.8753391
            ],
            [
              76.9592047,
              9.87539
            ],
            [
              76.9592239,
              9.8753672
            ],
            [
              76.9591812,
              9.875316
            ],
            [
              76.9591577,
              9.8753391
            ]
          ]
        ]
      }
    },
    {
      "type": "Feature",
      "id": 770084359,
      "properties": {
        "building": "yes",
        "name": "Krishibhavan",
        "office": "yes"
      },
      "geometry": {
        "type": "Polygon",
        "coordinates": [
          [
            [
              76.9590984,
              9.8753858
            ],
            [
              76.9591223,
              9.8753683
            ],
            [
              76.9591747,
              9.8754184
            ],
            [
              76.9591338,
              9.8754323
            ],
            [
              76.9590984,
              9.8753858
            ]
          ]
        ]
      }
    },
    {
      "type": "Feature",
      "id": 770085248,
      "properties": {
        "building": "yes",
        "government": "government",
        "name": "Lsgd Axe Office",
        "office": "government"
      },
      "geometry": {
        "type": "Polygon",
        "coordinates": [
          [
            [
              76.9670477,
              9.8812793
            ],
            [
              76.9672649,
              9.881311
            ],
            [
              76.9673011,
              9.8810811
            ],
            [
              76.9670705,
              9.8811022
            ],
            [
              76.9670477,
              9.8812793
            ]
          ]
        ]
      }
    },
    {
      "type": "Feature",
      "id": 791232985,
      "properties": {
        "addr:city": "Idukki",
        "addr:postcode": "685604",
        "addr:street": "Mankuva",
        "amenity": "place_of_worship",
        "building": "yes",
        "denomination": "syro-malabar_catholic",
        "name": "St. Thomas Church Mankuva",
        "religion": "christian"
      },
      "geometry": {
        "type": "Polygon",
        "coordinates": [
          [
            [
              76.9953116,
              9.9297134
            ],
            [
              76.995706,
              9.929502
            ],
            [
              76.9954276,
              9.9291136
            ],
            [
              76.9949927,
              9.9289879
            ],
            [
              76.9949463,
              9.9294621
            ],
            [
              76.9951086,
              9.9297934
            ],
            [
              76.9953116,
              9.9297134
            ]
          ]
        ]
      }
    },
    {
      "type": "Feature",
      "id": 791234127,
      "properties": {
        "addr:city": "Idukki",
        "addr:postcode": "685604",
        "addr:street": "Mankuva",
        "amenity": "monastery",
        "building": "yes",
        "denomination": "roman_catholic",
        "name": "SH Convent Mankuva",
        "religion": "christian"
      },
      "geometry": {
        "type": "Polygon",
        "coordinates": [
          [
            [
              76.9956214,
              9.9290569
            ],
            [
              76.9960362,
              9.9294739
            ],
            [
              76.9963094,
              9.9292435
            ],
            [
              76.9958946,
              9.9287643
            ],
            [
              76.9956692,
              9.9288501
            ],
            [
              76.9956214,
              9.9290569
            ]
          ]
        ]
      }
    },
    {
      "type": "Feature",
      "id": 791234844,
      "properties": {
        "addr:city": "Idukki",
        "addr:housenumber": "Kalapurackal House",
        "addr:postcode": "685604",
        "addr:street": "Mankuva P.O Murickassery",
        "building": "house",
        "building:levels": "2",
        "name": "Robichan George"
      },
      "geometry": {
        "type": "Polygon",
        "coordinates": [
          [
            [
              76.9895644,
              9.9349344
            ],
            [
              76.9898955,
              9.9348268
            ],
            [
              76.9900338,
              9.9350706
            ],
            [
              76.9897334,
              9.9351866
            ],
            [
              76.9895644,
              9.9349344
            ]
          ]
        ]
      }
    },
    {
      "type": "Feature",
      "id": 797878875,
      "properties": {
        "building": "house"
      },
      "geometry": {
        "type": "Polygon",
        "coordinates": [
          [
            [
              76.9796949,
              9.8506531
            ],
            [
              76.9797525,
              9.8506184
            ],
            [
              76.9798299,
              9.8506896
            ],
            [
              76.9797661,
              9.8507284
            ],
            [
              76.9796949,
              9.8506531
            ]
          ]
        ]
      }
    },
    {
      "type": "Feature",
      "id": 797878876,
      "properties": {
        "building": "house"
      },
      "geometry": {
        "type": "Polygon",
        "coordinates": [
          [
            [
              76.9798133,
              9.8505722
            ],
            [
              76.9799059,
              9.8505024
            ],
            [
              76.979969,
              9.8505623
            ],
            [
              76.9798675,
              9.8506368
            ],
            [
              76.9798133,
              9.8505722
            ]
          ]
        ]
      }
    },
    {
      "type": "Feature",
      "id": 797878877,
      "properties": {
        "building": "house"
      },
      "geometry": {
        "type": "Polygon",
        "coordinates": [
          [
            [
              76.9793213,
              9.8513192
            ],
            [
              76.979385,
              9.8512758
            ],
            [
              76.9794414,
              9.8512374
            ],
            [
              76.9795063,
              9.8513209
            ],
            [
              76.9794745,
              9.8513444
            ],
            [
              76.9793878,
              9.8514087
            ],
            [
              76.9793213,
              9.8513192
            ]
          ]
        ]
      }
    },
    {
      "type": "Feature",
      "id": 797878879,
      "properties": {
        "building": "yes"
      },
      "geometry": {
        "type": "Polygon",
        "coordinates": [
          [
            [
              76.9780311,
              9.8487865
            ],
            [
              76.978002,
              9.8487334
            ],
            [
              76.9780686,
              9.8486809
            ],
            [
              76.9781086,
              9.8487286
            ],
            [
              76.9780311,
              9.8487865
            ]
          ]
        ]
      }
    },
    {
      "type": "Feature",
      "id": 798242620,
      "properties": {
        "building": "yes",
        "name": "Idukki Heritage Museum",
        "tourism": "museum"
      },
      "geometry": {
        "type": "Polygon",
        "coordinates": [
          [
            [
              76.9417974,
              9.8509316
            ],
            [
              76.9422051,
              9.8509528
            ],
            [
              76.9423231,
              9.8502868
            ],
            [
              76.9419798,
              9.8503608
            ],
            [
              76.9417437,
              9.8506779
            ],
            [
              76.9416579,
              9.8508999
            ],
            [
              76.9417974,
              9.8509316
            ]
          ]
        ]
      }
    },
    {
      "type": "Feature",
      "id": 798242621,
      "properties": {
        "addr:housenumber": "133",
        "building": "yes",
        "government": "panchayath_office",
        "name": "District Panchayath Office, Idukki",
        "office": "government",
        "opening_hours": "Mo-Fr 09:00-17:00",
        "opening_hours:covid19": "off",
        "phone": "+91 486 2232385",
        "website": "https://lsgkerala.gov.in/"
      },
      "geometry": {
        "type": "Polygon",
        "coordinates": [
          [
            [
              76.941459,
              9.8500927
            ],
            [
              76.9416043,
              9.8501177
            ],
            [
              76.9416214,
              9.8501105
            ],
            [
              76.9416556,
              9.8501163
            ],
            [
              76.9417151,
              9.8497785
            ],
            [
              76.9417486,
              9.8495888
            ],
            [
              76.9414421,
              9.8495363
            ],
            [
              76.9414245,
              9.8496358
            ],
            [
              76.9415043,
              9.8496495
            ],
            [
              76.9414912,
              9.8497235
            ],
            [
              76.9415357,
              9.8497311
            ],
            [
              76.9415308,
              9.8497956
            ],
            [
              76.9415004,
              9.8499304
            ],
            [
              76.9414558,
              9.8499227
            ],
            [
              76.9414325,
              9.8500547
            ],
            [
              76.9414648,
              9.8500602
            ],
            [
              76.941459,
              9.8500927
            ]
          ]
        ]
      }
    },
    {
      "type": "Feature",
      "id": 798268166,
      "properties": {
        "addr:city": "Mariyapuram",
        "addr:postcode": "685604",
        "addr:street": "upputhode",
        "amenity": "place_of_worship",
        "building": "yes",
        "denomination": "roman_catholic",
        "name": "St. Joseph`s Church, Upputhode",
        "religion": "christian"
      },
      "geometry": {
        "type": "Polygon",
        "coordinates": [
          [
            [
              77.0043652,
              9.8836117
            ],
            [
              77.0044051,
              9.883637
            ],
            [
              77.0044536,
              9.8836623
            ],
            [
              77.0045362,
              9.8836342
            ],
            [
              77.004579,
              9.8835752
            ],
            [
              77.0046417,
              9.8834826
            ],
            [
              77.0046958,
              9.8834124
            ],
            [
              77.0046873,
              9.883359
            ],
            [
              77.0046559,
              9.8833422
            ],
            [
              77.0046217,
              9.8833282
            ],
            [
              77.0045875,
              9.8833225
            ],
            [
              77.0045049,
              9.8834208
            ],
            [
              77.0044251,
              9.8835078
            ],
            [
              77.0043909,
              9.8835556
            ],
            [
              77.0043652,
              9.8836117
            ]
          ]
        ]
      }
    },
    {
      "type": "Feature",
      "id": 798268167,
      "properties": {
        "addr:city": "Mariyapuram",
        "addr:postcode": "685604",
        "addr:street": "Upputhode",
        "building": "church",
        "building:levels": "1",
        "name": "St. Joseph Church Parish Hall, Upputhode"
      },
      "geometry": {
        "type": "Polygon",
        "coordinates": [
          [
            [
              77.0046844,
              9.8838897
            ],
            [
              77.00473,
              9.8839514
            ],
            [
              77.0047784,
              9.8839318
            ],
            [
              77.0048069,
              9.8838841
            ],
            [
              77.0048611,
              9.8838223
            ],
            [
              77.0048896,
              9.8837577
            ],
            [
              77.0049266,
              9.8837016
            ],
            [
              77.0049067,
              9.8836538
            ],
            [
              77.0048554,
              9.8836342
            ],
            [
              77.0047271,
              9.8837914
            ],
            [
              77.00471,
              9.8838476
            ],
            [
              77.0046844,
              9.8838897
            ]
          ]
        ]
      }
    },
    {
      "type": "Feature",
      "id": 798274800,
      "properties": {
        "addr:city": "Mariyapuram",
        "addr:housenumber": "Thottikada",
        "addr:postcode": "685604",
        "addr:street": "Kumarakom \u2013 Cumbammettu \u2013 Cumbam Road",
        "building": "church",
        "name": "St. Mary`s Grotto, Upputhode"
      },
      "geometry": {
        "type": "Polygon",
        "coordinates": [
          [
            [
              77.0004449,
              9.8892976
            ],
            [
              77.0004744,
              9.8892997
            ],
            [
              77.0005047,
              9.8892811
            ],
            [
              77.0004898,
              9.8892599
            ],
            [
              77.000463,
              9.8892646
            ],
            [
              77.0004449,
              9.8892976
            ]
          ]
        ]
      }
    },
    {
      "type": "Feature",
      "id": 798613114,
      "properties": {
        "amenity": "place_of_worship",
        "building": "yes",
        "religion": "hindu"
      },
      "geometry": {
        "type": "Polygon",
        "coordinates": [
          [
            [
              77.014506,
              9.9441766
            ],
            [
              77.0146405,
              9.9441801
            ],
            [
              77.0147679,
              9.944222
            ],
            [
              77.0147432,
              9.944323
            ],
            [
              77.0147078,
              9.9444276
            ],
            [
              77.014598,
              9.9444207
            ],
            [
              77.0145166,
              9.9444207
            ],
            [
              77.0144282,
              9.9444172
            ],
            [
              77.0143822,
              9.9442882
            ],
            [
              77.0144282,
              9.944222
            ],
            [
              77.014506,
              9.9441766
            ]
          ]
        ]
      }
    },
    {
      "type": "Feature",
      "id": 798613115,
      "properties": {
        "building": "church"
      },
      "geometry": {
        "type": "Polygon",
        "coordinates": [
          [
            [
              77.0169968,
              9.9416743
            ],
            [
              77.0170008,
              9.9415862
            ],
            [
              77.0170781,
              9.9415502
            ],
            [
              77.0171187,
              9.9414861
            ],
            [
              77.0172529,
              9.94143
            ],
            [
              77.0172895,
              9.941362
            ],
            [
              77.0174358,
              9.9413419
            ],
            [
              77.0174724,
              9.9414621
            ],
            [
              77.017444,
              9.9416022
            ],
            [
              77.0173911,
              9.9417144
            ],
            [
              77.0169968,
              9.9416743
            ]
          ]
        ]
      }
    },
    {
      "type": "Feature",
      "id": 798628142,
      "properties": {
        "building": "yes",
        "healthcare": "dentist",
        "name": "Anugraha Dental Clinic , Kamblikandam"
      },
      "geometry": {
        "type": "Polygon",
        "coordinates": [
          [
            [
              77.0146923,
              9.9459868
            ],
            [
              77.0147601,
              9.9460535
            ],
            [
              77.0146708,
              9.9461537
            ],
            [
              77.0146061,
              9.9460778
            ],
            [
              77.0146923,
              9.9459868
            ]
          ]
        ]
      }
    },
    {
      "type": "Feature",
      "id": 798628143,
      "properties": {
        "amenity": "events_venue",
        "building": "yes",
        "name": "Y'S MENS CLUB"
      },
      "geometry": {
        "type": "Polygon",
        "coordinates": [
          [
            [
              77.0141192,
              9.9461385
            ],
            [
              77.014184,
              9.9461901
            ],
            [
              77.0141254,
              9.9462569
            ],
            [
              77.0140669,
              9.9462083
            ],
            [
              77.0140576,
              9.946181
            ],
            [
              77.0141192,
              9.9461385
            ]
          ]
        ]
      }
    },
    {
      "type": "Feature",
      "id": 798631602,
      "properties": {
        "building": "school"
      },
      "geometry": {
        "type": "Polygon",
        "coordinates": [
          [
            [
              77.0020618,
              9.8839451
            ],
            [
              77.0022025,
              9.8839517
            ],
            [
              77.0022051,
              9.8838615
            ],
            [
              77.0021608,
              9.8838641
            ],
            [
              77.0021717,
              9.8836508
            ],
            [
              77.002291,
              9.8836463
            ],
            [
              77.0022986,
              9.8836162
            ],
            [
              77.0023016,
              9.8835678
            ],
            [
              77.0021163,
              9.8835916
            ],
            [
              77.0020774,
              9.8836218
            ],
            [
              77.0020618,
              9.8839451
            ]
          ]
        ]
      }
    },
    {
      "type": "Feature",
      "id": 798633597,
      "properties": {
        "addr:city": "Mariyapuram, Idukki",
        "addr:postcode": "685604",
        "addr:street": "Upputhode",
        "building": "yes",
        "government": "village_office",
        "name": "Village Office, Upputhode",
        "office": "government"
      },
      "geometry": {
        "type": "Polygon",
        "coordinates": [
          [
            [
              77.0041377,
              9.8854924
            ],
            [
              77.0041933,
              9.8854014
            ],
            [
              77.0041515,
              9.8853767
            ],
            [
              77.0040898,
              9.8854776
            ],
            [
              77.0041377,
              9.8854924
            ]
          ]
        ]
      }
    },
    {
      "type": "Feature",
      "id": 798635508,
      "properties": {
        "amenity": "bank",
        "building": "yes",
        "name": "Upputhode Co-operative Bank"
      },
      "geometry": {
        "type": "Polygon",
        "coordinates": [
          [
            [
              77.0035896,
              9.885535
            ],
            [
              77.0036133,
              9.8855257
            ],
            [
              77.0036346,
              9.885514
            ],
            [
              77.0036204,
              9.885472
            ],
            [
              77.0035919,
              9.885451
            ],
            [
              77.0035683,
              9.8854697
            ],
            [
              77.0035564,
              9.8854837
            ],
            [
              77.0035754,
              9.8855163
            ],
            [
              77.0035896,
              9.885535
            ]
          ]
        ]
      }
    },
    {
      "type": "Feature",
      "id": 798635509,
      "properties": {
        "building": "yes",
        "name": "Supplyco Maveli Stores",
        "shop": "general"
      },
      "geometry": {
        "type": "Polygon",
        "coordinates": [
          [
            [
              77.0036397,
              9.8856529
            ],
            [
              77.0036689,
              9.8856451
            ],
            [
              77.0036802,
              9.8856374
            ],
            [
              77.0036723,
              9.885613
            ],
            [
              77.0036554,
              9.8855842
            ],
            [
              77.0036251,
              9.885592
            ],
            [
              77.0036273,
              9.8856318
            ],
            [
              77.0036397,
              9.8856529
            ]
          ]
        ]
      }
    },
    {
      "type": "Feature",
      "id": 798643058,
      "properties": {
        "building": "yes",
        "name": "Ration Shop, Upputhode",
        "shop": "supermarket"
      },
      "geometry": {
        "type": "Polygon",
        "coordinates": [
          [
            [
              77.0066736,
              9.883992
            ],
            [
              77.0066787,
              9.8840106
            ],
            [
              77.0066873,
              9.8840292
            ],
            [
              77.006701,
              9.8840495
            ],
            [
              77.0067474,
              9.884014
            ],
            [
              77.0067732,
              9.8839785
            ],
            [
              77.0067629,
              9.8839446
            ],
            [
              77.0067337,
              9.8839243
            ],
            [
              77.0066993,
              9.8839514
            ],
            [
              77.0066736,
              9.883992
            ]
          ]
        ]
      }
    },
    {
      "type": "Feature",
      "id": 798643059,
      "properties": {
        "amenity": "bank",
        "atm": "yes",
        "brand": "Union Bank of India",
        "brand:wikidata": "Q2004078",
        "brand:wikipedia": "en:Union Bank of India",
        "building": "yes",
        "name": "Union Bank of India"
      },
      "geometry": {
        "type": "Polygon",
        "coordinates": [
          [
            [
              77.0062667,
              9.8841544
            ],
            [
              77.0063062,
              9.8841544
            ],
            [
              77.0063474,
              9.8841577
            ],
            [
              77.0063491,
              9.8841239
            ],
            [
              77.0063028,
              9.8841138
            ],
            [
              77.0062667,
              9.8841138
            ],
            [
              77.0062667,
              9.8841544
            ]
          ]
        ]
      }
    },
    {
      "type": "Feature",
      "id": 798643060,
      "properties": {
        "addr:postcode": "685604",
        "addr:street": "Karimban- Prakash Road",
        "amenity": "community_centre",
        "building": "yes",
        "name": "Community Hall, Upputhodu"
      },
      "geometry": {
        "type": "Polygon",
        "coordinates": [
          [
            [
              77.0069053,
              9.8838837
            ],
            [
              77.0069311,
              9.8839057
            ],
            [
              77.0069706,
              9.8838871
            ],
            [
              77.0069912,
              9.8838533
            ],
            [
              77.0069843,
              9.8838313
            ],
            [
              77.0069586,
              9.8838144
            ],
            [
              77.006895,
              9.8838584
            ],
            [
              77.0069053,
              9.8838837
            ]
          ]
        ]
      }
    },
    {
      "type": "Feature",
      "id": 798643061,
      "properties": {
        "addr:city": "Mariyapuram, Idukki",
        "addr:postcode": "685604",
        "addr:street": "Upputhode",
        "amenity": "post_office",
        "building": "yes",
        "name": "Post Office, Upputhode"
      },
      "geometry": {
        "type": "Polygon",
        "coordinates": [
          [
            [
              77.0067426,
              9.8840902
            ],
            [
              77.006779,
              9.8840708
            ],
            [
              77.0068184,
              9.8840439
            ],
            [
              77.0067987,
              9.8840006
            ],
            [
              77.0067835,
              9.8839856
            ],
            [
              77.0067441,
              9.884029
            ],
            [
              77.0067138,
              9.8840573
            ],
            [
              77.0067426,
              9.8840902
            ]
          ]
        ]
      }
    },
    {
      "type": "Feature",
      "id": 798676851,
      "properties": {
        "building": "school"
      },
      "geometry": {
        "type": "Polygon",
        "coordinates": [
          [
            [
              77.0090179,
              9.8828533
            ],
            [
              77.0091036,
              9.8828502
            ],
            [
              77.0090944,
              9.8826068
            ],
            [
              77.0090087,
              9.8826099
            ],
            [
              77.0090179,
              9.8828533
            ]
          ]
        ]
      }
    },
    {
      "type": "Feature",
      "id": 798676852,
      "properties": {
        "building": "school"
      },
      "geometry": {
        "type": "Polygon",
        "coordinates": [
          [
            [
              77.0091103,
              9.8828163
            ],
            [
              77.00917,
              9.8828163
            ],
            [
              77.0091699,
              9.882698
            ],
            [
              77.0094191,
              9.8826977
            ],
            [
              77.009419,
              9.8826225
            ],
            [
              77.0091101,
              9.8826228
            ],
            [
              77.0091103,
              9.8828163
            ]
          ]
        ]
      }
    },
    {
      "type": "Feature",
      "id": 798721893,
      "properties": {
        "addr:city": "Rajamudi",
        "addr:street": "Rajamudi",
        "building": "school",
        "name": "De paul public school, Rajamudi"
      },
      "geometry": {
        "type": "Polygon",
        "coordinates": [
          [
            [
              77.0183537,
              9.8881842
            ],
            [
              77.0190216,
              9.8881935
            ],
            [
              77.0190275,
              9.8877779
            ],
            [
              77.0183597,
              9.8877687
            ],
            [
              77.0183537,
              9.8881842
            ]
          ]
        ]
      }
    },
    {
      "type": "Feature",
      "id": 798735738,
      "properties": {
        "building": "school",
        "name": "Girijyothi CMI Public School"
      },
      "geometry": {
        "type": "Polygon",
        "coordinates": [
          [
            [
              76.956202,
              9.8634312
            ],
            [
              76.9560954,
              9.8633814
            ],
            [
              76.9559571,
              9.8636684
            ],
            [
              76.9559076,
              9.8637094
            ],
            [
              76.9561156,
              9.8639534
            ],
            [
              76.9561809,
              9.8638994
            ],
            [
              76.9560502,
              9.863746
            ],
            [
              76.956202,
              9.8634312
            ]
          ]
        ]
      }
    },
    {
      "type": "Feature",
      "id": 798735742,
      "properties": {
        "building": "yes",
        "name": "IDCB bank"
      },
      "geometry": {
        "type": "Polygon",
        "coordinates": [
          [
            [
              76.9615294,
              9.8618404
            ],
            [
              76.9615168,
              9.8619273
            ],
            [
              76.961709,
              9.8621166
            ],
            [
              76.9618854,
              9.8619646
            ],
            [
              76.9617814,
              9.8618652
            ],
            [
              76.9617468,
              9.8618094
            ],
            [
              76.9616806,
              9.8618683
            ],
            [
              76.9615672,
              9.8617783
            ],
            [
              76.9615294,
              9.8618404
            ]
          ]
        ]
      }
    },
    {
      "type": "Feature",
      "id": 798735743,
      "properties": {
        "addr:postcode": "685602",
        "building": "house",
        "name": "Thekkuvilayil"
      },
      "geometry": {
        "type": "Polygon",
        "coordinates": [
          [
            [
              76.9576587,
              9.8609567
            ],
            [
              76.9575714,
              9.8609628
            ],
            [
              76.9575818,
              9.8611021
            ],
            [
              76.9576649,
              9.861098
            ],
            [
              76.9576587,
              9.8609567
            ]
          ]
        ]
      }
    },
    {
      "type": "Feature",
      "id": 798735744,
      "properties": {
        "building": "yes",
        "name": "yesunivas convent"
      },
      "geometry": {
        "type": "Polygon",
        "coordinates": [
          [
            [
              76.9578561,
              9.8612823
            ],
            [
              76.9578915,
              9.8613703
            ],
            [
              76.9578333,
              9.8613785
            ],
            [
              76.9578582,
              9.8614379
            ],
            [
              76.9578644,
              9.8614891
            ],
            [
              76.9579268,
              9.8614707
            ],
            [
              76.9580182,
              9.8614461
            ],
            [
              76.9579621,
              9.8612495
            ],
            [
              76.9578561,
              9.8612823
            ]
          ]
        ]
      }
    },
    {
      "type": "Feature",
      "id": 799016279,
      "properties": {
        "building": "house"
      },
      "geometry": {
        "type": "Polygon",
        "coordinates": [
          [
            [
              76.9798112,
              9.8692635
            ],
            [
              76.9798982,
              9.869267
            ],
            [
              76.9799163,
              9.8692171
            ],
            [
              76.9799018,
              9.8691671
            ],
            [
              76.9798293,
              9.86916
            ],
            [
              76.9797424,
              9.8691742
            ],
            [
              76.9798112,
              9.8692635
            ]
          ]
        ]
      }
    },
    {
      "type": "Feature",
      "id": 799016280,
      "properties": {
        "building": "house"
      },
      "geometry": {
        "type": "Polygon",
        "coordinates": [
          [
            [
              76.9827421,
              9.8690493
            ],
            [
              76.9828943,
              9.8690279
            ],
            [
              76.982887,
              9.8689708
            ],
            [
              76.9827602,
              9.8689636
            ],
            [
              76.9827421,
              9.8690493
            ]
          ]
        ]
      }
    },
    {
      "type": "Feature",
      "id": 799019117,
      "properties": {
        "building": "house"
      },
      "geometry": {
        "type": "Polygon",
        "coordinates": [
          [
            [
              76.9934856,
              9.8843511
            ],
            [
              76.9935587,
              9.8843932
            ],
            [
              76.9935953,
              9.8843301
            ],
            [
              76.9935981,
              9.8842926
            ],
            [
              76.9935554,
              9.8842567
            ],
            [
              76.9934856,
              9.8843511
            ]
          ]
        ]
      }
    },
    {
      "type": "Feature",
      "id": 799019118,
      "properties": {
        "building": "house"
      },
      "geometry": {
        "type": "Polygon",
        "coordinates": [
          [
            [
              77.0050267,
              9.8655151
            ],
            [
              77.0051138,
              9.8655757
            ],
            [
              77.0052291,
              9.8654217
            ],
            [
              77.0051727,
              9.8653839
            ],
            [
              77.0051266,
              9.8654243
            ],
            [
              77.0051061,
              9.8654142
            ],
            [
              77.0050267,
              9.8655151
            ]
          ]
        ]
      }
    },
    {
      "type": "Feature",
      "id": 799019119,
      "properties": {
        "building": "house"
      },
      "geometry": {
        "type": "Polygon",
        "coordinates": [
          [
            [
              77.0071996,
              9.864121
            ],
            [
              77.007224,
              9.86416
            ],
            [
              77.0073276,
              9.864088
            ],
            [
              77.0073032,
              9.864064
            ],
            [
              77.0073763,
              9.8640369
            ],
            [
              77.0073367,
              9.8639829
            ],
            [
              77.0071692,
              9.864073
            ],
            [
              77.0071996,
              9.864121
            ]
          ]
        ]
      }
    },
    {
      "type": "Feature",
      "id": 799019120,
      "properties": {
        "building": "house"
      },
      "geometry": {
        "type": "Polygon",
        "coordinates": [
          [
            [
              77.0085895,
              9.8625111
            ],
            [
              77.008756,
              9.8626096
            ],
            [
              77.008797,
              9.8625414
            ],
            [
              77.0086741,
              9.8624607
            ],
            [
              77.0086946,
              9.8624203
            ],
            [
              77.0086544,
              9.8623969
            ],
            [
              77.0085895,
              9.8625111
            ]
          ]
        ]
      }
    },
    {
      "type": "Feature",
      "id": 799019121,
      "properties": {
        "building": "house"
      },
      "geometry": {
        "type": "Polygon",
        "coordinates": [
          [
            [
              77.0095336,
              9.8620778
            ],
            [
              77.0096333,
              9.8620742
            ],
            [
              77.0096351,
              9.8619814
            ],
            [
              77.0095391,
              9.8619904
            ],
            [
              77.0095336,
              9.8620778
            ]
          ]
        ]
      }
    },
    {
      "type": "Feature",
      "id": 799019122,
      "properties": {
        "building": "house"
      },
      "geometry": {
        "type": "Polygon",
        "coordinates": [
          [
            [
              77.0109344,
              9.8611151
            ],
            [
              77.0111127,
              9.8611661
            ],
            [
              77.0111279,
              9.8610941
            ],
            [
              77.011006,
              9.8610761
            ],
            [
              77.0110365,
              9.8609845
            ],
            [
              77.010974,
              9.8609605
            ],
            [
              77.0109344,
              9.8611151
            ]
          ]
        ]
      }
    },
    {
      "type": "Feature",
      "id": 799019123,
      "properties": {
        "building": "house"
      },
      "geometry": {
        "type": "Polygon",
        "coordinates": [
          [
            [
              77.0122228,
              9.8581441
            ],
            [
              77.0122843,
              9.8581971
            ],
            [
              77.012374,
              9.8581012
            ],
            [
              77.0123099,
              9.8580533
            ],
            [
              77.0122228,
              9.8581441
            ]
          ]
        ]
      }
    },
    {
      "type": "Feature",
      "id": 799019124,
      "properties": {
        "building": "house"
      },
      "geometry": {
        "type": "Polygon",
        "coordinates": [
          [
            [
              77.0111315,
              9.8582047
            ],
            [
              77.0112366,
              9.8581441
            ],
            [
              77.0111828,
              9.8580533
            ],
            [
              77.0110905,
              9.8580962
            ],
            [
              77.0111315,
              9.8582047
            ]
          ]
        ]
      }
    },
    {
      "type": "Feature",
      "id": 799019125,
      "properties": {
        "building": "house"
      },
      "geometry": {
        "type": "Polygon",
        "coordinates": [
          [
            [
              77.0087498,
              9.8575839
            ],
            [
              77.0088088,
              9.8576546
            ],
            [
              77.0088882,
              9.8575789
            ],
            [
              77.0088369,
              9.8575284
            ],
            [
              77.0087498,
              9.8575839
            ]
          ]
        ]
      }
    },
    {
      "type": "Feature",
      "id": 799019126,
      "properties": {
        "building": "house"
      },
      "geometry": {
        "type": "Polygon",
        "coordinates": [
          [
            [
              77.0052784,
              9.8578141
            ],
            [
              77.0054269,
              9.8578872
            ],
            [
              77.005514,
              9.8577787
            ],
            [
              77.0053578,
              9.8576778
            ],
            [
              77.0052784,
              9.8578141
            ]
          ]
        ]
      }
    },
    {
      "type": "Feature",
      "id": 799019127,
      "properties": {
        "building": "house"
      },
      "geometry": {
        "type": "Polygon",
        "coordinates": [
          [
            [
              77.005117,
              9.8581371
            ],
            [
              77.0052271,
              9.8580892
            ],
            [
              77.0051887,
              9.8580286
            ],
            [
              77.0050785,
              9.858069
            ],
            [
              77.005117,
              9.8581371
            ]
          ]
        ]
      }
    },
    {
      "type": "Feature",
      "id": 799019128,
      "properties": {
        "building": "house"
      },
      "geometry": {
        "type": "Polygon",
        "coordinates": [
          [
            [
              77.0041461,
              9.8583819
            ],
            [
              77.0041742,
              9.8584324
            ],
            [
              77.0042537,
              9.8583769
            ],
            [
              77.0042152,
              9.8583264
            ],
            [
              77.0041461,
              9.8583819
            ]
          ]
        ]
      }
    },
    {
      "type": "Feature",
      "id": 799019129,
      "properties": {
        "building": "house"
      },
      "geometry": {
        "type": "Polygon",
        "coordinates": [
          [
            [
              77.0042306,
              9.8583188
            ],
            [
              77.0042613,
              9.8583491
            ],
            [
              77.0043151,
              9.8583138
            ],
            [
              77.0042844,
              9.8582734
            ],
            [
              77.0042306,
              9.8583188
            ]
          ]
        ]
      }
    },
    {
      "type": "Feature",
      "id": 799019130,
      "properties": {
        "building": "house"
      },
      "geometry": {
        "type": "Polygon",
        "coordinates": [
          [
            [
              77.0043766,
              9.8581775
            ],
            [
              77.0044304,
              9.8582305
            ],
            [
              77.0044817,
              9.858175
            ],
            [
              77.0044381,
              9.8581295
            ],
            [
              77.0043766,
              9.8581775
            ]
          ]
        ]
      }
    },
    {
      "type": "Feature",
      "id": 799019131,
      "properties": {
        "building": "house"
      },
      "geometry": {
        "type": "Polygon",
        "coordinates": [
          [
            [
              77.0035056,
              9.8587555
            ],
            [
              77.0035517,
              9.8588186
            ],
            [
              77.003644,
              9.8587605
            ],
            [
              77.0035978,
              9.8587025
            ],
            [
              77.0035056,
              9.8587555
            ]
          ]
        ]
      }
    },
    {
      "type": "Feature",
      "id": 799019132,
      "properties": {
        "building": "house"
      },
      "geometry": {
        "type": "Polygon",
        "coordinates": [
          [
            [
              77.001551,
              9.8595051
            ],
            [
              77.0016432,
              9.8595606
            ],
            [
              77.0016868,
              9.8594773
            ],
            [
              77.0016048,
              9.8594193
            ],
            [
              77.001551,
              9.8595051
            ]
          ]
        ]
      }
    },
    {
      "type": "Feature",
      "id": 799019133,
      "properties": {
        "building": "house"
      },
      "geometry": {
        "type": "Polygon",
        "coordinates": [
          [
            [
              77.0020044,
              9.8595127
            ],
            [
              77.0020941,
              9.8595429
            ],
            [
              77.0021453,
              9.8594647
            ],
            [
              77.0020634,
              9.8594268
            ],
            [
              77.0020044,
              9.8595127
            ]
          ]
        ]
      }
    },
    {
      "type": "Feature",
      "id": 799019134,
      "properties": {
        "building": "house"
      },
      "geometry": {
        "type": "Polygon",
        "coordinates": [
          [
            [
              77.0006416,
              9.8595455
            ],
            [
              77.0006928,
              9.8595934
            ],
            [
              77.0007569,
              9.8595379
            ],
            [
              77.0007082,
              9.8594874
            ],
            [
              77.0006416,
              9.8595455
            ]
          ]
        ]
      }
    },
    {
      "type": "Feature",
      "id": 799019135,
      "properties": {
        "building": "house"
      },
      "geometry": {
        "type": "Polygon",
        "coordinates": [
          [
            [
              77.0005596,
              9.8596035
            ],
            [
              77.0006032,
              9.8596388
            ],
            [
              77.0006518,
              9.8595985
            ],
            [
              77.0006134,
              9.859553
            ],
            [
              77.0005596,
              9.8596035
            ]
          ]
        ]
      }
    },
    {
      "type": "Feature",
      "id": 799019136,
      "properties": {
        "building": "house"
      },
      "geometry": {
        "type": "Polygon",
        "coordinates": [
          [
            [
              77.0000037,
              9.8599493
            ],
            [
              77.0001036,
              9.8599871
            ],
            [
              77.0001472,
              9.8599064
            ],
            [
              77.0000421,
              9.8598635
            ],
            [
              77.0000037,
              9.8599493
            ]
          ]
        ]
      }
    },
    {
      "type": "Feature",
      "id": 799019137,
      "properties": {
        "building": "house"
      },
      "geometry": {
        "type": "Polygon",
        "coordinates": [
          [
            [
              76.9984077,
              9.8601234
            ],
            [
              76.9984257,
              9.8601739
            ],
            [
              76.9985333,
              9.8601361
            ],
            [
              76.9985102,
              9.860078
            ],
            [
              76.9984077,
              9.8601234
            ]
          ]
        ]
      }
    },
    {
      "type": "Feature",
      "id": 799019138,
      "properties": {
        "building": "house"
      },
      "geometry": {
        "type": "Polygon",
        "coordinates": [
          [
            [
              77.0088503,
              9.8591086
            ],
            [
              77.0089137,
              9.8592157
            ],
            [
              77.0090333,
              9.8591568
            ],
            [
              77.0089789,
              9.8590408
            ],
            [
              77.0088503,
              9.8591086
            ]
          ]
        ]
      }
    },
    {
      "type": "Feature",
      "id": 799019139,
      "properties": {
        "building": "house"
      },
      "geometry": {
        "type": "Polygon",
        "coordinates": [
          [
            [
              77.0074446,
              9.8606345
            ],
            [
              77.0074682,
              9.8607433
            ],
            [
              77.0075678,
              9.8607201
            ],
            [
              77.0075443,
              9.8606202
            ],
            [
              77.0074446,
              9.8606345
            ]
          ]
        ]
      }
    },
    {
      "type": "Feature",
      "id": 799019140,
      "properties": {
        "building": "house"
      },
      "geometry": {
        "type": "Polygon",
        "coordinates": [
          [
            [
              77.0075062,
              9.8624959
            ],
            [
              77.0076222,
              9.8624923
            ],
            [
              77.0075968,
              9.8623406
            ],
            [
              77.0075135,
              9.8623567
            ],
            [
              77.0075062,
              9.8624959
            ]
          ]
        ]
      }
    },
    {
      "type": "Feature",
      "id": 799019141,
      "properties": {
        "building": "house"
      },
      "geometry": {
        "type": "Polygon",
        "coordinates": [
          [
            [
              77.0053633,
              9.8631973
            ],
            [
              77.0053814,
              9.8631973
            ],
            [
              77.0053887,
              9.8632151
            ],
            [
              77.0054466,
              9.8632062
            ],
            [
              77.0054466,
              9.8631473
            ],
            [
              77.0055046,
              9.8631384
            ],
            [
              77.0054992,
              9.8630795
            ],
            [
              77.0054412,
              9.863083
            ],
            [
              77.0054358,
              9.8630331
            ],
            [
              77.0053379,
              9.8630366
            ],
            [
              77.0053633,
              9.8631973
            ]
          ]
        ]
      }
    },
    {
      "type": "Feature",
      "id": 799019142,
      "properties": {
        "building": "house"
      },
      "geometry": {
        "type": "Polygon",
        "coordinates": [
          [
            [
              77.0042801,
              9.8645161
            ],
            [
              77.0043453,
              9.8645822
            ],
            [
              77.0044304,
              9.864509
            ],
            [
              77.0043797,
              9.8644394
            ],
            [
              77.0042801,
              9.8645161
            ]
          ]
        ]
      }
    },
    {
      "type": "Feature",
      "id": 799019143,
      "properties": {
        "building": "house"
      },
      "geometry": {
        "type": "Polygon",
        "coordinates": [
          [
            [
              77.0027603,
              9.8653995
            ],
            [
              77.0028508,
              9.865437
            ],
            [
              77.0028762,
              9.8653692
            ],
            [
              77.002849,
              9.8653603
            ],
            [
              77.0028708,
              9.8653121
            ],
            [
              77.0028037,
              9.8652871
            ],
            [
              77.0027603,
              9.8653995
            ]
          ]
        ]
      }
    },
    {
      "type": "Feature",
      "id": 799019144,
      "properties": {
        "building": "house"
      },
      "geometry": {
        "type": "Polygon",
        "coordinates": [
          [
            [
              77.002052,
              9.865528
            ],
            [
              77.0021027,
              9.8655798
            ],
            [
              77.0021824,
              9.8654941
            ],
            [
              77.0021208,
              9.8654424
            ],
            [
              77.002052,
              9.865528
            ]
          ]
        ]
      }
    },
    {
      "type": "Feature",
      "id": 799019158,
      "properties": {
        "building": "house"
      },
      "geometry": {
        "type": "Polygon",
        "coordinates": [
          [
            [
              77.019828,
              9.8441769
            ],
            [
              77.0198461,
              9.8442091
            ],
            [
              77.0198687,
              9.8441975
            ],
            [
              77.0198886,
              9.8442323
            ],
            [
              77.019924,
              9.8442144
            ],
            [
              77.0199312,
              9.8442331
            ],
            [
              77.0200009,
              9.8441778
            ],
            [
              77.0199747,
              9.8441493
            ],
            [
              77.0199874,
              9.8441296
            ],
            [
              77.0199466,
              9.8440761
            ],
            [
              77.0198289,
              9.8441243
            ],
            [
              77.019828,
              9.8441769
            ]
          ]
        ]
      }
    },
    {
      "type": "Feature",
      "id": 799019159,
      "properties": {
        "building": "house"
      },
      "geometry": {
        "type": "Polygon",
        "coordinates": [
          [
            [
              77.0186613,
              9.843673
            ],
            [
              77.0186849,
              9.8437489
            ],
            [
              77.0187827,
              9.8437176
            ],
            [
              77.0187492,
              9.843623
            ],
            [
              77.0186613,
              9.843673
            ]
          ]
        ]
      }
    },
    {
      "type": "Feature",
      "id": 799019160,
      "properties": {
        "building": "house"
      },
      "geometry": {
        "type": "Polygon",
        "coordinates": [
          [
            [
              77.0178524,
              9.8438807
            ],
            [
              77.0179073,
              9.8439355
            ],
            [
              77.0179789,
              9.8438372
            ],
            [
              77.0179694,
              9.8438329
            ],
            [
              77.0179233,
              9.8438117
            ],
            [
              77.0178524,
              9.8438807
            ]
          ]
        ]
      }
    },
    {
      "type": "Feature",
      "id": 799019161,
      "properties": {
        "building": "house"
      },
      "geometry": {
        "type": "Polygon",
        "coordinates": [
          [
            [
              77.017495,
              9.8440924
            ],
            [
              77.0175257,
              9.8441391
            ],
            [
              77.0176128,
              9.8440772
            ],
            [
              77.017568,
              9.844028
            ],
            [
              77.017495,
              9.8440924
            ]
          ]
        ]
      }
    },
    {
      "type": "Feature",
      "id": 799019162,
      "properties": {
        "building": "house"
      },
      "geometry": {
        "type": "Polygon",
        "coordinates": [
          [
            [
              77.016966,
              9.8442375
            ],
            [
              77.0169877,
              9.8442943
            ],
            [
              77.0170018,
              9.8442867
            ],
            [
              77.0170095,
              9.8443057
            ],
            [
              77.0170262,
              9.8442993
            ],
            [
              77.0170287,
              9.8443195
            ],
            [
              77.0170633,
              9.8443094
            ],
            [
              77.0170684,
              9.8443246
            ],
            [
              77.0171863,
              9.8442905
            ],
            [
              77.0171799,
              9.8442703
            ],
            [
              77.0172004,
              9.844264
            ],
            [
              77.0171722,
              9.8441757
            ],
            [
              77.016966,
              9.8442375
            ]
          ]
        ]
      }
    },
    {
      "type": "Feature",
      "id": 799019163,
      "properties": {
        "building": "house"
      },
      "geometry": {
        "type": "Polygon",
        "coordinates": [
          [
            [
              77.0168622,
              9.8452862
            ],
            [
              77.0168302,
              9.8453796
            ],
            [
              77.0168827,
              9.845396
            ],
            [
              77.0169301,
              9.8452951
            ],
            [
              77.0168622,
              9.8452862
            ]
          ]
        ]
      }
    },
    {
      "type": "Feature",
      "id": 799019164,
      "properties": {
        "building": "house"
      },
      "geometry": {
        "type": "Polygon",
        "coordinates": [
          [
            [
              77.015767,
              9.8455322
            ],
            [
              77.0157731,
              9.8455922
            ],
            [
              77.0158782,
              9.8455802
            ],
            [
              77.0158614,
              9.8455052
            ],
            [
              77.015767,
              9.8455322
            ]
          ]
        ]
      }
    },
    {
      "type": "Feature",
      "id": 799019165,
      "properties": {
        "building": "house"
      },
      "geometry": {
        "type": "Polygon",
        "coordinates": [
          [
            [
              77.0140747,
              9.8462
            ],
            [
              77.0140823,
              9.846218
            ],
            [
              77.0141021,
              9.84623
            ],
            [
              77.0141188,
              9.8462781
            ],
            [
              77.014192,
              9.846242
            ],
            [
              77.0141478,
              9.846152
            ],
            [
              77.0140747,
              9.8462
            ]
          ]
        ]
      }
    },
    {
      "type": "Feature",
      "id": 799019166,
      "properties": {
        "building": "house"
      },
      "geometry": {
        "type": "Polygon",
        "coordinates": [
          [
            [
              77.0143884,
              9.8460935
            ],
            [
              77.0144174,
              9.8461655
            ],
            [
              77.0144722,
              9.8461355
            ],
            [
              77.0144387,
              9.8460589
            ],
            [
              77.0143884,
              9.8460935
            ]
          ]
        ]
      }
    },
    {
      "type": "Feature",
      "id": 799019167,
      "properties": {
        "building": "house"
      },
      "geometry": {
        "type": "Polygon",
        "coordinates": [
          [
            [
              77.0136253,
              9.8464642
            ],
            [
              77.0136573,
              9.8465227
            ],
            [
              77.0136878,
              9.8464987
            ],
            [
              77.0136771,
              9.8464642
            ],
            [
              77.0137243,
              9.8464447
            ],
            [
              77.0136893,
              9.8463996
            ],
            [
              77.0136253,
              9.8464642
            ]
          ]
        ]
      }
    },
    {
      "type": "Feature",
      "id": 799019168,
      "properties": {
        "building": "house"
      },
      "geometry": {
        "type": "Polygon",
        "coordinates": [
          [
            [
              77.0133938,
              9.8465887
            ],
            [
              77.0134471,
              9.8466473
            ],
            [
              77.0134897,
              9.8466187
            ],
            [
              77.0134852,
              9.8465992
            ],
            [
              77.0134958,
              9.8465932
            ],
            [
              77.0135126,
              9.8466232
            ],
            [
              77.0135354,
              9.8466097
            ],
            [
              77.0135004,
              9.8465347
            ],
            [
              77.0133938,
              9.8465887
            ]
          ]
        ]
      }
    },
    {
      "type": "Feature",
      "id": 799019169,
      "properties": {
        "building": "house"
      },
      "geometry": {
        "type": "Polygon",
        "coordinates": [
          [
            [
              77.0126733,
              9.8464071
            ],
            [
              77.0127007,
              9.8464957
            ],
            [
              77.0128104,
              9.8464762
            ],
            [
              77.0127845,
              9.8464086
            ],
            [
              77.0127662,
              9.8464131
            ],
            [
              77.0127601,
              9.8463726
            ],
            [
              77.0126733,
              9.8464071
            ]
          ]
        ]
      }
    },
    {
      "type": "Feature",
      "id": 799019170,
      "properties": {
        "building": "house"
      },
      "geometry": {
        "type": "Polygon",
        "coordinates": [
          [
            [
              77.0121798,
              9.8465677
            ],
            [
              77.0122849,
              9.8465602
            ],
            [
              77.0122773,
              9.8464957
            ],
            [
              77.012262,
              9.8464957
            ],
            [
              77.012262,
              9.8464807
            ],
            [
              77.012195,
              9.8464762
            ],
            [
              77.0121798,
              9.8465677
            ]
          ]
        ]
      }
    },
    {
      "type": "Feature",
      "id": 799019171,
      "properties": {
        "building": "house"
      },
      "geometry": {
        "type": "Polygon",
        "coordinates": [
          [
            [
              77.010845,
              9.8470066
            ],
            [
              77.0108558,
              9.8471106
            ],
            [
              77.0109807,
              9.8471
            ],
            [
              77.0109678,
              9.8470066
            ],
            [
              77.010845,
              9.8470066
            ]
          ]
        ]
      }
    },
    {
      "type": "Feature",
      "id": 799019172,
      "properties": {
        "building": "house"
      },
      "geometry": {
        "type": "Polygon",
        "coordinates": [
          [
            [
              77.0104249,
              9.8471658
            ],
            [
              77.0104379,
              9.8472231
            ],
            [
              77.0104551,
              9.8472146
            ],
            [
              77.0104702,
              9.84724
            ],
            [
              77.0105154,
              9.8472188
            ],
            [
              77.0105025,
              9.8471403
            ],
            [
              77.0104249,
              9.8471658
            ]
          ]
        ]
      }
    },
    {
      "type": "Feature",
      "id": 799019173,
      "properties": {
        "building": "house"
      },
      "geometry": {
        "type": "Polygon",
        "coordinates": [
          [
            [
              77.0094168,
              9.8476242
            ],
            [
              77.0094577,
              9.8476794
            ],
            [
              77.0095374,
              9.8476157
            ],
            [
              77.0094814,
              9.847569
            ],
            [
              77.0094168,
              9.8476242
            ]
          ]
        ]
      }
    },
    {
      "type": "Feature",
      "id": 799019174,
      "properties": {
        "building": "house"
      },
      "geometry": {
        "type": "Polygon",
        "coordinates": [
          [
            [
              77.0090678,
              9.8478004
            ],
            [
              77.0091001,
              9.847864
            ],
            [
              77.0091475,
              9.8478407
            ],
            [
              77.0091238,
              9.847777
            ],
            [
              77.0090678,
              9.8478004
            ]
          ]
        ]
      }
    },
    {
      "type": "Feature",
      "id": 799019175,
      "properties": {
        "building": "house"
      },
      "geometry": {
        "type": "Polygon",
        "coordinates": [
          [
            [
              77.0099532,
              9.848106
            ],
            [
              77.0099553,
              9.8481633
            ],
            [
              77.0099855,
              9.8481527
            ],
            [
              77.0099898,
              9.8481888
            ],
            [
              77.0100092,
              9.8481845
            ],
            [
              77.0100113,
              9.84821
            ],
            [
              77.0100824,
              9.848193
            ],
            [
              77.0100695,
              9.8481803
            ],
            [
              77.0100523,
              9.8480635
            ],
            [
              77.0099532,
              9.848106
            ]
          ]
        ]
      }
    },
    {
      "type": "Feature",
      "id": 799019176,
      "properties": {
        "building": "house"
      },
      "geometry": {
        "type": "Polygon",
        "coordinates": [
          [
            [
              77.0088545,
              9.8484965
            ],
            [
              77.0089127,
              9.8485559
            ],
            [
              77.0089924,
              9.8484859
            ],
            [
              77.0089472,
              9.8484392
            ],
            [
              77.0088545,
              9.8484965
            ]
          ]
        ]
      }
    },
    {
      "type": "Feature",
      "id": 799019177,
      "properties": {
        "building": "house"
      },
      "geometry": {
        "type": "Polygon",
        "coordinates": [
          [
            [
              77.0082471,
              9.8484986
            ],
            [
              77.0082945,
              9.8485114
            ],
            [
              77.0083031,
              9.8484456
            ],
            [
              77.0082557,
              9.8484435
            ],
            [
              77.0082471,
              9.8484986
            ]
          ]
        ]
      }
    },
    {
      "type": "Feature",
      "id": 799019178,
      "properties": {
        "building": "house"
      },
      "geometry": {
        "type": "Polygon",
        "coordinates": [
          [
            [
              77.0083979,
              9.8490611
            ],
            [
              77.0084065,
              9.8491035
            ],
            [
              77.0084991,
              9.8490632
            ],
            [
              77.0084754,
              9.8490144
            ],
            [
              77.0083979,
              9.8490611
            ]
          ]
        ]
      }
    },
    {
      "type": "Feature",
      "id": 799019179,
      "properties": {
        "building": "house"
      },
      "geometry": {
        "type": "Polygon",
        "coordinates": [
          [
            [
              77.0093328,
              9.8493879
            ],
            [
              77.0094943,
              9.8494622
            ],
            [
              77.0095159,
              9.8493901
            ],
            [
              77.0093672,
              9.8493306
            ],
            [
              77.0093328,
              9.8493879
            ]
          ]
        ]
      }
    },
    {
      "type": "Feature",
      "id": 799030548,
      "properties": {
        "building": "yes"
      },
      "geometry": {
        "type": "Polygon",
        "coordinates": [
          [
            [
              77.0157147,
              9.9410553
            ],
            [
              77.0158042,
              9.9410072
            ],
            [
              77.015857,
              9.9411073
            ],
            [
              77.0157716,
              9.9411634
            ],
            [
              77.0157147,
              9.9410553
            ]
          ]
        ]
      }
    },
    {
      "type": "Feature",
      "id": 799030549,
      "properties": {
        "building": "yes"
      },
      "geometry": {
        "type": "Polygon",
        "coordinates": [
          [
            [
              77.0153854,
              9.9400902
            ],
            [
              77.0154464,
              9.9400542
            ],
            [
              77.0154627,
              9.9401142
            ],
            [
              77.0154375,
              9.9401291
            ],
            [
              77.0154017,
              9.9401503
            ],
            [
              77.0153924,
              9.9401159
            ],
            [
              77.0153854,
              9.9400902
            ]
          ]
        ]
      }
    },
    {
      "type": "Feature",
      "id": 799097285,
      "properties": {
        "building": "church"
      },
      "geometry": {
        "type": "Polygon",
        "coordinates": [
          [
            [
              76.9915731,
              9.9491732
            ],
            [
              76.9917073,
              9.9491172
            ],
            [
              76.9915446,
              9.9487728
            ],
            [
              76.9913942,
              9.9488409
            ],
            [
              76.9915731,
              9.9491732
            ]
          ]
        ]
      }
    },
    {
      "type": "Feature",
      "id": 799097286,
      "properties": {
        "building": "yes"
      },
      "geometry": {
        "type": "Polygon",
        "coordinates": [
          [
            [
              76.9919065,
              9.9494295
            ],
            [
              76.9919553,
              9.9493855
            ],
            [
              76.9918495,
              9.9492613
            ],
            [
              76.9918008,
              9.9492974
            ],
            [
              76.9918584,
              9.9493695
            ],
            [
              76.9919065,
              9.9494295
            ]
          ]
        ]
      }
    },
    {
      "type": "Feature",
      "id": 799097287,
      "properties": {
        "building": "yes"
      },
      "geometry": {
        "type": "Polygon",
        "coordinates": [
          [
            [
              76.9921951,
              9.9491572
            ],
            [
              76.9922602,
              9.9491092
            ],
            [
              76.9921829,
              9.949005
            ],
            [
              76.9921341,
              9.9490331
            ],
            [
              76.9921641,
              9.9490941
            ],
            [
              76.9921951,
              9.9491572
            ]
          ]
        ]
      }
    },
    {
      "type": "Feature",
      "id": 799097288,
      "properties": {
        "building": "church"
      },
      "geometry": {
        "type": "Polygon",
        "coordinates": [
          [
            [
              77.0146325,
              9.9365365
            ],
            [
              77.0149036,
              9.936664
            ],
            [
              77.0149745,
              9.9365486
            ],
            [
              77.014691,
              9.9364272
            ],
            [
              77.0146325,
              9.9365365
            ]
          ]
        ]
      }
    },
    {
      "type": "Feature",
      "id": 799097289,
      "properties": {
        "building": "yes"
      },
      "geometry": {
        "type": "Polygon",
        "coordinates": [
          [
            [
              77.0151809,
              9.9400417
            ],
            [
              77.0152025,
              9.9401176
            ],
            [
              77.0152302,
              9.9402177
            ],
            [
              77.0153042,
              9.9402936
            ],
            [
              77.0152179,
              9.9403452
            ],
            [
              77.0150823,
              9.9403482
            ],
            [
              77.0150546,
              9.9402723
            ],
            [
              77.0149776,
              9.9402906
            ],
            [
              77.0149437,
              9.9402056
            ],
            [
              77.0150669,
              9.9401874
            ],
            [
              77.0150977,
              9.9401267
            ],
            [
              77.015147,
              9.9401176
            ],
            [
              77.0151255,
              9.940069
            ],
            [
              77.0151809,
              9.9400417
            ]
          ]
        ]
      }
    },
    {
      "type": "Feature",
      "id": 799097290,
      "properties": {
        "building": "yes"
      },
      "geometry": {
        "type": "Polygon",
        "coordinates": [
          [
            [
              76.9895481,
              9.9440505
            ],
            [
              76.9897091,
              9.9439818
            ],
            [
              76.989693,
              9.943929
            ],
            [
              76.9895267,
              9.9439818
            ],
            [
              76.9895481,
              9.9440505
            ]
          ]
        ]
      }
    },
    {
      "type": "Feature",
      "id": 799104495,
      "properties": {
        "amenity": "place_of_worship",
        "building": "yes",
        "name": "Shiva temple , Pathinaramkandam",
        "religion": "hindu"
      },
      "geometry": {
        "type": "Polygon",
        "coordinates": [
          [
            [
              77.0155842,
              9.8906772
            ],
            [
              77.0156199,
              9.890678
            ],
            [
              77.0156964,
              9.8906839
            ],
            [
              77.015789,
              9.8906809
            ],
            [
              77.0158001,
              9.8905545
            ],
            [
              77.015796,
              9.8904806
            ],
            [
              77.0157222,
              9.8904911
            ],
            [
              77.0156582,
              9.8904932
            ],
            [
              77.0156014,
              9.8904978
            ],
            [
              77.0155663,
              9.8905057
            ],
            [
              77.015568,
              9.890554
            ],
            [
              77.0155595,
              9.8906148
            ],
            [
              77.0155842,
              9.8906772
            ]
          ]
        ]
      }
    },
    {
      "type": "Feature",
      "id": 799106246,
      "properties": {
        "addr:city": "Pathinaramkandam",
        "addr:street": "Pathinaramkandam",
        "building": "school",
        "name": "Government Higher Secondary School pathinaramkandam"
      },
      "geometry": {
        "type": "Polygon",
        "coordinates": [
          [
            [
              77.0133234,
              9.8917839
            ],
            [
              77.0134637,
              9.8918921
            ],
            [
              77.013753,
              9.8915481
            ],
            [
              77.0136313,
              9.8914473
            ],
            [
              77.0133234,
              9.8917839
            ]
          ]
        ]
      }
    },
    {
      "type": "Feature",
      "id": 799106247,
      "properties": {
        "addr:city": "Pathinaramkandam",
        "addr:street": "Pathinaramkandam",
        "building": "school",
        "name": "Government High School pathinaramkandam"
      },
      "geometry": {
        "type": "Polygon",
        "coordinates": [
          [
            [
              77.0137905,
              9.8911771
            ],
            [
              77.0139869,
              9.8914086
            ],
            [
              77.0141854,
              9.8912452
            ],
            [
              77.0139891,
              9.8910137
            ],
            [
              77.0137905,
              9.8911771
            ]
          ]
        ]
      }
    },
    {
      "type": "Feature",
      "id": 799110984,
      "properties": {
        "amenity": "bus_station",
        "building": "yes",
        "bus": "yes",
        "name": "Chelachuvadu Bus Stand",
        "public_transport": "station"
      },
      "geometry": {
        "type": "Polygon",
        "coordinates": [
          [
            [
              76.963479,
              9.918937
            ],
            [
              76.9635667,
              9.9188714
            ],
            [
              76.9636438,
              9.9187989
            ],
            [
              76.9637455,
              9.918716
            ],
            [
              76.9638647,
              9.9185951
            ],
            [
              76.9638262,
              9.9184673
            ],
            [
              76.9637315,
              9.9185364
            ],
            [
              76.9636088,
              9.9187022
            ],
            [
              76.963479,
              9.9188369
            ],
            [
              76.9634405,
              9.9188679
            ],
            [
              76.963479,
              9.918937
            ]
          ]
        ]
      }
    },
    {
      "type": "Feature",
      "id": 799110986,
      "properties": {
        "building": "church",
        "name": "St. George kappela, Chalikada"
      },
      "geometry": {
        "type": "Polygon",
        "coordinates": [
          [
            [
              76.9915646,
              9.893559
            ],
            [
              76.9915865,
              9.8935617
            ],
            [
              76.9916029,
              9.8935335
            ],
            [
              76.991585,
              9.8935311
            ],
            [
              76.9915564,
              9.8935353
            ],
            [
              76.9915646,
              9.893559
            ]
          ]
        ]
      }
    },
    {
      "type": "Feature",
      "id": 799110987,
      "properties": {
        "building": "yes",
        "name": "Milma milk Booth, Chalikada, Upputhode",
        "shop": "dairy"
      },
      "geometry": {
        "type": "Polygon",
        "coordinates": [
          [
            [
              76.9920199,
              9.8940364
            ],
            [
              76.9920562,
              9.8940154
            ],
            [
              76.9921009,
              9.8939923
            ],
            [
              76.9921244,
              9.8939608
            ],
            [
              76.992118,
              9.8939209
            ],
            [
              76.9920754,
              9.8938998
            ],
            [
              76.992022,
              9.8939146
            ],
            [
              76.9919836,
              9.8939524
            ],
            [
              76.992005,
              9.8939881
            ],
            [
              76.9920199,
              9.8940364
            ]
          ]
        ]
      }
    },
    {
      "type": "Feature",
      "id": 799299935,
      "properties": {
        "addr:city": "Thadiyampadu",
        "addr:postcode": "685602",
        "addr:street": "Idukki-Neriyamangalam road",
        "building": "yes",
        "name": "SRM Residency",
        "rooms": "35",
        "tourism": "hotel"
      },
      "geometry": {
        "type": "Polygon",
        "coordinates": [
          [
            [
              76.9686713,
              9.8852797
            ],
            [
              76.9688188,
              9.8853669
            ],
            [
              76.9689341,
              9.8851846
            ],
            [
              76.9687866,
              9.885071
            ],
            [
              76.9686713,
              9.8852797
            ]
          ]
        ]
      }
    },
    {
      "type": "Feature",
      "id": 799305372,
      "properties": {
        "addr:city": "Karimban",
        "addr:postcode": "685602",
        "addr:street": "Idukki-Neriyamangalam road",
        "building": "yes",
        "name": "Hotel Thoufeeque",
        "rooms": "10",
        "tourism": "hotel"
      },
      "geometry": {
        "type": "Polygon",
        "coordinates": [
          [
            [
              76.9720223,
              9.8928952
            ],
            [
              76.9721058,
              9.8929999
            ],
            [
              76.9721645,
              9.8929793
            ],
            [
              76.9721171,
              9.8929251
            ],
            [
              76.972193,
              9.8928747
            ],
            [
              76.972138,
              9.8928149
            ],
            [
              76.9720223,
              9.8928952
            ]
          ]
        ]
      }
    },
    {
      "type": "Feature",
      "id": 799305714,
      "properties": {
        "addr:city": "Thadiyampadu",
        "addr:postcode": "685602",
        "addr:street": "Idukki-Neriyamangalam road",
        "building": "house",
        "building:levels": "2",
        "name": "Puthenpurackal House"
      },
      "geometry": {
        "type": "Polygon",
        "coordinates": [
          [
            [
              76.9685517,
              9.8851897
            ],
            [
              76.9685787,
              9.8851419
            ],
            [
              76.9686035,
              9.8851886
            ],
            [
              76.9686024,
              9.8852086
            ],
            [
              76.9686419,
              9.8852397
            ],
            [
              76.9686295,
              9.8852719
            ],
            [
              76.9686148,
              9.8852842
            ],
            [
              76.9685562,
              9.8852353
            ],
            [
              76.9685517,
              9.8851897
            ]
          ]
        ]
      }
    },
    {
      "type": "Feature",
      "id": 799306132,
      "properties": {
        "amenity": "place_of_worship",
        "building": "yes",
        "name": "st thomas church",
        "religion": "christian"
      },
      "geometry": {
        "type": "Polygon",
        "coordinates": [
          [
            [
              76.9608931,
              9.9166796
            ],
            [
              76.9609977,
              9.9167033
            ],
            [
              76.9609279,
              9.9169649
            ],
            [
              76.960826,
              9.9169464
            ],
            [
              76.9608931,
              9.9166796
            ]
          ]
        ]
      }
    },
    {
      "type": "Feature",
      "id": 799306134,
      "properties": {
        "amenity": "place_of_worship",
        "building": "yes",
        "name": "sree narayana gurudeva temple"
      },
      "geometry": {
        "type": "Polygon",
        "coordinates": [
          [
            [
              76.9589699,
              9.9187061
            ],
            [
              76.9590531,
              9.9188223
            ],
            [
              76.9592149,
              9.9186638
            ],
            [
              76.9591201,
              9.9186004
            ],
            [
              76.9589699,
              9.9187061
            ]
          ]
        ]
      }
    },
    {
      "type": "Feature",
      "id": 799306135,
      "properties": {
        "building": "yes",
        "name": "sabs convent"
      },
      "geometry": {
        "type": "Polygon",
        "coordinates": [
          [
            [
              76.9578702,
              9.9194696
            ],
            [
              76.9579185,
              9.9195119
            ],
            [
              76.9579373,
              9.9194881
            ],
            [
              76.9579614,
              9.9195119
            ],
            [
              76.957999,
              9.9194828
            ],
            [
              76.9580365,
              9.9195198
            ],
            [
              76.9580902,
              9.9194617
            ],
            [
              76.958066,
              9.9194326
            ],
            [
              76.9581036,
              9.9193851
            ],
            [
              76.9580472,
              9.9193217
            ],
            [
              76.9578702,
              9.9194696
            ]
          ]
        ]
      }
    },
    {
      "type": "Feature",
      "id": 799306136,
      "properties": {
        "building": "yes",
        "name": "mar ephrem minor seminary"
      },
      "geometry": {
        "type": "Polygon",
        "coordinates": [
          [
            [
              76.9636879,
              9.8860383
            ],
            [
              76.9637764,
              9.8860331
            ],
            [
              76.9638059,
              9.8866461
            ],
            [
              76.9635887,
              9.8866408
            ],
            [
              76.9635806,
              9.8865193
            ],
            [
              76.9637067,
              9.8865193
            ],
            [
              76.9636879,
              9.8860383
            ]
          ]
        ]
      }
    },
    {
      "type": "Feature",
      "id": 799306261,
      "properties": {
        "addr:city": "Thadiyampadu",
        "addr:postcode": "685602",
        "addr:street": "Idukki-Neriyamangalam road",
        "building": "yes",
        "name": "Parakkattu",
        "opening_hours": "Mo-Sa 09:00-20:00",
        "shop": "supermarket"
      },
      "geometry": {
        "type": "Polygon",
        "coordinates": [
          [
            [
              76.9690366,
              9.8842576
            ],
            [
              76.969208,
              9.884081
            ],
            [
              76.9693106,
              9.8842198
            ],
            [
              76.9691494,
              9.8844042
            ],
            [
              76.9690366,
              9.8842576
            ]
          ]
        ]
      }
    },
    {
      "type": "Feature",
      "id": 799308030,
      "properties": {
        "building": "yes",
        "government": "administrative",
        "name": "Taluk Office, Idukki",
        "office": "government"
      },
      "geometry": {
        "type": "Polygon",
        "coordinates": [
          [
            [
              76.9622463,
              9.854409
            ],
            [
              76.9622956,
              9.85488
            ],
            [
              76.9624131,
              9.8548723
            ],
            [
              76.9624431,
              9.8548074
            ],
            [
              76.9624393,
              9.8547548
            ],
            [
              76.9624804,
              9.8547519
            ],
            [
              76.9624677,
              9.8543819
            ],
            [
              76.9624308,
              9.8543818
            ],
            [
              76.9624215,
              9.8543318
            ],
            [
              76.9623294,
              9.8543377
            ],
            [
              76.9623267,
              9.8543681
            ],
            [
              76.9622982,
              9.8543721
            ],
            [
              76.9622968,
              9.8544087
            ],
            [
              76.9622463,
              9.854409
            ]
          ]
        ]
      }
    },
    {
      "type": "Feature",
      "id": 799308032,
      "properties": {
        "amenity": "cinema",
        "building": "yes",
        "name": "Greenland Cinemas"
      },
      "geometry": {
        "type": "Polygon",
        "coordinates": [
          [
            [
              76.9614393,
              9.8534183
            ],
            [
              76.9615211,
              9.8534096
            ],
            [
              76.9615824,
              9.8534082
            ],
            [
              76.9615998,
              9.8536574
            ],
            [
              76.9614579,
              9.8536596
            ],
            [
              76.9614393,
              9.8534183
            ]
          ]
        ]
      }
    },
    {
      "type": "Feature",
      "id": 799308033,
      "properties": {
        "amenity": "place_of_worship",
        "building": "yes",
        "name": "muhiyideen juma masjid",
        "religion": "muslim"
      },
      "geometry": {
        "type": "Polygon",
        "coordinates": [
          [
            [
              76.9641184,
              9.8579678
            ],
            [
              76.9640728,
              9.8579969
            ],
            [
              76.9641237,
              9.8581396
            ],
            [
              76.964164,
              9.8581184
            ],
            [
              76.9641774,
              9.8581528
            ],
            [
              76.9642176,
              9.8581316
            ],
            [
              76.9642149,
              9.8580999
            ],
            [
              76.9642686,
              9.8580656
            ],
            [
              76.9642257,
              9.8579361
            ],
            [
              76.9641747,
              9.8579414
            ],
            [
              76.9641613,
              9.8579097
            ],
            [
              76.9641157,
              9.8579308
            ],
            [
              76.9641184,
              9.8579678
            ]
          ]
        ]
      }
    },
    {
      "type": "Feature",
      "id": 799308034,
      "properties": {
        "building": "yes",
        "name": "district industries centre"
      },
      "geometry": {
        "type": "Polygon",
        "coordinates": [
          [
            [
              76.9645502,
              9.8578753
            ],
            [
              76.9646226,
              9.8579572
            ],
            [
              76.9648828,
              9.8577458
            ],
            [
              76.9647943,
              9.8576639
            ],
            [
              76.9645502,
              9.8578753
            ]
          ]
        ]
      }
    },
    {
      "type": "Feature",
      "id": 799308035,
      "properties": {
        "building": "yes",
        "name": "R X Motors"
      },
      "geometry": {
        "type": "Polygon",
        "coordinates": [
          [
            [
              76.9685413,
              9.8581575
            ],
            [
              76.9687613,
              9.8582289
            ],
            [
              76.9688149,
              9.8580783
            ],
            [
              76.9686138,
              9.8580069
            ],
            [
              76.9685413,
              9.8581575
            ]
          ]
        ]
      }
    },
    {
      "type": "Feature",
      "id": 799308036,
      "properties": {
        "building": "yes",
        "name": "Planet Automobiles"
      },
      "geometry": {
        "type": "Polygon",
        "coordinates": [
          [
            [
              76.9702016,
              9.8593599
            ],
            [
              76.9702928,
              9.8593705
            ],
            [
              76.9702847,
              9.859233
            ],
            [
              76.9701882,
              9.8592198
            ],
            [
              76.9702016,
              9.8593599
            ]
          ]
        ]
      }
    },
    {
      "type": "Feature",
      "id": 799308037,
      "properties": {
        "addr:city": "Vazhathope",
        "addr:postcode": "685602",
        "addr:street": "Cheruthoni-Vanchikkavala-Vazhathope-Thadiyambadu Road",
        "amenity": "place_of_worship",
        "building": "yes",
        "denomination": "roman_catholic",
        "name": "St.George Cathedral Church Vazhathoppe",
        "religion": "christian"
      },
      "geometry": {
        "type": "Polygon",
        "coordinates": [
          [
            [
              76.9604478,
              9.8739411
            ],
            [
              76.9606136,
              9.8741216
            ],
            [
              76.9609319,
              9.8738378
            ],
            [
              76.9609185,
              9.8737559
            ],
            [
              76.9608648,
              9.8736793
            ],
            [
              76.9607683,
              9.8736555
            ],
            [
              76.9604478,
              9.8739411
            ]
          ]
        ]
      }
    },
    {
      "type": "Feature",
      "id": 799308038,
      "properties": {
        "building": "school",
        "name": "St. George High School"
      },
      "geometry": {
        "type": "Polygon",
        "coordinates": [
          [
            [
              76.962053,
              9.8732406
            ],
            [
              76.9621174,
              9.8733252
            ],
            [
              76.9624956,
              9.8730001
            ],
            [
              76.9624339,
              9.8729261
            ],
            [
              76.962053,
              9.8732406
            ]
          ]
        ]
      }
    },
    {
      "type": "Feature",
      "id": 799312759,
      "properties": {
        "building": "yes",
        "name": "St Marys Parish Hall"
      },
      "geometry": {
        "type": "Polygon",
        "coordinates": [
          [
            [
              76.9856368,
              9.8574724
            ],
            [
              76.9857137,
              9.8575871
            ],
            [
              76.985979,
              9.8574144
            ],
            [
              76.9859022,
              9.8572997
            ],
            [
              76.9856368,
              9.8574724
            ]
          ]
        ]
      }
    },
    {
      "type": "Feature",
      "id": 799312760,
      "properties": {
        "amenity": "place_of_worship",
        "building": "yes",
        "denomination": "roman_catholic",
        "name": "St. Marys Church",
        "religion": "christian"
      },
      "geometry": {
        "type": "Polygon",
        "coordinates": [
          [
            [
              76.9851683,
              9.8579117
            ],
            [
              76.9852166,
              9.8579751
            ],
            [
              76.9853883,
              9.8579487
            ],
            [
              76.985399,
              9.8578853
            ],
            [
              76.9853614,
              9.8578113
            ],
            [
              76.985281,
              9.8577796
            ],
            [
              76.9851683,
              9.8579117
            ]
          ]
        ]
      }
    },
    {
      "type": "Feature",
      "id": 799312761,
      "properties": {
        "amenity": "place_of_worship",
        "building": "yes",
        "religion": "christian"
      },
      "geometry": {
        "type": "Polygon",
        "coordinates": [
          [
            [
              77.0051941,
              9.8563124
            ],
            [
              77.0054823,
              9.8565964
            ],
            [
              77.0055932,
              9.8564653
            ],
            [
              77.0053049,
              9.8561977
            ],
            [
              77.0051941,
              9.8563124
            ]
          ]
        ]
      }
    },
    {
      "type": "Feature",
      "id": 799312762,
      "properties": {
        "amenity": "place_of_worship",
        "building": "yes",
        "name": "St George Church Pandipara",
        "religion": "christian"
      },
      "geometry": {
        "type": "Polygon",
        "coordinates": [
          [
            [
              77.0054823,
              9.8559465
            ],
            [
              77.0055377,
              9.8558701
            ],
            [
              77.005765,
              9.8560394
            ],
            [
              77.0057206,
              9.8561049
            ],
            [
              77.0054823,
              9.8559465
            ]
          ]
        ]
      }
    },
    {
      "type": "Feature",
      "id": 799317624,
      "properties": {
        "addr:city": "Thadiyampadu",
        "addr:postcode": "685602",
        "addr:street": "Idukki-Neriyamangalam road",
        "building": "house",
        "building:levels": "1",
        "name": "Kanjirathamkunnel"
      },
      "geometry": {
        "type": "Polygon",
        "coordinates": [
          [
            [
              76.9683144,
              9.8846387
            ],
            [
              76.9683304,
              9.8845256
            ],
            [
              76.9684133,
              9.8845413
            ],
            [
              76.9684133,
              9.8847015
            ],
            [
              76.96834,
              9.8847141
            ],
            [
              76.9683144,
              9.8846387
            ]
          ]
        ]
      }
    },
    {
      "type": "Feature",
      "id": 799357641,
      "properties": {
        "building": "yes",
        "name": "Block Panchayath Tourist Home"
      },
      "geometry": {
        "type": "Polygon",
        "coordinates": [
          [
            [
              77.0182818,
              9.8184471
            ],
            [
              77.0183328,
              9.8185846
            ],
            [
              77.0184481,
              9.8185476
            ],
            [
              77.0183998,
              9.8184049
            ],
            [
              77.0182818,
              9.8184471
            ]
          ]
        ]
      }
    },
    {
      "type": "Feature",
      "id": 799357642,
      "properties": {
        "amenity": "place_of_worship",
        "building": "yes",
        "name": "CSI Church Double Cutting"
      },
      "geometry": {
        "type": "Polygon",
        "coordinates": [
          [
            [
              77.0130435,
              9.8291302
            ],
            [
              77.0130703,
              9.8291963
            ],
            [
              77.0131776,
              9.8291461
            ],
            [
              77.0131507,
              9.8290879
            ],
            [
              77.0130435,
              9.8291302
            ]
          ]
        ]
      }
    },
    {
      "type": "Feature",
      "id": 799357643,
      "properties": {
        "amenity": "place_of_worship",
        "building": "yes",
        "name": "Mar Ignatius Elias Church Narakakkanam",
        "religion": "christian"
      },
      "geometry": {
        "type": "Polygon",
        "coordinates": [
          [
            [
              77.0026888,
              9.8285678
            ],
            [
              77.0027397,
              9.8286312
            ],
            [
              77.0028269,
              9.8285308
            ],
            [
              77.00278,
              9.8284661
            ],
            [
              77.0026888,
              9.8285678
            ]
          ]
        ]
      }
    },
    {
      "type": "Feature",
      "id": 799357645,
      "properties": {
        "building": "yes",
        "name": "Cochin Motors Maruthy Service Centre"
      },
      "geometry": {
        "type": "Polygon",
        "coordinates": [
          [
            [
              76.9790518,
              9.8484543
            ],
            [
              76.9791323,
              9.8485627
            ],
            [
              76.9792168,
              9.8485032
            ],
            [
              76.9791403,
              9.8483883
            ],
            [
              76.9790518,
              9.8484543
            ]
          ]
        ]
      }
    },
    {
      "type": "Feature",
      "id": 799357646,
      "properties": {
        "amenity": "place_of_worship",
        "building": "yes",
        "name": "The Pentecostal Mission Church Idukki",
        "religion": "christian"
      },
      "geometry": {
        "type": "Polygon",
        "coordinates": [
          [
            [
              76.9752216,
              9.8505814
            ],
            [
              76.975349,
              9.8507241
            ],
            [
              76.9754121,
              9.8506607
            ],
            [
              76.9752887,
              9.8505087
            ],
            [
              76.9752216,
              9.8505814
            ]
          ]
        ]
      }
    },
    {
      "type": "Feature",
      "id": 799587375,
      "properties": {
        "addr:city": "Thadiyampadu",
        "addr:postcode": "685602",
        "addr:street": "Idukki-Neriyamangalam road",
        "building": "yes"
      },
      "geometry": {
        "type": "Polygon",
        "coordinates": [
          [
            [
              76.9683061,
              9.8849898
            ],
            [
              76.9684028,
              9.884844
            ],
            [
              76.96849,
              9.8849169
            ],
            [
              76.9684578,
              9.8849617
            ],
            [
              76.9684749,
              9.8849879
            ],
            [
              76.9684085,
              9.8850832
            ],
            [
              76.9683705,
              9.8850589
            ],
            [
              76.9683535,
              9.8850907
            ],
            [
              76.9683099,
              9.8850458
            ],
            [
              76.9683288,
              9.8850159
            ],
            [
              76.9683061,
              9.8849898
            ]
          ]
        ]
      }
    },
    {
      "type": "Feature",
      "id": 799587376,
      "properties": {
        "addr:city": "Thadiyampadu",
        "addr:postcode": "685602",
        "addr:street": "Idukki-Neriyamangalam road",
        "building": "industrial",
        "name": "Kuthanappillil Holobricks"
      },
      "geometry": {
        "type": "Polygon",
        "coordinates": [
          [
            [
              76.9666276,
              9.8857185
            ],
            [
              76.966656,
              9.8857839
            ],
            [
              76.9668874,
              9.8856811
            ],
            [
              76.9666883,
              9.8856799
            ],
            [
              76.9666276,
              9.8857185
            ]
          ]
        ]
      }
    },
    {
      "type": "Feature",
      "id": 799589907,
      "properties": {
        "addr:city": "Ashoka Jn,Thadiyampadu",
        "addr:postcode": "685602",
        "addr:street": "Manjappara-Painavu Road",
        "building": "industrial",
        "name": "St. Mary's Holobricks"
      },
      "geometry": {
        "type": "Polygon",
        "coordinates": [
          [
            [
              76.9671923,
              9.8864397
            ],
            [
              76.9673056,
              9.8863942
            ],
            [
              76.9674284,
              9.8866409
            ],
            [
              76.9672944,
              9.8866927
            ],
            [
              76.9671923,
              9.8864397
            ]
          ]
        ]
      }
    },
    {
      "type": "Feature",
      "id": 799590678,
      "properties": {
        "addr:city": "Ashoka Jn,Thadiyampadu",
        "addr:postcode": "685602",
        "addr:street": "Manjappara-Painavu Road",
        "building": "industrial",
        "name": "Christ Holobricks"
      },
      "geometry": {
        "type": "Polygon",
        "coordinates": [
          [
            [
              76.967342,
              9.8862515
            ],
            [
              76.9674141,
              9.8862337
            ],
            [
              76.9674615,
              9.8864026
            ],
            [
              76.9673938,
              9.8864293
            ],
            [
              76.967342,
              9.8862515
            ]
          ]
        ]
      }
    },
    {
      "type": "Feature",
      "id": 799590679,
      "properties": {
        "building": "house"
      },
      "geometry": {
        "type": "Polygon",
        "coordinates": [
          [
            [
              76.9685757,
              9.8871803
            ],
            [
              76.9686389,
              9.8871003
            ],
            [
              76.9687291,
              9.8871758
            ],
            [
              76.9686501,
              9.8872514
            ],
            [
              76.9685757,
              9.8871803
            ]
          ]
        ]
      }
    },
    {
      "type": "Feature",
      "id": 799595982,
      "properties": {
        "addr:city": "Vazhathope",
        "addr:postcode": "685602",
        "addr:street": "Cathedral Church Road",
        "building": "school",
        "building:levels": "4",
        "name": "St George's Higher Secondary School, Vazhathope"
      },
      "geometry": {
        "type": "Polygon",
        "coordinates": [
          [
            [
              76.961961,
              9.8728477
            ],
            [
              76.9620564,
              9.8729485
            ],
            [
              76.9624068,
              9.8726268
            ],
            [
              76.9623114,
              9.8725259
            ],
            [
              76.961961,
              9.8728477
            ]
          ]
        ]
      }
    },
    {
      "type": "Feature",
      "id": 799596377,
      "properties": {
        "addr:city": "Vazhathope",
        "addr:postcode": "685602",
        "addr:street": "Cathedral Church Road",
        "building": "school",
        "name": "St. George's English medium school"
      },
      "geometry": {
        "type": "Polygon",
        "coordinates": [
          [
            [
              76.9613969,
              9.8729815
            ],
            [
              76.961472,
              9.8731136
            ],
            [
              76.9615632,
              9.873066
            ],
            [
              76.9615444,
              9.8730237
            ],
            [
              76.9616008,
              9.8729867
            ],
            [
              76.961641,
              9.8730264
            ],
            [
              76.9617241,
              9.8729894
            ],
            [
              76.9616437,
              9.8728546
            ],
            [
              76.9613969,
              9.8729815
            ]
          ]
        ]
      }
    },
    {
      "type": "Feature",
      "id": 799601302,
      "properties": {
        "addr:city": "mariapuram",
        "addr:postcode": "685602",
        "addr:street": "Mariapuram Church road",
        "building": "yes",
        "name": "Parakkattu Godown",
        "shop": "supermarket"
      },
      "geometry": {
        "type": "Polygon",
        "coordinates": [
          [
            [
              76.9840099,
              9.8569845
            ],
            [
              76.9839772,
              9.85685
            ],
            [
              76.9839851,
              9.8567934
            ],
            [
              76.9837494,
              9.8567978
            ],
            [
              76.9837291,
              9.8568334
            ],
            [
              76.9837675,
              9.8569567
            ],
            [
              76.9838205,
              9.8569689
            ],
            [
              76.9838295,
              9.8570123
            ],
            [
              76.9838464,
              9.8570234
            ],
            [
              76.9838475,
              9.8570489
            ],
            [
              76.9840212,
              9.8570178
            ],
            [
              76.9840099,
              9.8569845
            ]
          ]
        ]
      }
    },
    {
      "type": "Feature",
      "id": 799602718,
      "properties": {
        "building": "school"
      },
      "geometry": {
        "type": "Polygon",
        "coordinates": [
          [
            [
              76.987151,
              9.8575334
            ],
            [
              76.9872113,
              9.8575923
            ],
            [
              76.9875669,
              9.8572388
            ],
            [
              76.9875065,
              9.8571799
            ],
            [
              76.987151,
              9.8575334
            ]
          ]
        ]
      }
    },
    {
      "type": "Feature",
      "id": 799602719,
      "properties": {
        "building": "school",
        "name": "old block"
      },
      "geometry": {
        "type": "Polygon",
        "coordinates": [
          [
            [
              76.986879,
              9.8576288
            ],
            [
              76.9870663,
              9.8574207
            ],
            [
              76.9871405,
              9.8574856
            ],
            [
              76.9869532,
              9.8576937
            ],
            [
              76.986879,
              9.8576288
            ]
          ]
        ]
      }
    },
    {
      "type": "Feature",
      "id": 799602720,
      "properties": {
        "building": "school",
        "name": "old block"
      },
      "geometry": {
        "type": "Polygon",
        "coordinates": [
          [
            [
              76.9872781,
              9.8569299
            ],
            [
              76.9873437,
              9.8568578
            ],
            [
              76.9876221,
              9.857104
            ],
            [
              76.9875564,
              9.8571761
            ],
            [
              76.9872781,
              9.8569299
            ]
          ]
        ]
      }
    },
    {
      "type": "Feature",
      "id": 799605615,
      "properties": {
        "addr:city": "Thadiyampadu",
        "addr:postcode": "685602",
        "addr:street": "Mariapuram Thadiyampadu road",
        "building": "church",
        "building:levels": "1",
        "name": "fathima Matha Church , Aadukuzhi"
      },
      "geometry": {
        "type": "Polygon",
        "coordinates": [
          [
            [
              76.9699993,
              9.8779192
            ],
            [
              76.9700154,
              9.8778952
            ],
            [
              76.9700489,
              9.8778451
            ],
            [
              76.9700856,
              9.8777903
            ],
            [
              76.9701215,
              9.8777368
            ],
            [
              76.9701534,
              9.8776891
            ],
            [
              76.9701757,
              9.8776558
            ],
            [
              76.9702073,
              9.8776747
            ],
            [
              76.97025,
              9.8777001
            ],
            [
              76.9703009,
              9.8777305
            ],
            [
              76.970291,
              9.8777458
            ],
            [
              76.9702615,
              9.8777916
            ],
            [
              76.9702319,
              9.8778375
            ],
            [
              76.9702012,
              9.8778852
            ],
            [
              76.9701643,
              9.8779423
            ],
            [
              76.9701392,
              9.8779813
            ],
            [
              76.9701226,
              9.878007
            ],
            [
              76.9700875,
              9.877982
            ],
            [
              76.9700424,
              9.8779499
            ],
            [
              76.9699993,
              9.8779192
            ]
          ]
        ]
      }
    },
    {
      "type": "Feature",
      "id": 799605955,
      "properties": {
        "addr:city": "Thadiyampadu",
        "addr:postcode": "685602",
        "addr:street": "Mariapuram Thadiyampadu road",
        "building": "church",
        "name": "Parish hall"
      },
      "geometry": {
        "type": "Polygon",
        "coordinates": [
          [
            [
              76.9704588,
              9.8784395
            ],
            [
              76.9705233,
              9.8784993
            ],
            [
              76.9706902,
              9.8782676
            ],
            [
              76.9706257,
              9.8782339
            ],
            [
              76.9704588,
              9.8784395
            ]
          ]
        ]
      }
    },
    {
      "type": "Feature",
      "id": 799608353,
      "properties": {
        "addr:city": "Mangalam Kavala",
        "addr:postcode": "685602",
        "addr:street": "Vazhathope-Mangalam kavala-Pakittan-Maniyarankudi road",
        "building": "house"
      },
      "geometry": {
        "type": "Polygon",
        "coordinates": [
          [
            [
              76.9549205,
              9.8748112
            ],
            [
              76.9548918,
              9.8747169
            ],
            [
              76.9549971,
              9.874698
            ],
            [
              76.9550099,
              9.8747357
            ],
            [
              76.9550417,
              9.8747326
            ],
            [
              76.9550481,
              9.8747766
            ],
            [
              76.9549205,
              9.8748112
            ]
          ]
        ]
      }
    },
    {
      "type": "Feature",
      "id": 799617122,
      "properties": {
        "building": "yes",
        "name": "Geci Mens Hostel (SH)",
        "tourism": "hostel"
      },
      "geometry": {
        "type": "Polygon",
        "coordinates": [
          [
            [
              76.9425053,
              9.8564306
            ],
            [
              76.9426748,
              9.8564059
            ],
            [
              76.9427439,
              9.8561213
            ],
            [
              76.942455,
              9.8561027
            ],
            [
              76.9424927,
              9.8562512
            ],
            [
              76.9425053,
              9.8564306
            ]
          ]
        ]
      }
    },
    {
      "type": "Feature",
      "id": 799617123,
      "properties": {
        "building": "bungalow",
        "name": "Idukki Collector Camp House"
      },
      "geometry": {
        "type": "Polygon",
        "coordinates": [
          [
            [
              76.944031,
              9.8569193
            ],
            [
              76.9442759,
              9.8565234
            ],
            [
              76.9444768,
              9.8566224
            ],
            [
              76.9442445,
              9.857043
            ],
            [
              76.944031,
              9.8569193
            ]
          ]
        ]
      }
    },
    {
      "type": "Feature",
      "id": 799617124,
      "properties": {
        "building": "yes",
        "name": "Idukki Police",
        "tourism": "guest_house"
      },
      "geometry": {
        "type": "Polygon",
        "coordinates": [
          [
            [
              76.9443889,
              9.8563687
            ],
            [
              76.9446401,
              9.8565729
            ],
            [
              76.9448033,
              9.8563935
            ],
            [
              76.9445145,
              9.8561646
            ],
            [
              76.9443889,
              9.8563687
            ]
          ]
        ]
      }
    },
    {
      "type": "Feature",
      "id": 799617125,
      "properties": {
        "building": "yes",
        "name": "Government Engineering College Idukki -  Men's Hostel -3",
        "operator": "Government",
        "tourism": "hostel"
      },
      "geometry": {
        "type": "Polygon",
        "coordinates": [
          [
            [
              76.9450153,
              9.8562465
            ],
            [
              76.9450317,
              9.8561571
            ],
            [
              76.9452486,
              9.8561958
            ],
            [
              76.9452322,
              9.8562852
            ],
            [
              76.9450153,
              9.8562465
            ]
          ]
        ]
      }
    },
    {
      "type": "Feature",
      "id": 799617126,
      "properties": {
        "building": "yes",
        "name": "Government Engineering College Idukki Men's Hostel",
        "tourism": "hostel"
      },
      "geometry": {
        "type": "Polygon",
        "coordinates": [
          [
            [
              76.9458707,
              9.8565543
            ],
            [
              76.9459147,
              9.8563811
            ],
            [
              76.9460842,
              9.8564059
            ],
            [
              76.9460403,
              9.8566038
            ],
            [
              76.9458707,
              9.8565543
            ]
          ]
        ]
      }
    },
    {
      "type": "Feature",
      "id": 799617127,
      "properties": {
        "building": "yes",
        "layer": "1",
        "name": "Idukki Medical College Staff Hostel",
        "tourism": "hostel"
      },
      "geometry": {
        "type": "Polygon",
        "coordinates": [
          [
            [
              76.9469739,
              9.8566407
            ],
            [
              76.9472543,
              9.8562955
            ],
            [
              76.9475394,
              9.8565262
            ],
            [
              76.9472951,
              9.8568686
            ],
            [
              76.9469739,
              9.8566407
            ]
          ]
        ]
      }
    },
    {
      "type": "Feature",
      "id": 799617131,
      "properties": {
        "building": "yes",
        "name": "M H 2 Geci Mens Hostel",
        "tourism": "hostel"
      },
      "geometry": {
        "type": "Polygon",
        "coordinates": [
          [
            [
              76.9473714,
              9.859134
            ],
            [
              76.9475284,
              9.8592082
            ],
            [
              76.9476665,
              9.8589113
            ],
            [
              76.9475346,
              9.8588247
            ],
            [
              76.9473965,
              9.859035
            ],
            [
              76.9473714,
              9.859134
            ]
          ]
        ]
      }
    },
    {
      "type": "Feature",
      "id": 801537696,
      "properties": {
        "building": "school",
        "name": "Saint George Public School Vazhathoppe"
      },
      "geometry": {
        "type": "Polygon",
        "coordinates": [
          [
            [
              76.961599,
              9.8735092
            ],
            [
              76.96184,
              9.8733956
            ],
            [
              76.9617883,
              9.8732892
            ],
            [
              76.9615473,
              9.8734027
            ],
            [
              76.961599,
              9.8735092
            ]
          ]
        ]
      }
    },
    {
      "type": "Feature",
      "id": 801538984,
      "properties": {
        "building": "yes",
        "name": "ParishHall"
      },
      "geometry": {
        "type": "Polygon",
        "coordinates": [
          [
            [
              76.9607413,
              9.8734772
            ],
            [
              76.9608276,
              9.8735774
            ],
            [
              76.9610864,
              9.8733589
            ],
            [
              76.9610032,
              9.8732799
            ],
            [
              76.9607413,
              9.8734772
            ]
          ]
        ]
      }
    },
    {
      "type": "Feature",
      "id": 801548296,
      "properties": {
        "building": "yes",
        "layer": "-1"
      },
      "geometry": {
        "type": "Polygon",
        "coordinates": [
          [
            [
              76.959944,
              9.8746654
            ],
            [
              76.9600183,
              9.874735
            ],
            [
              76.9601244,
              9.8746863
            ],
            [
              76.9600324,
              9.8745713
            ],
            [
              76.959944,
              9.8746654
            ]
          ]
        ]
      }
    },
    {
      "type": "Feature",
      "id": 801548676,
      "properties": {
        "addr:city": "Vazhathope, Pallithazham",
        "addr:housenumber": "Vazhathope AWC",
        "addr:postcode": "685602",
        "addr:street": "Vazhathope-Thadiyambadu Road",
        "building": "kindergarten",
        "name": "Vazhathope Anganwadi centre"
      },
      "geometry": {
        "type": "Polygon",
        "coordinates": [
          [
            [
              76.9601259,
              9.8747264
            ],
            [
              76.9601666,
              9.87481
            ],
            [
              76.9602002,
              9.8748048
            ],
            [
              76.9602108,
              9.8747577
            ],
            [
              76.960232,
              9.8747264
            ],
            [
              76.9601984,
              9.874695
            ],
            [
              76.9601365,
              9.8747072
            ],
            [
              76.9601259,
              9.8747264
            ]
          ]
        ]
      }
    },
    {
      "type": "Feature",
      "id": 801552038,
      "properties": {
        "building": "yes",
        "name": "mill"
      },
      "geometry": {
        "type": "Polygon",
        "coordinates": [
          [
            [
              76.9596438,
              9.8752648
            ],
            [
              76.9596717,
              9.8753372
            ],
            [
              76.9596942,
              9.8753525
            ],
            [
              76.95973,
              9.8753285
            ],
            [
              76.9597207,
              9.8752861
            ],
            [
              76.959713,
              9.8752731
            ],
            [
              76.9596992,
              9.8752497
            ],
            [
              76.9596438,
              9.8752648
            ]
          ]
        ]
      }
    },
    {
      "type": "Feature",
      "id": 801552910,
      "properties": {
        "building": "retail",
        "name": "ration shop"
      },
      "geometry": {
        "type": "Polygon",
        "coordinates": [
          [
            [
              76.958857,
              9.8751048
            ],
            [
              76.9588691,
              9.875122
            ],
            [
              76.9588905,
              9.8751286
            ],
            [
              76.9589066,
              9.8751167
            ],
            [
              76.958912,
              9.8751022
            ],
            [
              76.9589053,
              9.8750824
            ],
            [
              76.9588919,
              9.8750771
            ],
            [
              76.958857,
              9.8751048
            ]
          ]
        ]
      }
    },
    {
      "type": "Feature",
      "id": 801553275,
      "properties": {
        "amenity": "place_of_worship",
        "building": "yes",
        "name": "SABS convent"
      },
      "geometry": {
        "type": "Polygon",
        "coordinates": [
          [
            [
              76.9623022,
              9.8759964
            ],
            [
              76.9624143,
              9.8759918
            ],
            [
              76.962461,
              9.8758905
            ],
            [
              76.9624563,
              9.8757939
            ],
            [
              76.9624797,
              9.8756697
            ],
            [
              76.9623956,
              9.8756697
            ],
            [
              76.9623676,
              9.8757525
            ],
            [
              76.9623536,
              9.8758445
            ],
            [
              76.9623442,
              9.8758951
            ],
            [
              76.9623022,
              9.8759964
            ]
          ]
        ]
      }
    },
    {
      "type": "Feature",
      "id": 801558884,
      "properties": {
        "building": "yes"
      },
      "geometry": {
        "type": "Polygon",
        "coordinates": [
          [
            [
              76.9565847,
              9.8777726
            ],
            [
              76.9567032,
              9.877682
            ],
            [
              76.9566223,
              9.8775792
            ],
            [
              76.9565038,
              9.8776698
            ],
            [
              76.9565847,
              9.8777726
            ]
          ]
        ]
      }
    },
    {
      "type": "Feature",
      "id": 801626102,
      "properties": {
        "building": "school",
        "name": "building 3"
      },
      "geometry": {
        "type": "Polygon",
        "coordinates": [
          [
            [
              76.9455111,
              9.8901512
            ],
            [
              76.9456268,
              9.8904118
            ],
            [
              76.9457251,
              9.8903695
            ],
            [
              76.9456094,
              9.8901088
            ],
            [
              76.9455111,
              9.8901512
            ]
          ]
        ]
      }
    },
    {
      "type": "Feature",
      "id": 801626377,
      "properties": {
        "building": "school",
        "name": "building 2"
      },
      "geometry": {
        "type": "Polygon",
        "coordinates": [
          [
            [
              76.9452721,
              9.8903302
            ],
            [
              76.9453873,
              9.8905079
            ],
            [
              76.9454418,
              9.8904736
            ],
            [
              76.9453301,
              9.8902884
            ],
            [
              76.9452721,
              9.8903302
            ]
          ]
        ]
      }
    },
    {
      "type": "Feature",
      "id": 801626463,
      "properties": {
        "building": "school",
        "name": "building 1"
      },
      "geometry": {
        "type": "Polygon",
        "coordinates": [
          [
            [
              76.9451654,
              9.8904928
            ],
            [
              76.9452409,
              9.890442
            ],
            [
              76.945373,
              9.8906326
            ],
            [
              76.9452975,
              9.8906834
            ],
            [
              76.9451654,
              9.8904928
            ]
          ]
        ]
      }
    },
    {
      "type": "Feature",
      "id": 801628586,
      "properties": {
        "amenity": "place_of_worship",
        "building": "yes",
        "name": "Mosque",
        "religion": "muslim"
      },
      "geometry": {
        "type": "Polygon",
        "coordinates": [
          [
            [
              76.9403081,
              9.8918023
            ],
            [
              76.9402423,
              9.8916411
            ],
            [
              76.9401339,
              9.8916704
            ],
            [
              76.940204,
              9.8918441
            ],
            [
              76.9403081,
              9.8918023
            ]
          ]
        ]
      }
    },
    {
      "type": "Feature",
      "id": 801640952,
      "properties": {
        "amenity": "place_of_worship",
        "building": "yes",
        "denomination": "roman_catholic",
        "name": "St Joseph Church Mulakuvally",
        "religion": "christian"
      },
      "geometry": {
        "type": "Polygon",
        "coordinates": [
          [
            [
              76.947472,
              9.9062202
            ],
            [
              76.9474772,
              9.9061411
            ],
            [
              76.9474794,
              9.9061072
            ],
            [
              76.9477902,
              9.9060963
            ],
            [
              76.9477828,
              9.906191
            ],
            [
              76.9474757,
              9.9062712
            ],
            [
              76.947472,
              9.9062202
            ]
          ]
        ]
      }
    },
    {
      "type": "Feature",
      "id": 801660480,
      "properties": {
        "building": "yes"
      },
      "geometry": {
        "type": "Polygon",
        "coordinates": [
          [
            [
              76.9624251,
              9.8791921
            ],
            [
              76.9624278,
              9.8790713
            ],
            [
              76.9622933,
              9.8790684
            ],
            [
              76.9622906,
              9.8791893
            ],
            [
              76.9624251,
              9.8791921
            ]
          ]
        ]
      }
    },
    {
      "type": "Feature",
      "id": 801827119,
      "properties": {
        "building": "retail",
        "name": "ration shop"
      },
      "geometry": {
        "type": "Polygon",
        "coordinates": [
          [
            [
              76.9465759,
              9.8895807
            ],
            [
              76.9465759,
              9.8894473
            ],
            [
              76.946674,
              9.8894473
            ],
            [
              76.946688,
              9.8894887
            ],
            [
              76.9468047,
              9.8894841
            ],
            [
              76.9468094,
              9.8895577
            ],
            [
              76.9466646,
              9.8895853
            ],
            [
              76.9466226,
              9.8895761
            ],
            [
              76.9465759,
              9.8895807
            ]
          ]
        ]
      }
    },
    {
      "type": "Feature",
      "id": 802122446,
      "properties": {
        "building": "yes"
      },
      "geometry": {
        "type": "Polygon",
        "coordinates": [
          [
            [
              76.9804847,
              9.8503175
            ],
            [
              76.9805759,
              9.8502118
            ],
            [
              76.9806456,
              9.8502884
            ],
            [
              76.9805544,
              9.8503915
            ],
            [
              76.9804847,
              9.8503175
            ]
          ]
        ]
      }
    },
    {
      "type": "Feature",
      "id": 802122447,
      "properties": {
        "building": "yes",
        "name": "Goshen, Idukki"
      },
      "geometry": {
        "type": "Polygon",
        "coordinates": [
          [
            [
              76.9817695,
              9.8475902
            ],
            [
              76.9819063,
              9.8474581
            ],
            [
              76.9820082,
              9.8475929
            ],
            [
              76.9818902,
              9.8477329
            ],
            [
              76.9817695,
              9.8475902
            ]
          ]
        ]
      }
    },
    {
      "type": "Feature",
      "id": 802122448,
      "properties": {
        "amenity": "bank",
        "brand": "South Indian Bank",
        "brand:wikidata": "Q2044973",
        "brand:wikipedia": "en:South Indian Bank",
        "building": "yes",
        "name": "South Indian Bank"
      },
      "geometry": {
        "type": "Polygon",
        "coordinates": [
          [
            [
              76.9821208,
              9.8475638
            ],
            [
              76.9820779,
              9.8473841
            ],
            [
              76.9822979,
              9.8473497
            ],
            [
              76.9823032,
              9.8474634
            ],
            [
              76.9821208,
              9.8475638
            ]
          ]
        ]
      }
    },
    {
      "type": "Feature",
      "id": 802122449,
      "properties": {
        "amenity": "place_of_worship",
        "building": "yes",
        "name": "St George's Church, Idukki",
        "religion": "christian"
      },
      "geometry": {
        "type": "Polygon",
        "coordinates": [
          [
            [
              76.9822603,
              9.8477382
            ],
            [
              76.9822818,
              9.8476325
            ],
            [
              76.9823569,
              9.8476034
            ],
            [
              76.9825098,
              9.8477541
            ],
            [
              76.9824588,
              9.8478334
            ],
            [
              76.9822603,
              9.8477382
            ]
          ]
        ]
      }
    },
    {
      "type": "Feature",
      "id": 802122451,
      "properties": {
        "building": "yes"
      },
      "geometry": {
        "type": "Polygon",
        "coordinates": [
          [
            [
              76.9842425,
              9.8462847
            ],
            [
              76.9843632,
              9.8462107
            ],
            [
              76.9844141,
              9.8461658
            ],
            [
              76.9844114,
              9.846105
            ],
            [
              76.984213,
              9.846179
            ],
            [
              76.9842425,
              9.8462847
            ]
          ]
        ]
      }
    },
    {
      "type": "Feature",
      "id": 802122452,
      "properties": {
        "building": "yes"
      },
      "geometry": {
        "type": "Polygon",
        "coordinates": [
          [
            [
              76.986989,
              9.8443265
            ],
            [
              76.9870937,
              9.8444216
            ],
            [
              76.9871714,
              9.8443239
            ],
            [
              76.987091,
              9.8442472
            ],
            [
              76.986989,
              9.8443265
            ]
          ]
        ]
      }
    },
    {
      "type": "Feature",
      "id": 802122453,
      "properties": {
        "building": "yes"
      },
      "geometry": {
        "type": "Polygon",
        "coordinates": [
          [
            [
              76.987952,
              9.8429496
            ],
            [
              76.9880271,
              9.8429919
            ],
            [
              76.9881022,
              9.8428307
            ],
            [
              76.9879761,
              9.8427779
            ],
            [
              76.987952,
              9.8429496
            ]
          ]
        ]
      }
    },
    {
      "type": "Feature",
      "id": 802122454,
      "properties": {
        "building": "yes"
      },
      "geometry": {
        "type": "Polygon",
        "coordinates": [
          [
            [
              76.9898107,
              9.8396119
            ],
            [
              76.9899019,
              9.8394824
            ],
            [
              76.9899743,
              9.8395616
            ],
            [
              76.9899368,
              9.8396806
            ],
            [
              76.9898107,
              9.8396119
            ]
          ]
        ]
      }
    },
    {
      "type": "Feature",
      "id": 802122455,
      "properties": {
        "building": "yes"
      },
      "geometry": {
        "type": "Polygon",
        "coordinates": [
          [
            [
              76.988298,
              9.8382561
            ],
            [
              76.9882336,
              9.8381451
            ],
            [
              76.9883816,
              9.8380821
            ],
            [
              76.9884079,
              9.8382191
            ],
            [
              76.988298,
              9.8382561
            ]
          ]
        ]
      }
    },
    {
      "type": "Feature",
      "id": 802481390,
      "properties": {
        "building": "yes"
      },
      "geometry": {
        "type": "Polygon",
        "coordinates": [
          [
            [
              76.979524,
              9.8501343
            ],
            [
              76.9796428,
              9.8501035
            ],
            [
              76.9797028,
              9.850215
            ],
            [
              76.9794984,
              9.850337
            ],
            [
              76.9794734,
              9.8502698
            ],
            [
              76.9795571,
              9.8502119
            ],
            [
              76.979524,
              9.8501343
            ]
          ]
        ]
      }
    },
    {
      "type": "Feature",
      "id": 802481392,
      "properties": {
        "building": "yes"
      },
      "geometry": {
        "type": "Polygon",
        "coordinates": [
          [
            [
              76.9779912,
              9.8468308
            ],
            [
              76.978065,
              9.8468944
            ],
            [
              76.9781187,
              9.8468052
            ],
            [
              76.9780575,
              9.8467532
            ],
            [
              76.9779912,
              9.8468308
            ]
          ]
        ]
      }
    },
    {
      "type": "Feature",
      "id": 802481393,
      "properties": {
        "building": "yes"
      },
      "geometry": {
        "type": "Polygon",
        "coordinates": [
          [
            [
              76.9779418,
              9.8467895
            ],
            [
              76.9779912,
              9.8468308
            ],
            [
              76.9780575,
              9.8467532
            ],
            [
              76.9779954,
              9.8467127
            ],
            [
              76.9779418,
              9.8467895
            ]
          ]
        ]
      }
    },
    {
      "type": "Feature",
      "id": 802481394,
      "properties": {
        "building": "yes"
      },
      "geometry": {
        "type": "Polygon",
        "coordinates": [
          [
            [
              76.9800705,
              9.8502882
            ],
            [
              76.9800974,
              9.8503492
            ],
            [
              76.9802112,
              9.8502722
            ],
            [
              76.9801524,
              9.8502217
            ],
            [
              76.9800705,
              9.8502882
            ]
          ]
        ]
      }
    },
    {
      "type": "Feature",
      "id": 802481395,
      "properties": {
        "building": "yes"
      },
      "geometry": {
        "type": "Polygon",
        "coordinates": [
          [
            [
              76.9793752,
              9.8509056
            ],
            [
              76.9794965,
              9.8508453
            ],
            [
              76.9794552,
              9.8507633
            ],
            [
              76.9793327,
              9.8508022
            ],
            [
              76.9793752,
              9.8509056
            ]
          ]
        ]
      }
    },
    {
      "type": "Feature",
      "id": 802481396,
      "properties": {
        "building": "yes"
      },
      "geometry": {
        "type": "Polygon",
        "coordinates": [
          [
            [
              76.9778034,
              9.8468663
            ],
            [
              76.9778823,
              9.846939
            ],
            [
              76.9779099,
              9.8468688
            ],
            [
              76.9778487,
              9.8467945
            ],
            [
              76.9778034,
              9.8468663
            ]
          ]
        ]
      }
    },
    {
      "type": "Feature",
      "id": 802481397,
      "properties": {
        "building": "yes"
      },
      "geometry": {
        "type": "Polygon",
        "coordinates": [
          [
            [
              76.9794621,
              9.8501076
            ],
            [
              76.9795721,
              9.8500466
            ],
            [
              76.9795096,
              9.8499721
            ],
            [
              76.9794815,
              9.8499374
            ],
            [
              76.9793877,
              9.8499843
            ],
            [
              76.9794184,
              9.8500452
            ],
            [
              76.9794621,
              9.8501076
            ]
          ]
        ]
      }
    },
    {
      "type": "Feature",
      "id": 802481398,
      "properties": {
        "building": "yes"
      },
      "geometry": {
        "type": "Polygon",
        "coordinates": [
          [
            [
              76.9787598,
              9.8514345
            ],
            [
              76.9788429,
              9.8514235
            ],
            [
              76.9788367,
              9.851323
            ],
            [
              76.9787492,
              9.8513471
            ],
            [
              76.9787598,
              9.8514345
            ]
          ]
        ]
      }
    },
    {
      "type": "Feature",
      "id": 802481399,
      "properties": {
        "building": "yes"
      },
      "geometry": {
        "type": "Polygon",
        "coordinates": [
          [
            [
              76.9779031,
              9.8474863
            ],
            [
              76.9780699,
              9.8476424
            ],
            [
              76.9781152,
              9.8475508
            ],
            [
              76.9779509,
              9.8474566
            ],
            [
              76.9779031,
              9.8474863
            ]
          ]
        ]
      }
    },
    {
      "type": "Feature",
      "id": 802481401,
      "properties": {
        "building": "yes"
      },
      "geometry": {
        "type": "Polygon",
        "coordinates": [
          [
            [
              76.9803649,
              9.8500734
            ],
            [
              76.9804306,
              9.850159
            ],
            [
              76.9805112,
              9.8500426
            ],
            [
              76.9804681,
              9.8499964
            ],
            [
              76.9803649,
              9.8500734
            ]
          ]
        ]
      }
    },
    {
      "type": "Feature",
      "id": 802481402,
      "properties": {
        "building": "yes"
      },
      "geometry": {
        "type": "Polygon",
        "coordinates": [
          [
            [
              76.9789509,
              9.8510854
            ],
            [
              76.9791103,
              9.8510639
            ],
            [
              76.9790809,
              9.850924
            ],
            [
              76.978914,
              9.8509351
            ],
            [
              76.9789509,
              9.8510854
            ]
          ]
        ]
      }
    },
    {
      "type": "Feature",
      "id": 802481404,
      "properties": {
        "building": "yes"
      },
      "geometry": {
        "type": "Polygon",
        "coordinates": [
          [
            [
              76.9777666,
              9.847001
            ],
            [
              76.9778261,
              9.8470588
            ],
            [
              76.9778823,
              9.846939
            ],
            [
              76.9778034,
              9.8468663
            ],
            [
              76.9777666,
              9.847001
            ]
          ]
        ]
      }
    },
    {
      "type": "Feature",
      "id": 802481405,
      "properties": {
        "building": "yes"
      },
      "geometry": {
        "type": "Polygon",
        "coordinates": [
          [
            [
              76.9788767,
              9.8515079
            ],
            [
              76.9789473,
              9.8514913
            ],
            [
              76.9789367,
              9.8514247
            ],
            [
              76.9788429,
              9.8514235
            ],
            [
              76.9788286,
              9.8514771
            ],
            [
              76.9788767,
              9.8515079
            ]
          ]
        ]
      }
    },
    {
      "type": "Feature",
      "id": 802481406,
      "properties": {
        "building": "house"
      },
      "geometry": {
        "type": "Polygon",
        "coordinates": [
          [
            [
              76.9799974,
              9.8501999
            ],
            [
              76.9800287,
              9.8502905
            ],
            [
              76.9800812,
              9.8502092
            ],
            [
              76.9800531,
              9.8501562
            ],
            [
              76.9799974,
              9.8501999
            ]
          ]
        ]
      }
    },
    {
      "type": "Feature",
      "id": 802481407,
      "properties": {
        "building": "yes"
      },
      "geometry": {
        "type": "Polygon",
        "coordinates": [
          [
            [
              76.9781287,
              9.8470167
            ],
            [
              76.9781939,
              9.8469794
            ],
            [
              76.9781814,
              9.8469034
            ],
            [
              76.9781161,
              9.8469233
            ],
            [
              76.9781287,
              9.8470167
            ]
          ]
        ]
      }
    },
    {
      "type": "Feature",
      "id": 802481408,
      "properties": {
        "building": "yes"
      },
      "geometry": {
        "type": "Polygon",
        "coordinates": [
          [
            [
              76.9795514,
              9.8508268
            ],
            [
              76.9796746,
              9.8507843
            ],
            [
              76.9796033,
              9.8506704
            ],
            [
              76.9795064,
              9.8507357
            ],
            [
              76.9795514,
              9.8508268
            ]
          ]
        ]
      }
    },
    {
      "type": "Feature",
      "id": 802481409,
      "properties": {
        "building": "house"
      },
      "geometry": {
        "type": "Polygon",
        "coordinates": [
          [
            [
              76.9779678,
              9.8470257
            ],
            [
              76.9780499,
              9.846963
            ],
            [
              76.9779904,
              9.8468977
            ],
            [
              76.9779678,
              9.8470257
            ]
          ]
        ]
      }
    },
    {
      "type": "Feature",
      "id": 802481410,
      "properties": {
        "building": "yes"
      },
      "geometry": {
        "type": "Polygon",
        "coordinates": [
          [
            [
              76.979757,
              9.8500654
            ],
            [
              76.9798045,
              9.8500518
            ],
            [
              76.9797401,
              9.8499496
            ],
            [
              76.9796389,
              9.8499545
            ],
            [
              76.9796808,
              9.8500007
            ],
            [
              76.979757,
              9.8500654
            ]
          ]
        ]
      }
    },
    {
      "type": "Feature",
      "id": 802481411,
      "properties": {
        "building": "yes"
      },
      "geometry": {
        "type": "Polygon",
        "coordinates": [
          [
            [
              76.979099,
              9.8513986
            ],
            [
              76.9791949,
              9.8513869
            ],
            [
              76.9791946,
              9.8512853
            ],
            [
              76.9790727,
              9.8513087
            ],
            [
              76.979099,
              9.8513986
            ]
          ]
        ]
      }
    },
    {
      "type": "Feature",
      "id": 802481412,
      "properties": {
        "building": "yes"
      },
      "geometry": {
        "type": "Polygon",
        "coordinates": [
          [
            [
              76.9781187,
              9.8468052
            ],
            [
              76.9781975,
              9.8469126
            ],
            [
              76.978236,
              9.8468176
            ],
            [
              76.9781857,
              9.8467713
            ],
            [
              76.9781187,
              9.8468052
            ]
          ]
        ]
      }
    },
    {
      "type": "Feature",
      "id": 802481413,
      "properties": {
        "building": "yes"
      },
      "geometry": {
        "type": "Polygon",
        "coordinates": [
          [
            [
              76.9780608,
              9.8466904
            ],
            [
              76.9781555,
              9.8467036
            ],
            [
              76.9781564,
              9.8466185
            ],
            [
              76.9780809,
              9.8465929
            ],
            [
              76.9780608,
              9.8466904
            ]
          ]
        ]
      }
    },
    {
      "type": "Feature",
      "id": 803218964,
      "properties": {
        "building": "yes"
      },
      "geometry": {
        "type": "Polygon",
        "coordinates": [
          [
            [
              76.956702,
              9.8778966
            ],
            [
              76.9568205,
              9.877806
            ],
            [
              76.9567396,
              9.8777032
            ],
            [
              76.9566211,
              9.8777938
            ],
            [
              76.956702,
              9.8778966
            ]
          ]
        ]
      }
    },
    {
      "type": "Feature",
      "id": 803218965,
      "properties": {
        "building": "yes"
      },
      "geometry": {
        "type": "Polygon",
        "coordinates": [
          [
            [
              76.9568272,
              9.878018
            ],
            [
              76.9569457,
              9.8779274
            ],
            [
              76.9568648,
              9.8778247
            ],
            [
              76.9567463,
              9.8779153
            ],
            [
              76.9568272,
              9.878018
            ]
          ]
        ]
      }
    },
    {
      "type": "Feature",
      "id": 803218966,
      "properties": {
        "building": "yes"
      },
      "geometry": {
        "type": "Polygon",
        "coordinates": [
          [
            [
              76.9569524,
              9.8781301
            ],
            [
              76.9570709,
              9.8780395
            ],
            [
              76.95699,
              9.8779368
            ],
            [
              76.9568714,
              9.8780274
            ],
            [
              76.9569524,
              9.8781301
            ]
          ]
        ]
      }
    },
    {
      "type": "Feature",
      "id": 803218967,
      "properties": {
        "building": "yes"
      },
      "geometry": {
        "type": "Polygon",
        "coordinates": [
          [
            [
              76.9570775,
              9.8782534
            ],
            [
              76.957196,
              9.8781629
            ],
            [
              76.9571151,
              9.8780601
            ],
            [
              76.9569966,
              9.8781507
            ],
            [
              76.9570775,
              9.8782534
            ]
          ]
        ]
      }
    },
    {
      "type": "Feature",
      "id": 804820381,
      "properties": {
        "addr:street": "Mariapuram Thadiyampadu road",
        "building": "yes"
      },
      "geometry": {
        "type": "Polygon",
        "coordinates": [
          [
            [
              76.9860734,
              9.863844
            ],
            [
              76.9862491,
              9.863664
            ],
            [
              76.9863478,
              9.8637759
            ],
            [
              76.9861879,
              9.8639413
            ],
            [
              76.9860734,
              9.863844
            ]
          ]
        ]
      }
    },
    {
      "type": "Feature",
      "id": 804820382,
      "properties": {
        "building": "house"
      },
      "geometry": {
        "type": "Polygon",
        "coordinates": [
          [
            [
              76.9864583,
              9.8583378
            ],
            [
              76.9865244,
              9.8582044
            ],
            [
              76.9866376,
              9.8582538
            ],
            [
              76.9865835,
              9.8583575
            ],
            [
              76.9864583,
              9.8583378
            ]
          ]
        ]
      }
    },
    {
      "type": "Feature",
      "id": 810235069,
      "properties": {
        "building": "school"
      },
      "geometry": {
        "type": "Polygon",
        "coordinates": [
          [
            [
              76.9478877,
              9.9061093
            ],
            [
              76.9480799,
              9.9060875
            ],
            [
              76.9480906,
              9.9061786
            ],
            [
              76.9481542,
              9.9061714
            ],
            [
              76.9481315,
              9.9059767
            ],
            [
              76.9478756,
              9.9060057
            ],
            [
              76.9478877,
              9.9061093
            ]
          ]
        ]
      }
    },
    {
      "type": "Feature",
      "id": 810237068,
      "properties": {
        "amenity": "place_of_worship",
        "building": "yes",
        "religion": "hindu"
      },
      "geometry": {
        "type": "Polygon",
        "coordinates": [
          [
            [
              76.9446186,
              9.905803
            ],
            [
              76.9446561,
              9.9057396
            ],
            [
              76.9447312,
              9.9057898
            ],
            [
              76.9447903,
              9.9058189
            ],
            [
              76.9447527,
              9.9058638
            ],
            [
              76.9446186,
              9.905803
            ]
          ]
        ]
      }
    },
    {
      "type": "Feature",
      "id": 810239258,
      "properties": {
        "amenity": "childcare",
        "building": "yes",
        "name": "Mulakuvally anganawadi"
      },
      "geometry": {
        "type": "Polygon",
        "coordinates": [
          [
            [
              76.9470943,
              9.9064292
            ],
            [
              76.9471211,
              9.9063817
            ],
            [
              76.9471855,
              9.9064054
            ],
            [
              76.9472311,
              9.9064372
            ],
            [
              76.947215,
              9.9064741
            ],
            [
              76.9471935,
              9.90649
            ],
            [
              76.9471479,
              9.9064662
            ],
            [
              76.9470943,
              9.9064292
            ]
          ]
        ]
      }
    },
    {
      "type": "Feature",
      "id": 810240118,
      "properties": {
        "amenity": "veterinary",
        "building": "yes",
        "name": "Govenment Veterinary Hospital Thadiyanpadu"
      },
      "geometry": {
        "type": "Polygon",
        "coordinates": [
          [
            [
              76.9647083,
              9.8851666
            ],
            [
              76.9647405,
              9.8850847
            ],
            [
              76.964821,
              9.8851243
            ],
            [
              76.9648532,
              9.8851428
            ],
            [
              76.9648022,
              9.8852195
            ],
            [
              76.9647083,
              9.8851666
            ]
          ]
        ]
      }
    },
    {
      "type": "Feature",
      "id": 827577567,
      "properties": {
        "building": "yes"
      },
      "geometry": {
        "type": "Polygon",
        "coordinates": [
          [
            [
              76.9718322,
              9.8926521
            ],
            [
              76.9719276,
              9.8927181
            ],
            [
              76.9720228,
              9.8925847
            ],
            [
              76.9719274,
              9.8925186
            ],
            [
              76.9718322,
              9.8926521
            ]
          ]
        ]
      }
    },
    {
      "type": "Feature",
      "id": 827577569,
      "properties": {
        "building": "yes"
      },
      "geometry": {
        "type": "Polygon",
        "coordinates": [
          [
            [
              76.9619939,
              9.8569219
            ],
            [
              76.9620872,
              9.8569133
            ],
            [
              76.9620711,
              9.8567442
            ],
            [
              76.9619778,
              9.8567528
            ],
            [
              76.9619939,
              9.8569219
            ]
          ]
        ]
      }
    },
    {
      "type": "Feature",
      "id": 827577570,
      "properties": {
        "addr:city": "Murickassery",
        "addr:postcode": "685604",
        "addr:street": "Murickassery P O",
        "building": "hospital",
        "name": "Alphonsa Hospital Murickassery"
      },
      "geometry": {
        "type": "Polygon",
        "coordinates": [
          [
            [
              77.0088318,
              9.9134043
            ],
            [
              77.0089235,
              9.9138039
            ],
            [
              77.0093435,
              9.9137104
            ],
            [
              77.0092518,
              9.9133108
            ],
            [
              77.0088318,
              9.9134043
            ]
          ]
        ]
      }
    },
    {
      "type": "Feature",
      "id": 827577594,
      "properties": {
        "building": "yes"
      },
      "geometry": {
        "type": "Polygon",
        "coordinates": [
          [
            [
              76.9600278,
              9.859986
            ],
            [
              76.9601063,
              9.8600618
            ],
            [
              76.9601734,
              9.8599944
            ],
            [
              76.9600949,
              9.8599186
            ],
            [
              76.9600278,
              9.859986
            ]
          ]
        ]
      }
    },
    {
      "type": "Feature",
      "id": 833727808,
      "properties": {
        "building": "yes"
      },
      "geometry": {
        "type": "Polygon",
        "coordinates": [
          [
            [
              76.9783311,
              9.8469316
            ],
            [
              76.978404,
              9.8469978
            ],
            [
              76.9785137,
              9.8468349
            ],
            [
              76.9784057,
              9.8467935
            ],
            [
              76.9783311,
              9.8469316
            ]
          ]
        ]
      }
    },
    {
      "type": "Feature",
      "id": 833727809,
      "properties": {
        "building": "yes"
      },
      "geometry": {
        "type": "Polygon",
        "coordinates": [
          [
            [
              76.9773896,
              9.8475024
            ],
            [
              76.9774626,
              9.8475686
            ],
            [
              76.9775079,
              9.8475035
            ],
            [
              76.9774374,
              9.8474727
            ],
            [
              76.9773896,
              9.8475024
            ]
          ]
        ]
      }
    },
    {
      "type": "Feature",
      "id": 833727810,
      "properties": {
        "building": "yes"
      },
      "geometry": {
        "type": "Polygon",
        "coordinates": [
          [
            [
              76.9783445,
              9.8466144
            ],
            [
              76.9784174,
              9.8466807
            ],
            [
              76.9784627,
              9.8466155
            ],
            [
              76.9783923,
              9.8465847
            ],
            [
              76.9783445,
              9.8466144
            ]
          ]
        ]
      }
    },
    {
      "type": "Feature",
      "id": 833727811,
      "properties": {
        "building": "yes"
      },
      "geometry": {
        "type": "Polygon",
        "coordinates": [
          [
            [
              76.9781125,
              9.8476028
            ],
            [
              76.9781854,
              9.8476691
            ],
            [
              76.9782307,
              9.8476039
            ],
            [
              76.9781603,
              9.8475731
            ],
            [
              76.9781125,
              9.8476028
            ]
          ]
        ]
      }
    },
    {
      "type": "Feature",
      "id": 833727812,
      "properties": {
        "building": "yes"
      },
      "geometry": {
        "type": "Polygon",
        "coordinates": [
          [
            [
              76.9775707,
              9.8484353
            ],
            [
              76.977657,
              9.8484724
            ],
            [
              76.9777774,
              9.8481747
            ],
            [
              76.977699,
              9.8481492
            ],
            [
              76.9775707,
              9.8484353
            ]
          ]
        ]
      }
    },
    {
      "type": "Feature",
      "id": 833727813,
      "properties": {
        "building": "yes"
      },
      "geometry": {
        "type": "Polygon",
        "coordinates": [
          [
            [
              76.9769216,
              9.8477429
            ],
            [
              76.9770079,
              9.8477801
            ],
            [
              76.9771283,
              9.8474823
            ],
            [
              76.9770499,
              9.8474568
            ],
            [
              76.9769216,
              9.8477429
            ]
          ]
        ]
      }
    },
    {
      "type": "Feature",
      "id": 833727814,
      "properties": {
        "building": "yes"
      },
      "geometry": {
        "type": "Polygon",
        "coordinates": [
          [
            [
              76.9782573,
              9.8479834
            ],
            [
              76.9783232,
              9.8480413
            ],
            [
              76.978417,
              9.8479541
            ],
            [
              76.9785153,
              9.8480153
            ],
            [
              76.9785606,
              9.8479237
            ],
            [
              76.9783963,
              9.8478295
            ],
            [
              76.9782573,
              9.8479834
            ]
          ]
        ]
      }
    },
    {
      "type": "Feature",
      "id": 833727880,
      "properties": {
        "building": "yes"
      },
      "geometry": {
        "type": "Polygon",
        "coordinates": [
          [
            [
              76.978575,
              9.8504784
            ],
            [
              76.9786835,
              9.8504394
            ],
            [
              76.9787067,
              9.8505082
            ],
            [
              76.9788406,
              9.8504684
            ],
            [
              76.9788492,
              9.8505538
            ],
            [
              76.9786204,
              9.8506153
            ],
            [
              76.978575,
              9.8504784
            ]
          ]
        ]
      }
    },
    {
      "type": "Feature",
      "id": 833727972,
      "properties": {
        "building": "yes"
      },
      "geometry": {
        "type": "Polygon",
        "coordinates": [
          [
            [
              76.978732,
              9.8503314
            ],
            [
              76.9789517,
              9.8503127
            ],
            [
              76.9789314,
              9.8500429
            ],
            [
              76.9787219,
              9.8500553
            ],
            [
              76.978732,
              9.8503314
            ]
          ]
        ]
      }
    },
    {
      "type": "Feature",
      "id": 845035296,
      "properties": {
        "building": "school",
        "name": "SM Lower Primary School Idukki"
      },
      "geometry": {
        "type": "Polygon",
        "coordinates": [
          [
            [
              76.9660713,
              9.8612846
            ],
            [
              76.9660749,
              9.8612218
            ],
            [
              76.9662042,
              9.8612289
            ],
            [
              76.9662007,
              9.8612917
            ],
            [
              76.9660713,
              9.8612846
            ]
          ]
        ]
      }
    },
    {
      "type": "Feature",
      "id": 845035297,
      "properties": {
        "building": "school",
        "name": "SM Lower Primary School Idukki"
      },
      "geometry": {
        "type": "Polygon",
        "coordinates": [
          [
            [
              76.9660801,
              9.8612026
            ],
            [
              76.9660895,
              9.8611325
            ],
            [
              76.966248,
              9.861153
            ],
            [
              76.9662386,
              9.8612231
            ],
            [
              76.9660801,
              9.8612026
            ]
          ]
        ]
      }
    },
    {
      "type": "Feature",
      "id": 845037985,
      "properties": {
        "building": "school",
        "name": "Government Vocational Higher Secondary School Vazhathoppe"
      },
      "geometry": {
        "type": "Polygon",
        "coordinates": [
          [
            [
              76.9600299,
              9.8633632
            ],
            [
              76.9599864,
              9.8632728
            ],
            [
              76.9602244,
              9.8631617
            ],
            [
              76.9602679,
              9.8632521
            ],
            [
              76.9600299,
              9.8633632
            ]
          ]
        ]
      }
    },
    {
      "type": "Feature",
      "id": 845037986,
      "properties": {
        "building": "school",
        "name": "Government Vocational Higher Secondary School Vazhathoppe"
      },
      "geometry": {
        "type": "Polygon",
        "coordinates": [
          [
            [
              76.9601846,
              9.8629626
            ],
            [
              76.9600878,
              9.8627591
            ],
            [
              76.960179,
              9.862717
            ],
            [
              76.9602757,
              9.8629205
            ],
            [
              76.9601846,
              9.8629626
            ]
          ]
        ]
      }
    },
    {
      "type": "Feature",
      "id": 845037987,
      "properties": {
        "building": "school",
        "name": "Government Vocational Higher Secondary School Vazhathoppe"
      },
      "geometry": {
        "type": "Polygon",
        "coordinates": [
          [
            [
              76.9600809,
              9.8627454
            ],
            [
              76.9599667,
              9.8624993
            ],
            [
              76.9600622,
              9.8624562
            ],
            [
              76.9601765,
              9.8627023
            ],
            [
              76.9600809,
              9.8627454
            ]
          ]
        ]
      }
    },
    {
      "type": "Feature",
      "id": 845040272,
      "properties": {
        "building": "school",
        "name": "Amal Jyothy Special School",
        "wikidata": "Q64615291"
      },
      "geometry": {
        "type": "Polygon",
        "coordinates": [
          [
            [
              76.9474256,
              9.8610708
            ],
            [
              76.9471548,
              9.8608918
            ],
            [
              76.9473674,
              9.8605798
            ],
            [
              76.9476381,
              9.8607588
            ],
            [
              76.9474256,
              9.8610708
            ]
          ]
        ]
      }
    },
    {
      "type": "Feature",
      "id": 845044442,
      "properties": {
        "addr:city": "Painavu",
        "addr:postcode": "685603",
        "addr:street": "Thodupuzha - Puliyanmala Road",
        "building": "yes",
        "name": "District Fisheries Office, Idukki",
        "office": "government"
      },
      "geometry": {
        "type": "Polygon",
        "coordinates": [
          [
            [
              76.9469711,
              9.8530272
            ],
            [
              76.9468091,
              9.8530002
            ],
            [
              76.9468253,
              9.8529054
            ],
            [
              76.9468479,
              9.8529092
            ],
            [
              76.9469076,
              9.8525619
            ],
            [
              76.9468586,
              9.8525538
            ],
            [
              76.9468734,
              9.8524677
            ],
            [
              76.9469165,
              9.8524749
            ],
            [
              76.946923,
              9.852437
            ],
            [
              76.9468327,
              9.8524219
            ],
            [
              76.9468645,
              9.8522372
            ],
            [
              76.9468858,
              9.8522408
            ],
            [
              76.9469054,
              9.8521275
            ],
            [
              76.9470869,
              9.852158
            ],
            [
              76.9470663,
              9.8522771
            ],
            [
              76.947132,
              9.8522882
            ],
            [
              76.947052,
              9.8527503
            ],
            [
              76.9470989,
              9.8527582
            ],
            [
              76.9470675,
              9.8529398
            ],
            [
              76.9469843,
              9.8529504
            ],
            [
              76.9469711,
              9.8530272
            ]
          ]
        ]
      }
    },
    {
      "type": "Feature",
      "id": 845045791,
      "properties": {
        "building": "school",
        "name": "Kendriya Vidyalaya Idukki"
      },
      "geometry": {
        "type": "Polygon",
        "coordinates": [
          [
            [
              76.9405817,
              9.855065
            ],
            [
              76.9405637,
              9.855016
            ],
            [
              76.940545,
              9.855021
            ],
            [
              76.9405075,
              9.8549945
            ],
            [
              76.9405014,
              9.8549747
            ],
            [
              76.9404597,
              9.8549872
            ],
            [
              76.9404284,
              9.8548854
            ],
            [
              76.9404917,
              9.8548665
            ],
            [
              76.9404742,
              9.8548093
            ],
            [
              76.9403931,
              9.8548379
            ],
            [
              76.9403599,
              9.854693
            ],
            [
              76.9404001,
              9.8546665
            ],
            [
              76.9404189,
              9.8546242
            ],
            [
              76.9404088,
              9.85456
            ],
            [
              76.9408065,
              9.8544629
            ],
            [
              76.9408959,
              9.854514
            ],
            [
              76.940932,
              9.8545296
            ],
            [
              76.9409695,
              9.8546574
            ],
            [
              76.9409083,
              9.8546763
            ],
            [
              76.9409311,
              9.8547666
            ],
            [
              76.9409993,
              9.8547474
            ],
            [
              76.9410235,
              9.8548298
            ],
            [
              76.9409963,
              9.8548414
            ],
            [
              76.9409622,
              9.8549362
            ],
            [
              76.9405817,
              9.855065
            ]
          ]
        ]
      }
    },
    {
      "type": "Feature",
      "id": 845047122,
      "properties": {
        "building": "school",
        "name": "SVV English Medium High School Idukki Colony"
      },
      "geometry": {
        "type": "Polygon",
        "coordinates": [
          [
            [
              76.9627827,
              9.8461235
            ],
            [
              76.9626163,
              9.8460541
            ],
            [
              76.9626679,
              9.8459341
            ],
            [
              76.9628342,
              9.8460035
            ],
            [
              76.9627827,
              9.8461235
            ]
          ]
        ]
      }
    },
    {
      "type": "Feature",
      "id": 845048556,
      "properties": {
        "building": "school"
      },
      "geometry": {
        "type": "Polygon",
        "coordinates": [
          [
            [
              76.9824462,
              9.8464442
            ],
            [
              76.9823807,
              9.8462738
            ],
            [
              76.9824645,
              9.8462348
            ],
            [
              76.9824991,
              9.8463188
            ],
            [
              76.9825762,
              9.8463012
            ],
            [
              76.9825884,
              9.8463261
            ],
            [
              76.982634,
              9.8464202
            ],
            [
              76.9825687,
              9.8464446
            ],
            [
              76.982543,
              9.8463778
            ],
            [
              76.9825005,
              9.8463937
            ],
            [
              76.9825107,
              9.8464202
            ],
            [
              76.9824462,
              9.8464442
            ]
          ]
        ]
      }
    },
    {
      "type": "Feature",
      "id": 845048557,
      "properties": {
        "building": "school",
        "name": "NM Lower Primary School Idukki"
      },
      "geometry": {
        "type": "Polygon",
        "coordinates": [
          [
            [
              76.9821133,
              9.8465535
            ],
            [
              76.9820828,
              9.8465617
            ],
            [
              76.9820509,
              9.846574
            ],
            [
              76.9819993,
              9.8464277
            ],
            [
              76.9823529,
              9.8463041
            ],
            [
              76.9823926,
              9.8464131
            ],
            [
              76.9823079,
              9.8464431
            ],
            [
              76.9822865,
              9.8463845
            ],
            [
              76.9820827,
              9.8464569
            ],
            [
              76.9821133,
              9.8465535
            ]
          ]
        ]
      }
    },
    {
      "type": "Feature",
      "id": 845049410,
      "properties": {
        "addr:postcode": "685602",
        "addr:street": "Mariapuram_Thadiyampadu Road",
        "building": "school",
        "name": "St Mary's Lower Primary School, Mariyapuram"
      },
      "geometry": {
        "type": "Polygon",
        "coordinates": [
          [
            [
              76.9860393,
              9.857815
            ],
            [
              76.9860061,
              9.857799
            ],
            [
              76.985977,
              9.8578578
            ],
            [
              76.9859093,
              9.8578252
            ],
            [
              76.9859412,
              9.8577609
            ],
            [
              76.9859608,
              9.8577703
            ],
            [
              76.9861526,
              9.8573838
            ],
            [
              76.9861166,
              9.8573665
            ],
            [
              76.9861477,
              9.8573036
            ],
            [
              76.9862649,
              9.85736
            ],
            [
              76.9860393,
              9.857815
            ]
          ]
        ]
      }
    },
    {
      "type": "Feature",
      "id": 845050264,
      "properties": {
        "building": "school"
      },
      "geometry": {
        "type": "Polygon",
        "coordinates": [
          [
            [
              76.9876011,
              9.8570116
            ],
            [
              76.9873964,
              9.8568292
            ],
            [
              76.9874644,
              9.8567551
            ],
            [
              76.9876691,
              9.8569375
            ],
            [
              76.9876011,
              9.8570116
            ]
          ]
        ]
      }
    },
    {
      "type": "Feature",
      "id": 845051023,
      "properties": {
        "addr:postcode": "685602",
        "addr:street": "Adimali - Kumily Highway",
        "building": "school",
        "name": "Saint Joseph Upper Primary School, Narakakkanam"
      },
      "geometry": {
        "type": "Polygon",
        "coordinates": [
          [
            [
              76.9970831,
              9.840267
            ],
            [
              76.9966226,
              9.8399205
            ],
            [
              76.9967059,
              9.8398131
            ],
            [
              76.9967852,
              9.8398729
            ],
            [
              76.9968231,
              9.839824
            ],
            [
              76.9968739,
              9.8398622
            ],
            [
              76.9969148,
              9.8398094
            ],
            [
              76.9969901,
              9.8398661
            ],
            [
              76.9969521,
              9.8399152
            ],
            [
              76.9971362,
              9.8400537
            ],
            [
              76.9970868,
              9.8401174
            ],
            [
              76.9971577,
              9.8401707
            ],
            [
              76.9970831,
              9.840267
            ]
          ]
        ]
      }
    },
    {
      "type": "Feature",
      "id": 845051579,
      "properties": {
        "building": "school"
      },
      "geometry": {
        "type": "Polygon",
        "coordinates": [
          [
            [
              77.0060528,
              9.8559907
            ],
            [
              77.0059476,
              9.8558943
            ],
            [
              77.0062586,
              9.8555647
            ],
            [
              77.0064044,
              9.8556983
            ],
            [
              77.0063501,
              9.8557559
            ],
            [
              77.0063096,
              9.8557187
            ],
            [
              77.0060528,
              9.8559907
            ]
          ]
        ]
      }
    },
    {
      "type": "Feature",
      "id": 845130956,
      "properties": {
        "addr:city": "Pathinaramkandam",
        "addr:street": "Pathinaramkandam",
        "building": "school",
        "name": "Government LP School Pathinaramkandam"
      },
      "geometry": {
        "type": "Polygon",
        "coordinates": [
          [
            [
              77.0132391,
              9.8912252
            ],
            [
              77.0132697,
              9.8913137
            ],
            [
              77.013761,
              9.891157
            ],
            [
              77.0137303,
              9.8910581
            ],
            [
              77.0132391,
              9.8912252
            ]
          ]
        ]
      }
    },
    {
      "type": "Feature",
      "id": 845134631,
      "properties": {
        "building": "school"
      },
      "geometry": {
        "type": "Polygon",
        "coordinates": [
          [
            [
              77.00239,
              9.8832137
            ],
            [
              77.0024631,
              9.8833234
            ],
            [
              77.0020894,
              9.8835652
            ],
            [
              77.0020163,
              9.8834556
            ],
            [
              77.00239,
              9.8832137
            ]
          ]
        ]
      }
    },
    {
      "type": "Feature",
      "id": 845142277,
      "properties": {
        "building": "school",
        "name": "St Joseph Public School , Thellithode"
      },
      "geometry": {
        "type": "Polygon",
        "coordinates": [
          [
            [
              77.0149271,
              9.9361887
            ],
            [
              77.0148917,
              9.9362763
            ],
            [
              77.0150282,
              9.9363299
            ],
            [
              77.0149681,
              9.9364784
            ],
            [
              77.0150782,
              9.9365216
            ],
            [
              77.0151737,
              9.9362855
            ],
            [
              77.0149271,
              9.9361887
            ]
          ]
        ]
      }
    },
    {
      "type": "Feature",
      "id": 845143570,
      "properties": {
        "building": "school"
      },
      "geometry": {
        "type": "Polygon",
        "coordinates": [
          [
            [
              77.017041,
              9.9412514
            ],
            [
              77.0170368,
              9.9413453
            ],
            [
              77.0171833,
              9.9413516
            ],
            [
              77.0171875,
              9.9412577
            ],
            [
              77.017041,
              9.9412514
            ]
          ]
        ]
      }
    },
    {
      "type": "Feature",
      "id": 845228725,
      "properties": {
        "building": "school",
        "name": "St. Josephs Upper Primary School, Panamkutty"
      },
      "geometry": {
        "type": "Polygon",
        "coordinates": [
          [
            [
              76.990786,
              9.9494337
            ],
            [
              76.9909425,
              9.9497564
            ],
            [
              76.9912108,
              9.9496301
            ],
            [
              76.9911634,
              9.9495324
            ],
            [
              76.9910656,
              9.9495784
            ],
            [
              76.9909564,
              9.9493535
            ],
            [
              76.990786,
              9.9494337
            ]
          ]
        ]
      }
    },
    {
      "type": "Feature",
      "id": 845229316,
      "properties": {
        "building": "school",
        "name": "St. Thomas Upper Primary School Mankuva"
      },
      "geometry": {
        "type": "Polygon",
        "coordinates": [
          [
            [
              76.9933049,
              9.9289675
            ],
            [
              76.9930838,
              9.9291646
            ],
            [
              76.9931354,
              9.9292207
            ],
            [
              76.9933565,
              9.9290236
            ],
            [
              76.9933049,
              9.9289675
            ]
          ]
        ]
      }
    },
    {
      "type": "Feature",
      "id": 845229395,
      "properties": {
        "building": "school",
        "name": "St. Thomas Upper Primary School Mankuva"
      },
      "geometry": {
        "type": "Polygon",
        "coordinates": [
          [
            [
              76.9931483,
              9.9292489
            ],
            [
              76.9931893,
              9.9293501
            ],
            [
              76.9934516,
              9.9292468
            ],
            [
              76.9934106,
              9.9291457
            ],
            [
              76.9931483,
              9.9292489
            ]
          ]
        ]
      }
    },
    {
      "type": "Feature",
      "id": 845230024,
      "properties": {
        "addr:city": "Rajapuram",
        "addr:street": "Rajapuram",
        "building": "school",
        "name": "Christhu Raj Lower Primary School Poomankandam"
      },
      "geometry": {
        "type": "Polygon",
        "coordinates": [
          [
            [
              76.9862745,
              9.9207344
            ],
            [
              76.986215,
              9.9212119
            ],
            [
              76.9863376,
              9.9212267
            ],
            [
              76.986397,
              9.9207492
            ],
            [
              76.9862745,
              9.9207344
            ]
          ]
        ]
      }
    },
    {
      "type": "Feature",
      "id": 845230273,
      "properties": {
        "building": "school"
      },
      "geometry": {
        "type": "Polygon",
        "coordinates": [
          [
            [
              76.9792651,
              9.9014025
            ],
            [
              76.9793224,
              9.901469
            ],
            [
              76.9795639,
              9.9013938
            ],
            [
              76.9795477,
              9.9013069
            ],
            [
              76.9792651,
              9.9014025
            ]
          ]
        ]
      }
    },
    {
      "type": "Feature",
      "id": 845230484,
      "properties": {
        "building": "school"
      },
      "geometry": {
        "type": "Polygon",
        "coordinates": [
          [
            [
              76.9722105,
              9.897061
            ],
            [
              76.9720999,
              9.8975719
            ],
            [
              76.9722046,
              9.8975939
            ],
            [
              76.9723153,
              9.897083
            ],
            [
              76.9722105,
              9.897061
            ]
          ]
        ]
      }
    },
    {
      "type": "Feature",
      "id": 845411785,
      "properties": {
        "building": "school"
      },
      "geometry": {
        "type": "Polygon",
        "coordinates": [
          [
            [
              76.960109,
              9.8744988
            ],
            [
              76.960116,
              9.8746075
            ],
            [
              76.9603149,
              9.8745951
            ],
            [
              76.9603138,
              9.8745779
            ],
            [
              76.9605414,
              9.8745638
            ],
            [
              76.9605433,
              9.8745921
            ],
            [
              76.9606163,
              9.8745876
            ],
            [
              76.9606086,
              9.8744677
            ],
            [
              76.960109,
              9.8744988
            ]
          ]
        ]
      }
    },
    {
      "type": "Feature",
      "id": 845413444,
      "properties": {
        "building": "school"
      },
      "geometry": {
        "type": "Polygon",
        "coordinates": [
          [
            [
              76.9560789,
              9.8769548
            ],
            [
              76.9559158,
              9.8771416
            ],
            [
              76.9559939,
              9.8772078
            ],
            [
              76.956157,
              9.877021
            ],
            [
              76.9560789,
              9.8769548
            ]
          ]
        ]
      }
    },
    {
      "type": "Feature",
      "id": 845413792,
      "properties": {
        "building": "school"
      },
      "geometry": {
        "type": "Polygon",
        "coordinates": [
          [
            [
              76.9562601,
              9.8768132
            ],
            [
              76.9561134,
              9.8769584
            ],
            [
              76.9561747,
              9.8770185
            ],
            [
              76.9563213,
              9.8768732
            ],
            [
              76.9562601,
              9.8768132
            ]
          ]
        ]
      }
    },
    {
      "type": "Feature",
      "id": 845415879,
      "properties": {
        "building": "school"
      },
      "geometry": {
        "type": "Polygon",
        "coordinates": [
          [
            [
              76.9551146,
              9.878693
            ],
            [
              76.9550671,
              9.8787674
            ],
            [
              76.9551494,
              9.8788184
            ],
            [
              76.9551969,
              9.8787441
            ],
            [
              76.9551146,
              9.878693
            ]
          ]
        ]
      }
    },
    {
      "type": "Feature",
      "id": 845420576,
      "properties": {
        "building": "school",
        "name": "building 4"
      },
      "geometry": {
        "type": "Polygon",
        "coordinates": [
          [
            [
              76.945884,
              9.8899492
            ],
            [
              76.9456945,
              9.8900813
            ],
            [
              76.9457436,
              9.8901497
            ],
            [
              76.9459331,
              9.8900176
            ],
            [
              76.945884,
              9.8899492
            ]
          ]
        ]
      }
    },
    {
      "type": "Feature",
      "id": 845420851,
      "properties": {
        "building": "school",
        "name": "building 5"
      },
      "geometry": {
        "type": "Polygon",
        "coordinates": [
          [
            [
              76.9457679,
              9.8901556
            ],
            [
              76.9458277,
              9.8902377
            ],
            [
              76.9460174,
              9.8901036
            ],
            [
              76.9459576,
              9.8900215
            ],
            [
              76.9457679,
              9.8901556
            ]
          ]
        ]
      }
    },
    {
      "type": "Feature",
      "id": 845427120,
      "properties": {
        "building": "school"
      },
      "geometry": {
        "type": "Polygon",
        "coordinates": [
          [
            [
              76.9338027,
              9.8895134
            ],
            [
              76.9338654,
              9.8896043
            ],
            [
              76.9339727,
              9.8895325
            ],
            [
              76.93391,
              9.8894416
            ],
            [
              76.9338027,
              9.8895134
            ]
          ]
        ]
      }
    },
    {
      "type": "Feature",
      "id": 845436665,
      "properties": {
        "building": "school"
      },
      "geometry": {
        "type": "Polygon",
        "coordinates": [
          [
            [
              76.9634639,
              9.9181533
            ],
            [
              76.963528,
              9.9182416
            ],
            [
              76.9637009,
              9.9181198
            ],
            [
              76.9636367,
              9.9180315
            ],
            [
              76.9634639,
              9.9181533
            ]
          ]
        ]
      }
    },
    {
      "type": "Feature",
      "id": 845439937,
      "properties": {
        "building": "school"
      },
      "geometry": {
        "type": "Polygon",
        "coordinates": [
          [
            [
              76.9528455,
              9.9198024
            ],
            [
              76.9528673,
              9.9198748
            ],
            [
              76.9529311,
              9.9198561
            ],
            [
              76.9529505,
              9.9199204
            ],
            [
              76.9529594,
              9.9199501
            ],
            [
              76.9530071,
              9.9199361
            ],
            [
              76.9530009,
              9.9199157
            ],
            [
              76.9529785,
              9.9198415
            ],
            [
              76.9530159,
              9.9198306
            ],
            [
              76.9529943,
              9.9197589
            ],
            [
              76.9528455,
              9.9198024
            ]
          ]
        ]
      }
    },
    {
      "type": "Feature",
      "id": 845442347,
      "properties": {
        "building": "school"
      },
      "geometry": {
        "type": "Polygon",
        "coordinates": [
          [
            [
              76.9593409,
              9.9181895
            ],
            [
              76.9593849,
              9.9182682
            ],
            [
              76.9596575,
              9.9181204
            ],
            [
              76.9596136,
              9.9180418
            ],
            [
              76.9593409,
              9.9181895
            ]
          ]
        ]
      }
    },
    {
      "type": "Feature",
      "id": 845442390,
      "properties": {
        "building": "school"
      },
      "geometry": {
        "type": "Polygon",
        "coordinates": [
          [
            [
              76.9596888,
              9.9175336
            ],
            [
              76.959784,
              9.9178395
            ],
            [
              76.9598797,
              9.9178105
            ],
            [
              76.9597843,
              9.9175047
            ],
            [
              76.9596888,
              9.9175336
            ]
          ]
        ]
      }
    },
    {
      "type": "Feature",
      "id": 845443668,
      "properties": {
        "building": "school",
        "name": "Main block"
      },
      "geometry": {
        "type": "Polygon",
        "coordinates": [
          [
            [
              76.9597142,
              9.918895
            ],
            [
              76.9597258,
              9.9189976
            ],
            [
              76.960212,
              9.9189441
            ],
            [
              76.9602003,
              9.9188413
            ],
            [
              76.9597142,
              9.918895
            ]
          ]
        ]
      }
    },
    {
      "type": "Feature",
      "id": 845444587,
      "properties": {
        "building": "school"
      },
      "geometry": {
        "type": "Polygon",
        "coordinates": [
          [
            [
              76.9597668,
              9.923666
            ],
            [
              76.9598098,
              9.9237413
            ],
            [
              76.9600458,
              9.9236105
            ],
            [
              76.9600029,
              9.9235353
            ],
            [
              76.9597668,
              9.923666
            ]
          ]
        ]
      }
    },
    {
      "type": "Feature",
      "id": 845445288,
      "properties": {
        "building": "school"
      },
      "geometry": {
        "type": "Polygon",
        "coordinates": [
          [
            [
              76.966119,
              9.9364171
            ],
            [
              76.966084,
              9.9364697
            ],
            [
              76.9661437,
              9.9365083
            ],
            [
              76.9660734,
              9.9366137
            ],
            [
              76.9661305,
              9.9366506
            ],
            [
              76.9662358,
              9.9364927
            ],
            [
              76.966119,
              9.9364171
            ]
          ]
        ]
      }
    },
    {
      "type": "Feature",
      "id": 845445986,
      "properties": {
        "building": "school"
      },
      "geometry": {
        "type": "Polygon",
        "coordinates": [
          [
            [
              76.9662585,
              9.936513
            ],
            [
              76.9660902,
              9.9367218
            ],
            [
              76.9661496,
              9.9367683
            ],
            [
              76.9663179,
              9.9365594
            ],
            [
              76.9662585,
              9.936513
            ]
          ]
        ]
      }
    },
    {
      "type": "Feature",
      "id": 845447158,
      "properties": {
        "building": "school"
      },
      "geometry": {
        "type": "Polygon",
        "coordinates": [
          [
            [
              76.9731391,
              9.8823016
            ],
            [
              76.9731646,
              9.8823936
            ],
            [
              76.9734654,
              9.8823127
            ],
            [
              76.9734399,
              9.8822207
            ],
            [
              76.9731391,
              9.8823016
            ]
          ]
        ]
      }
    },
    {
      "type": "Feature",
      "id": 845448645,
      "properties": {
        "building": "school"
      },
      "geometry": {
        "type": "Polygon",
        "coordinates": [
          [
            [
              76.9781607,
              9.8866076
            ],
            [
              76.9782186,
              9.8866834
            ],
            [
              76.9784849,
              9.8865142
            ],
            [
              76.978442,
              9.8864312
            ],
            [
              76.9781607,
              9.8866076
            ]
          ]
        ]
      }
    },
    {
      "type": "Feature",
      "id": 845448786,
      "properties": {
        "building": "school"
      },
      "geometry": {
        "type": "Polygon",
        "coordinates": [
          [
            [
              76.9784397,
              9.8863242
            ],
            [
              76.9785398,
              9.886679
            ],
            [
              76.9786582,
              9.8866494
            ],
            [
              76.9785521,
              9.8862726
            ],
            [
              76.9784397,
              9.8863242
            ]
          ]
        ]
      }
    },
    {
      "type": "Feature",
      "id": 845449791,
      "properties": {
        "addr:district": "Idukki",
        "building": "school",
        "governance_type": "private_aided",
        "grades": "1-4"
      },
      "geometry": {
        "type": "Polygon",
        "coordinates": [
          [
            [
              76.9781508,
              9.8865246
            ],
            [
              76.9781792,
              9.8865642
            ],
            [
              76.9782807,
              9.8864925
            ],
            [
              76.9782508,
              9.886447
            ],
            [
              76.9781508,
              9.8865246
            ]
          ]
        ]
      }
    },
    {
      "type": "Feature",
      "id": 845450119,
      "properties": {
        "building": "school",
        "name": "Vimala Lower Primary School"
      },
      "geometry": {
        "type": "Polygon",
        "coordinates": [
          [
            [
              76.978252,
              9.8867467
            ],
            [
              76.9783953,
              9.8869281
            ],
            [
              76.9784721,
              9.8868806
            ],
            [
              76.9783348,
              9.8866845
            ],
            [
              76.978252,
              9.8867467
            ]
          ]
        ]
      }
    },
    {
      "type": "Feature",
      "id": 845451597,
      "properties": {
        "building": "school"
      },
      "geometry": {
        "type": "Polygon",
        "coordinates": [
          [
            [
              76.9492934,
              9.938501
            ],
            [
              76.9491785,
              9.9387218
            ],
            [
              76.949303,
              9.9387847
            ],
            [
              76.9494178,
              9.9385638
            ],
            [
              76.9492934,
              9.938501
            ]
          ]
        ]
      }
    },
    {
      "type": "Feature",
      "id": 845451668,
      "properties": {
        "building": "school"
      },
      "geometry": {
        "type": "Polygon",
        "coordinates": [
          [
            [
              76.94936,
              9.9387207
            ],
            [
              76.9493201,
              9.9387957
            ],
            [
              76.9496816,
              9.938982
            ],
            [
              76.9497215,
              9.9389069
            ],
            [
              76.94936,
              9.9387207
            ]
          ]
        ]
      }
    },
    {
      "type": "Feature",
      "id": 845451933,
      "properties": {
        "building": "school"
      },
      "geometry": {
        "type": "Polygon",
        "coordinates": [
          [
            [
              76.9498446,
              9.9389037
            ],
            [
              76.9497752,
              9.9390436
            ],
            [
              76.9498516,
              9.9390804
            ],
            [
              76.949921,
              9.9389404
            ],
            [
              76.9498446,
              9.9389037
            ]
          ]
        ]
      }
    },
    {
      "type": "Feature",
      "id": 845454730,
      "properties": {
        "building": "school"
      },
      "geometry": {
        "type": "Polygon",
        "coordinates": [
          [
            [
              76.9268577,
              9.9473096
            ],
            [
              76.9269021,
              9.9472811
            ],
            [
              76.9269461,
              9.9473475
            ],
            [
              76.9269017,
              9.947376
            ],
            [
              76.9268577,
              9.9473096
            ]
          ]
        ]
      }
    },
    {
      "type": "Feature",
      "id": 845455127,
      "properties": {
        "building": "school"
      },
      "geometry": {
        "type": "Polygon",
        "coordinates": [
          [
            [
              76.926866,
              9.9474417
            ],
            [
              76.9269006,
              9.9474917
            ],
            [
              76.926991,
              9.9474311
            ],
            [
              76.9269564,
              9.9473812
            ],
            [
              76.926866,
              9.9474417
            ]
          ]
        ]
      }
    },
    {
      "type": "Feature",
      "id": 845456107,
      "properties": {
        "building": "school"
      },
      "geometry": {
        "type": "Polygon",
        "coordinates": [
          [
            [
              76.9259547,
              9.9498406
            ],
            [
              76.9259725,
              9.9499403
            ],
            [
              76.926307,
              9.9498825
            ],
            [
              76.9262893,
              9.9497828
            ],
            [
              76.9259547,
              9.9498406
            ]
          ]
        ]
      }
    },
    {
      "type": "Feature",
      "id": 845456172,
      "properties": {
        "building": "school"
      },
      "geometry": {
        "type": "Polygon",
        "coordinates": [
          [
            [
              76.925715,
              9.9496717
            ],
            [
              76.9257528,
              9.9499081
            ],
            [
              76.9258789,
              9.9498886
            ],
            [
              76.925841,
              9.9496522
            ],
            [
              76.925715,
              9.9496717
            ]
          ]
        ]
      }
    },
    {
      "type": "Feature",
      "id": 845472177,
      "properties": {
        "addr:city": "kanjikuzhy",
        "building": "school",
        "building:levels": "1",
        "name": "st.mary,s ups kanjikuzhy"
      },
      "geometry": {
        "type": "Polygon",
        "coordinates": [
          [
            [
              76.9314299,
              9.9498016
            ],
            [
              76.931264,
              9.950206
            ],
            [
              76.9313361,
              9.9502347
            ],
            [
              76.9315021,
              9.9498304
            ],
            [
              76.9314299,
              9.9498016
            ]
          ]
        ]
      }
    },
    {
      "type": "Feature",
      "id": 845474645,
      "properties": {
        "building": "school"
      },
      "geometry": {
        "type": "Polygon",
        "coordinates": [
          [
            [
              76.9322843,
              9.9498552
            ],
            [
              76.9322041,
              9.9499435
            ],
            [
              76.9322577,
              9.9499699
            ],
            [
              76.9323274,
              9.9498932
            ],
            [
              76.9322843,
              9.9498552
            ]
          ]
        ]
      }
    },
    {
      "type": "Feature",
      "id": 846435831,
      "properties": {
        "building": "yes"
      },
      "geometry": {
        "type": "Polygon",
        "coordinates": [
          [
            [
              76.9638245,
              9.841749
            ],
            [
              76.9640928,
              9.8418409
            ],
            [
              76.9641893,
              9.8415674
            ],
            [
              76.963921,
              9.8414755
            ],
            [
              76.963888,
              9.841569
            ],
            [
              76.9639473,
              9.8415893
            ],
            [
              76.9639197,
              9.8416675
            ],
            [
              76.9638604,
              9.8416472
            ],
            [
              76.9638245,
              9.841749
            ]
          ]
        ]
      }
    },
    {
      "type": "Feature",
      "id": 854876336,
      "properties": {
        "building": "yes"
      },
      "geometry": {
        "type": "Polygon",
        "coordinates": [
          [
            [
              76.941015,
              9.8511477
            ],
            [
              76.9411278,
              9.8512226
            ],
            [
              76.941172,
              9.8511578
            ],
            [
              76.9410592,
              9.851083
            ],
            [
              76.941015,
              9.8511477
            ]
          ]
        ]
      }
    },
    {
      "type": "Feature",
      "id": 860133377,
      "properties": {
        "amenity": "restaurant",
        "building": "yes",
        "cuisine": "indian",
        "name": "Hotel Bismillah"
      },
      "geometry": {
        "type": "Polygon",
        "coordinates": [
          [
            [
              76.9614309,
              9.8546066
            ],
            [
              76.9615174,
              9.8545495
            ],
            [
              76.9615516,
              9.854646
            ],
            [
              76.9614755,
              9.8546722
            ],
            [
              76.9614309,
              9.8546066
            ]
          ]
        ]
      }
    },
    {
      "type": "Feature",
      "id": 860134702,
      "properties": {
        "amenity": "restaurant",
        "building": "yes",
        "cuisine": "indian",
        "name": "Hotel Aswathy"
      },
      "geometry": {
        "type": "Polygon",
        "coordinates": [
          [
            [
              76.9616454,
              9.8551059
            ],
            [
              76.9616986,
              9.8551652
            ],
            [
              76.9617345,
              9.855134
            ],
            [
              76.9616812,
              9.8550747
            ],
            [
              76.9616454,
              9.8551059
            ]
          ]
        ]
      }
    },
    {
      "type": "Feature",
      "id": 860136380,
      "properties": {
        "building": "yes",
        "name": "Thirpthi Bakery",
        "shop": "bakery"
      },
      "geometry": {
        "type": "Polygon",
        "coordinates": [
          [
            [
              76.9625079,
              9.8566769
            ],
            [
              76.9625509,
              9.8567172
            ],
            [
              76.9626034,
              9.8566626
            ],
            [
              76.9625605,
              9.8566224
            ],
            [
              76.9625079,
              9.8566769
            ]
          ]
        ]
      }
    },
    {
      "type": "Feature",
      "id": 860137241,
      "properties": {
        "amenity": "post_office",
        "building": "yes",
        "name": "Idukki Colony Post Office"
      },
      "geometry": {
        "type": "Polygon",
        "coordinates": [
          [
            [
              76.9622154,
              9.8571934
            ],
            [
              76.9622837,
              9.8571363
            ],
            [
              76.962306,
              9.8571642
            ],
            [
              76.9622332,
              9.8572198
            ],
            [
              76.9622154,
              9.8571934
            ]
          ]
        ]
      }
    },
    {
      "type": "Feature",
      "id": 860138818,
      "properties": {
        "amenity": "bank",
        "atm": "yes",
        "building": "yes",
        "name": "Idukki District Co Operative Bank Ltd (IDCB)"
      },
      "geometry": {
        "type": "Polygon",
        "coordinates": [
          [
            [
              76.9621154,
              9.8587105
            ],
            [
              76.9621762,
              9.8587297
            ],
            [
              76.9622299,
              9.8585655
            ],
            [
              76.9621691,
              9.8585462
            ],
            [
              76.9621154,
              9.8587105
            ]
          ]
        ]
      }
    },
    {
      "type": "Feature",
      "id": 860140561,
      "properties": {
        "amenity": "bank",
        "atm": "yes",
        "brand": "Federal Bank",
        "brand:wikidata": "Q2044983",
        "brand:wikipedia": "en:Federal Bank",
        "building": "yes",
        "name": "Federal Bank"
      },
      "geometry": {
        "type": "Polygon",
        "coordinates": [
          [
            [
              76.9614945,
              9.8583261
            ],
            [
              76.9616209,
              9.8584017
            ],
            [
              76.9616945,
              9.8582823
            ],
            [
              76.9615681,
              9.8582067
            ],
            [
              76.9614945,
              9.8583261
            ]
          ]
        ]
      }
    },
    {
      "type": "Feature",
      "id": 860141835,
      "properties": {
        "building": "yes",
        "name": "Toddy Shop",
        "shop": "alcohol"
      },
      "geometry": {
        "type": "Polygon",
        "coordinates": [
          [
            [
              76.9623535,
              9.858625
            ],
            [
              76.9624412,
              9.8586879
            ],
            [
              76.9624902,
              9.8586294
            ],
            [
              76.9624026,
              9.8585562
            ],
            [
              76.9623535,
              9.858625
            ]
          ]
        ]
      }
    },
    {
      "type": "Feature",
      "id": 860143547,
      "properties": {
        "air_conditioning": "yes",
        "bar": "yes",
        "building": "yes",
        "name": "Hotel Stoneage",
        "tourism": "hotel"
      },
      "geometry": {
        "type": "Polygon",
        "coordinates": [
          [
            [
              76.9623862,
              9.8576543
            ],
            [
              76.9625091,
              9.8576942
            ],
            [
              76.9625328,
              9.8576236
            ],
            [
              76.9624098,
              9.8575836
            ],
            [
              76.9623862,
              9.8576543
            ]
          ]
        ]
      }
    },
    {
      "type": "Feature",
      "id": 860145331,
      "properties": {
        "amenity": "restaurant",
        "building": "yes",
        "cuisine": "indian",
        "name": "Thaufeeq Hotel And Family Restaurant"
      },
      "geometry": {
        "type": "Polygon",
        "coordinates": [
          [
            [
              76.9628262,
              9.8570779
            ],
            [
              76.9628621,
              9.8571124
            ],
            [
              76.9629264,
              9.8571744
            ],
            [
              76.9628171,
              9.8572844
            ],
            [
              76.962717,
              9.8571879
            ],
            [
              76.9628262,
              9.8570779
            ]
          ]
        ]
      }
    },
    {
      "type": "Feature",
      "id": 860150819,
      "properties": {
        "building": "yes",
        "name": "Jesus Fish and Vegetable shop",
        "shop": "grocery"
      },
      "geometry": {
        "type": "Polygon",
        "coordinates": [
          [
            [
              76.9621525,
              9.8563441
            ],
            [
              76.9622638,
              9.8563006
            ],
            [
              76.9622349,
              9.8562256
            ],
            [
              76.9622196,
              9.8561857
            ],
            [
              76.9621313,
              9.8562379
            ],
            [
              76.9621525,
              9.8563441
            ]
          ]
        ]
      }
    },
    {
      "type": "Feature",
      "id": 860287235,
      "properties": {
        "addr:city": "Painavu",
        "addr:postcode": "685603",
        "addr:street": "Thodupuzha - Puliyanmala Road",
        "building": "yes",
        "government": "public_service",
        "name": "Office of the Assitant Engineer, Public Works Department, Electrical wing Section",
        "office": "government"
      },
      "geometry": {
        "type": "Polygon",
        "coordinates": [
          [
            [
              76.9470236,
              9.8514687
            ],
            [
              76.9470505,
              9.8513122
            ],
            [
              76.9473241,
              9.8513578
            ],
            [
              76.9472972,
              9.8515144
            ],
            [
              76.9470236,
              9.8514687
            ]
          ]
        ]
      }
    },
    {
      "type": "Feature",
      "id": 860287476,
      "properties": {
        "addr:city": "Painavu",
        "addr:postcode": "685603",
        "addr:street": "Thodupuzha - Puliyanmala Road",
        "building": "yes",
        "government": "public_service",
        "name": "Office of the Executive Engineer, Public Works Department, Roads Division",
        "office": "government"
      },
      "geometry": {
        "type": "Polygon",
        "coordinates": [
          [
            [
              76.947037,
              9.8520027
            ],
            [
              76.9469485,
              9.8519914
            ],
            [
              76.9469627,
              9.8519042
            ],
            [
              76.9469113,
              9.8518982
            ],
            [
              76.9469437,
              9.8517443
            ],
            [
              76.9469123,
              9.8517374
            ],
            [
              76.9469268,
              9.8516811
            ],
            [
              76.9469782,
              9.8516911
            ],
            [
              76.9469829,
              9.8516578
            ],
            [
              76.9470228,
              9.8516664
            ],
            [
              76.9470296,
              9.8516378
            ],
            [
              76.9471059,
              9.8516564
            ],
            [
              76.947037,
              9.8520027
            ]
          ]
        ]
      }
    },
    {
      "type": "Feature",
      "id": 860288718,
      "properties": {
        "addr:city": "Idukki",
        "addr:street": "Painavu",
        "building": "yes"
      },
      "geometry": {
        "type": "Polygon",
        "coordinates": [
          [
            [
              76.9472386,
              9.8517744
            ],
            [
              76.9472964,
              9.8517837
            ],
            [
              76.947324,
              9.8516177
            ],
            [
              76.9471511,
              9.8515898
            ],
            [
              76.9471359,
              9.851681
            ],
            [
              76.9471655,
              9.8516858
            ],
            [
              76.9471506,
              9.851775
            ],
            [
              76.9470911,
              9.8517654
            ],
            [
              76.9470836,
              9.8518104
            ],
            [
              76.9471452,
              9.8518203
            ],
            [
              76.9471107,
              9.8520272
            ],
            [
              76.9470939,
              9.8520245
            ],
            [
              76.9470924,
              9.8520335
            ],
            [
              76.947263,
              9.852061
            ],
            [
              76.9472714,
              9.8520105
            ],
            [
              76.9472013,
              9.8519992
            ],
            [
              76.9472386,
              9.8517744
            ]
          ]
        ]
      }
    },
    {
      "type": "Feature",
      "id": 860289136,
      "properties": {
        "addr:city": "Idukki",
        "addr:housenumber": "Painavu Branch",
        "addr:postcode": "685603",
        "addr:street": "Thodupuzha - Puliyanmala Road",
        "amenity": "bank",
        "atm": "yes",
        "brand": "State Bank of India",
        "brand:wikidata": "Q1340361",
        "brand:wikipedia": "en:State Bank of India",
        "building": "yes",
        "name": "State Bank of India"
      },
      "geometry": {
        "type": "Polygon",
        "coordinates": [
          [
            [
              76.9467601,
              9.8532633
            ],
            [
              76.946781,
              9.8531979
            ],
            [
              76.9467668,
              9.8531889
            ],
            [
              76.9467804,
              9.8531466
            ],
            [
              76.946871,
              9.8531747
            ],
            [
              76.9468802,
              9.853146
            ],
            [
              76.9469468,
              9.8531667
            ],
            [
              76.9469019,
              9.8533073
            ],
            [
              76.9467601,
              9.8532633
            ]
          ]
        ]
      }
    },
    {
      "type": "Feature",
      "id": 860290062,
      "properties": {
        "addr:city": "Painavu",
        "addr:postcode": "685603",
        "addr:street": "Thodupuzha - Puliyanmala Road",
        "building": "yes",
        "name": "Idukki District Government Employees and Pensioners Co-operative Society",
        "office": "ngo",
        "phone": "+91-4862-232568"
      },
      "geometry": {
        "type": "Polygon",
        "coordinates": [
          [
            [
              76.9466106,
              9.8536033
            ],
            [
              76.9466473,
              9.8534822
            ],
            [
              76.9467627,
              9.8535161
            ],
            [
              76.9467397,
              9.8535924
            ],
            [
              76.9466779,
              9.8535743
            ],
            [
              76.9466643,
              9.8536191
            ],
            [
              76.9466106,
              9.8536033
            ]
          ]
        ]
      }
    },
    {
      "type": "Feature",
      "id": 860290798,
      "properties": {
        "addr:city": "Painavu",
        "addr:postcode": "685603",
        "addr:street": "Manjappara-Painavu Road",
        "building": "yes",
        "government": "legislative",
        "name": "Office of the Joint Director of Co-operative Audit",
        "office": "government"
      },
      "geometry": {
        "type": "Polygon",
        "coordinates": [
          [
            [
              76.9463746,
              9.8540864
            ],
            [
              76.946434,
              9.8541564
            ],
            [
              76.9465689,
              9.8540453
            ],
            [
              76.9465095,
              9.8539753
            ],
            [
              76.9463746,
              9.8540864
            ]
          ]
        ]
      }
    },
    {
      "type": "Feature",
      "id": 860291095,
      "properties": {
        "addr:city": "Painavu",
        "addr:postcode": "685603",
        "addr:street": "Manjappara-Painavu Road",
        "building": "yes",
        "government": "administrative",
        "name": "Office of the Joint Registrar of Co-operative Societies(General)",
        "office": "government",
        "phone": "+91-4862-232394"
      },
      "geometry": {
        "type": "Polygon",
        "coordinates": [
          [
            [
              76.9467708,
              9.8541516
            ],
            [
              76.9468062,
              9.8542031
            ],
            [
              76.9468481,
              9.8542191
            ],
            [
              76.9469468,
              9.854142
            ],
            [
              76.9469258,
              9.8541159
            ],
            [
              76.9468939,
              9.8540695
            ],
            [
              76.9467708,
              9.8541516
            ]
          ]
        ]
      }
    },
    {
      "type": "Feature",
      "id": 860292326,
      "properties": {
        "addr:city": "Painavu",
        "addr:postcode": "685603",
        "addr:street": "Manjappara-Painavu Road",
        "building": "yes",
        "name": "BSNL Telephone Office",
        "office": "telecommunication",
        "phone": "+91-4862-232550"
      },
      "geometry": {
        "type": "Polygon",
        "coordinates": [
          [
            [
              76.9476357,
              9.8542928
            ],
            [
              76.9477061,
              9.854097
            ],
            [
              76.9478499,
              9.8541471
            ],
            [
              76.9477796,
              9.854343
            ],
            [
              76.9476357,
              9.8542928
            ]
          ]
        ]
      }
    },
    {
      "type": "Feature",
      "id": 860293739,
      "properties": {
        "addr:city": "Painavu",
        "addr:postcode": "685603",
        "addr:street": "Manjappara-Painavu Road",
        "building": "yes",
        "government": "legislative",
        "name": "Motor Transport Office",
        "office": "government"
      },
      "geometry": {
        "type": "Polygon",
        "coordinates": [
          [
            [
              76.9460957,
              9.8559587
            ],
            [
              76.9461609,
              9.8559654
            ],
            [
              76.9461501,
              9.8560674
            ],
            [
              76.9463824,
              9.8560914
            ],
            [
              76.9463951,
              9.8559724
            ],
            [
              76.9464892,
              9.8559821
            ],
            [
              76.946476,
              9.8561064
            ],
            [
              76.946411,
              9.8560997
            ],
            [
              76.9464032,
              9.8561729
            ],
            [
              76.9460386,
              9.8561353
            ],
            [
              76.9460465,
              9.8560607
            ],
            [
              76.9460844,
              9.8560647
            ],
            [
              76.9460957,
              9.8559587
            ]
          ]
        ]
      }
    },
    {
      "type": "Feature",
      "id": 860294876,
      "properties": {
        "addr:city": "Painavu",
        "addr:postcode": "685603",
        "addr:street": "Manjappara-Painavu Road",
        "building": "yes",
        "name": "Maveli Store",
        "operator": "Kerala State Civil Supplies Corporation Limited",
        "payment:cash": "yes",
        "shop": "general"
      },
      "geometry": {
        "type": "Polygon",
        "coordinates": [
          [
            [
              76.9470938,
              9.8553319
            ],
            [
              76.9470938,
              9.8552205
            ],
            [
              76.947189,
              9.8552205
            ],
            [
              76.947189,
              9.8553319
            ],
            [
              76.9470938,
              9.8553319
            ]
          ]
        ]
      }
    },
    {
      "type": "Feature",
      "id": 860296294,
      "properties": {
        "addr:city": "Vellappara, Idukki",
        "building": "residential",
        "name": "Forest Inspection Bungalow Vellappara",
        "tourism": "guest_house"
      },
      "geometry": {
        "type": "Polygon",
        "coordinates": [
          [
            [
              76.9570258,
              9.844833
            ],
            [
              76.9571856,
              9.8448658
            ],
            [
              76.9572306,
              9.8446533
            ],
            [
              76.9570708,
              9.8446204
            ],
            [
              76.9570258,
              9.844833
            ]
          ]
        ]
      }
    },
    {
      "type": "Feature",
      "id": 860296960,
      "properties": {
        "addr:city": "Painavu, Idukki",
        "addr:postcode": "685603",
        "building": "yes",
        "government": "legislative",
        "name": "Narcotic Cell Idukki",
        "office": "government"
      },
      "geometry": {
        "type": "Polygon",
        "coordinates": [
          [
            [
              76.9468425,
              9.8569038
            ],
            [
              76.946918,
              9.8568077
            ],
            [
              76.9470166,
              9.8568865
            ],
            [
              76.9469817,
              9.8569291
            ],
            [
              76.9469411,
              9.8569785
            ],
            [
              76.9468425,
              9.8569038
            ]
          ]
        ]
      }
    },
    {
      "type": "Feature",
      "id": 860297798,
      "properties": {
        "addr:city": "Painavu, Idukki",
        "building": "yes",
        "government": "yes",
        "name": "Office of the Deputy Superintendent of Police, District Crime Branch",
        "office": "government"
      },
      "geometry": {
        "type": "Polygon",
        "coordinates": [
          [
            [
              76.9473808,
              9.8570696
            ],
            [
              76.9473788,
              9.8569786
            ],
            [
              76.9474541,
              9.856977
            ],
            [
              76.9474561,
              9.857068
            ],
            [
              76.9473808,
              9.8570696
            ]
          ]
        ]
      }
    },
    {
      "type": "Feature",
      "id": 860298296,
      "properties": {
        "addr:city": "Painavu, Idukki",
        "building": "yes",
        "government": "legislative",
        "name": "District Fingerprint Bureau",
        "office": "government"
      },
      "geometry": {
        "type": "Polygon",
        "coordinates": [
          [
            [
              76.9474719,
              9.8574438
            ],
            [
              76.9474454,
              9.8573722
            ],
            [
              76.9475445,
              9.8573365
            ],
            [
              76.9475711,
              9.8574081
            ],
            [
              76.9474719,
              9.8574438
            ]
          ]
        ]
      }
    },
    {
      "type": "Feature",
      "id": 860319902,
      "properties": {
        "building": "yes",
        "guest_house": "student_accommodation",
        "name": "Govt. Engineering College Mens Hostel(annex)",
        "tourism": "hostel"
      },
      "geometry": {
        "type": "Polygon",
        "coordinates": [
          [
            [
              76.9478336,
              9.8543684
            ],
            [
              76.9480292,
              9.8544399
            ],
            [
              76.9483279,
              9.853647
            ],
            [
              76.9481324,
              9.8535755
            ],
            [
              76.9478336,
              9.8543684
            ]
          ]
        ]
      }
    },
    {
      "type": "Feature",
      "id": 860620236,
      "properties": {
        "addr:city": "Idukki",
        "addr:housenumber": "Taluk Office Idukki",
        "addr:postcode": "685602",
        "addr:street": "Cheruthoni P.O Vanchikkavala",
        "building": "yes",
        "name": "Taluk Office, Idukki",
        "office": "government"
      },
      "geometry": {
        "type": "Polygon",
        "coordinates": [
          [
            [
              76.9609286,
              9.8620818
            ],
            [
              76.9611353,
              9.8614067
            ],
            [
              76.9612005,
              9.8614924
            ],
            [
              76.9610917,
              9.8621569
            ],
            [
              76.9609286,
              9.8620818
            ]
          ]
        ]
      }
    },
    {
      "type": "Feature",
      "id": 862422622,
      "properties": {
        "addr:city": "Thadiyampadu, Idukki",
        "addr:housenumber": "Block Panchyath Building",
        "addr:postcode": "685602",
        "addr:street": "Thadiyampadu P O",
        "building": "yes",
        "government": "public_service",
        "name": "ICDS Idukki Project office",
        "name:en": "Office of the Child development project officer, Idukki project",
        "office": "government",
        "phone": "+91-4862236973"
      },
      "geometry": {
        "type": "Polygon",
        "coordinates": [
          [
            [
              76.9671265,
              9.8813259
            ],
            [
              76.9671197,
              9.8813804
            ],
            [
              76.9671964,
              9.8813914
            ],
            [
              76.9671955,
              9.8813261
            ],
            [
              76.9671265,
              9.8813259
            ]
          ]
        ]
      }
    },
    {
      "type": "Feature",
      "id": 862429270,
      "properties": {
        "addr:city": "Murickassery",
        "addr:postcode": "685604",
        "addr:street": "Murickassery PO",
        "amenity": "childcare",
        "building": "yes",
        "name": "Murickassery Anganavadi",
        "operator": "Government",
        "operator:type": "government"
      },
      "geometry": {
        "type": "Polygon",
        "coordinates": [
          [
            [
              77.006127,
              9.9108992
            ],
            [
              77.0060676,
              9.9108034
            ],
            [
              77.0062,
              9.9107237
            ],
            [
              77.0062594,
              9.9108194
            ],
            [
              77.006127,
              9.9108992
            ]
          ]
        ]
      }
    },
    {
      "type": "Feature",
      "id": 862440623,
      "properties": {
        "addr:housenumber": "School City",
        "addr:postcode": "685602",
        "addr:street": "Maniyarankudy P O",
        "building": "kindergarten",
        "name": "Kochuvazhathope Anganwadi Centre"
      },
      "geometry": {
        "type": "Polygon",
        "coordinates": [
          [
            [
              76.9451669,
              9.8908246
            ],
            [
              76.9452191,
              9.8907732
            ],
            [
              76.9450943,
              9.8906034
            ],
            [
              76.9450195,
              9.8906481
            ],
            [
              76.9450331,
              9.8906638
            ],
            [
              76.9451034,
              9.8907576
            ],
            [
              76.9451329,
              9.8907934
            ],
            [
              76.9451669,
              9.8908246
            ]
          ]
        ]
      }
    },
    {
      "type": "Feature",
      "id": 862442572,
      "properties": {
        "addr:city": "Maniyarankudy",
        "addr:housenumber": "Muslimpallicity",
        "addr:postcode": "685602",
        "addr:street": "maniyarankudy  P O",
        "building": "kindergarten",
        "name": "Maniyarankudy Anganwadi centre"
      },
      "geometry": {
        "type": "Polygon",
        "coordinates": [
          [
            [
              76.9401254,
              9.8955122
            ],
            [
              76.9401733,
              9.8954886
            ],
            [
              76.9401508,
              9.8954164
            ],
            [
              76.9400999,
              9.8954414
            ],
            [
              76.9401254,
              9.8955122
            ]
          ]
        ]
      }
    },
    {
      "type": "Feature",
      "id": 862456055,
      "properties": {
        "addr:city": "Thadiyampadu",
        "addr:postcode": "685602",
        "addr:street": "Mariapuram_Thadiyampadu road",
        "building": "kindergarten",
        "name": "Anganwadi, Madathumkadav"
      },
      "geometry": {
        "type": "Polygon",
        "coordinates": [
          [
            [
              76.9721069,
              9.8800677
            ],
            [
              76.9721202,
              9.8800612
            ],
            [
              76.9721111,
              9.8800343
            ],
            [
              76.972092,
              9.8800441
            ],
            [
              76.9721069,
              9.8800677
            ]
          ]
        ]
      }
    },
    {
      "type": "Feature",
      "id": 862954427,
      "properties": {
        "addr:city": "Narakakkanam",
        "addr:postcode": "685602",
        "addr:street": "Adimali - Kumily Highway",
        "building": "hospital",
        "healthcare:speciality": "general",
        "name": "Government Homeo Dispensary, Narakakkanam",
        "operator": "Government",
        "operator:type": "government"
      },
      "geometry": {
        "type": "Polygon",
        "coordinates": [
          [
            [
              76.9978915,
              9.8390481
            ],
            [
              76.9980041,
              9.8390851
            ],
            [
              76.9980899,
              9.8389714
            ],
            [
              76.9979692,
              9.8389133
            ],
            [
              76.9978915,
              9.8390481
            ]
          ]
        ]
      }
    },
    {
      "type": "Feature",
      "id": 863475519,
      "properties": {
        "addr:postcode": "685602",
        "addr:street": "Muvattupuzha - Theni Road",
        "building": "hospital",
        "name": "Primary Health Centre, Kamakshy"
      },
      "geometry": {
        "type": "Polygon",
        "coordinates": [
          [
            [
              77.0170739,
              9.8448021
            ],
            [
              77.0171289,
              9.8448248
            ],
            [
              77.017173,
              9.8447208
            ],
            [
              77.0171179,
              9.8446982
            ],
            [
              77.0170739,
              9.8448021
            ]
          ]
        ]
      }
    },
    {
      "type": "Feature",
      "id": 863476545,
      "properties": {
        "building": "hospital",
        "name": "Primary Health Centre Vazhathopu"
      },
      "geometry": {
        "type": "Polygon",
        "coordinates": [
          [
            [
              76.9327598,
              9.8949878
            ],
            [
              76.9327702,
              9.8950698
            ],
            [
              76.9328159,
              9.8950641
            ],
            [
              76.9328193,
              9.8950907
            ],
            [
              76.9328484,
              9.8950871
            ],
            [
              76.9328463,
              9.8950711
            ],
            [
              76.9328925,
              9.8950654
            ],
            [
              76.9328807,
              9.8949728
            ],
            [
              76.9327598,
              9.8949878
            ]
          ]
        ]
      }
    },
    {
      "type": "Feature",
      "id": 863664634,
      "properties": {
        "building": "hospital",
        "name": "Principal Office , Government medical College Idukki"
      },
      "geometry": {
        "type": "Polygon",
        "coordinates": [
          [
            [
              76.9609872,
              9.8463316
            ],
            [
              76.961019,
              9.8461952
            ],
            [
              76.9612251,
              9.8462418
            ],
            [
              76.9612389,
              9.846313
            ],
            [
              76.9613071,
              9.8463002
            ],
            [
              76.9613236,
              9.8463857
            ],
            [
              76.9612635,
              9.846397
            ],
            [
              76.9612781,
              9.8464725
            ],
            [
              76.961102,
              9.8466103
            ],
            [
              76.9610083,
              9.8464941
            ],
            [
              76.9611342,
              9.8463956
            ],
            [
              76.9611299,
              9.8463639
            ],
            [
              76.9609872,
              9.8463316
            ]
          ]
        ]
      }
    },
    {
      "type": "Feature",
      "id": 863804506,
      "properties": {
        "building": "yes",
        "club": "sport",
        "name": "Poornima Club",
        "sport": "badminton"
      },
      "geometry": {
        "type": "Polygon",
        "coordinates": [
          [
            [
              76.9472156,
              9.8561364
            ],
            [
              76.947319,
              9.8559886
            ],
            [
              76.9473731,
              9.8560153
            ],
            [
              76.9474015,
              9.8560632
            ],
            [
              76.9473021,
              9.856195
            ],
            [
              76.9472156,
              9.8561364
            ]
          ]
        ]
      }
    },
    {
      "type": "Feature",
      "id": 863804507,
      "properties": {
        "addr:city": "Painavu, Idukki",
        "addr:postcode": "685603",
        "addr:street": "Manjappara-Painavu Road",
        "building": "school",
        "name": "Government Upper Primary School, Painavu"
      },
      "geometry": {
        "type": "Polygon",
        "coordinates": [
          [
            [
              76.9468531,
              9.8560165
            ],
            [
              76.9469305,
              9.8558138
            ],
            [
              76.9469938,
              9.8558373
            ],
            [
              76.9470226,
              9.855762
            ],
            [
              76.9473315,
              9.8558767
            ],
            [
              76.9472642,
              9.8560529
            ],
            [
              76.9471799,
              9.8560216
            ],
            [
              76.9471411,
              9.8561232
            ],
            [
              76.9468531,
              9.8560165
            ]
          ]
        ]
      }
    },
    {
      "type": "Feature",
      "id": 863804508,
      "properties": {
        "building": "yes",
        "club": "sport",
        "name": "Poornima Club"
      },
      "geometry": {
        "type": "Polygon",
        "coordinates": [
          [
            [
              76.9472959,
              9.8562124
            ],
            [
              76.9474049,
              9.8560959
            ],
            [
              76.9475627,
              9.8562392
            ],
            [
              76.9474537,
              9.8563557
            ],
            [
              76.9472959,
              9.8562124
            ]
          ]
        ]
      }
    },
    {
      "type": "Feature",
      "id": 863808049,
      "properties": {
        "building": "yes",
        "name": "Annex Building of Men's Hostel",
        "tourism": "hostel"
      },
      "geometry": {
        "type": "Polygon",
        "coordinates": [
          [
            [
              76.9448928,
              9.8562916
            ],
            [
              76.9449433,
              9.8562975
            ],
            [
              76.9449614,
              9.8561487
            ],
            [
              76.9448746,
              9.8561385
            ],
            [
              76.9448615,
              9.8562464
            ],
            [
              76.9448978,
              9.8562506
            ],
            [
              76.9448928,
              9.8562916
            ]
          ]
        ]
      }
    },
    {
      "type": "Feature",
      "id": 864114817,
      "properties": {
        "addr:city": "idukki",
        "addr:housenumber": "kuyilimala",
        "addr:postcode": "685603",
        "addr:street": "painavu",
        "building": "yes",
        "government": "civil_supplies",
        "name": "District supply office idukki",
        "office": "government",
        "opening_hours": "Mo-Sa 10:00-17:00",
        "phone": "+91-4862232321"
      },
      "geometry": {
        "type": "Polygon",
        "coordinates": [
          [
            [
              76.9419808,
              9.8472654
            ],
            [
              76.9420283,
              9.8472463
            ],
            [
              76.9420154,
              9.8472189
            ],
            [
              76.9419686,
              9.8472372
            ],
            [
              76.9419808,
              9.8472654
            ]
          ]
        ]
      }
    },
    {
      "type": "Feature",
      "id": 864199554,
      "properties": {
        "building": "yes",
        "building:levels": "1",
        "name": "Glps Chelachuvadu"
      },
      "geometry": {
        "type": "Polygon",
        "coordinates": [
          [
            [
              76.962653,
              9.9193285
            ],
            [
              76.9627885,
              9.9193305
            ],
            [
              76.9627442,
              9.9191694
            ],
            [
              76.962653,
              9.9193285
            ]
          ]
        ]
      }
    },
    {
      "type": "Feature",
      "id": 865270936,
      "properties": {
        "addr:city": "idukki",
        "addr:housenumber": "kuyilimala",
        "addr:postcode": "685603",
        "addr:street": "painavu",
        "building": "yes",
        "government": "government",
        "name": "District supply office idukki",
        "office": "government",
        "opening_hours": "Mo-Sa 10:00-17:00",
        "phone": "+91-4862-232321"
      },
      "geometry": {
        "type": "Polygon",
        "coordinates": [
          [
            [
              76.9421133,
              9.8478363
            ],
            [
              76.9421527,
              9.8478226
            ],
            [
              76.9421855,
              9.8479131
            ],
            [
              76.9421473,
              9.847927
            ],
            [
              76.9421133,
              9.8478363
            ]
          ]
        ]
      }
    },
    {
      "type": "Feature",
      "id": 866588234,
      "properties": {
        "addr:city": "Murickassery",
        "addr:housenumber": "Murickassery po",
        "addr:postcode": "685604",
        "addr:street": "Murickassery",
        "building": "hospital",
        "description": "Outpatient Treatment only",
        "email": "ghdvathikudy@kerala.gov.in",
        "healthcare:speciality": "general",
        "name": "Government Homeo Dispensary Murickassery",
        "operator": "Government",
        "operator:type": "government"
      },
      "geometry": {
        "type": "Polygon",
        "coordinates": [
          [
            [
              77.0096106,
              9.9075678
            ],
            [
              77.0095982,
              9.9073749
            ],
            [
              77.0097187,
              9.9073673
            ],
            [
              77.0097311,
              9.9075603
            ],
            [
              77.0096106,
              9.9075678
            ]
          ]
        ]
      }
    },
    {
      "type": "Feature",
      "id": 867023778,
      "properties": {
        "building": "school"
      },
      "geometry": {
        "type": "Polygon",
        "coordinates": [
          [
            [
              76.9823914,
              9.8468414
            ],
            [
              76.982547,
              9.8468407
            ],
            [
              76.9827029,
              9.8468401
            ],
            [
              76.9827024,
              9.846726
            ],
            [
              76.9823909,
              9.8467273
            ],
            [
              76.9823914,
              9.8468414
            ]
          ]
        ]
      }
    },
    {
      "type": "Feature",
      "id": 867023779,
      "properties": {
        "building": "school"
      },
      "geometry": {
        "type": "Polygon",
        "coordinates": [
          [
            [
              76.9820509,
              9.846574
            ],
            [
              76.9820828,
              9.8465617
            ],
            [
              76.9821133,
              9.8465535
            ],
            [
              76.9820827,
              9.8464569
            ],
            [
              76.9822865,
              9.8463845
            ],
            [
              76.9823079,
              9.8464431
            ],
            [
              76.9823926,
              9.8464131
            ],
            [
              76.9823529,
              9.8463041
            ],
            [
              76.9819993,
              9.8464277
            ],
            [
              76.9820509,
              9.846574
            ]
          ]
        ]
      }
    },
    {
      "type": "Feature",
      "id": 867023780,
      "properties": {
        "building": "school",
        "name": "New"
      },
      "geometry": {
        "type": "Polygon",
        "coordinates": [
          [
            [
              76.9823914,
              9.8468414
            ],
            [
              76.982547,
              9.8468407
            ],
            [
              76.9827029,
              9.8468401
            ],
            [
              76.9827024,
              9.846726
            ],
            [
              76.9823909,
              9.8467273
            ],
            [
              76.9823914,
              9.8468414
            ]
          ]
        ]
      }
    },
    {
      "type": "Feature",
      "id": 867023782,
      "properties": {
        "building": "yes",
        "name": "St Mathews convent Idukki"
      },
      "geometry": {
        "type": "Polygon",
        "coordinates": [
          [
            [
              76.9824462,
              9.8464442
            ],
            [
              76.9825107,
              9.8464202
            ],
            [
              76.9825005,
              9.8463937
            ],
            [
              76.982543,
              9.8463778
            ],
            [
              76.9825687,
              9.8464446
            ],
            [
              76.982634,
              9.8464202
            ],
            [
              76.9825884,
              9.8463261
            ],
            [
              76.9825762,
              9.8463012
            ],
            [
              76.9824991,
              9.8463188
            ],
            [
              76.9824645,
              9.8462348
            ],
            [
              76.9823807,
              9.8462738
            ],
            [
              76.9824462,
              9.8464442
            ]
          ]
        ]
      }
    },
    {
      "type": "Feature",
      "id": 873046670,
      "properties": {
        "addr:city": "Murickassery",
        "addr:postcode": "685604",
        "addr:street": "Murickassery PO",
        "building": "school",
        "height": "0",
        "name": "St.Marys UP School Murickassery"
      },
      "geometry": {
        "type": "Polygon",
        "coordinates": [
          [
            [
              77.0063476,
              9.9098604
            ],
            [
              77.0066236,
              9.9102013
            ],
            [
              77.006326,
              9.910435
            ],
            [
              77.0060501,
              9.910094
            ],
            [
              77.0063476,
              9.9098604
            ]
          ]
        ]
      }
    },
    {
      "type": "Feature",
      "id": 873046672,
      "properties": {
        "addr:city": "Murickassery",
        "addr:postcode": "685604",
        "addr:street": "Murickassery PO",
        "building": "school",
        "building:levels": "3",
        "name": "St.Mary's High School Murickassery"
      },
      "geometry": {
        "type": "Polygon",
        "coordinates": [
          [
            [
              77.0060269,
              9.9100878
            ],
            [
              77.0061545,
              9.90999
            ],
            [
              77.005878,
              9.9096398
            ],
            [
              77.0057503,
              9.9097377
            ],
            [
              77.0060269,
              9.9100878
            ]
          ]
        ]
      }
    },
    {
      "type": "Feature",
      "id": 873046673,
      "properties": {
        "building": "school",
        "name": "St.Mary's Higher Secondary School Murickassery"
      },
      "geometry": {
        "type": "Polygon",
        "coordinates": [
          [
            [
              77.0059663,
              9.9095163
            ],
            [
              77.0060947,
              9.9094124
            ],
            [
              77.0063466,
              9.9097147
            ],
            [
              77.0062181,
              9.9098185
            ],
            [
              77.0059663,
              9.9095163
            ]
          ]
        ]
      }
    },
    {
      "type": "Feature",
      "id": 875057626,
      "properties": {
        "addr:city": "Idukki",
        "addr:housenumber": "Kuyilumala",
        "addr:postcode": "685603",
        "addr:street": "Painavu",
        "building": "yes",
        "name": "District Medical Office Indian Systems of Medicine",
        "office": "government"
      },
      "geometry": {
        "type": "Polygon",
        "coordinates": [
          [
            [
              76.9420485,
              9.8478532
            ],
            [
              76.9420859,
              9.8479418
            ],
            [
              76.9420473,
              9.8479576
            ],
            [
              76.94201,
              9.8478689
            ],
            [
              76.9420485,
              9.8478532
            ]
          ]
        ]
      }
    },
    {
      "type": "Feature",
      "id": 893246098,
      "properties": {
        "addr:postcode": "685606",
        "building": "temple",
        "building:levels": "1",
        "name": "keerithodu sivaparvathy temple"
      },
      "geometry": {
        "type": "Polygon",
        "coordinates": [
          [
            [
              76.9645639,
              9.9384136
            ],
            [
              76.9645833,
              9.9383855
            ],
            [
              76.9645656,
              9.9383543
            ],
            [
              76.9645339,
              9.9383835
            ],
            [
              76.9645639,
              9.9384136
            ]
          ]
        ]
      }
    },
    {
      "type": "Feature",
      "id": 895470588,
      "properties": {
        "building": "yes",
        "name": "SABS Convent, Mariyapuram",
        "place_of_worship": "chapel"
      },
      "geometry": {
        "type": "Polygon",
        "coordinates": [
          [
            [
              76.9873629,
              9.8577858
            ],
            [
              76.9873931,
              9.8577335
            ],
            [
              76.9873273,
              9.8576967
            ],
            [
              76.9874077,
              9.8575575
            ],
            [
              76.9876013,
              9.857666
            ],
            [
              76.9875584,
              9.8577403
            ],
            [
              76.9875065,
              9.8577112
            ],
            [
              76.9874388,
              9.8578284
            ],
            [
              76.9873629,
              9.8577858
            ]
          ]
        ]
      }
    },
    {
      "type": "Feature",
      "id": 895471431,
      "properties": {
        "building": "yes",
        "name": "Convent Hostel",
        "operator:type": "private"
      },
      "geometry": {
        "type": "Polygon",
        "coordinates": [
          [
            [
              76.9871242,
              9.8577918
            ],
            [
              76.9872448,
              9.8578597
            ],
            [
              76.9872856,
              9.8577893
            ],
            [
              76.9871649,
              9.8577214
            ],
            [
              76.9871242,
              9.8577918
            ]
          ]
        ]
      }
    },
    {
      "type": "Feature",
      "id": 895473282,
      "properties": {
        "building": "yes",
        "name": "St Mary's Church Priest House, Mariyapuram",
        "operator:type": "private"
      },
      "geometry": {
        "type": "Polygon",
        "coordinates": [
          [
            [
              76.9852357,
              9.8581567
            ],
            [
              76.9852925,
              9.8582578
            ],
            [
              76.9854954,
              9.8581472
            ],
            [
              76.9854387,
              9.8580462
            ],
            [
              76.9852357,
              9.8581567
            ]
          ]
        ]
      }
    },
    {
      "type": "Feature",
      "id": 895480910,
      "properties": {
        "building": "yes",
        "name": "Oledath Stores, Mariyapuram"
      },
      "geometry": {
        "type": "Polygon",
        "coordinates": [
          [
            [
              76.9869877,
              9.856845
            ],
            [
              76.9870195,
              9.8568652
            ],
            [
              76.9870752,
              9.8567789
            ],
            [
              76.9870422,
              9.8567587
            ],
            [
              76.9869877,
              9.856845
            ]
          ]
        ]
      }
    },
    {
      "type": "Feature",
      "id": 895480911,
      "properties": {
        "amenity": "bank",
        "building": "yes",
        "name": "Co-operative Bank, Mariyapuram",
        "operator:type": "public/government"
      },
      "geometry": {
        "type": "Polygon",
        "coordinates": [
          [
            [
              76.9871387,
              9.8566245
            ],
            [
              76.9871735,
              9.8566661
            ],
            [
              76.9872248,
              9.856617
            ],
            [
              76.9871855,
              9.8565783
            ],
            [
              76.9871387,
              9.8566245
            ]
          ]
        ]
      }
    },
    {
      "type": "Feature",
      "id": 895481242,
      "properties": {
        "amenity": "place_of_worship",
        "building": "yes",
        "name": "St Mary's"
      },
      "geometry": {
        "type": "Polygon",
        "coordinates": [
          [
            [
              76.987311,
              9.8564987
            ],
            [
              76.9873718,
              9.8565202
            ],
            [
              76.9873915,
              9.8564663
            ],
            [
              76.9873307,
              9.8564448
            ],
            [
              76.987311,
              9.8564987
            ]
          ]
        ]
      }
    },
    {
      "type": "Feature",
      "id": 895487048,
      "properties": {
        "building": "yes"
      },
      "geometry": {
        "type": "Polygon",
        "coordinates": [
          [
            [
              76.9888413,
              9.8563225
            ],
            [
              76.9888244,
              9.856254
            ],
            [
              76.9889522,
              9.8562233
            ],
            [
              76.9889481,
              9.8562968
            ],
            [
              76.9888413,
              9.8563225
            ]
          ]
        ]
      }
    },
    {
      "type": "Feature",
      "id": 895490914,
      "properties": {
        "addr:postcode": "685602",
        "addr:street": "Muvattupuzha - Theni Road",
        "building": "yes",
        "government": "register_office",
        "name": "Sub-Registrar Office, Idukki",
        "office": "government"
      },
      "geometry": {
        "type": "Polygon",
        "coordinates": [
          [
            [
              76.9815369,
              9.8478407
            ],
            [
              76.9815822,
              9.8478727
            ],
            [
              76.9816199,
              9.8478208
            ],
            [
              76.9815746,
              9.8477888
            ],
            [
              76.9815369,
              9.8478407
            ]
          ]
        ]
      }
    },
    {
      "type": "Feature",
      "id": 897946627,
      "properties": {
        "addr:postcode": "685602",
        "addr:street": "Karimban",
        "building": "yes"
      },
      "geometry": {
        "type": "Polygon",
        "coordinates": [
          [
            [
              76.9720806,
              9.8933027
            ],
            [
              76.9722469,
              9.8932948
            ],
            [
              76.9721798,
              9.8930569
            ],
            [
              76.9720028,
              9.8930569
            ],
            [
              76.9720806,
              9.8933027
            ]
          ]
        ]
      }
    },
    {
      "type": "Feature",
      "id": 897987593,
      "properties": {
        "addr:city": "MARIYAPURAM",
        "addr:postcode": "685602",
        "addr:street": "Mariapuram Thadiyampadu road",
        "amenity": "internet_cafe",
        "building": "yes",
        "email": "akshayaidk137@gmail.com",
        "internet_access": "yes",
        "internet_access:fee": "yes",
        "name": "Akshaya Centre, Mariyapuram",
        "operator:type": "public",
        "phone": "+91-6238752799",
        "ref": "IDK137",
        "smoking": "no"
      },
      "geometry": {
        "type": "Polygon",
        "coordinates": [
          [
            [
              76.9877441,
              9.8563946
            ],
            [
              76.987786,
              9.8563947
            ],
            [
              76.9877846,
              9.8563451
            ],
            [
              76.9877446,
              9.8563451
            ],
            [
              76.9877441,
              9.856371
            ],
            [
              76.9877441,
              9.8563946
            ]
          ]
        ]
      }
    },
    {
      "type": "Feature",
      "id": 899109811,
      "properties": {
        "addr:city": "Thadiyampadu",
        "addr:postcode": "685602",
        "addr:street": "Mariapuram Thadiyampadu road",
        "amenity": "internet_cafe",
        "building": "yes",
        "internet_access": "yes",
        "internet_access:fee": "customers",
        "name": "Akshaya Centre, Madathumkadavu",
        "operator": "Lenimole Samuel",
        "operator:type": "government_facility-public",
        "phone": "+91-9544811886",
        "ref": "IDK069",
        "website": "https://www.akshaya.kerala.gov.in/"
      },
      "geometry": {
        "type": "Polygon",
        "coordinates": [
          [
            [
              76.9708654,
              9.8792391
            ],
            [
              76.9709969,
              9.8793263
            ],
            [
              76.9710934,
              9.8791546
            ],
            [
              76.9709915,
              9.8790674
            ],
            [
              76.9709432,
              9.8791097
            ],
            [
              76.9709164,
              9.8791784
            ],
            [
              76.9708654,
              9.8792391
            ]
          ]
        ]
      }
    },
    {
      "type": "Feature",
      "id": 923851921,
      "properties": {
        "addr:city": "Murickassery",
        "addr:street": "Murickassery",
        "building": "college",
        "name": "Pavanatma College Murickassery"
      },
      "geometry": {
        "type": "Polygon",
        "coordinates": [
          [
            [
              77.0156793,
              9.9115194
            ],
            [
              77.0159938,
              9.9113964
            ],
            [
              77.0158128,
              9.9108022
            ],
            [
              77.0154768,
              9.9108998
            ],
            [
              77.0156793,
              9.9115194
            ]
          ]
        ]
      }
    },
    {
      "type": "Feature",
      "id": 923851923,
      "properties": {
        "addr:city": "Murickassery",
        "addr:street": "Murickassery",
        "building": "college",
        "name": "Pavanatma College,Murickassery"
      },
      "geometry": {
        "type": "Polygon",
        "coordinates": [
          [
            [
              77.0150297,
              9.9116722
            ],
            [
              77.0149309,
              9.9112627
            ],
            [
              77.0153299,
              9.9111694
            ],
            [
              77.0154286,
              9.9115789
            ],
            [
              77.0150297,
              9.9116722
            ]
          ]
        ]
      }
    },
    {
      "type": "Feature",
      "id": 923851924,
      "properties": {
        "addr:city": "Murickassery",
        "addr:street": "Murickassery",
        "building": "college",
        "name": "Pavanatma College Murickassery"
      },
      "geometry": {
        "type": "Polygon",
        "coordinates": [
          [
            [
              77.0150546,
              9.9112096
            ],
            [
              77.015494,
              9.9110653
            ],
            [
              77.0154294,
              9.9108828
            ],
            [
              77.0149943,
              9.9110314
            ],
            [
              77.0150546,
              9.9112096
            ]
          ]
        ]
      }
    },
    {
      "type": "Feature",
      "id": 926486007,
      "properties": {
        "amenity": "library",
        "building": "yes",
        "name": "New Janatha Public Library, Karikkinmedu"
      },
      "geometry": {
        "type": "Polygon",
        "coordinates": [
          [
            [
              77.0195477,
              9.8665443
            ],
            [
              77.0195315,
              9.8664889
            ],
            [
              77.0196093,
              9.8664532
            ],
            [
              77.0196363,
              9.8665139
            ],
            [
              77.0195477,
              9.8665443
            ]
          ]
        ]
      }
    },
    {
      "type": "Feature",
      "id": 927747119,
      "properties": {
        "amenity": "community_centre",
        "building": "yes",
        "name": "Community Hall, Erukkooty"
      },
      "geometry": {
        "type": "Polygon",
        "coordinates": [
          [
            [
              77.0175468,
              9.8570682
            ],
            [
              77.0175993,
              9.8571004
            ],
            [
              77.01766,
              9.8569773
            ],
            [
              77.0176028,
              9.8569463
            ],
            [
              77.0175468,
              9.8570682
            ]
          ]
        ]
      }
    },
    {
      "type": "Feature",
      "id": 928104614,
      "properties": {
        "addr:postcode": "685602",
        "addr:street": "Muvattupuzha - Theni Road",
        "amenity": "childcare",
        "building": "yes",
        "name": "Anganawady, Ettikavala"
      },
      "geometry": {
        "type": "Polygon",
        "coordinates": [
          [
            [
              77.0176538,
              9.8443006
            ],
            [
              77.01769,
              9.8443653
            ],
            [
              77.0177973,
              9.8443178
            ],
            [
              77.0177598,
              9.8442464
            ],
            [
              77.0176538,
              9.8443006
            ]
          ]
        ]
      }
    },
    {
      "type": "Feature",
      "id": 928107087,
      "properties": {
        "building": "yes",
        "name": "Ration Shop, Ettikavala"
      },
      "geometry": {
        "type": "Polygon",
        "coordinates": [
          [
            [
              77.0175203,
              9.844396
            ],
            [
              77.0175406,
              9.8444213
            ],
            [
              77.0175291,
              9.8444291
            ],
            [
              77.0175557,
              9.8444631
            ],
            [
              77.0176123,
              9.8444256
            ],
            [
              77.0175716,
              9.8443672
            ],
            [
              77.0175203,
              9.844396
            ]
          ]
        ]
      }
    },
    {
      "type": "Feature",
      "id": 928108908,
      "properties": {
        "addr:postcode": "685602",
        "addr:street": "Muvattupuzha - Theni Road",
        "amenity": "community_centre",
        "building": "yes",
        "name": "Community Hall, Ettikavala"
      },
      "geometry": {
        "type": "Polygon",
        "coordinates": [
          [
            [
              77.0171356,
              9.844647
            ],
            [
              77.0171928,
              9.8446907
            ],
            [
              77.0172453,
              9.844624
            ],
            [
              77.0171881,
              9.8445803
            ],
            [
              77.0171356,
              9.844647
            ]
          ]
        ]
      }
    },
    {
      "type": "Feature",
      "id": 928111787,
      "properties": {
        "addr:city": "Mariyapuram",
        "addr:postcode": "685609",
        "addr:street": "Thankamany Road",
        "amenity": "childcare",
        "building": "yes",
        "name": "Sanjos Nursery"
      },
      "geometry": {
        "type": "Polygon",
        "coordinates": [
          [
            [
              77.0066018,
              9.8547752
            ],
            [
              77.0066509,
              9.8548224
            ],
            [
              77.0067408,
              9.8547637
            ],
            [
              77.0066859,
              9.854705
            ],
            [
              77.0066018,
              9.8547752
            ]
          ]
        ]
      }
    },
    {
      "type": "Feature",
      "id": 932566962,
      "properties": {
        "building": "yes"
      },
      "geometry": {
        "type": "Polygon",
        "coordinates": [
          [
            [
              77.007744,
              9.8551935
            ],
            [
              77.0079121,
              9.855188
            ],
            [
              77.0079086,
              9.8550866
            ],
            [
              77.0077406,
              9.8550921
            ],
            [
              77.007744,
              9.8551935
            ]
          ]
        ]
      }
    },
    {
      "type": "Feature",
      "id": 932894389,
      "properties": {
        "amenity": "childcare",
        "building": "yes",
        "name": "Anganwady,Erukootty"
      },
      "geometry": {
        "type": "Polygon",
        "coordinates": [
          [
            [
              77.0165091,
              9.8563086
            ],
            [
              77.0166177,
              9.8562848
            ],
            [
              77.0165896,
              9.8561896
            ],
            [
              77.0164903,
              9.8561976
            ],
            [
              77.0165091,
              9.8563086
            ]
          ]
        ]
      }
    },
    {
      "type": "Feature",
      "id": 932897182,
      "properties": {
        "building": "yes",
        "club": "sport",
        "name": "Priyardarshni Arts And Sports Club"
      },
      "geometry": {
        "type": "Polygon",
        "coordinates": [
          [
            [
              77.0178339,
              9.8571138
            ],
            [
              77.0178928,
              9.8572059
            ],
            [
              77.017962,
              9.8571659
            ],
            [
              77.0179091,
              9.8570738
            ],
            [
              77.0178339,
              9.8571138
            ]
          ]
        ]
      }
    },
    {
      "type": "Feature",
      "id": 937537108,
      "properties": {
        "building": "apartments"
      },
      "geometry": {
        "type": "Polygon",
        "coordinates": [
          [
            [
              76.9961603,
              9.8523817
            ],
            [
              76.9961889,
              9.8523817
            ],
            [
              76.996213,
              9.8522948
            ],
            [
              76.9961755,
              9.8522961
            ],
            [
              76.9961603,
              9.8523817
            ]
          ]
        ]
      }
    },
    {
      "type": "Feature",
      "id": 937544173,
      "properties": {
        "amenity": "childcare",
        "building": "yes",
        "name": "Anganwady,Millumpady"
      },
      "geometry": {
        "type": "Polygon",
        "coordinates": [
          [
            [
              76.9976888,
              9.84833
            ],
            [
              76.9977489,
              9.8483678
            ],
            [
              76.9977786,
              9.8483221
            ],
            [
              76.9977526,
              9.8483038
            ],
            [
              76.9977266,
              9.8482854
            ],
            [
              76.9977086,
              9.8483066
            ],
            [
              76.997705,
              9.8483108
            ],
            [
              76.9976974,
              9.8483199
            ],
            [
              76.9976888,
              9.84833
            ]
          ]
        ]
      }
    },
    {
      "type": "Feature",
      "id": 937549617,
      "properties": {
        "addr:street": "Muvattupuzha - Theni Road",
        "amenity": "childcare",
        "building": "yes",
        "name": "Anganwady, Oledathukavala"
      },
      "geometry": {
        "type": "Polygon",
        "coordinates": [
          [
            [
              76.9966138,
              9.8566444
            ],
            [
              76.9966492,
              9.8566573
            ],
            [
              76.9966641,
              9.8566316
            ],
            [
              76.9966315,
              9.856616
            ],
            [
              76.9966138,
              9.8566444
            ]
          ]
        ]
      }
    },
    {
      "type": "Feature",
      "id": 937706914,
      "properties": {
        "amenity": "childcare",
        "building": "yes",
        "name": "Anganwady,Mariyapuram"
      },
      "geometry": {
        "type": "Polygon",
        "coordinates": [
          [
            [
              76.9813278,
              9.8667817
            ],
            [
              76.9815038,
              9.8669039
            ],
            [
              76.9815578,
              9.8668285
            ],
            [
              76.9813819,
              9.8667062
            ],
            [
              76.9813278,
              9.8667817
            ]
          ]
        ]
      }
    },
    {
      "type": "Feature",
      "id": 938121141,
      "properties": {
        "amenity": "childcare",
        "building": "yes",
        "name": "Anganwady, Karikkintholam"
      },
      "geometry": {
        "type": "Polygon",
        "coordinates": [
          [
            [
              76.9988634,
              9.8710467
            ],
            [
              76.9989469,
              9.8710671
            ],
            [
              76.9989661,
              9.870991
            ],
            [
              76.9988827,
              9.8709705
            ],
            [
              76.9988634,
              9.8710467
            ]
          ]
        ]
      }
    },
    {
      "type": "Feature",
      "id": 938124495,
      "properties": {
        "amenity": "childcare",
        "building": "yes",
        "name": "Angannwady,Vimalagiri"
      },
      "geometry": {
        "type": "Polygon",
        "coordinates": [
          [
            [
              76.9795859,
              9.8841739
            ],
            [
              76.9796505,
              9.8841799
            ],
            [
              76.9796541,
              9.884115
            ],
            [
              76.9795895,
              9.8841162
            ],
            [
              76.9795859,
              9.8841739
            ]
          ]
        ]
      }
    },
    {
      "type": "Feature",
      "id": 938126390,
      "properties": {
        "amenity": "childcare",
        "building": "yes",
        "name": "Anganwady, EL city"
      },
      "geometry": {
        "type": "Polygon",
        "coordinates": [
          [
            [
              76.9909082,
              9.8731579
            ],
            [
              76.9909643,
              9.8731591
            ],
            [
              76.990963,
              9.8731014
            ],
            [
              76.9909082,
              9.8731026
            ],
            [
              76.9909082,
              9.8731579
            ]
          ]
        ]
      }
    },
    {
      "type": "Feature",
      "id": 938129093,
      "properties": {
        "addr:street": "Idukki-Neriyamangalam Road",
        "amenity": "childcare",
        "building": "yes",
        "name": "Anganwady, Kuthirakkallu"
      },
      "geometry": {
        "type": "Polygon",
        "coordinates": [
          [
            [
              76.9692227,
              9.8643952
            ],
            [
              76.9693085,
              9.8644349
            ],
            [
              76.9693528,
              9.8643477
            ],
            [
              76.9692696,
              9.864308
            ],
            [
              76.9692227,
              9.8643952
            ]
          ]
        ]
      }
    },
    {
      "type": "Feature",
      "id": 938131028,
      "properties": {
        "building": "yes",
        "government": "social_services"
      },
      "geometry": {
        "type": "Polygon",
        "coordinates": [
          [
            [
              76.9691248,
              9.8647044
            ],
            [
              76.9691972,
              9.8647018
            ],
            [
              76.9691824,
              9.864493
            ],
            [
              76.9691154,
              9.8644943
            ],
            [
              76.9691248,
              9.8647044
            ]
          ]
        ]
      }
    },
    {
      "type": "Feature",
      "id": 941905970,
      "properties": {
        "building": "commercial"
      },
      "geometry": {
        "type": "Polygon",
        "coordinates": [
          [
            [
              76.9794574,
              9.8841755
            ],
            [
              76.9794987,
              9.8842562
            ],
            [
              76.9795884,
              9.8842003
            ],
            [
              76.9795484,
              9.8841141
            ],
            [
              76.9794574,
              9.8841755
            ]
          ]
        ]
      }
    },
    {
      "type": "Feature",
      "id": 941906910,
      "properties": {
        "addr:street": "New mount-Thottikada Road",
        "amenity": "childcare",
        "building": "yes",
        "name": "Anganwady, Newmount"
      },
      "geometry": {
        "type": "Polygon",
        "coordinates": [
          [
            [
              76.9930296,
              9.8846658
            ],
            [
              76.9930955,
              9.8847282
            ],
            [
              76.9931845,
              9.8846597
            ],
            [
              76.9931174,
              9.8845985
            ],
            [
              76.9930296,
              9.8846658
            ]
          ]
        ]
      }
    },
    {
      "type": "Feature",
      "id": 942232677,
      "properties": {
        "building": "yes"
      },
      "geometry": {
        "type": "Polygon",
        "coordinates": [
          [
            [
              76.9792512,
              9.884135
            ],
            [
              76.9793207,
              9.8842142
            ],
            [
              76.9793804,
              9.8841734
            ],
            [
              76.9793115,
              9.8840914
            ],
            [
              76.9792512,
              9.884135
            ]
          ]
        ]
      }
    },
    {
      "type": "Feature",
      "id": 942241977,
      "properties": {
        "building": "yes"
      },
      "geometry": {
        "type": "Polygon",
        "coordinates": [
          [
            [
              76.9779395,
              9.8994785
            ],
            [
              76.9780345,
              9.8994721
            ],
            [
              76.9780103,
              9.8992899
            ],
            [
              76.9779138,
              9.8992883
            ],
            [
              76.9779395,
              9.8994785
            ]
          ]
        ]
      }
    },
    {
      "type": "Feature",
      "id": 942304611,
      "properties": {
        "amenity": "childcare",
        "building": "yes",
        "name": "Anganwady, Karisseripadi"
      },
      "geometry": {
        "type": "Polygon",
        "coordinates": [
          [
            [
              76.9847367,
              9.9022497
            ],
            [
              76.9847898,
              9.9023121
            ],
            [
              76.9848701,
              9.9022459
            ],
            [
              76.984817,
              9.9021834
            ],
            [
              76.9847367,
              9.9022497
            ]
          ]
        ]
      }
    },
    {
      "type": "Feature",
      "id": 942306043,
      "properties": {
        "addr:street": "Kumarakom \u2013 Cumbammettu \u2013 Cumbam Road",
        "amenity": "childcare",
        "building": "yes",
        "name": "Anganwady, Chalicity"
      },
      "geometry": {
        "type": "Polygon",
        "coordinates": [
          [
            [
              76.9882355,
              9.8926083
            ],
            [
              76.9883162,
              9.8926041
            ],
            [
              76.9883156,
              9.8925534
            ],
            [
              76.9882339,
              9.8925555
            ],
            [
              76.9882355,
              9.8926083
            ]
          ]
        ]
      }
    },
    {
      "type": "Feature",
      "id": 942309096,
      "properties": {
        "building": "yes"
      },
      "geometry": {
        "type": "Polygon",
        "coordinates": [
          [
            [
              76.9913751,
              9.8944895
            ],
            [
              76.9914784,
              9.894545
            ],
            [
              76.9915615,
              9.8944142
            ],
            [
              76.9914502,
              9.8943693
            ],
            [
              76.9913751,
              9.8944895
            ]
          ]
        ]
      }
    },
    {
      "type": "Feature",
      "id": 942314717,
      "properties": {
        "addr:street": "Kumarakom \u2013 Cumbammettu \u2013 Cumbam Road",
        "amenity": "community_centre",
        "building": "yes",
        "name": "Community Hall, Chalicity"
      },
      "geometry": {
        "type": "Polygon",
        "coordinates": [
          [
            [
              76.9915703,
              9.8935894
            ],
            [
              76.9916242,
              9.8935951
            ],
            [
              76.9916227,
              9.8936241
            ],
            [
              76.9915707,
              9.8936214
            ],
            [
              76.9915703,
              9.8935894
            ]
          ]
        ]
      }
    },
    {
      "type": "Feature",
      "id": 949558968,
      "properties": {
        "addr:street": "upputhodu",
        "amenity": "childcare",
        "building": "yes",
        "name": "Anganwady,Upputhodu"
      },
      "geometry": {
        "type": "Polygon",
        "coordinates": [
          [
            [
              77.0029066,
              9.8829014
            ],
            [
              77.002953,
              9.8829302
            ],
            [
              77.0029895,
              9.8828413
            ],
            [
              77.0029481,
              9.8828245
            ],
            [
              77.0029066,
              9.8829014
            ]
          ]
        ]
      }
    },
    {
      "type": "Feature",
      "id": 949563064,
      "properties": {
        "addr:postcode": "685604",
        "addr:street": "Karimban- Prakash Road",
        "amenity": "childcare",
        "building": "yes",
        "name": "Anganwady, Chittadikavala"
      },
      "geometry": {
        "type": "Polygon",
        "coordinates": [
          [
            [
              77.0091501,
              9.8825783
            ],
            [
              77.0092159,
              9.8825759
            ],
            [
              77.009211,
              9.882523
            ],
            [
              77.0091452,
              9.8825266
            ],
            [
              77.0091501,
              9.8825783
            ]
          ]
        ]
      }
    },
    {
      "type": "Feature",
      "id": 949570232,
      "properties": {
        "addr:postcode": "685602",
        "addr:street": "Muvattupuzha - Theni Road",
        "building": "yes",
        "government": "public_service",
        "name": "Soil Coservation Office, Narakappara",
        "office": "government"
      },
      "geometry": {
        "type": "Polygon",
        "coordinates": [
          [
            [
              76.981423,
              9.8475422
            ],
            [
              76.9814645,
              9.8476191
            ],
            [
              76.9816157,
              9.8475578
            ],
            [
              76.9815986,
              9.8474761
            ],
            [
              76.981423,
              9.8475422
            ]
          ]
        ]
      }
    },
    {
      "type": "Feature",
      "id": 949606826,
      "properties": {
        "addr:street": "Adimali - Kumily Highway",
        "amenity": "childcare",
        "building": "yes",
        "name": "Anganwady, Dam top"
      },
      "geometry": {
        "type": "Polygon",
        "coordinates": [
          [
            [
              76.9849722,
              9.8416367
            ],
            [
              76.9850563,
              9.84174
            ],
            [
              76.9851636,
              9.8416679
            ],
            [
              76.9850734,
              9.841555
            ],
            [
              76.9849722,
              9.8416367
            ]
          ]
        ]
      }
    },
    {
      "type": "Feature",
      "id": 949606827,
      "properties": {
        "addr:postcode": "685602",
        "amenity": "veterinary",
        "building": "yes",
        "name": "Government Veterinary Dispensary"
      },
      "geometry": {
        "type": "Polygon",
        "coordinates": [
          [
            [
              76.9961738,
              9.8398259
            ],
            [
              76.9962551,
              9.8399149
            ],
            [
              76.996378,
              9.8398698
            ],
            [
              76.9963385,
              9.8397655
            ],
            [
              76.9961738,
              9.8398259
            ]
          ]
        ]
      }
    },
    {
      "type": "Feature",
      "id": 949619650,
      "properties": {
        "addr:postcode": "685602",
        "addr:street": "Adimali - Kumily Highway",
        "amenity": "community_centre",
        "building": "yes",
        "name": "Community Hall, Narakkanam"
      },
      "geometry": {
        "type": "Polygon",
        "coordinates": [
          [
            [
              76.998321,
              9.8391489
            ],
            [
              76.9983966,
              9.839233
            ],
            [
              76.998521,
              9.8391225
            ],
            [
              76.9984381,
              9.8390408
            ],
            [
              76.998321,
              9.8391489
            ]
          ]
        ]
      }
    },
    {
      "type": "Feature",
      "id": 949621133,
      "properties": {
        "addr:city": "Narakakkanam",
        "addr:postcode": "685602",
        "addr:street": "Adimali - Kumily Highway",
        "amenity": "childcare",
        "building": "yes",
        "name": "Angawady, Narakakkanam"
      },
      "geometry": {
        "type": "Polygon",
        "coordinates": [
          [
            [
              76.9979333,
              9.8384978
            ],
            [
              76.9979931,
              9.8385074
            ],
            [
              76.9980065,
              9.8384269
            ],
            [
              76.9979443,
              9.8384233
            ],
            [
              76.9979333,
              9.8384978
            ]
          ]
        ]
      }
    },
    {
      "type": "Feature",
      "id": 949622836,
      "properties": {
        "addr:street": "Muvattupuzha - Theni Road",
        "amenity": "childcare",
        "building": "yes",
        "name": "Anganwady, Idukki"
      },
      "geometry": {
        "type": "Polygon",
        "coordinates": [
          [
            [
              76.9801831,
              9.8501927
            ],
            [
              76.980249,
              9.8502461
            ],
            [
              76.9803441,
              9.8501663
            ],
            [
              76.9802709,
              9.8501182
            ],
            [
              76.9801831,
              9.8501927
            ]
          ]
        ]
      }
    },
    {
      "type": "Feature",
      "id": 949623575,
      "properties": {
        "addr:postcode": "685602",
        "addr:street": "Mariyapuram-Thandanpalam road",
        "amenity": "community_centre",
        "building": "yes",
        "name": "Community Hall, Mariyapuram"
      },
      "geometry": {
        "type": "Polygon",
        "coordinates": [
          [
            [
              76.9871151,
              9.8562677
            ],
            [
              76.987198,
              9.8563193
            ],
            [
              76.9872345,
              9.8562737
            ],
            [
              76.9871577,
              9.8562172
            ],
            [
              76.9871151,
              9.8562677
            ]
          ]
        ]
      }
    },
    {
      "type": "Feature",
      "id": 954970037,
      "properties": {
        "building": "retail"
      },
      "geometry": {
        "type": "Polygon",
        "coordinates": [
          [
            [
              77.0125723,
              9.8285479
            ],
            [
              77.0126403,
              9.8285918
            ],
            [
              77.0126955,
              9.8285218
            ],
            [
              77.0126201,
              9.8284726
            ],
            [
              77.0125723,
              9.8285479
            ]
          ]
        ]
      }
    },
    {
      "type": "Feature",
      "id": 954974176,
      "properties": {
        "addr:street": "Adimali - Kumily Highway",
        "amenity": "clinic",
        "building": "yes",
        "healthcare": "clinic",
        "name": "Government Subcentre, Double Cutting"
      },
      "geometry": {
        "type": "Polygon",
        "coordinates": [
          [
            [
              77.0126109,
              9.8291788
            ],
            [
              77.0125523,
              9.8291256
            ],
            [
              77.0124493,
              9.8292354
            ],
            [
              77.0125079,
              9.8292887
            ],
            [
              77.0126109,
              9.8291788
            ]
          ]
        ]
      }
    },
    {
      "type": "Feature",
      "id": 954978068,
      "properties": {
        "addr:street": "Adimali - Kumily Highway",
        "amenity": "childcare",
        "building": "yes",
        "name": "Anganwady, Double Cutting"
      },
      "geometry": {
        "type": "Polygon",
        "coordinates": [
          [
            [
              77.0137149,
              9.8291574
            ],
            [
              77.013778,
              9.8291605
            ],
            [
              77.0137802,
              9.8291185
            ],
            [
              77.0138702,
              9.8291229
            ],
            [
              77.0138727,
              9.8290728
            ],
            [
              77.0137195,
              9.8290654
            ],
            [
              77.0137149,
              9.8291574
            ]
          ]
        ]
      }
    },
    {
      "type": "Feature",
      "id": 957056017,
      "properties": {
        "building": "school"
      },
      "geometry": {
        "type": "Polygon",
        "coordinates": [
          [
            [
              77.0148835,
              9.8285386
            ],
            [
              77.0149535,
              9.8285231
            ],
            [
              77.0149264,
              9.8282805
            ],
            [
              77.014844,
              9.828305
            ],
            [
              77.0148835,
              9.8285386
            ]
          ]
        ]
      }
    },
    {
      "type": "Feature",
      "id": 957056157,
      "properties": {
        "building": "school"
      },
      "geometry": {
        "type": "Polygon",
        "coordinates": [
          [
            [
              77.0149671,
              9.8284908
            ],
            [
              77.0150755,
              9.8284719
            ],
            [
              77.0150461,
              9.8283072
            ],
            [
              77.0149422,
              9.8283272
            ],
            [
              77.0149671,
              9.8284908
            ]
          ]
        ]
      }
    },
    {
      "type": "Feature",
      "id": 958099666,
      "properties": {
        "addr:city": "Pathinaramkandam",
        "addr:postcode": "685604",
        "addr:street": "Pathinaramkandam",
        "amenity": "library",
        "building": "yes",
        "name": "Kisan Arts & Sports club Pathinaramkandam",
        "operator": "public",
        "operator:type": "public"
      },
      "geometry": {
        "type": "Polygon",
        "coordinates": [
          [
            [
              77.014405,
              9.8909184
            ],
            [
              77.0144552,
              9.89099
            ],
            [
              77.0145172,
              9.8909477
            ],
            [
              77.0144669,
              9.8908762
            ],
            [
              77.014405,
              9.8909184
            ]
          ]
        ]
      }
    },
    {
      "type": "Feature",
      "id": 958099667,
      "properties": {
        "addr:city": "murickessary",
        "addr:postcode": "685604",
        "amenity": "place_of_worship",
        "building": "yes",
        "religion": "muslim"
      },
      "geometry": {
        "type": "Polygon",
        "coordinates": [
          [
            [
              77.0016365,
              9.9041758
            ],
            [
              77.0014887,
              9.9037788
            ],
            [
              77.0019253,
              9.9035737
            ],
            [
              77.0021,
              9.9039839
            ],
            [
              77.0016365,
              9.9041758
            ]
          ]
        ]
      }
    },
    {
      "type": "Feature",
      "id": 958471055,
      "properties": {
        "building": "yes",
        "shop": "hairdresser"
      },
      "geometry": {
        "type": "Polygon",
        "coordinates": [
          [
            [
              77.0148101,
              9.8909569
            ],
            [
              77.0147951,
              9.8909181
            ],
            [
              77.0148226,
              9.8909088
            ],
            [
              77.014842,
              9.8909501
            ],
            [
              77.0148101,
              9.8909569
            ]
          ]
        ]
      }
    },
    {
      "type": "Feature",
      "id": 958471056,
      "properties": {
        "addr:city": "Kattappana",
        "addr:postcode": "685604",
        "building": "yes",
        "internet_access": "no",
        "name": "Akshaya Hotel",
        "tourism": "hotel"
      },
      "geometry": {
        "type": "Polygon",
        "coordinates": [
          [
            [
              77.0147723,
              9.8911049
            ],
            [
              77.0148023,
              9.8911542
            ],
            [
              77.0148342,
              9.8911401
            ],
            [
              77.0148054,
              9.8910932
            ],
            [
              77.0147723,
              9.8911049
            ]
          ]
        ]
      }
    },
    {
      "type": "Feature",
      "id": 958471057,
      "properties": {
        "addr:city": "Murickassery",
        "addr:postcode": "685604",
        "amenity": "place_of_worship",
        "building": "yes",
        "religion": "hindu"
      },
      "geometry": {
        "type": "Polygon",
        "coordinates": [
          [
            [
              77.0091432,
              9.9081284
            ],
            [
              77.0091816,
              9.9078469
            ],
            [
              77.0094077,
              9.9078511
            ],
            [
              77.0093373,
              9.9081662
            ],
            [
              77.0091432,
              9.9081284
            ]
          ]
        ]
      }
    },
    {
      "type": "Feature",
      "id": 958471389,
      "properties": {
        "addr:city": "Pathinaramkandam",
        "addr:street": "Pathinaramkandam",
        "building": "yes",
        "name": "Pathinaramkandam Ration Shop",
        "operator": "government",
        "shop": "grocery"
      },
      "geometry": {
        "type": "Polygon",
        "coordinates": [
          [
            [
              77.0148647,
              9.890927
            ],
            [
              77.014845,
              9.8908976
            ],
            [
              77.0148754,
              9.8908779
            ],
            [
              77.0148951,
              9.8909073
            ],
            [
              77.0148647,
              9.890927
            ]
          ]
        ]
      }
    },
    {
      "type": "Feature",
      "id": 958473829,
      "properties": {
        "addr:city": "Pathinaramkandam",
        "addr:postcode": "685604",
        "building": "yes",
        "name": "Adithi Fancy Palace",
        "shop": "gift"
      },
      "geometry": {
        "type": "Polygon",
        "coordinates": [
          [
            [
              77.0146605,
              9.8912194
            ],
            [
              77.0146836,
              9.8912422
            ],
            [
              77.014718,
              9.8912139
            ],
            [
              77.0146911,
              9.8911861
            ],
            [
              77.0146605,
              9.8912194
            ]
          ]
        ]
      }
    },
    {
      "type": "Feature",
      "id": 959715478,
      "properties": {
        "building": "yes"
      },
      "geometry": {
        "type": "Polygon",
        "coordinates": [
          [
            [
              76.9330988,
              9.9478864
            ],
            [
              76.9331643,
              9.9479532
            ],
            [
              76.9332486,
              9.9478732
            ],
            [
              76.9331831,
              9.9478063
            ],
            [
              76.9330988,
              9.9478864
            ]
          ]
        ]
      }
    },
    {
      "type": "Feature",
      "id": 959723759,
      "properties": {
        "building": "yes"
      },
      "geometry": {
        "type": "Polygon",
        "coordinates": [
          [
            [
              76.9473937,
              9.9489041
            ],
            [
              76.9473945,
              9.9489698
            ],
            [
              76.9475083,
              9.9489685
            ],
            [
              76.9475075,
              9.9489028
            ],
            [
              76.9473937,
              9.9489041
            ]
          ]
        ]
      }
    },
    {
      "type": "Feature",
      "id": 959723959,
      "properties": {
        "building": "yes"
      },
      "geometry": {
        "type": "Polygon",
        "coordinates": [
          [
            [
              76.9475591,
              9.9489184
            ],
            [
              76.9475514,
              9.9488562
            ],
            [
              76.9476479,
              9.9488404
            ],
            [
              76.9476479,
              9.9489077
            ],
            [
              76.9475591,
              9.9489184
            ]
          ]
        ]
      }
    },
    {
      "type": "Feature",
      "id": 959724203,
      "properties": {
        "building": "house"
      },
      "geometry": {
        "type": "Polygon",
        "coordinates": [
          [
            [
              76.9482964,
              9.9484356
            ],
            [
              76.9482615,
              9.94821
            ],
            [
              76.9484227,
              9.9481858
            ],
            [
              76.9484577,
              9.9484113
            ],
            [
              76.9482964,
              9.9484356
            ]
          ]
        ]
      }
    },
    {
      "type": "Feature",
      "id": 959724285,
      "properties": {
        "building": "house"
      },
      "geometry": {
        "type": "Polygon",
        "coordinates": [
          [
            [
              76.9480937,
              9.9480421
            ],
            [
              76.9482238,
              9.9480341
            ],
            [
              76.9482173,
              9.9479327
            ],
            [
              76.9480872,
              9.9479408
            ],
            [
              76.9480937,
              9.9480421
            ]
          ]
        ]
      }
    },
    {
      "type": "Feature",
      "id": 959724436,
      "properties": {
        "building": "house"
      },
      "geometry": {
        "type": "Polygon",
        "coordinates": [
          [
            [
              76.9475102,
              9.947812
            ],
            [
              76.947571,
              9.947822
            ],
            [
              76.9475802,
              9.9477679
            ],
            [
              76.9475194,
              9.9477579
            ],
            [
              76.9475102,
              9.947812
            ]
          ]
        ]
      }
    },
    {
      "type": "Feature",
      "id": 960784322,
      "properties": {
        "amenity": "police",
        "building": "yes",
        "name": "Police Station,Kanjikkuzhy",
        "ref": "15294016"
      },
      "geometry": {
        "type": "Polygon",
        "coordinates": [
          [
            [
              76.9312998,
              9.948742
            ],
            [
              76.9313226,
              9.9486601
            ],
            [
              76.9314339,
              9.9486813
            ],
            [
              76.931442,
              9.9486654
            ],
            [
              76.9314903,
              9.9486707
            ],
            [
              76.9314996,
              9.9486192
            ],
            [
              76.931619,
              9.9486416
            ],
            [
              76.9315721,
              9.9488147
            ],
            [
              76.9312998,
              9.948742
            ]
          ]
        ]
      }
    },
    {
      "type": "Feature",
      "id": 960785044,
      "properties": {
        "building": "house"
      },
      "geometry": {
        "type": "Polygon",
        "coordinates": [
          [
            [
              76.9323378,
              9.9487011
            ],
            [
              76.9323888,
              9.9487394
            ],
            [
              76.9324304,
              9.9486879
            ],
            [
              76.9323803,
              9.9486486
            ],
            [
              76.9323378,
              9.9487011
            ]
          ]
        ]
      }
    },
    {
      "type": "Feature",
      "id": 960785451,
      "properties": {
        "building": "house"
      },
      "geometry": {
        "type": "Polygon",
        "coordinates": [
          [
            [
              76.9323239,
              9.9485894
            ],
            [
              76.9323804,
              9.9486265
            ],
            [
              76.9324122,
              9.9485796
            ],
            [
              76.9323557,
              9.9485425
            ],
            [
              76.9323239,
              9.9485894
            ]
          ]
        ]
      }
    },
    {
      "type": "Feature",
      "id": 960787515,
      "properties": {
        "building": "house"
      },
      "geometry": {
        "type": "Polygon",
        "coordinates": [
          [
            [
              76.9324089,
              9.948639
            ],
            [
              76.9324612,
              9.9486773
            ],
            [
              76.9325014,
              9.9486139
            ],
            [
              76.9324463,
              9.94858
            ],
            [
              76.9324089,
              9.948639
            ]
          ]
        ]
      }
    },
    {
      "type": "Feature",
      "id": 960787516,
      "properties": {
        "building": "house"
      },
      "geometry": {
        "type": "Polygon",
        "coordinates": [
          [
            [
              76.9322494,
              9.9486592
            ],
            [
              76.9322938,
              9.9486951
            ],
            [
              76.9323368,
              9.9486435
            ],
            [
              76.9322924,
              9.9486076
            ],
            [
              76.9322494,
              9.9486592
            ]
          ]
        ]
      }
    },
    {
      "type": "Feature",
      "id": 960787517,
      "properties": {
        "building": "house"
      },
      "geometry": {
        "type": "Polygon",
        "coordinates": [
          [
            [
              76.9320923,
              9.9485354
            ],
            [
              76.9321421,
              9.9485655
            ],
            [
              76.9321799,
              9.9485049
            ],
            [
              76.9321301,
              9.9484748
            ],
            [
              76.9320923,
              9.9485354
            ]
          ]
        ]
      }
    },
    {
      "type": "Feature",
      "id": 960787518,
      "properties": {
        "building": "house"
      },
      "geometry": {
        "type": "Polygon",
        "coordinates": [
          [
            [
              76.9322762,
              9.9484481
            ],
            [
              76.9323148,
              9.9484764
            ],
            [
              76.9323596,
              9.9484171
            ],
            [
              76.9323209,
              9.9483888
            ],
            [
              76.9322762,
              9.9484481
            ]
          ]
        ]
      }
    },
    {
      "type": "Feature",
      "id": 960787519,
      "properties": {
        "building": "house"
      },
      "geometry": {
        "type": "Polygon",
        "coordinates": [
          [
            [
              76.9325937,
              9.9484075
            ],
            [
              76.9326578,
              9.9484563
            ],
            [
              76.9327082,
              9.9483921
            ],
            [
              76.932644,
              9.9483433
            ],
            [
              76.9325937,
              9.9484075
            ]
          ]
        ]
      }
    },
    {
      "type": "Feature",
      "id": 960788208,
      "properties": {
        "building": "house"
      },
      "geometry": {
        "type": "Polygon",
        "coordinates": [
          [
            [
              76.9323727,
              9.9483834
            ],
            [
              76.9323995,
              9.9483444
            ],
            [
              76.9323714,
              9.9483312
            ],
            [
              76.9323995,
              9.9483048
            ],
            [
              76.9324646,
              9.9483411
            ],
            [
              76.9324116,
              9.9484072
            ],
            [
              76.9323727,
              9.9483834
            ]
          ]
        ]
      }
    },
    {
      "type": "Feature",
      "id": 960788632,
      "properties": {
        "building": "house"
      },
      "geometry": {
        "type": "Polygon",
        "coordinates": [
          [
            [
              76.9324183,
              9.948281
            ],
            [
              76.9324793,
              9.9483206
            ],
            [
              76.9325106,
              9.9482752
            ],
            [
              76.9324532,
              9.9482368
            ],
            [
              76.9324183,
              9.948281
            ]
          ]
        ]
      }
    },
    {
      "type": "Feature",
      "id": 960788820,
      "properties": {
        "building": "house"
      },
      "geometry": {
        "type": "Polygon",
        "coordinates": [
          [
            [
              76.9325193,
              9.9483295
            ],
            [
              76.9325531,
              9.948287
            ],
            [
              76.9326148,
              9.9483292
            ],
            [
              76.9325799,
              9.9483761
            ],
            [
              76.9325193,
              9.9483295
            ]
          ]
        ]
      }
    },
    {
      "type": "Feature",
      "id": 960997052,
      "properties": {
        "amenity": "veterinary",
        "building": "yes",
        "name": "GOVT Vecterinary"
      },
      "geometry": {
        "type": "Polygon",
        "coordinates": [
          [
            [
              76.9326292,
              9.9482224
            ],
            [
              76.9326948,
              9.9482781
            ],
            [
              76.9327687,
              9.9481935
            ],
            [
              76.932703,
              9.9481379
            ],
            [
              76.9326292,
              9.9482224
            ]
          ]
        ]
      }
    },
    {
      "type": "Feature",
      "id": 964346325,
      "properties": {
        "addr:city": "Chinnar",
        "addr:street": "Chinnar",
        "amenity": "library",
        "building": "yes",
        "name": "Navadeepam Arts and Sports Club Chinnar"
      },
      "geometry": {
        "type": "Polygon",
        "coordinates": [
          [
            [
              77.0135775,
              9.9245465
            ],
            [
              77.0135208,
              9.9244855
            ],
            [
              77.0135669,
              9.9244454
            ],
            [
              77.0136217,
              9.9245064
            ],
            [
              77.0135775,
              9.9245465
            ]
          ]
        ]
      }
    },
    {
      "type": "Feature",
      "id": 964348038,
      "properties": {
        "addr:city": "Chinnar",
        "addr:street": "Chinnar",
        "amenity": "childcare",
        "building": "yes",
        "name": "Anganavadi"
      },
      "geometry": {
        "type": "Polygon",
        "coordinates": [
          [
            [
              77.0153298,
              9.9242962
            ],
            [
              77.0152752,
              9.9242246
            ],
            [
              77.0153167,
              9.9241939
            ],
            [
              77.0153713,
              9.9242655
            ],
            [
              77.0153298,
              9.9242962
            ]
          ]
        ]
      }
    },
    {
      "type": "Feature",
      "id": 964348870,
      "properties": {
        "addr:city": "Mankuva",
        "addr:street": "Mankuva",
        "amenity": "library",
        "building": "yes",
        "name": "Jaihind LIbrary Mankuva"
      },
      "geometry": {
        "type": "Polygon",
        "coordinates": [
          [
            [
              76.9947734,
              9.9287524
            ],
            [
              76.9947446,
              9.9287121
            ],
            [
              76.9948006,
              9.9286732
            ],
            [
              76.9948294,
              9.9287135
            ],
            [
              76.9947734,
              9.9287524
            ]
          ]
        ]
      }
    },
    {
      "type": "Feature",
      "id": 964349217,
      "properties": {
        "addr:city": "Mankuva",
        "addr:street": "Mankuva",
        "amenity": "childcare",
        "building": "yes",
        "name": "Anganavadi"
      },
      "geometry": {
        "type": "Polygon",
        "coordinates": [
          [
            [
              76.9938507,
              9.9283814
            ],
            [
              76.9937852,
              9.9283211
            ],
            [
              76.9938413,
              9.9282621
            ],
            [
              76.9939067,
              9.9283224
            ],
            [
              76.9938507,
              9.9283814
            ]
          ]
        ]
      }
    },
    {
      "type": "Feature",
      "id": 964349680,
      "properties": {
        "addr:city": "Mankuva",
        "addr:street": "Mankuva",
        "building": "yes",
        "name": "Ration Shop",
        "shop": "grocery"
      },
      "geometry": {
        "type": "Polygon",
        "coordinates": [
          [
            [
              76.994117,
              9.9292783
            ],
            [
              76.9941217,
              9.9292125
            ],
            [
              76.9941698,
              9.9292158
            ],
            [
              76.9941651,
              9.9292816
            ],
            [
              76.994117,
              9.9292783
            ]
          ]
        ]
      }
    },
    {
      "type": "Feature",
      "id": 964353698,
      "properties": {
        "addr:city": "Mankuva",
        "addr:street": "Mankuva",
        "amenity": "clinic",
        "building": "yes",
        "healthcare": "clinic",
        "name": "Aroga Upa Kendram Mankuva",
        "operator:type": "government"
      },
      "geometry": {
        "type": "Polygon",
        "coordinates": [
          [
            [
              76.9934879,
              9.9297707
            ],
            [
              76.993618,
              9.9297748
            ],
            [
              76.9936233,
              9.9296085
            ],
            [
              76.9934932,
              9.9296044
            ],
            [
              76.9934879,
              9.9297707
            ]
          ]
        ]
      }
    },
    {
      "type": "Feature",
      "id": 964354255,
      "properties": {
        "addr:city": "Injathotty",
        "addr:street": "Injathotty",
        "amenity": "childcare",
        "building": "yes",
        "name": "Anganavadi"
      },
      "geometry": {
        "type": "Polygon",
        "coordinates": [
          [
            [
              76.9907065,
              9.9433437
            ],
            [
              76.9906426,
              9.9433094
            ],
            [
              76.9906847,
              9.9432334
            ],
            [
              76.9907485,
              9.9432676
            ],
            [
              76.9907065,
              9.9433437
            ]
          ]
        ]
      }
    },
    {
      "type": "Feature",
      "id": 964354896,
      "properties": {
        "addr:city": "Injathotty",
        "addr:street": "Injathotty",
        "amenity": "library",
        "building": "yes",
        "name": "Nava Jyothy Arts and Sports Club Injathotty"
      },
      "geometry": {
        "type": "Polygon",
        "coordinates": [
          [
            [
              76.9895994,
              9.9441905
            ],
            [
              76.9895857,
              9.9441465
            ],
            [
              76.989633,
              9.9441321
            ],
            [
              76.9896467,
              9.9441762
            ],
            [
              76.9895994,
              9.9441905
            ]
          ]
        ]
      }
    },
    {
      "type": "Feature",
      "id": 964355359,
      "properties": {
        "addr:city": "Panamkootty",
        "addr:street": "Panamkootty",
        "building": "yes",
        "name": "Ration Shop",
        "shop": "grocery"
      },
      "geometry": {
        "type": "Polygon",
        "coordinates": [
          [
            [
              76.9919062,
              9.9490311
            ],
            [
              76.9919381,
              9.9490591
            ],
            [
              76.991976,
              9.9490172
            ],
            [
              76.9919441,
              9.9489892
            ],
            [
              76.9919062,
              9.9490311
            ]
          ]
        ]
      }
    },
    {
      "type": "Feature",
      "id": 964356926,
      "properties": {
        "addr:city": "Panamkootty",
        "addr:street": "Panamkootty",
        "amenity": "childcare",
        "building": "yes",
        "name": "Anganavdi"
      },
      "geometry": {
        "type": "Polygon",
        "coordinates": [
          [
            [
              76.9938596,
              9.9480422
            ],
            [
              76.9938674,
              9.9479563
            ],
            [
              76.9939509,
              9.9479637
            ],
            [
              76.993943,
              9.9480496
            ],
            [
              76.9938596,
              9.9480422
            ]
          ]
        ]
      }
    },
    {
      "type": "Feature",
      "id": 964359457,
      "properties": {
        "addr:city": "Thellithodu",
        "addr:street": "Kurishukuthy",
        "amenity": "childcare",
        "building": "yes",
        "name": "Anganavadi"
      },
      "geometry": {
        "type": "Polygon",
        "coordinates": [
          [
            [
              77.0072803,
              9.930444
            ],
            [
              77.0072785,
              9.9303852
            ],
            [
              77.0073985,
              9.9303816
            ],
            [
              77.0074003,
              9.9304405
            ],
            [
              77.0072803,
              9.930444
            ]
          ]
        ]
      }
    },
    {
      "type": "Feature",
      "id": 964360965,
      "properties": {
        "addr:city": "Kambalikandam",
        "addr:street": "kambalikandam",
        "building": "yes",
        "government": "office",
        "name": "Kerala Elecricity Board Sub Division Kambalikandam",
        "office": "government"
      },
      "geometry": {
        "type": "Polygon",
        "coordinates": [
          [
            [
              77.0157428,
              9.9443667
            ],
            [
              77.0158268,
              9.9443983
            ],
            [
              77.0159716,
              9.9440244
            ],
            [
              77.0158876,
              9.9439929
            ],
            [
              77.0157428,
              9.9443667
            ]
          ]
        ]
      }
    },
    {
      "type": "Feature",
      "id": 964361356,
      "properties": {
        "addr:city": "Kambalikandam",
        "addr:street": "Kambalikandam",
        "amenity": "events_venue",
        "building": "yes",
        "name": "Y,S Mens club Auditorium Kambalikandam",
        "operator": "Private"
      },
      "geometry": {
        "type": "Polygon",
        "coordinates": [
          [
            [
              77.014326,
              9.9462497
            ],
            [
              77.0141644,
              9.9460784
            ],
            [
              77.0143859,
              9.9458758
            ],
            [
              77.0145474,
              9.9460471
            ],
            [
              77.014326,
              9.9462497
            ]
          ]
        ]
      }
    },
    {
      "type": "Feature",
      "id": 976841452,
      "properties": {
        "building": "yes",
        "name": "Ration Shop,Chelachuvadu"
      },
      "geometry": {
        "type": "Polygon",
        "coordinates": [
          [
            [
              76.9632931,
              9.9184398
            ],
            [
              76.9632877,
              9.9183764
            ],
            [
              76.9633467,
              9.9183737
            ],
            [
              76.963352,
              9.9184348
            ],
            [
              76.9632931,
              9.9184398
            ]
          ]
        ]
      }
    },
    {
      "type": "Feature",
      "id": 976842832,
      "properties": {
        "building": "yes",
        "name": "Krishi Bhavan,Chelachuvadu"
      },
      "geometry": {
        "type": "Polygon",
        "coordinates": [
          [
            [
              76.9611124,
              9.9212749
            ],
            [
              76.9609808,
              9.9212131
            ],
            [
              76.9610254,
              9.9211208
            ],
            [
              76.961157,
              9.9211826
            ],
            [
              76.9611124,
              9.9212749
            ]
          ]
        ]
      }
    },
    {
      "type": "Feature",
      "id": 976843852,
      "properties": {
        "building": "hospital",
        "name": "G.O,V,T , Ayurvedic Hospital,Chelachuvadu"
      },
      "geometry": {
        "type": "Polygon",
        "coordinates": [
          [
            [
              76.9635493,
              9.9173472
            ],
            [
              76.9635478,
              9.9172969
            ],
            [
              76.9636074,
              9.9172951
            ],
            [
              76.9636089,
              9.9173454
            ],
            [
              76.9635493,
              9.9173472
            ]
          ]
        ]
      }
    },
    {
      "type": "Feature",
      "id": 977131062,
      "properties": {
        "building": "school",
        "name": "Anganavadi"
      },
      "geometry": {
        "type": "Polygon",
        "coordinates": [
          [
            [
              76.950317,
              9.9339784
            ],
            [
              76.9503706,
              9.9340121
            ],
            [
              76.9504229,
              9.9339314
            ],
            [
              76.9503694,
              9.9338977
            ],
            [
              76.950317,
              9.9339784
            ]
          ]
        ]
      }
    },
    {
      "type": "Feature",
      "id": 977167345,
      "properties": {
        "building": "school",
        "name": "Thallakkanam Anganavadi"
      },
      "geometry": {
        "type": "Polygon",
        "coordinates": [
          [
            [
              76.9429901,
              9.9448791
            ],
            [
              76.9430384,
              9.944887
            ],
            [
              76.943025,
              9.9449213
            ],
            [
              76.942974,
              9.9449055
            ],
            [
              76.9429901,
              9.9448791
            ]
          ]
        ]
      }
    },
    {
      "type": "Feature",
      "id": 977168099,
      "properties": {
        "building": "school",
        "name": "Anganavadi Makkuvalli"
      },
      "geometry": {
        "type": "Polygon",
        "coordinates": [
          [
            [
              76.904644,
              9.9326049
            ],
            [
              76.9047096,
              9.9326389
            ],
            [
              76.9047241,
              9.9325748
            ],
            [
              76.9046667,
              9.9325623
            ],
            [
              76.904644,
              9.9326049
            ]
          ]
        ]
      }
    },
    {
      "type": "Feature",
      "id": 977168814,
      "properties": {
        "building": "school",
        "name": "Anganawadi Periyar Valley"
      },
      "geometry": {
        "type": "Polygon",
        "coordinates": [
          [
            [
              76.9635425,
              9.913246
            ],
            [
              76.9635908,
              9.913172
            ],
            [
              76.9636713,
              9.9132407
            ],
            [
              76.9636176,
              9.9132882
            ],
            [
              76.9635425,
              9.913246
            ]
          ]
        ]
      }
    },
    {
      "type": "Feature",
      "id": 977194004,
      "properties": {
        "building": "school",
        "name": "Pakuthipalam Anganavadi"
      },
      "geometry": {
        "type": "Polygon",
        "coordinates": [
          [
            [
              76.9800352,
              9.9461751
            ],
            [
              76.9800515,
              9.9461469
            ],
            [
              76.980107,
              9.946178
            ],
            [
              76.9800907,
              9.9462062
            ],
            [
              76.9800352,
              9.9461751
            ]
          ]
        ]
      }
    },
    {
      "type": "Feature",
      "id": 979370892,
      "properties": {
        "amenity": "fire_station",
        "building": "yes",
        "name": "Fire and Rescue Station, Cheruthony"
      },
      "geometry": {
        "type": "Polygon",
        "coordinates": [
          [
            [
              76.9697385,
              9.8531641
            ],
            [
              76.9698607,
              9.8531693
            ],
            [
              76.9698575,
              9.8533581
            ],
            [
              76.9699238,
              9.8533581
            ],
            [
              76.9699249,
              9.8534442
            ],
            [
              76.969728,
              9.8534442
            ],
            [
              76.9697385,
              9.8531641
            ]
          ]
        ]
      }
    },
    {
      "type": "Feature",
      "id": 982161748,
      "properties": {
        "addr:city": "Murickassery",
        "addr:postcode": "685604",
        "addr:street": "Murickassery P O",
        "building": "yes",
        "government": "village_office",
        "name": "Vathykudy Village Office",
        "office": "government",
        "phone": "+91-4868260302"
      },
      "geometry": {
        "type": "Polygon",
        "coordinates": [
          [
            [
              77.0080303,
              9.9143157
            ],
            [
              77.008071,
              9.9141966
            ],
            [
              77.0081471,
              9.9142218
            ],
            [
              77.0081065,
              9.9143409
            ],
            [
              77.0080303,
              9.9143157
            ]
          ]
        ]
      }
    },
    {
      "type": "Feature",
      "id": 982166377,
      "properties": {
        "addr:city": "Murickassery",
        "addr:postcode": "685604",
        "addr:street": "Murickassery P O",
        "amenity": "community_centre",
        "building": "yes",
        "name": "Panchayath Community Hall ,Vathykudy",
        "operator": "Panchayath",
        "operator:type": "government"
      },
      "geometry": {
        "type": "Polygon",
        "coordinates": [
          [
            [
              77.007368,
              9.9166485
            ],
            [
              77.0073668,
              9.916534
            ],
            [
              77.0075262,
              9.9165325
            ],
            [
              77.0075273,
              9.916647
            ],
            [
              77.0074727,
              9.9166475
            ],
            [
              77.007368,
              9.9166485
            ]
          ]
        ]
      }
    },
    {
      "type": "Feature",
      "id": 982170349,
      "properties": {
        "addr:city": "Murickassery",
        "addr:street": "Murickassery PO",
        "building": "school",
        "name": "St.Marys LP School Murickassery"
      },
      "geometry": {
        "type": "Polygon",
        "coordinates": [
          [
            [
              77.0063958,
              9.9109992
            ],
            [
              77.0063187,
              9.9108747
            ],
            [
              77.0069858,
              9.910474
            ],
            [
              77.0070629,
              9.9105986
            ],
            [
              77.0063958,
              9.9109992
            ]
          ]
        ]
      }
    },
    {
      "type": "Feature",
      "id": 982171316,
      "properties": {
        "addr:city": "Murickassery",
        "addr:street": "Murickassery PO",
        "building": "yes",
        "government": "agriculture",
        "name": "Krishi Bhavan Murickassery",
        "office": "government"
      },
      "geometry": {
        "type": "Polygon",
        "coordinates": [
          [
            [
              77.0062606,
              9.9107999
            ],
            [
              77.0062137,
              9.9107174
            ],
            [
              77.0063312,
              9.9106525
            ],
            [
              77.0063781,
              9.910735
            ],
            [
              77.0062606,
              9.9107999
            ]
          ]
        ]
      }
    },
    {
      "type": "Feature",
      "id": 982172770,
      "properties": {
        "addr:city": "Thekkinthand",
        "addr:street": "Thekkinthand",
        "building": "yes",
        "name": "Thekkinthand Rationshop",
        "operator": "Government",
        "shop": "grocery"
      },
      "geometry": {
        "type": "Polygon",
        "coordinates": [
          [
            [
              76.9954536,
              9.9169471
            ],
            [
              76.9954196,
              9.9169238
            ],
            [
              76.9954486,
              9.916883
            ],
            [
              76.9954825,
              9.9169063
            ],
            [
              76.9954536,
              9.9169471
            ]
          ]
        ]
      }
    },
    {
      "type": "Feature",
      "id": 982190430,
      "properties": {
        "addr:city": "Thekkinthand",
        "addr:street": "Thekkinthand",
        "amenity": "library",
        "building": "yes",
        "name": "Gandhiji Memmorial Library Thekkinthand",
        "operator": "Public",
        "operator:type": "public"
      },
      "geometry": {
        "type": "Polygon",
        "coordinates": [
          [
            [
              76.9947593,
              9.9180122
            ],
            [
              76.9947978,
              9.9180488
            ],
            [
              76.9948592,
              9.9179861
            ],
            [
              76.9948208,
              9.9179495
            ],
            [
              76.9947593,
              9.9180122
            ]
          ]
        ]
      }
    },
    {
      "type": "Feature",
      "id": 982191023,
      "properties": {
        "addr:city": "Rajapuram",
        "addr:street": "Rajapuram",
        "amenity": "childcare",
        "building": "yes",
        "name": "Rajapuram Anganavadi",
        "operator": "Government",
        "operator:type": "government"
      },
      "geometry": {
        "type": "Polygon",
        "coordinates": [
          [
            [
              76.9863611,
              9.9223894
            ],
            [
              76.9863223,
              9.9222958
            ],
            [
              76.9864277,
              9.9222535
            ],
            [
              76.9864665,
              9.922347
            ],
            [
              76.9863611,
              9.9223894
            ]
          ]
        ]
      }
    },
    {
      "type": "Feature",
      "id": 982196413,
      "properties": {
        "addr:city": "Vathikudy",
        "addr:street": "Thekkinthand",
        "amenity": "childcare",
        "building": "yes",
        "name": "Thekkinthand Anganavadi",
        "operator": "Government",
        "operator:type": "government"
      },
      "geometry": {
        "type": "Polygon",
        "coordinates": [
          [
            [
              76.9976278,
              9.9143128
            ],
            [
              76.9975789,
              9.9142594
            ],
            [
              76.9976508,
              9.9141954
            ],
            [
              76.9976997,
              9.9142487
            ],
            [
              76.9976278,
              9.9143128
            ]
          ]
        ]
      }
    },
    {
      "type": "Feature",
      "id": 982196939,
      "properties": {
        "addr:city": "Vathikudy",
        "addr:street": "Poomamkandam",
        "amenity": "library",
        "building": "yes",
        "name": "Tagore Arts and Sports Club Poomamkandam",
        "operator": "Poomamkandam",
        "operator:type": "public"
      },
      "geometry": {
        "type": "Polygon",
        "coordinates": [
          [
            [
              76.9963257,
              9.9098063
            ],
            [
              76.9963131,
              9.9097531
            ],
            [
              76.9964564,
              9.9097201
            ],
            [
              76.996469,
              9.9097733
            ],
            [
              76.9963257,
              9.9098063
            ]
          ]
        ]
      }
    },
    {
      "type": "Feature",
      "id": 982200749,
      "properties": {
        "addr:city": "Poomamkandam",
        "addr:street": "Poomamkandam",
        "amenity": "childcare",
        "building": "yes",
        "name": "Poomamkandam Anganavadi",
        "operator": "government",
        "operator:type": "government"
      },
      "geometry": {
        "type": "Polygon",
        "coordinates": [
          [
            [
              76.9844138,
              9.9149123
            ],
            [
              76.9843411,
              9.9150132
            ],
            [
              76.9845118,
              9.9151326
            ],
            [
              76.9845845,
              9.9150318
            ],
            [
              76.9844138,
              9.9149123
            ]
          ]
        ]
      }
    },
    {
      "type": "Feature",
      "id": 982203186,
      "properties": {
        "addr:city": "Odukkucity",
        "addr:street": "Odukkucity",
        "amenity": "childcare",
        "building": "yes",
        "name": "Odukkucity Anganavadi",
        "operator": "government",
        "operator:type": "government"
      },
      "geometry": {
        "type": "Polygon",
        "coordinates": [
          [
            [
              76.9818183,
              9.9072875
            ],
            [
              76.98177,
              9.907241
            ],
            [
              76.9818132,
              9.9071975
            ],
            [
              76.9818615,
              9.907244
            ],
            [
              76.9818183,
              9.9072875
            ]
          ]
        ]
      }
    },
    {
      "type": "Feature",
      "id": 982205089,
      "properties": {
        "addr:city": "Pathinaramkandama",
        "addr:street": "Nerchapparakavala",
        "amenity": "childcare",
        "building": "yes",
        "name": "Nerchapparakavala Anganavadi",
        "operator": "government",
        "operator:type": "government"
      },
      "geometry": {
        "type": "Polygon",
        "coordinates": [
          [
            [
              77.001854,
              9.9047933
            ],
            [
              77.0018424,
              9.9047233
            ],
            [
              77.0019294,
              9.9047092
            ],
            [
              77.001941,
              9.9047792
            ],
            [
              77.001854,
              9.9047933
            ]
          ]
        ]
      }
    },
    {
      "type": "Feature",
      "id": 982254891,
      "properties": {
        "addr:city": "Pathnaramakdnam",
        "addr:street": "Pallikavala",
        "amenity": "childcare",
        "building": "yes",
        "name": "Pallikavala Anganavdi",
        "operator": "government",
        "operator:type": "government"
      },
      "geometry": {
        "type": "Polygon",
        "coordinates": [
          [
            [
              77.0089987,
              9.8988704
            ],
            [
              77.0089609,
              9.8987929
            ],
            [
              77.0090701,
              9.8987411
            ],
            [
              77.009108,
              9.8988187
            ],
            [
              77.0089987,
              9.8988704
            ]
          ]
        ]
      }
    },
    {
      "type": "Feature",
      "id": 982257225,
      "properties": {
        "addr:city": "Pathinaramkandam",
        "addr:street": "Pathinaramkandam",
        "amenity": "childcare",
        "building": "yes",
        "name": "Pathinaramkandam Anganavadi",
        "operator": "government",
        "operator:type": "government"
      },
      "geometry": {
        "type": "Polygon",
        "coordinates": [
          [
            [
              77.0168741,
              9.8901718
            ],
            [
              77.0168726,
              9.8901234
            ],
            [
              77.0169696,
              9.8901204
            ],
            [
              77.0169712,
              9.8901688
            ],
            [
              77.0168741,
              9.8901718
            ]
          ]
        ]
      }
    },
    {
      "type": "Feature",
      "id": 982278107,
      "properties": {
        "addr:city": "Upputhodu",
        "addr:street": "Upputhodu",
        "amenity": "childcare",
        "building": "yes",
        "name": "Upputhodu CS Ipadi Anganvadi",
        "operator": "government",
        "operator:type": "government"
      },
      "geometry": {
        "type": "Polygon",
        "coordinates": [
          [
            [
              77.016439,
              9.883689
            ],
            [
              77.0164362,
              9.8836126
            ],
            [
              77.016487,
              9.8836108
            ],
            [
              77.0164898,
              9.8836872
            ],
            [
              77.016439,
              9.883689
            ]
          ]
        ]
      }
    },
    {
      "type": "Feature",
      "id": 982722705,
      "properties": {
        "addr:city": "moongappara",
        "addr:street": "Moongappara",
        "amenity": "social_facility",
        "building": "yes",
        "name": "Sneha Manthiram Moongappara",
        "operator": "private",
        "operator:type": "private",
        "social_facility": "nursing_home",
        "social_facility:for": "senior"
      },
      "geometry": {
        "type": "Polygon",
        "coordinates": [
          [
            [
              77.0186549,
              9.9072457
            ],
            [
              77.0194079,
              9.9069139
            ],
            [
              77.0193083,
              9.9066947
            ],
            [
              77.0185554,
              9.9070266
            ],
            [
              77.0186549,
              9.9072457
            ]
          ]
        ]
      }
    },
    {
      "type": "Feature",
      "id": 982722706,
      "properties": {
        "addr:city": "Murickassery",
        "addr:street": "Murickassery",
        "building": "yes",
        "government": "treasury",
        "name": "Sub Treasury office Murickassery",
        "office": "government"
      },
      "geometry": {
        "type": "Polygon",
        "coordinates": [
          [
            [
              77.0164415,
              9.9107689
            ],
            [
              77.0165453,
              9.9107927
            ],
            [
              77.0165733,
              9.9106745
            ],
            [
              77.0164694,
              9.9106507
            ],
            [
              77.0164415,
              9.9107689
            ]
          ]
        ]
      }
    },
    {
      "type": "Feature",
      "id": 982732049,
      "properties": {
        "addr:city": "Murickassery",
        "addr:street": "Murickassery",
        "building": "yes",
        "guest_house": "bed_and_breakfast",
        "name": "Pavanatma College Murickassery Hostel",
        "operator": "private",
        "tourism": "hostel"
      },
      "geometry": {
        "type": "Polygon",
        "coordinates": [
          [
            [
              77.0166652,
              9.9107558
            ],
            [
              77.0168065,
              9.9107691
            ],
            [
              77.0168391,
              9.9104307
            ],
            [
              77.0166978,
              9.9104175
            ],
            [
              77.0166652,
              9.9107558
            ]
          ]
        ]
      }
    },
    {
      "type": "Feature",
      "id": 982749052,
      "properties": {
        "addr:city": "Murickassery",
        "addr:street": "Murickassery",
        "amenity": "veterinary",
        "building": "yes",
        "name": "Government Veterinary Hospital Murickassery",
        "operator": "government"
      },
      "geometry": {
        "type": "Polygon",
        "coordinates": [
          [
            [
              77.0118532,
              9.9156966
            ],
            [
              77.0117832,
              9.9155912
            ],
            [
              77.0119163,
              9.9155054
            ],
            [
              77.0119863,
              9.9156108
            ],
            [
              77.0118532,
              9.9156966
            ]
          ]
        ]
      }
    },
    {
      "type": "Feature",
      "id": 982770407,
      "properties": {
        "addr:city": "Murickassery",
        "addr:street": "Murickassery",
        "building": "yes",
        "healthcare": "hospice",
        "name": "Ottisam Center Murickassery",
        "operator": "BRC Kattappana",
        "operator:type": "government"
      },
      "geometry": {
        "type": "Polygon",
        "coordinates": [
          [
            [
              77.0115554,
              9.91616
            ],
            [
              77.011493,
              9.9160861
            ],
            [
              77.0115623,
              9.9160294
            ],
            [
              77.0116247,
              9.9161033
            ],
            [
              77.0115554,
              9.91616
            ]
          ]
        ]
      }
    },
    {
      "type": "Feature",
      "id": 982773560,
      "properties": {
        "addr:city": "Murickassery",
        "addr:street": "Murickassery",
        "building": "yes",
        "government": "government",
        "name": "Kerala Electricity Board Murickassery",
        "office": "government"
      },
      "geometry": {
        "type": "Polygon",
        "coordinates": [
          [
            [
              77.0088119,
              9.9101815
            ],
            [
              77.0089904,
              9.9102307
            ],
            [
              77.0090524,
              9.9100123
            ],
            [
              77.0088739,
              9.9099631
            ],
            [
              77.0088119,
              9.9101815
            ]
          ]
        ]
      }
    },
    {
      "type": "Feature",
      "id": 982773779,
      "properties": {
        "addr:city": "Murickassery",
        "addr:street": "Murickassery",
        "amenity": "conference_centre",
        "building": "yes",
        "name": "Matha Convention Center Murickassery",
        "operator": "private",
        "operator:type": "private"
      },
      "geometry": {
        "type": "Polygon",
        "coordinates": [
          [
            [
              77.0085734,
              9.9094738
            ],
            [
              77.0086036,
              9.9092236
            ],
            [
              77.0090174,
              9.9092721
            ],
            [
              77.0089872,
              9.9095222
            ],
            [
              77.0085734,
              9.9094738
            ]
          ]
        ]
      }
    },
    {
      "type": "Feature",
      "id": 982777728,
      "properties": {
        "access": "yes",
        "amenity": "toilets",
        "building": "yes",
        "toilets:disposal": "flush",
        "unisex": "yes",
        "wheelchair": "no"
      },
      "geometry": {
        "type": "Polygon",
        "coordinates": [
          [
            [
              77.0095791,
              9.9073289
            ],
            [
              77.0095674,
              9.9072115
            ],
            [
              77.0097365,
              9.9071951
            ],
            [
              77.0097482,
              9.9073126
            ],
            [
              77.0095791,
              9.9073289
            ]
          ]
        ]
      }
    },
    {
      "type": "Feature",
      "id": 982778854,
      "properties": {
        "addr:city": "Murickassery",
        "addr:street": "Murickassery",
        "amenity": "police",
        "building": "yes",
        "government": "police",
        "name": "Police Station, Murickassery",
        "ref": "15294018"
      },
      "geometry": {
        "type": "Polygon",
        "coordinates": [
          [
            [
              77.0096003,
              9.9064327
            ],
            [
              77.0096057,
              9.9061593
            ],
            [
              77.0097581,
              9.9061393
            ],
            [
              77.0097686,
              9.9064456
            ],
            [
              77.0096003,
              9.9064327
            ]
          ]
        ]
      }
    },
    {
      "type": "Feature",
      "id": 988537480,
      "properties": {
        "building": "hospital"
      },
      "geometry": {
        "type": "Polygon",
        "coordinates": [
          [
            [
              76.9590754,
              9.9241743
            ],
            [
              76.9591757,
              9.9242576
            ],
            [
              76.9595313,
              9.9238424
            ],
            [
              76.9594662,
              9.9237883
            ],
            [
              76.9592952,
              9.923988
            ],
            [
              76.959216,
              9.9239222
            ],
            [
              76.9591356,
              9.924016
            ],
            [
              76.9591796,
              9.9240525
            ],
            [
              76.9590754,
              9.9241743
            ]
          ]
        ]
      }
    },
    {
      "type": "Feature",
      "id": 1026009537,
      "properties": {
        "addr:city": "Panamkutty",
        "addr:postcode": "685562",
        "addr:street": "Chinnar-Mankuva-Panamkutty Road",
        "amenity": "post_office",
        "building": "yes",
        "name": "Panamkutty Post office"
      },
      "geometry": {
        "type": "Polygon",
        "coordinates": [
          [
            [
              76.9920555,
              9.9494454
            ],
            [
              76.9921537,
              9.9493689
            ],
            [
              76.9921053,
              9.9493198
            ],
            [
              76.9920203,
              9.9493963
            ],
            [
              76.9920555,
              9.9494454
            ]
          ]
        ]
      }
    },
    {
      "type": "Feature",
      "id": 1026018060,
      "properties": {
        "building": "yes",
        "name": "Pappans Barkery kambilikandom",
        "shop": "bakery"
      },
      "geometry": {
        "type": "Polygon",
        "coordinates": [
          [
            [
              77.0156342,
              9.9405972
            ],
            [
              77.0155465,
              9.9404784
            ],
            [
              77.0156383,
              9.9404414
            ],
            [
              77.0157053,
              9.9405432
            ],
            [
              77.0156342,
              9.9405972
            ]
          ]
        ]
      }
    },
    {
      "type": "Feature",
      "id": 1026018193,
      "properties": {
        "building": "yes",
        "name": "Oxygen Medicals",
        "shop": "medical_supply"
      },
      "geometry": {
        "type": "Polygon",
        "coordinates": [
          [
            [
              77.0157678,
              9.9407371
            ],
            [
              77.015843,
              9.9406851
            ],
            [
              77.0159866,
              9.9408411
            ],
            [
              77.0159157,
              9.9408947
            ],
            [
              77.0157678,
              9.9407371
            ]
          ]
        ]
      }
    },
    {
      "type": "Feature",
      "id": 1057810630,
      "properties": {
        "building": "yes",
        "healthcare": "alternative",
        "healthcare:speciality": "general",
        "name": "Government Ayurveda mobile dispensary painavu",
        "operator": "Government",
        "operator:en": "Indian Systems Of Medicine",
        "panchayath": "Vazhathoppe",
        "ref": "061006320026"
      },
      "geometry": {
        "type": "Polygon",
        "coordinates": [
          [
            [
              76.947021,
              9.8555375
            ],
            [
              76.9470233,
              9.8554684
            ],
            [
              76.9471823,
              9.8554707
            ],
            [
              76.9471859,
              9.8555456
            ],
            [
              76.947021,
              9.8555375
            ]
          ]
        ]
      }
    },
    {
      "type": "Feature",
      "id": 1058052107,
      "properties": {
        "building": "yes",
        "healthcare": "alternative",
        "healthcare:speciality": "general",
        "name": "Government Ayurveda Dispensary Chelachuvadu",
        "operator": "Government",
        "operator:en": "Indian Systems of Medicine",
        "panchayath": "Kanjikuzhy",
        "ref": "061006320035"
      },
      "geometry": {
        "type": "Polygon",
        "coordinates": [
          [
            [
              76.9636546,
              9.9184108
            ],
            [
              76.9636884,
              9.9183598
            ],
            [
              76.9637561,
              9.9183843
            ],
            [
              76.9637229,
              9.9184476
            ],
            [
              76.9636546,
              9.9184108
            ]
          ]
        ]
      }
    },
    {
      "type": "Feature",
      "id": 1058065550,
      "properties": {
        "building": "yes",
        "healthcare": "alternative",
        "healthcare:speciality": "general",
        "name": "Government Ayurveda Dispensary Perinchankutty",
        "operator": "Government",
        "operator:en": "Indian System Of Medicine",
        "panchayath": "Vathikkudy",
        "ref": "061012320054"
      },
      "geometry": {
        "type": "Polygon",
        "coordinates": [
          [
            [
              77.0168628,
              9.9169595
            ],
            [
              77.0167303,
              9.9167531
            ],
            [
              77.0169543,
              9.9166795
            ],
            [
              77.0170554,
              9.9168978
            ],
            [
              77.0168628,
              9.9169595
            ]
          ]
        ]
      }
    },
    {
      "type": "Feature",
      "id": 1058069621,
      "properties": {
        "building": "yes",
        "healthcare": "alternative",
        "healthcare:speciality": "general",
        "name": "Government Ayurveda Dispensary Upputhodu",
        "operator": "Government",
        "operator:en": "ndian Systems of Medicine",
        "panchayath": "Mariyapuram",
        "ref": "061012320033"
      },
      "geometry": {
        "type": "Polygon",
        "coordinates": [
          [
            [
              77.0033192,
              9.8812304
            ],
            [
              77.0034007,
              9.8810514
            ],
            [
              77.0036527,
              9.881161
            ],
            [
              77.0035749,
              9.8813362
            ],
            [
              77.0033192,
              9.8812304
            ]
          ]
        ]
      }
    },
    {
      "type": "Feature",
      "id": 1063991250,
      "properties": {
        "amenity": "police",
        "building": "yes",
        "name": "Police Station , Idukki",
        "ref": "15294008"
      },
      "geometry": {
        "type": "Polygon",
        "coordinates": [
          [
            [
              76.9626755,
              9.8525557
            ],
            [
              76.9628134,
              9.8526777
            ],
            [
              76.9629655,
              9.852493
            ],
            [
              76.9628559,
              9.852371
            ],
            [
              76.9626755,
              9.8525557
            ]
          ]
        ]
      }
    },
    {
      "type": "Feature",
      "id": 1079443601,
      "properties": {
        "building": "yes"
      },
      "geometry": {
        "type": "Polygon",
        "coordinates": [
          [
            [
              76.9415005,
              9.8464636
            ],
            [
              76.9416104,
              9.8464993
            ],
            [
              76.9416275,
              9.846448
            ],
            [
              76.9415176,
              9.8464124
            ],
            [
              76.9415005,
              9.8464636
            ]
          ]
        ]
      }
    },
    {
      "type": "Feature",
      "id": 1079443602,
      "properties": {
        "building": "yes"
      },
      "geometry": {
        "type": "Polygon",
        "coordinates": [
          [
            [
              76.9414763,
              9.8468151
            ],
            [
              76.9415139,
              9.8468283
            ],
            [
              76.9415351,
              9.8467697
            ],
            [
              76.9414976,
              9.8467565
            ],
            [
              76.9414763,
              9.8468151
            ]
          ]
        ]
      }
    },
    {
      "type": "Feature",
      "id": 1079443603,
      "properties": {
        "building": "yes"
      },
      "geometry": {
        "type": "Polygon",
        "coordinates": [
          [
            [
              76.9413811,
              9.8467952
            ],
            [
              76.9414575,
              9.8468177
            ],
            [
              76.9414752,
              9.8467592
            ],
            [
              76.9413988,
              9.8467368
            ],
            [
              76.9413811,
              9.8467952
            ]
          ]
        ]
      }
    },
    {
      "type": "Feature",
      "id": 1079443604,
      "properties": {
        "building": "yes"
      },
      "geometry": {
        "type": "Polygon",
        "coordinates": [
          [
            [
              76.9415031,
              9.8466975
            ],
            [
              76.9415662,
              9.8467173
            ],
            [
              76.9415913,
              9.8466396
            ],
            [
              76.9415283,
              9.8466198
            ],
            [
              76.9415031,
              9.8466975
            ]
          ]
        ]
      }
    },
    {
      "type": "Feature",
      "id": 1079443605,
      "properties": {
        "building": "yes"
      },
      "geometry": {
        "type": "Polygon",
        "coordinates": [
          [
            [
              76.9414066,
              9.8466644
            ],
            [
              76.941475,
              9.8466869
            ],
            [
              76.9414986,
              9.8466171
            ],
            [
              76.9414302,
              9.8465947
            ],
            [
              76.9414066,
              9.8466644
            ]
          ]
        ]
      }
    },
    {
      "type": "Feature",
      "id": 1079443606,
      "properties": {
        "building": "yes"
      },
      "geometry": {
        "type": "Polygon",
        "coordinates": [
          [
            [
              76.9419149,
              9.8473198
            ],
            [
              76.942048,
              9.847259
            ],
            [
              76.9417904,
              9.8467119
            ],
            [
              76.9416573,
              9.8467728
            ],
            [
              76.9419149,
              9.8473198
            ]
          ]
        ]
      }
    },
    {
      "type": "Feature",
      "id": 1079443607,
      "properties": {
        "building": "yes"
      },
      "geometry": {
        "type": "Polygon",
        "coordinates": [
          [
            [
              76.9413751,
              9.8475041
            ],
            [
              76.9414387,
              9.8475329
            ],
            [
              76.9415541,
              9.8472852
            ],
            [
              76.9414904,
              9.8472564
            ],
            [
              76.9413751,
              9.8475041
            ]
          ]
        ]
      }
    },
    {
      "type": "Feature",
      "id": 1079443608,
      "properties": {
        "building": "yes"
      },
      "geometry": {
        "type": "Polygon",
        "coordinates": [
          [
            [
              76.9412416,
              9.8472207
            ],
            [
              76.9414012,
              9.8472954
            ],
            [
              76.9414648,
              9.8471633
            ],
            [
              76.9413052,
              9.8470887
            ],
            [
              76.9412416,
              9.8472207
            ]
          ]
        ]
      }
    },
    {
      "type": "Feature",
      "id": 1079443609,
      "properties": {
        "building": "yes"
      },
      "geometry": {
        "type": "Polygon",
        "coordinates": [
          [
            [
              76.9411726,
              9.847411
            ],
            [
              76.9413194,
              9.8474797
            ],
            [
              76.9413845,
              9.8473446
            ],
            [
              76.9412377,
              9.8472759
            ],
            [
              76.9411726,
              9.847411
            ]
          ]
        ]
      }
    },
    {
      "type": "Feature",
      "id": 1079443610,
      "properties": {
        "building": "yes"
      },
      "geometry": {
        "type": "Polygon",
        "coordinates": [
          [
            [
              76.9410854,
              9.8475927
            ],
            [
              76.9412296,
              9.8476647
            ],
            [
              76.9413032,
              9.8475216
            ],
            [
              76.941159,
              9.8474496
            ],
            [
              76.9410854,
              9.8475927
            ]
          ]
        ]
      }
    },
    {
      "type": "Feature",
      "id": 1082224034,
      "properties": {
        "building": "hospital"
      },
      "geometry": {
        "type": "Polygon",
        "coordinates": [
          [
            [
              76.9617809,
              9.8487216
            ],
            [
              76.9618674,
              9.8485785
            ],
            [
              76.9619261,
              9.8486059
            ],
            [
              76.9619199,
              9.8486394
            ],
            [
              76.9622969,
              9.8488403
            ],
            [
              76.9624483,
              9.848886
            ],
            [
              76.9624884,
              9.8487825
            ],
            [
              76.9619199,
              9.8485024
            ],
            [
              76.9620003,
              9.8483472
            ],
            [
              76.9620713,
              9.8483837
            ],
            [
              76.962096,
              9.8484324
            ],
            [
              76.9623741,
              9.8485846
            ],
            [
              76.9626985,
              9.8486851
            ],
            [
              76.9632516,
              9.8487368
            ],
            [
              76.9632485,
              9.8488768
            ],
            [
              76.9631156,
              9.848889
            ],
            [
              76.962785,
              9.8488738
            ],
            [
              76.9626305,
              9.8488312
            ],
            [
              76.9626213,
              9.8489255
            ],
            [
              76.9628221,
              9.8489864
            ],
            [
              76.9631836,
              9.8490016
            ],
            [
              76.9631805,
              9.8489682
            ],
            [
              76.9632546,
              9.8489742
            ],
            [
              76.9632763,
              9.8491782
            ],
            [
              76.9628499,
              9.8491599
            ],
            [
              76.9623988,
              9.8490625
            ],
            [
              76.962059,
              9.8489073
            ],
            [
              76.9617809,
              9.8487216
            ]
          ]
        ]
      }
    },
    {
      "type": "Feature",
      "id": 1082224035,
      "properties": {
        "building": "hospital",
        "name": "Academic Block"
      },
      "geometry": {
        "type": "Polygon",
        "coordinates": [
          [
            [
              76.9603103,
              9.848615
            ],
            [
              76.9603659,
              9.8480184
            ],
            [
              76.9605605,
              9.8480367
            ],
            [
              76.960508,
              9.8486211
            ],
            [
              76.9603103,
              9.848615
            ]
          ]
        ]
      }
    },
    {
      "type": "Feature",
      "id": 1085740231,
      "properties": {
        "building": "yes",
        "healthcare": "alternative",
        "healthcare:speciality": "general",
        "name": "District Medical Office Idukki",
        "operator": "Government",
        "operator:en": "Indian Systems of Medicine",
        "phone": "+91-4862232318",
        "ref": "10060024"
      },
      "geometry": {
        "type": "Polygon",
        "coordinates": [
          [
            [
              76.9420361,
              9.848028
            ],
            [
              76.9419694,
              9.8479062
            ],
            [
              76.9419262,
              9.8479603
            ],
            [
              76.9419851,
              9.8480531
            ],
            [
              76.9420361,
              9.848028
            ]
          ]
        ]
      }
    },
    {
      "type": "Feature",
      "id": 1126133414,
      "properties": {
        "addr:city": "Cheruthony",
        "addr:place": "Idukki District",
        "addr:postcode": "685602",
        "addr:street": "Vanchikavala Road",
        "building": "residential",
        "building:levels": "1",
        "ele": "630",
        "name": "KSEB Inspection Bungalow"
      },
      "geometry": {
        "type": "Polygon",
        "coordinates": [
          [
            [
              76.9632206,
              9.8622108
            ],
            [
              76.9633467,
              9.8620351
            ],
            [
              76.9635653,
              9.8621606
            ],
            [
              76.9636927,
              9.8619875
            ],
            [
              76.9638134,
              9.8620668
            ],
            [
              76.9635519,
              9.8624289
            ],
            [
              76.9632206,
              9.8622108
            ]
          ]
        ]
      }
    },
    {
      "type": "Feature",
      "id": 1126133633,
      "properties": {
        "addr:city": "Cheruthony",
        "addr:place": "Idukki District",
        "addr:postcode": "685602",
        "addr:street": "Vanchikavala Road",
        "building": "residential",
        "ele": "640",
        "name": "Kolumban House"
      },
      "geometry": {
        "type": "Polygon",
        "coordinates": [
          [
            [
              76.9631361,
              9.8627248
            ],
            [
              76.9630248,
              9.8626191
            ],
            [
              76.9632702,
              9.8623958
            ],
            [
              76.9633775,
              9.8625029
            ],
            [
              76.9631361,
              9.8627248
            ]
          ]
        ]
      }
    },
    {
      "type": "Feature",
      "id": 1169293270,
      "properties": {
        "building": "yes"
      },
      "geometry": {
        "type": "Polygon",
        "coordinates": [
          [
            [
              77.0190263,
              9.8180093
            ],
            [
              77.0189779,
              9.8179429
            ],
            [
              77.0188447,
              9.8180373
            ],
            [
              77.0188931,
              9.8181036
            ],
            [
              77.0190263,
              9.8180093
            ]
          ]
        ]
      }
    },
    {
      "type": "Feature",
      "id": 1169293275,
      "properties": {
        "building": "yes"
      },
      "geometry": {
        "type": "Polygon",
        "coordinates": [
          [
            [
              77.017334,
              9.8191888
            ],
            [
              77.0172591,
              9.8190827
            ],
            [
              77.0174236,
              9.8189701
            ],
            [
              77.0174985,
              9.8190763
            ],
            [
              77.017334,
              9.8191888
            ]
          ]
        ]
      }
    },
    {
      "type": "Feature",
      "id": 1173090304,
      "properties": {
        "building": "yes"
      },
      "geometry": {
        "type": "Polygon",
        "coordinates": [
          [
            [
              76.976205,
              9.8451891
            ],
            [
              76.9762342,
              9.8451151
            ],
            [
              76.9762932,
              9.8451377
            ],
            [
              76.976264,
              9.8452117
            ],
            [
              76.976205,
              9.8451891
            ]
          ]
        ]
      }
    },
    {
      "type": "Feature",
      "id": 1173212284,
      "properties": {
        "building": "yes",
        "name": "jeep works",
        "shop": "car_repair"
      },
      "geometry": {
        "type": "Polygon",
        "coordinates": [
          [
            [
              77.0158066,
              9.945709
            ],
            [
              77.0157475,
              9.9456763
            ],
            [
              77.0158029,
              9.9456126
            ],
            [
              77.0158749,
              9.9456381
            ],
            [
              77.0158066,
              9.945709
            ]
          ]
        ]
      }
    },
    {
      "type": "Feature",
      "id": 1173212298,
      "properties": {
        "building": "yes",
        "name": "car works",
        "shop": "car_repair"
      },
      "geometry": {
        "type": "Polygon",
        "coordinates": [
          [
            [
              77.0155833,
              9.9458278
            ],
            [
              77.015531,
              9.9457639
            ],
            [
              77.0155917,
              9.9457392
            ],
            [
              77.0156398,
              9.9457681
            ],
            [
              77.0156544,
              9.9457557
            ],
            [
              77.0157058,
              9.945805
            ],
            [
              77.0155833,
              9.9458278
            ]
          ]
        ]
      }
    },
    {
      "type": "Feature",
      "id": 1443564898,
      "properties": {
        "building": "yes"
      },
      "geometry": {
        "type": "Polygon",
        "coordinates": [
          [
            [
              76.9451171,
              9.8569475
            ],
            [
              76.9451097,
              9.8568505
            ],
            [
              76.9449452,
              9.8568626
            ],
            [
              76.9449525,
              9.8569596
            ],
            [
              76.9451171,
              9.8569475
            ]
          ]
        ]
      }
    },
    {
      "type": "Feature",
      "id": 1443564899,
      "properties": {
        "building": "yes"
      },
      "geometry": {
        "type": "Polygon",
        "coordinates": [
          [
            [
              76.9453248,
              9.8569304
            ],
            [
              76.9453174,
              9.8568334
            ],
            [
              76.9451529,
              9.8568455
            ],
            [
              76.9451602,
              9.8569425
            ],
            [
              76.9453248,
              9.8569304
            ]
          ]
        ]
      }
    },
    {
      "type": "Feature",
      "id": 1443564900,
      "properties": {
        "building": "yes"
      },
      "geometry": {
        "type": "Polygon",
        "coordinates": [
          [
            [
              76.9455543,
              9.8569266
            ],
            [
              76.945547,
              9.8568296
            ],
            [
              76.9453824,
              9.8568417
            ],
            [
              76.9453898,
              9.8569387
            ],
            [
              76.9455543,
              9.8569266
            ]
          ]
        ]
      }
    },
    {
      "type": "Feature",
      "id": 1443564901,
      "properties": {
        "building": "yes"
      },
      "geometry": {
        "type": "Polygon",
        "coordinates": [
          [
            [
              76.9457691,
              9.8568831
            ],
            [
              76.9457424,
              9.8567895
            ],
            [
              76.9455835,
              9.8568335
            ],
            [
              76.9456103,
              9.8569272
            ],
            [
              76.9457691,
              9.8568831
            ]
          ]
        ]
      }
    },
    {
      "type": "Feature",
      "id": 1443564902,
      "properties": {
        "building": "yes"
      },
      "geometry": {
        "type": "Polygon",
        "coordinates": [
          [
            [
              76.9459987,
              9.8568375
            ],
            [
              76.9459719,
              9.8567439
            ],
            [
              76.9458131,
              9.856788
            ],
            [
              76.9458399,
              9.8568817
            ],
            [
              76.9459987,
              9.8568375
            ]
          ]
        ]
      }
    },
    {
      "type": "Feature",
      "id": 1443564903,
      "properties": {
        "building": "yes"
      },
      "geometry": {
        "type": "Polygon",
        "coordinates": [
          [
            [
              76.9449184,
              9.8569611
            ],
            [
              76.9448779,
              9.8568724
            ],
            [
              76.9447274,
              9.8569391
            ],
            [
              76.9447679,
              9.8570279
            ],
            [
              76.9449184,
              9.8569611
            ]
          ]
        ]
      }
    },
    {
      "type": "Feature",
      "id": 1443564904,
      "properties": {
        "building": "yes"
      },
      "geometry": {
        "type": "Polygon",
        "coordinates": [
          [
            [
              76.9447106,
              9.8571471
            ],
            [
              76.944612,
              9.8571524
            ],
            [
              76.9446209,
              9.8573147
            ],
            [
              76.9447196,
              9.8573094
            ],
            [
              76.9447106,
              9.8571471
            ]
          ]
        ]
      }
    },
    {
      "type": "Feature",
      "id": 1443564905,
      "properties": {
        "building": "yes"
      },
      "geometry": {
        "type": "Polygon",
        "coordinates": [
          [
            [
              76.9449019,
              9.857503
            ],
            [
              76.9449188,
              9.8574072
            ],
            [
              76.9447562,
              9.8573793
            ],
            [
              76.9447393,
              9.8574751
            ],
            [
              76.9449019,
              9.857503
            ]
          ]
        ]
      }
    },
    {
      "type": "Feature",
      "id": 1443564906,
      "properties": {
        "building": "yes"
      },
      "geometry": {
        "type": "Polygon",
        "coordinates": [
          [
            [
              76.9451299,
              9.8575372
            ],
            [
              76.9451468,
              9.8574413
            ],
            [
              76.9449842,
              9.8574134
            ],
            [
              76.9449673,
              9.8575093
            ],
            [
              76.9451299,
              9.8575372
            ]
          ]
        ]
      }
    },
    {
      "type": "Feature",
      "id": 1443564907,
      "properties": {
        "building": "yes"
      },
      "geometry": {
        "type": "Polygon",
        "coordinates": [
          [
            [
              76.9453471,
              9.8575736
            ],
            [
              76.945364,
              9.8574778
            ],
            [
              76.9452015,
              9.8574499
            ],
            [
              76.9451845,
              9.8575457
            ],
            [
              76.9453471,
              9.8575736
            ]
          ]
        ]
      }
    },
    {
      "type": "Feature",
      "id": 1443564908,
      "properties": {
        "building": "yes"
      },
      "geometry": {
        "type": "Polygon",
        "coordinates": [
          [
            [
              76.9455586,
              9.8576329
            ],
            [
              76.945591,
              9.857541
            ],
            [
              76.9454351,
              9.8574877
            ],
            [
              76.9454027,
              9.8575796
            ],
            [
              76.9455586,
              9.8576329
            ]
          ]
        ]
      }
    },
    {
      "type": "Feature",
      "id": 1443566106,
      "properties": {
        "building": "school"
      },
      "geometry": {
        "type": "Polygon",
        "coordinates": [
          [
            [
              76.9397818,
              9.8548128
            ],
            [
              76.9398124,
              9.8549462
            ],
            [
              76.9397572,
              9.8549585
            ],
            [
              76.9397612,
              9.8549757
            ],
            [
              76.9396939,
              9.8549906
            ],
            [
              76.9396901,
              9.8549738
            ],
            [
              76.9395132,
              9.855013
            ],
            [
              76.9395166,
              9.8550277
            ],
            [
              76.9394625,
              9.8550396
            ],
            [
              76.9394605,
              9.8550306
            ],
            [
              76.9393872,
              9.8550465
            ],
            [
              76.9393583,
              9.854917
            ],
            [
              76.9394713,
              9.8548925
            ],
            [
              76.9394677,
              9.8548765
            ],
            [
              76.9395345,
              9.854862
            ],
            [
              76.9395278,
              9.8548319
            ],
            [
              76.9396037,
              9.8548154
            ],
            [
              76.9396099,
              9.8548432
            ],
            [
              76.9396654,
              9.8548311
            ],
            [
              76.939667,
              9.8548384
            ],
            [
              76.9397818,
              9.8548128
            ]
          ]
        ]
      }
    },
    {
      "type": "Feature",
      "id": 1443566107,
      "properties": {
        "building": "school"
      },
      "geometry": {
        "type": "Polygon",
        "coordinates": [
          [
            [
              76.9397146,
              9.8550757
            ],
            [
              76.9396931,
              9.8550018
            ],
            [
              76.9394929,
              9.8550585
            ],
            [
              76.9395145,
              9.8551324
            ],
            [
              76.9397146,
              9.8550757
            ]
          ]
        ]
      }
    },
    {
      "type": "Feature",
      "id": 1443566108,
      "properties": {
        "building": "school"
      },
      "geometry": {
        "type": "Polygon",
        "coordinates": [
          [
            [
              76.9400008,
              9.8545434
            ],
            [
              76.9398894,
              9.8545482
            ],
            [
              76.9398996,
              9.8547805
            ],
            [
              76.9398,
              9.8547847
            ],
            [
              76.9398042,
              9.8548825
            ],
            [
              76.9400153,
              9.8548735
            ],
            [
              76.9400008,
              9.8545434
            ]
          ]
        ]
      }
    },
    {
      "type": "Feature",
      "id": 1443566109,
      "properties": {
        "building": "yes"
      },
      "geometry": {
        "type": "Polygon",
        "coordinates": [
          [
            [
              76.9390995,
              9.8548182
            ],
            [
              76.9389922,
              9.8548464
            ],
            [
              76.9390452,
              9.8550421
            ],
            [
              76.9391944,
              9.8550029
            ],
            [
              76.9391596,
              9.8548743
            ],
            [
              76.9391177,
              9.8548853
            ],
            [
              76.9390995,
              9.8548182
            ]
          ]
        ]
      }
    }
  ]
}