{
  "type": "FeatureCollection",
  "features": [
    {
      "type": "Feature",
      "id": 252848031,
      "properties": {
        "amenity": "place_of_worship",
        "building": "yes",
        "denomination": "hindu",
        "name": "Mariamman Temple",
        "religion": "hindu",
        "osm_id": 252848031,
        "max_flood_depth_m": 6.92,
        "flood_arrival_min": 87.0,
        "risk_category": "VERY_HIGH",
        "is_affected": true
      },
      "geometry": {
        "type": "Polygon",
        "coordinates": [
          [
            [
              77.8774664,
              11.694103
            ],
            [
              77.8775361,
              11.6942344
            ],
            [
              77.8776515,
              11.6941818
            ],
            [
              77.8776595,
              11.6942107
            ],
            [
              77.8778499,
              11.6941241
            ],
            [
              77.8777614,
              11.6939665
            ],
            [
              77.8774664,
              11.694103
            ]
          ]
        ]
      }
    },
    {
      "type": "Feature",
      "id": 252848129,
      "properties": {
        "amenity": "fuel",
        "building": "yes",
        "name": "Kasi Raja Essar Petrol Station",
        "operator": "Essar",
        "osm_id": 252848129,
        "max_flood_depth_m": 5.3,
        "flood_arrival_min": 87.0,
        "risk_category": "VERY_HIGH",
        "is_affected": true
      },
      "geometry": {
        "type": "Polygon",
        "coordinates": [
          [
            [
              77.8789868,
              11.6930569
            ],
            [
              77.8792148,
              11.692909
            ],
            [
              77.8791254,
              11.6926345
            ],
            [
              77.8788512,
              11.6927159
            ],
            [
              77.8789868,
              11.6930569
            ]
          ]
        ]
      }
    },
    {
      "type": "Feature",
      "id": 340479062,
      "properties": {
        "building": "substation",
        "name": "Mettur Auto Sub Station",
        "power": "substation",
        "substation": "transmission",
        "voltage": "220000",
        "osm_id": 340479062,
        "max_flood_depth_m": 43.13,
        "flood_arrival_min": 57.0,
        "risk_category": "VERY_HIGH",
        "is_affected": true
      },
      "geometry": {
        "type": "Polygon",
        "coordinates": [
          [
            [
              77.8283205,
              11.8153381
            ],
            [
              77.830528,
              11.8145089
            ],
            [
              77.8304246,
              11.8153753
            ],
            [
              77.8306279,
              11.8163178
            ],
            [
              77.8309833,
              11.8172661
            ],
            [
              77.8311552,
              11.8178778
            ],
            [
              77.8311773,
              11.8184645
            ],
            [
              77.8304559,
              11.8183917
            ],
            [
              77.8295696,
              11.8170887
            ],
            [
              77.8287426,
              11.8158983
            ],
            [
              77.8283205,
              11.8153381
            ]
          ]
        ]
      }
    },
    {
      "type": "Feature",
      "id": 547784694,
      "properties": {
        "building": "yes",
        "osm_id": 547784694,
        "max_flood_depth_m": 49.8,
        "flood_arrival_min": 51.0,
        "risk_category": "VERY_HIGH",
        "is_affected": true
      },
      "geometry": {
        "type": "Polygon",
        "coordinates": [
          [
            [
              77.7911451,
              11.8889666
            ],
            [
              77.7912204,
              11.8889499
            ],
            [
              77.7912036,
              11.8888777
            ],
            [
              77.7911284,
              11.8888944
            ],
            [
              77.7911451,
              11.8889666
            ]
          ]
        ]
      }
    },
    {
      "type": "Feature",
      "id": 547784695,
      "properties": {
        "building": "yes",
        "osm_id": 547784695,
        "max_flood_depth_m": 49.71,
        "flood_arrival_min": 51.0,
        "risk_category": "VERY_HIGH",
        "is_affected": true
      },
      "geometry": {
        "type": "Polygon",
        "coordinates": [
          [
            [
              77.7910405,
              11.8889902
            ],
            [
              77.7911029,
              11.8889764
            ],
            [
              77.7910855,
              11.888901
            ],
            [
              77.7910231,
              11.8889148
            ],
            [
              77.7910405,
              11.8889902
            ]
          ]
        ]
      }
    },
    {
      "type": "Feature",
      "id": 547784696,
      "properties": {
        "building": "yes",
        "osm_id": 547784696,
        "max_flood_depth_m": 48.78,
        "flood_arrival_min": 51.0,
        "risk_category": "VERY_HIGH",
        "is_affected": true
      },
      "geometry": {
        "type": "Polygon",
        "coordinates": [
          [
            [
              77.7910124,
              11.8888511
            ],
            [
              77.7910729,
              11.8888389
            ],
            [
              77.7910628,
              11.888791
            ],
            [
              77.7910023,
              11.8888032
            ],
            [
              77.7910124,
              11.8888511
            ]
          ]
        ]
      }
    },
    {
      "type": "Feature",
      "id": 547784697,
      "properties": {
        "building": "yes",
        "osm_id": 547784697,
        "max_flood_depth_m": 48.78,
        "flood_arrival_min": 51.0,
        "risk_category": "VERY_HIGH",
        "is_affected": true
      },
      "geometry": {
        "type": "Polygon",
        "coordinates": [
          [
            [
              77.7909849,
              11.888775
            ],
            [
              77.7910494,
              11.8887625
            ],
            [
              77.7910367,
              11.8886995
            ],
            [
              77.7909721,
              11.888712
            ],
            [
              77.7909849,
              11.888775
            ]
          ]
        ]
      }
    },
    {
      "type": "Feature",
      "id": 547784698,
      "properties": {
        "building": "yes",
        "osm_id": 547784698,
        "max_flood_depth_m": 48.78,
        "flood_arrival_min": 51.0,
        "risk_category": "VERY_HIGH",
        "is_affected": true
      },
      "geometry": {
        "type": "Polygon",
        "coordinates": [
          [
            [
              77.7909688,
              11.8886949
            ],
            [
              77.7910503,
              11.8886781
            ],
            [
              77.7910329,
              11.8885974
            ],
            [
              77.7909514,
              11.8886142
            ],
            [
              77.7909688,
              11.8886949
            ]
          ]
        ]
      }
    },
    {
      "type": "Feature",
      "id": 547784699,
      "properties": {
        "building": "yes",
        "osm_id": 547784699,
        "max_flood_depth_m": 47.63,
        "flood_arrival_min": 54.0,
        "risk_category": "VERY_HIGH",
        "is_affected": true
      },
      "geometry": {
        "type": "Polygon",
        "coordinates": [
          [
            [
              77.7907261,
              11.8885722
            ],
            [
              77.7907845,
              11.8885578
            ],
            [
              77.7907691,
              11.8884981
            ],
            [
              77.7907106,
              11.8885125
            ],
            [
              77.7907261,
              11.8885722
            ]
          ]
        ]
      }
    },
    {
      "type": "Feature",
      "id": 547784700,
      "properties": {
        "building": "yes",
        "osm_id": 547784700,
        "max_flood_depth_m": 47.32,
        "flood_arrival_min": 54.0,
        "risk_category": "VERY_HIGH",
        "is_affected": true
      },
      "geometry": {
        "type": "Polygon",
        "coordinates": [
          [
            [
              77.7909151,
              11.8885014
            ],
            [
              77.7909243,
              11.8885505
            ],
            [
              77.7909906,
              11.8885386
            ],
            [
              77.7909815,
              11.8884896
            ],
            [
              77.7909151,
              11.8885014
            ]
          ]
        ]
      }
    },
    {
      "type": "Feature",
      "id": 547784701,
      "properties": {
        "building": "yes",
        "osm_id": 547784701,
        "max_flood_depth_m": 47.32,
        "flood_arrival_min": 54.0,
        "risk_category": "VERY_HIGH",
        "is_affected": true
      },
      "geometry": {
        "type": "Polygon",
        "coordinates": [
          [
            [
              77.7909058,
              11.8884509
            ],
            [
              77.790914,
              11.8884884
            ],
            [
              77.7909951,
              11.8884714
            ],
            [
              77.7909869,
              11.8884338
            ],
            [
              77.7909058,
              11.8884509
            ]
          ]
        ]
      }
    },
    {
      "type": "Feature",
      "id": 547784702,
      "properties": {
        "building": "yes",
        "osm_id": 547784702,
        "max_flood_depth_m": 47.32,
        "flood_arrival_min": 54.0,
        "risk_category": "VERY_HIGH",
        "is_affected": true
      },
      "geometry": {
        "type": "Polygon",
        "coordinates": [
          [
            [
              77.7909004,
              11.8884397
            ],
            [
              77.7909822,
              11.8884226
            ],
            [
              77.7909711,
              11.8883717
            ],
            [
              77.7908893,
              11.8883887
            ],
            [
              77.7909004,
              11.8884397
            ]
          ]
        ]
      }
    },
    {
      "type": "Feature",
      "id": 547784703,
      "properties": {
        "building": "yes",
        "osm_id": 547784703,
        "max_flood_depth_m": 47.64,
        "flood_arrival_min": 54.0,
        "risk_category": "VERY_HIGH",
        "is_affected": true
      },
      "geometry": {
        "type": "Polygon",
        "coordinates": [
          [
            [
              77.7908796,
              11.8883701
            ],
            [
              77.7909348,
              11.888359
            ],
            [
              77.7909187,
              11.8882829
            ],
            [
              77.7908635,
              11.888294
            ],
            [
              77.7908796,
              11.8883701
            ]
          ]
        ]
      }
    },
    {
      "type": "Feature",
      "id": 547784704,
      "properties": {
        "building": "yes",
        "osm_id": 547784704,
        "max_flood_depth_m": 47.64,
        "flood_arrival_min": 54.0,
        "risk_category": "VERY_HIGH",
        "is_affected": true
      },
      "geometry": {
        "type": "Polygon",
        "coordinates": [
          [
            [
              77.7908561,
              11.8882789
            ],
            [
              77.7909151,
              11.8882681
            ],
            [
              77.790901,
              11.8881946
            ],
            [
              77.7908421,
              11.8882054
            ],
            [
              77.7908561,
              11.8882789
            ]
          ]
        ]
      }
    },
    {
      "type": "Feature",
      "id": 547784705,
      "properties": {
        "building": "yes",
        "osm_id": 547784705,
        "max_flood_depth_m": 47.64,
        "flood_arrival_min": 54.0,
        "risk_category": "VERY_HIGH",
        "is_affected": true
      },
      "geometry": {
        "type": "Polygon",
        "coordinates": [
          [
            [
              77.7909842,
              11.8882579
            ],
            [
              77.7910405,
              11.8882468
            ],
            [
              77.7910299,
              11.8881952
            ],
            [
              77.7909735,
              11.8882063
            ],
            [
              77.7909842,
              11.8882579
            ]
          ]
        ]
      }
    },
    {
      "type": "Feature",
      "id": 547784706,
      "properties": {
        "building": "yes",
        "osm_id": 547784706,
        "max_flood_depth_m": 47.64,
        "flood_arrival_min": 54.0,
        "risk_category": "VERY_HIGH",
        "is_affected": true
      },
      "geometry": {
        "type": "Polygon",
        "coordinates": [
          [
            [
              77.7910586,
              11.8882658
            ],
            [
              77.7911291,
              11.888252
            ],
            [
              77.7911178,
              11.888197
            ],
            [
              77.7910474,
              11.8882108
            ],
            [
              77.7910586,
              11.8882658
            ]
          ]
        ]
      }
    },
    {
      "type": "Feature",
      "id": 547784707,
      "properties": {
        "building": "yes",
        "osm_id": 547784707,
        "max_flood_depth_m": 49.61,
        "flood_arrival_min": 51.0,
        "risk_category": "VERY_HIGH",
        "is_affected": true
      },
      "geometry": {
        "type": "Polygon",
        "coordinates": [
          [
            [
              77.791123,
              11.8879548
            ],
            [
              77.791235,
              11.8879285
            ],
            [
              77.7912198,
              11.8878665
            ],
            [
              77.7911078,
              11.8878928
            ],
            [
              77.791123,
              11.8879548
            ]
          ]
        ]
      }
    },
    {
      "type": "Feature",
      "id": 547784708,
      "properties": {
        "building": "yes",
        "osm_id": 547784708,
        "max_flood_depth_m": 51.0,
        "flood_arrival_min": 48.0,
        "risk_category": "VERY_HIGH",
        "is_affected": true
      },
      "geometry": {
        "type": "Polygon",
        "coordinates": [
          [
            [
              77.7912538,
              11.8877264
            ],
            [
              77.7913081,
              11.8877159
            ],
            [
              77.7912978,
              11.8876652
            ],
            [
              77.7912435,
              11.8876757
            ],
            [
              77.7912538,
              11.8877264
            ]
          ]
        ]
      }
    },
    {
      "type": "Feature",
      "id": 547784709,
      "properties": {
        "building": "yes",
        "osm_id": 547784709,
        "max_flood_depth_m": 51.0,
        "flood_arrival_min": 48.0,
        "risk_category": "VERY_HIGH",
        "is_affected": true
      },
      "geometry": {
        "type": "Polygon",
        "coordinates": [
          [
            [
              77.7911619,
              11.8876851
            ],
            [
              77.7912323,
              11.88767
            ],
            [
              77.791222,
              11.8876239
            ],
            [
              77.7911516,
              11.887639
            ],
            [
              77.7911619,
              11.8876851
            ]
          ]
        ]
      }
    },
    {
      "type": "Feature",
      "id": 547784710,
      "properties": {
        "building": "yes",
        "osm_id": 547784710,
        "max_flood_depth_m": 51.0,
        "flood_arrival_min": 48.0,
        "risk_category": "VERY_HIGH",
        "is_affected": true
      },
      "geometry": {
        "type": "Polygon",
        "coordinates": [
          [
            [
              77.7910975,
              11.8877028
            ],
            [
              77.7911494,
              11.8876913
            ],
            [
              77.791136,
              11.8876335
            ],
            [
              77.7910841,
              11.8876451
            ],
            [
              77.7910975,
              11.8877028
            ]
          ]
        ]
      }
    },
    {
      "type": "Feature",
      "id": 547784711,
      "properties": {
        "building": "yes",
        "osm_id": 547784711,
        "max_flood_depth_m": 48.33,
        "flood_arrival_min": 51.0,
        "risk_category": "VERY_HIGH",
        "is_affected": true
      },
      "geometry": {
        "type": "Polygon",
        "coordinates": [
          [
            [
              77.790826,
              11.8878452
            ],
            [
              77.7908604,
              11.8878361
            ],
            [
              77.7908496,
              11.8877974
            ],
            [
              77.7908152,
              11.8878065
            ],
            [
              77.790826,
              11.8878452
            ]
          ]
        ]
      }
    },
    {
      "type": "Feature",
      "id": 547784712,
      "properties": {
        "building": "yes",
        "osm_id": 547784712,
        "max_flood_depth_m": 48.33,
        "flood_arrival_min": 51.0,
        "risk_category": "VERY_HIGH",
        "is_affected": true
      },
      "geometry": {
        "type": "Polygon",
        "coordinates": [
          [
            [
              77.7908394,
              11.8879095
            ],
            [
              77.7908705,
              11.8879037
            ],
            [
              77.7908598,
              11.8878486
            ],
            [
              77.7908286,
              11.8878544
            ],
            [
              77.7908394,
              11.8879095
            ]
          ]
        ]
      }
    },
    {
      "type": "Feature",
      "id": 547784713,
      "properties": {
        "building": "yes",
        "osm_id": 547784713,
        "max_flood_depth_m": 49.39,
        "flood_arrival_min": 51.0,
        "risk_category": "VERY_HIGH",
        "is_affected": true
      },
      "geometry": {
        "type": "Polygon",
        "coordinates": [
          [
            [
              77.7910057,
              11.8877763
            ],
            [
              77.7910392,
              11.887768
            ],
            [
              77.7910258,
              11.8877162
            ],
            [
              77.7909923,
              11.8877245
            ],
            [
              77.7910057,
              11.8877763
            ]
          ]
        ]
      }
    },
    {
      "type": "Feature",
      "id": 547784714,
      "properties": {
        "building": "yes",
        "osm_id": 547784714,
        "max_flood_depth_m": 48.33,
        "flood_arrival_min": 51.0,
        "risk_category": "VERY_HIGH",
        "is_affected": true
      },
      "geometry": {
        "type": "Polygon",
        "coordinates": [
          [
            [
              77.7910137,
              11.8878872
            ],
            [
              77.7910624,
              11.8878767
            ],
            [
              77.7910469,
              11.8878084
            ],
            [
              77.7909983,
              11.887819
            ],
            [
              77.7910137,
              11.8878872
            ]
          ]
        ]
      }
    },
    {
      "type": "Feature",
      "id": 547784715,
      "properties": {
        "building": "yes",
        "osm_id": 547784715,
        "max_flood_depth_m": 48.33,
        "flood_arrival_min": 51.0,
        "risk_category": "VERY_HIGH",
        "is_affected": true
      },
      "geometry": {
        "type": "Polygon",
        "coordinates": [
          [
            [
              77.790956,
              11.8879023
            ],
            [
              77.7910032,
              11.8878893
            ],
            [
              77.7909797,
              11.8878079
            ],
            [
              77.7909326,
              11.8878209
            ],
            [
              77.790956,
              11.8879023
            ]
          ]
        ]
      }
    },
    {
      "type": "Feature",
      "id": 547784716,
      "properties": {
        "building": "yes",
        "osm_id": 547784716,
        "max_flood_depth_m": 48.33,
        "flood_arrival_min": 51.0,
        "risk_category": "VERY_HIGH",
        "is_affected": true
      },
      "geometry": {
        "type": "Polygon",
        "coordinates": [
          [
            [
              77.7908736,
              11.8878715
            ],
            [
              77.7909272,
              11.8878603
            ],
            [
              77.7909192,
              11.8878232
            ],
            [
              77.7908655,
              11.8878344
            ],
            [
              77.7908736,
              11.8878715
            ]
          ]
        ]
      }
    },
    {
      "type": "Feature",
      "id": 547784717,
      "properties": {
        "building": "yes",
        "osm_id": 547784717,
        "max_flood_depth_m": 48.04,
        "flood_arrival_min": 54.0,
        "risk_category": "VERY_HIGH",
        "is_affected": true
      },
      "geometry": {
        "type": "Polygon",
        "coordinates": [
          [
            [
              77.7908079,
              11.8877999
            ],
            [
              77.7908508,
              11.8877896
            ],
            [
              77.7908381,
              11.887739
            ],
            [
              77.7907951,
              11.8877494
            ],
            [
              77.7908079,
              11.8877999
            ]
          ]
        ]
      }
    },
    {
      "type": "Feature",
      "id": 547784718,
      "properties": {
        "building": "yes",
        "osm_id": 547784718,
        "max_flood_depth_m": 49.39,
        "flood_arrival_min": 51.0,
        "risk_category": "VERY_HIGH",
        "is_affected": true
      },
      "geometry": {
        "type": "Polygon",
        "coordinates": [
          [
            [
              77.7908856,
              11.8877999
            ],
            [
              77.7909366,
              11.8877863
            ],
            [
              77.7909152,
              11.8877095
            ],
            [
              77.7908642,
              11.8877232
            ],
            [
              77.7908856,
              11.8877999
            ]
          ]
        ]
      }
    },
    {
      "type": "Feature",
      "id": 547784719,
      "properties": {
        "building": "yes",
        "osm_id": 547784719,
        "max_flood_depth_m": 48.33,
        "flood_arrival_min": 51.0,
        "risk_category": "VERY_HIGH",
        "is_affected": true
      },
      "geometry": {
        "type": "Polygon",
        "coordinates": [
          [
            [
              77.7909064,
              11.8880283
            ],
            [
              77.7909572,
              11.8880157
            ],
            [
              77.7909411,
              11.8879534
            ],
            [
              77.7908903,
              11.8879659
            ],
            [
              77.7909064,
              11.8880283
            ]
          ]
        ]
      }
    },
    {
      "type": "Feature",
      "id": 547784720,
      "properties": {
        "building": "yes",
        "osm_id": 547784720,
        "max_flood_depth_m": 47.64,
        "flood_arrival_min": 54.0,
        "risk_category": "VERY_HIGH",
        "is_affected": true
      },
      "geometry": {
        "type": "Polygon",
        "coordinates": [
          [
            [
              77.7909239,
              11.8881438
            ],
            [
              77.7909668,
              11.8881348
            ],
            [
              77.7909534,
              11.8880731
            ],
            [
              77.7909105,
              11.8880821
            ],
            [
              77.7909239,
              11.8881438
            ]
          ]
        ]
      }
    },
    {
      "type": "Feature",
      "id": 547784721,
      "properties": {
        "building": "yes",
        "osm_id": 547784721,
        "max_flood_depth_m": 47.64,
        "flood_arrival_min": 54.0,
        "risk_category": "VERY_HIGH",
        "is_affected": true
      },
      "geometry": {
        "type": "Polygon",
        "coordinates": [
          [
            [
              77.7908716,
              11.8881536
            ],
            [
              77.7909055,
              11.8881473
            ],
            [
              77.7908934,
              11.888085
            ],
            [
              77.7908595,
              11.8880913
            ],
            [
              77.7908716,
              11.8881536
            ]
          ]
        ]
      }
    },
    {
      "type": "Feature",
      "id": 547784723,
      "properties": {
        "building": "yes",
        "osm_id": 547784723,
        "max_flood_depth_m": 47.74,
        "flood_arrival_min": 54.0,
        "risk_category": "VERY_HIGH",
        "is_affected": true
      },
      "geometry": {
        "type": "Polygon",
        "coordinates": [
          [
            [
              77.7907877,
              11.8880781
            ],
            [
              77.7908454,
              11.8880656
            ],
            [
              77.7908333,
              11.8880125
            ],
            [
              77.7907757,
              11.888025
            ],
            [
              77.7907877,
              11.8880781
            ]
          ]
        ]
      }
    },
    {
      "type": "Feature",
      "id": 547784725,
      "properties": {
        "building": "yes",
        "osm_id": 547784725,
        "max_flood_depth_m": 47.18,
        "flood_arrival_min": 54.0,
        "risk_category": "VERY_HIGH",
        "is_affected": true
      },
      "geometry": {
        "type": "Polygon",
        "coordinates": [
          [
            [
              77.7907958,
              11.8881641
            ],
            [
              77.7908477,
              11.8881536
            ],
            [
              77.7908329,
              11.888084
            ],
            [
              77.790781,
              11.8880946
            ],
            [
              77.7907958,
              11.8881641
            ]
          ]
        ]
      }
    },
    {
      "type": "Feature",
      "id": 547784727,
      "properties": {
        "building": "yes",
        "osm_id": 547784727,
        "max_flood_depth_m": 47.74,
        "flood_arrival_min": 54.0,
        "risk_category": "VERY_HIGH",
        "is_affected": true
      },
      "geometry": {
        "type": "Polygon",
        "coordinates": [
          [
            [
              77.7907415,
              11.8879627
            ],
            [
              77.7908065,
              11.8879456
            ],
            [
              77.7907951,
              11.887904
            ],
            [
              77.7907301,
              11.8879211
            ],
            [
              77.7907415,
              11.8879627
            ]
          ]
        ]
      }
    },
    {
      "type": "Feature",
      "id": 547784729,
      "properties": {
        "building": "yes",
        "osm_id": 547784729,
        "max_flood_depth_m": 47.74,
        "flood_arrival_min": 54.0,
        "risk_category": "VERY_HIGH",
        "is_affected": true
      },
      "geometry": {
        "type": "Polygon",
        "coordinates": [
          [
            [
              77.7906598,
              11.8880499
            ],
            [
              77.79074,
              11.8880364
            ],
            [
              77.7907278,
              11.8879669
            ],
            [
              77.7906466,
              11.8879806
            ],
            [
              77.7906499,
              11.8879992
            ],
            [
              77.7906055,
              11.8880067
            ],
            [
              77.7906116,
              11.8880414
            ],
            [
              77.790657,
              11.8880337
            ],
            [
              77.7906598,
              11.8880499
            ]
          ]
        ]
      }
    },
    {
      "type": "Feature",
      "id": 547784731,
      "properties": {
        "building": "yes",
        "osm_id": 547784731,
        "max_flood_depth_m": 47.74,
        "flood_arrival_min": 54.0,
        "risk_category": "VERY_HIGH",
        "is_affected": true
      },
      "geometry": {
        "type": "Polygon",
        "coordinates": [
          [
            [
              77.7906295,
              11.8879673
            ],
            [
              77.7906906,
              11.8879565
            ],
            [
              77.7906812,
              11.8879053
            ],
            [
              77.7906201,
              11.8879161
            ],
            [
              77.7906295,
              11.8879673
            ]
          ]
        ]
      }
    },
    {
      "type": "Feature",
      "id": 547784732,
      "properties": {
        "building": "yes",
        "osm_id": 547784732,
        "max_flood_depth_m": 47.74,
        "flood_arrival_min": 54.0,
        "risk_category": "VERY_HIGH",
        "is_affected": true
      },
      "geometry": {
        "type": "Polygon",
        "coordinates": [
          [
            [
              77.7906281,
              11.8879023
            ],
            [
              77.7906683,
              11.887894
            ],
            [
              77.7906542,
              11.887829
            ],
            [
              77.7906141,
              11.8878373
            ],
            [
              77.7906281,
              11.8879023
            ]
          ]
        ]
      }
    },
    {
      "type": "Feature",
      "id": 547784734,
      "properties": {
        "building": "yes",
        "osm_id": 547784734,
        "max_flood_depth_m": 47.74,
        "flood_arrival_min": 54.0,
        "risk_category": "VERY_HIGH",
        "is_affected": true
      },
      "geometry": {
        "type": "Polygon",
        "coordinates": [
          [
            [
              77.7906771,
              11.8878662
            ],
            [
              77.7907261,
              11.8878579
            ],
            [
              77.79071,
              11.8877673
            ],
            [
              77.790661,
              11.8877757
            ],
            [
              77.7906771,
              11.8878662
            ]
          ]
        ]
      }
    },
    {
      "type": "Feature",
      "id": 547784736,
      "properties": {
        "building": "yes",
        "osm_id": 547784736,
        "max_flood_depth_m": 47.74,
        "flood_arrival_min": 54.0,
        "risk_category": "VERY_HIGH",
        "is_affected": true
      },
      "geometry": {
        "type": "Polygon",
        "coordinates": [
          [
            [
              77.7906047,
              11.8878295
            ],
            [
              77.7906556,
              11.8878202
            ],
            [
              77.7906462,
              11.8877709
            ],
            [
              77.7905953,
              11.8877802
            ],
            [
              77.7906047,
              11.8878295
            ]
          ]
        ]
      }
    },
    {
      "type": "Feature",
      "id": 547784738,
      "properties": {
        "building": "yes",
        "osm_id": 547784738,
        "max_flood_depth_m": 46.91,
        "flood_arrival_min": 54.0,
        "risk_category": "VERY_HIGH",
        "is_affected": true
      },
      "geometry": {
        "type": "Polygon",
        "coordinates": [
          [
            [
              77.7904981,
              11.8878682
            ],
            [
              77.7905832,
              11.8878623
            ],
            [
              77.7905791,
              11.8878058
            ],
            [
              77.790494,
              11.8878118
            ],
            [
              77.7904981,
              11.8878682
            ]
          ]
        ]
      }
    },
    {
      "type": "Feature",
      "id": 547784739,
      "properties": {
        "building": "yes",
        "osm_id": 547784739,
        "max_flood_depth_m": 46.91,
        "flood_arrival_min": 54.0,
        "risk_category": "VERY_HIGH",
        "is_affected": true
      },
      "geometry": {
        "type": "Polygon",
        "coordinates": [
          [
            [
              77.79037,
              11.8878373
            ],
            [
              77.7904203,
              11.8878341
            ],
            [
              77.7904168,
              11.8877831
            ],
            [
              77.7903665,
              11.8877864
            ],
            [
              77.79037,
              11.8878373
            ]
          ]
        ]
      }
    },
    {
      "type": "Feature",
      "id": 547784741,
      "properties": {
        "building": "yes",
        "osm_id": 547784741,
        "max_flood_depth_m": 46.91,
        "flood_arrival_min": 54.0,
        "risk_category": "VERY_HIGH",
        "is_affected": true
      },
      "geometry": {
        "type": "Polygon",
        "coordinates": [
          [
            [
              77.7902339,
              11.8879587
            ],
            [
              77.7903304,
              11.8879495
            ],
            [
              77.7903238,
              11.8878831
            ],
            [
              77.7902273,
              11.8878923
            ],
            [
              77.7902339,
              11.8879587
            ]
          ]
        ]
      }
    },
    {
      "type": "Feature",
      "id": 547784743,
      "properties": {
        "building": "yes",
        "osm_id": 547784743,
        "max_flood_depth_m": 46.91,
        "flood_arrival_min": 54.0,
        "risk_category": "VERY_HIGH",
        "is_affected": true
      },
      "geometry": {
        "type": "Polygon",
        "coordinates": [
          [
            [
              77.7904377,
              11.8879226
            ],
            [
              77.7905028,
              11.8879246
            ],
            [
              77.7905041,
              11.8878807
            ],
            [
              77.7904391,
              11.8878788
            ],
            [
              77.7904377,
              11.8879226
            ]
          ]
        ]
      }
    },
    {
      "type": "Feature",
      "id": 547784744,
      "properties": {
        "building": "yes",
        "osm_id": 547784744,
        "max_flood_depth_m": 46.91,
        "flood_arrival_min": 54.0,
        "risk_category": "VERY_HIGH",
        "is_affected": true
      },
      "geometry": {
        "type": "Polygon",
        "coordinates": [
          [
            [
              77.7904404,
              11.8880119
            ],
            [
              77.7905066,
              11.8880136
            ],
            [
              77.7905086,
              11.8879394
            ],
            [
              77.7904424,
              11.8879377
            ],
            [
              77.7904404,
              11.8880119
            ]
          ]
        ]
      }
    },
    {
      "type": "Feature",
      "id": 547784746,
      "properties": {
        "building": "yes",
        "osm_id": 547784746,
        "max_flood_depth_m": 46.91,
        "flood_arrival_min": 54.0,
        "risk_category": "VERY_HIGH",
        "is_affected": true
      },
      "geometry": {
        "type": "Polygon",
        "coordinates": [
          [
            [
              77.7903834,
              11.8880506
            ],
            [
              77.7904773,
              11.8880532
            ],
            [
              77.7904781,
              11.8880246
            ],
            [
              77.7903842,
              11.888022
            ],
            [
              77.7903834,
              11.8880506
            ]
          ]
        ]
      }
    },
    {
      "type": "Feature",
      "id": 547784748,
      "properties": {
        "building": "yes",
        "osm_id": 547784748,
        "max_flood_depth_m": 47.18,
        "flood_arrival_min": 54.0,
        "risk_category": "VERY_HIGH",
        "is_affected": true
      },
      "geometry": {
        "type": "Polygon",
        "coordinates": [
          [
            [
              77.790724,
              11.8881556
            ],
            [
              77.7907644,
              11.888146
            ],
            [
              77.7907456,
              11.8880699
            ],
            [
              77.7907053,
              11.8880795
            ],
            [
              77.790724,
              11.8881556
            ]
          ]
        ]
      }
    },
    {
      "type": "Feature",
      "id": 547784750,
      "properties": {
        "building": "yes",
        "osm_id": 547784750,
        "max_flood_depth_m": 47.18,
        "flood_arrival_min": 54.0,
        "risk_category": "VERY_HIGH",
        "is_affected": true
      },
      "geometry": {
        "type": "Polygon",
        "coordinates": [
          [
            [
              77.7906127,
              11.8882028
            ],
            [
              77.7906709,
              11.888191
            ],
            [
              77.7906575,
              11.888128
            ],
            [
              77.7905993,
              11.8881398
            ],
            [
              77.7906127,
              11.8882028
            ]
          ]
        ]
      }
    },
    {
      "type": "Feature",
      "id": 547784751,
      "properties": {
        "building": "yes",
        "osm_id": 547784751,
        "max_flood_depth_m": 46.45,
        "flood_arrival_min": 54.0,
        "risk_category": "VERY_HIGH",
        "is_affected": true
      },
      "geometry": {
        "type": "Polygon",
        "coordinates": [
          [
            [
              77.7905343,
              11.8882186
            ],
            [
              77.7905911,
              11.8882038
            ],
            [
              77.790573,
              11.8881369
            ],
            [
              77.7905162,
              11.8881516
            ],
            [
              77.7905343,
              11.8882186
            ]
          ]
        ]
      }
    },
    {
      "type": "Feature",
      "id": 547784753,
      "properties": {
        "building": "yes",
        "osm_id": 547784753,
        "max_flood_depth_m": 47.18,
        "flood_arrival_min": 54.0,
        "risk_category": "VERY_HIGH",
        "is_affected": true
      },
      "geometry": {
        "type": "Polygon",
        "coordinates": [
          [
            [
              77.7907696,
              11.8883472
            ],
            [
              77.790826,
              11.8883335
            ],
            [
              77.7907952,
              11.8882121
            ],
            [
              77.7907388,
              11.8882258
            ],
            [
              77.7907696,
              11.8883472
            ]
          ]
        ]
      }
    },
    {
      "type": "Feature",
      "id": 547784755,
      "properties": {
        "building": "yes",
        "osm_id": 547784755,
        "max_flood_depth_m": 47.18,
        "flood_arrival_min": 54.0,
        "risk_category": "VERY_HIGH",
        "is_affected": true
      },
      "geometry": {
        "type": "Polygon",
        "coordinates": [
          [
            [
              77.7906469,
              11.8883078
            ],
            [
              77.7907328,
              11.8882894
            ],
            [
              77.7907236,
              11.8882483
            ],
            [
              77.7906377,
              11.8882667
            ],
            [
              77.7906469,
              11.8883078
            ]
          ]
        ]
      }
    },
    {
      "type": "Feature",
      "id": 547784757,
      "properties": {
        "building": "yes",
        "osm_id": 547784757,
        "max_flood_depth_m": 47.63,
        "flood_arrival_min": 54.0,
        "risk_category": "VERY_HIGH",
        "is_affected": true
      },
      "geometry": {
        "type": "Polygon",
        "coordinates": [
          [
            [
              77.7906744,
              11.8883708
            ],
            [
              77.7907374,
              11.888357
            ],
            [
              77.7907253,
              11.8883038
            ],
            [
              77.7906623,
              11.8883176
            ],
            [
              77.7906744,
              11.8883708
            ]
          ]
        ]
      }
    },
    {
      "type": "Feature",
      "id": 547784759,
      "properties": {
        "building": "yes",
        "osm_id": 547784759,
        "max_flood_depth_m": 46.45,
        "flood_arrival_min": 54.0,
        "risk_category": "VERY_HIGH",
        "is_affected": true
      },
      "geometry": {
        "type": "Polygon",
        "coordinates": [
          [
            [
              77.7905075,
              11.8883347
            ],
            [
              77.7906147,
              11.8883085
            ],
            [
              77.7905981,
              11.8882435
            ],
            [
              77.7904908,
              11.8882697
            ],
            [
              77.7905075,
              11.8883347
            ]
          ]
        ]
      }
    },
    {
      "type": "Feature",
      "id": 547784761,
      "properties": {
        "building": "yes",
        "osm_id": 547784761,
        "max_flood_depth_m": 47.63,
        "flood_arrival_min": 54.0,
        "risk_category": "VERY_HIGH",
        "is_affected": true
      },
      "geometry": {
        "type": "Polygon",
        "coordinates": [
          [
            [
              77.7905262,
              11.8884023
            ],
            [
              77.7906067,
              11.8883833
            ],
            [
              77.790593,
              11.8883277
            ],
            [
              77.7905125,
              11.8883467
            ],
            [
              77.7905262,
              11.8884023
            ]
          ]
        ]
      }
    },
    {
      "type": "Feature",
      "id": 547784763,
      "properties": {
        "building": "yes",
        "osm_id": 547784763,
        "max_flood_depth_m": 46.45,
        "flood_arrival_min": 54.0,
        "risk_category": "VERY_HIGH",
        "is_affected": true
      },
      "geometry": {
        "type": "Polygon",
        "coordinates": [
          [
            [
              77.7903975,
              11.8883656
            ],
            [
              77.7904893,
              11.8883459
            ],
            [
              77.7904733,
              11.8882742
            ],
            [
              77.7903814,
              11.8882939
            ],
            [
              77.7903975,
              11.8883656
            ]
          ]
        ]
      }
    },
    {
      "type": "Feature",
      "id": 547784765,
      "properties": {
        "building": "yes",
        "osm_id": 547784765,
        "max_flood_depth_m": 47.36,
        "flood_arrival_min": 54.0,
        "risk_category": "VERY_HIGH",
        "is_affected": true
      },
      "geometry": {
        "type": "Polygon",
        "coordinates": [
          [
            [
              77.7901956,
              11.8881904
            ],
            [
              77.7902633,
              11.8881848
            ],
            [
              77.7902465,
              11.8879886
            ],
            [
              77.7901789,
              11.8879942
            ],
            [
              77.7901956,
              11.8881904
            ]
          ]
        ]
      }
    },
    {
      "type": "Feature",
      "id": 547784767,
      "properties": {
        "building": "yes",
        "osm_id": 547784767,
        "max_flood_depth_m": 46.45,
        "flood_arrival_min": 54.0,
        "risk_category": "VERY_HIGH",
        "is_affected": true
      },
      "geometry": {
        "type": "Polygon",
        "coordinates": [
          [
            [
              77.7902909,
              11.888191
            ],
            [
              77.790423,
              11.8881858
            ],
            [
              77.7904202,
              11.8881181
            ],
            [
              77.7902881,
              11.8881233
            ],
            [
              77.7902909,
              11.888191
            ]
          ]
        ]
      }
    },
    {
      "type": "Feature",
      "id": 547784769,
      "properties": {
        "building": "yes",
        "osm_id": 547784769,
        "max_flood_depth_m": 46.45,
        "flood_arrival_min": 54.0,
        "risk_category": "VERY_HIGH",
        "is_affected": true
      },
      "geometry": {
        "type": "Polygon",
        "coordinates": [
          [
            [
              77.7902935,
              11.8882697
            ],
            [
              77.7904344,
              11.8882625
            ],
            [
              77.7904312,
              11.8882039
            ],
            [
              77.7902904,
              11.8882111
            ],
            [
              77.7902935,
              11.8882697
            ]
          ]
        ]
      }
    },
    {
      "type": "Feature",
      "id": 547784770,
      "properties": {
        "building": "yes",
        "osm_id": 547784770,
        "max_flood_depth_m": 47.36,
        "flood_arrival_min": 54.0,
        "risk_category": "VERY_HIGH",
        "is_affected": true
      },
      "geometry": {
        "type": "Polygon",
        "coordinates": [
          [
            [
              77.790193,
              11.8883997
            ],
            [
              77.7902513,
              11.8884032
            ],
            [
              77.7902601,
              11.8882647
            ],
            [
              77.7902017,
              11.8882612
            ],
            [
              77.790193,
              11.8883997
            ]
          ]
        ]
      }
    },
    {
      "type": "Feature",
      "id": 547784772,
      "properties": {
        "building": "yes",
        "osm_id": 547784772,
        "max_flood_depth_m": 47.82,
        "flood_arrival_min": 54.0,
        "risk_category": "VERY_HIGH",
        "is_affected": true
      },
      "geometry": {
        "type": "Polygon",
        "coordinates": [
          [
            [
              77.7900213,
              11.8886661
            ],
            [
              77.7900818,
              11.8886507
            ],
            [
              77.7900643,
              11.8885851
            ],
            [
              77.7900039,
              11.8886005
            ],
            [
              77.7900213,
              11.8886661
            ]
          ]
        ]
      }
    },
    {
      "type": "Feature",
      "id": 547784774,
      "properties": {
        "building": "yes",
        "osm_id": 547784774,
        "max_flood_depth_m": 46.39,
        "flood_arrival_min": 54.0,
        "risk_category": "VERY_HIGH",
        "is_affected": true
      },
      "geometry": {
        "type": "Polygon",
        "coordinates": [
          [
            [
              77.7902044,
              11.8885873
            ],
            [
              77.7902842,
              11.8885736
            ],
            [
              77.7902721,
              11.8885069
            ],
            [
              77.7901923,
              11.8885206
            ],
            [
              77.7902044,
              11.8885873
            ]
          ]
        ]
      }
    },
    {
      "type": "Feature",
      "id": 547784776,
      "properties": {
        "building": "yes",
        "osm_id": 547784776,
        "max_flood_depth_m": 47.82,
        "flood_arrival_min": 54.0,
        "risk_category": "VERY_HIGH",
        "is_affected": true
      },
      "geometry": {
        "type": "Polygon",
        "coordinates": [
          [
            [
              77.7902325,
              11.8888163
            ],
            [
              77.7903177,
              11.8887956
            ],
            [
              77.7902695,
              11.8886059
            ],
            [
              77.7901842,
              11.8886267
            ],
            [
              77.7902325,
              11.8888163
            ]
          ]
        ]
      }
    },
    {
      "type": "Feature",
      "id": 547784778,
      "properties": {
        "building": "yes",
        "osm_id": 547784778,
        "max_flood_depth_m": 46.83,
        "flood_arrival_min": 54.0,
        "risk_category": "VERY_HIGH",
        "is_affected": true
      },
      "geometry": {
        "type": "Polygon",
        "coordinates": [
          [
            [
              77.7905075,
              11.888651
            ],
            [
              77.7905783,
              11.8886394
            ],
            [
              77.7905643,
              11.8885567
            ],
            [
              77.7904934,
              11.8885683
            ],
            [
              77.7905075,
              11.888651
            ]
          ]
        ]
      }
    },
    {
      "type": "Feature",
      "id": 547784780,
      "properties": {
        "building": "yes",
        "osm_id": 547784780,
        "max_flood_depth_m": 48.69,
        "flood_arrival_min": 51.0,
        "risk_category": "VERY_HIGH",
        "is_affected": true
      },
      "geometry": {
        "type": "Polygon",
        "coordinates": [
          [
            [
              77.7905323,
              11.8887448
            ],
            [
              77.7905882,
              11.8887374
            ],
            [
              77.7905768,
              11.8886548
            ],
            [
              77.7905209,
              11.8886621
            ],
            [
              77.7905323,
              11.8887448
            ]
          ]
        ]
      }
    },
    {
      "type": "Feature",
      "id": 547784782,
      "properties": {
        "building": "yes",
        "osm_id": 547784782,
        "max_flood_depth_m": 48.69,
        "flood_arrival_min": 51.0,
        "risk_category": "VERY_HIGH",
        "is_affected": true
      },
      "geometry": {
        "type": "Polygon",
        "coordinates": [
          [
            [
              77.7904645,
              11.8888629
            ],
            [
              77.7905504,
              11.8888439
            ],
            [
              77.7905353,
              11.888779
            ],
            [
              77.7904495,
              11.8887981
            ],
            [
              77.7904645,
              11.8888629
            ]
          ]
        ]
      }
    },
    {
      "type": "Feature",
      "id": 547784785,
      "properties": {
        "building": "yes",
        "osm_id": 547784785,
        "max_flood_depth_m": 48.86,
        "flood_arrival_min": 51.0,
        "risk_category": "VERY_HIGH",
        "is_affected": true
      },
      "geometry": {
        "type": "Polygon",
        "coordinates": [
          [
            [
              77.7904954,
              11.8889653
            ],
            [
              77.7905479,
              11.8889531
            ],
            [
              77.7905331,
              11.8888921
            ],
            [
              77.7904806,
              11.8889043
            ],
            [
              77.7904954,
              11.8889653
            ]
          ]
        ]
      }
    },
    {
      "type": "Feature",
      "id": 547784786,
      "properties": {
        "building": "yes",
        "osm_id": 547784786,
        "max_flood_depth_m": 48.86,
        "flood_arrival_min": 51.0,
        "risk_category": "VERY_HIGH",
        "is_affected": true
      },
      "geometry": {
        "type": "Polygon",
        "coordinates": [
          [
            [
              77.7905162,
              11.8890663
            ],
            [
              77.7906047,
              11.8890532
            ],
            [
              77.7905946,
              11.8889883
            ],
            [
              77.7905061,
              11.8890014
            ],
            [
              77.7905162,
              11.8890663
            ]
          ]
        ]
      }
    },
    {
      "type": "Feature",
      "id": 547784794,
      "properties": {
        "building": "yes",
        "osm_id": 547784794,
        "max_flood_depth_m": 49.51,
        "flood_arrival_min": 51.0,
        "risk_category": "VERY_HIGH",
        "is_affected": true
      },
      "geometry": {
        "type": "Polygon",
        "coordinates": [
          [
            [
              77.7914878,
              11.888754
            ],
            [
              77.7915881,
              11.8887328
            ],
            [
              77.79157,
              11.8886508
            ],
            [
              77.7914697,
              11.888672
            ],
            [
              77.7914878,
              11.888754
            ]
          ]
        ]
      }
    },
    {
      "type": "Feature",
      "id": 547784796,
      "properties": {
        "building": "yes",
        "osm_id": 547784796,
        "max_flood_depth_m": 49.51,
        "flood_arrival_min": 51.0,
        "risk_category": "VERY_HIGH",
        "is_affected": true
      },
      "geometry": {
        "type": "Polygon",
        "coordinates": [
          [
            [
              77.7915046,
              11.8888839
            ],
            [
              77.7915634,
              11.8888696
            ],
            [
              77.7915433,
              11.8887902
            ],
            [
              77.7914844,
              11.8888045
            ],
            [
              77.7915046,
              11.8888839
            ]
          ]
        ]
      }
    },
    {
      "type": "Feature",
      "id": 547784799,
      "properties": {
        "building": "yes",
        "osm_id": 547784799,
        "max_flood_depth_m": 50.59,
        "flood_arrival_min": 51.0,
        "risk_category": "VERY_HIGH",
        "is_affected": true
      },
      "geometry": {
        "type": "Polygon",
        "coordinates": [
          [
            [
              77.7915253,
              11.8889896
            ],
            [
              77.7915875,
              11.8889767
            ],
            [
              77.7915687,
              11.88889
            ],
            [
              77.7915066,
              11.888903
            ],
            [
              77.7915253,
              11.8889896
            ]
          ]
        ]
      }
    },
    {
      "type": "Feature",
      "id": 547784801,
      "properties": {
        "building": "yes",
        "osm_id": 547784801,
        "max_flood_depth_m": 49.8,
        "flood_arrival_min": 51.0,
        "risk_category": "VERY_HIGH",
        "is_affected": true
      },
      "geometry": {
        "type": "Polygon",
        "coordinates": [
          [
            [
              77.7913544,
              11.8890781
            ],
            [
              77.7914277,
              11.8890663
            ],
            [
              77.7914102,
              11.8889633
            ],
            [
              77.7913369,
              11.8889751
            ],
            [
              77.7913544,
              11.8890781
            ]
          ]
        ]
      }
    },
    {
      "type": "Feature",
      "id": 547784802,
      "properties": {
        "building": "yes",
        "osm_id": 547784802,
        "max_flood_depth_m": 50.59,
        "flood_arrival_min": 51.0,
        "risk_category": "VERY_HIGH",
        "is_affected": true
      },
      "geometry": {
        "type": "Polygon",
        "coordinates": [
          [
            [
              77.7916038,
              11.8891497
            ],
            [
              77.7916923,
              11.8891267
            ],
            [
              77.7916748,
              11.8890621
            ],
            [
              77.7915863,
              11.8890851
            ],
            [
              77.7916038,
              11.8891497
            ]
          ]
        ]
      }
    },
    {
      "type": "Feature",
      "id": 547784804,
      "properties": {
        "building": "yes",
        "osm_id": 547784804,
        "max_flood_depth_m": 53.18,
        "flood_arrival_min": 45.0,
        "risk_category": "VERY_HIGH",
        "is_affected": true
      },
      "geometry": {
        "type": "Polygon",
        "coordinates": [
          [
            [
              77.7917292,
              11.8893452
            ],
            [
              77.7917956,
              11.8893334
            ],
            [
              77.7917847,
              11.8892748
            ],
            [
              77.7917183,
              11.8892866
            ],
            [
              77.7917292,
              11.8893452
            ]
          ]
        ]
      }
    },
    {
      "type": "Feature",
      "id": 547784806,
      "properties": {
        "building": "yes",
        "osm_id": 547784806,
        "max_flood_depth_m": 51.86,
        "flood_arrival_min": 48.0,
        "risk_category": "VERY_HIGH",
        "is_affected": true
      },
      "geometry": {
        "type": "Polygon",
        "coordinates": [
          [
            [
              77.7916293,
              11.8893695
            ],
            [
              77.7917028,
              11.8893535
            ],
            [
              77.7916894,
              11.8892944
            ],
            [
              77.7916159,
              11.8893104
            ],
            [
              77.7916293,
              11.8893695
            ]
          ]
        ]
      }
    },
    {
      "type": "Feature",
      "id": 547784808,
      "properties": {
        "building": "yes",
        "osm_id": 547784808,
        "max_flood_depth_m": 51.86,
        "flood_arrival_min": 48.0,
        "risk_category": "VERY_HIGH",
        "is_affected": true
      },
      "geometry": {
        "type": "Polygon",
        "coordinates": [
          [
            [
              77.7914838,
              11.8894896
            ],
            [
              77.7915397,
              11.8894732
            ],
            [
              77.7915169,
              11.8893984
            ],
            [
              77.791461,
              11.8894148
            ],
            [
              77.7914838,
              11.8894896
            ]
          ]
        ]
      }
    },
    {
      "type": "Feature",
      "id": 547784811,
      "properties": {
        "building": "yes",
        "osm_id": 547784811,
        "max_flood_depth_m": 52.69,
        "flood_arrival_min": 48.0,
        "risk_category": "VERY_HIGH",
        "is_affected": true
      },
      "geometry": {
        "type": "Polygon",
        "coordinates": [
          [
            [
              77.7911633,
              11.8895178
            ],
            [
              77.7912265,
              11.8895014
            ],
            [
              77.7912057,
              11.8894246
            ],
            [
              77.7911425,
              11.889441
            ],
            [
              77.7911633,
              11.8895178
            ]
          ]
        ]
      }
    },
    {
      "type": "Feature",
      "id": 547784812,
      "properties": {
        "building": "yes",
        "osm_id": 547784812,
        "max_flood_depth_m": 55.57,
        "flood_arrival_min": 42.0,
        "risk_category": "VERY_HIGH",
        "is_affected": true
      },
      "geometry": {
        "type": "Polygon",
        "coordinates": [
          [
            [
              77.7911673,
              11.8900893
            ],
            [
              77.7911773,
              11.8901264
            ],
            [
              77.791241,
              11.89011
            ],
            [
              77.791231,
              11.8900729
            ],
            [
              77.7911673,
              11.8900893
            ]
          ]
        ]
      }
    },
    {
      "type": "Feature",
      "id": 547784814,
      "properties": {
        "building": "yes",
        "osm_id": 547784814,
        "max_flood_depth_m": 54.21,
        "flood_arrival_min": 45.0,
        "risk_category": "VERY_HIGH",
        "is_affected": true
      },
      "geometry": {
        "type": "Polygon",
        "coordinates": [
          [
            [
              77.7912075,
              11.8900316
            ],
            [
              77.7912953,
              11.8900119
            ],
            [
              77.7912829,
              11.8899588
            ],
            [
              77.7911951,
              11.8899785
            ],
            [
              77.7912075,
              11.8900316
            ]
          ]
        ]
      }
    },
    {
      "type": "Feature",
      "id": 547784816,
      "properties": {
        "building": "yes",
        "osm_id": 547784816,
        "max_flood_depth_m": 54.21,
        "flood_arrival_min": 45.0,
        "risk_category": "VERY_HIGH",
        "is_affected": true
      },
      "geometry": {
        "type": "Polygon",
        "coordinates": [
          [
            [
              77.7913376,
              11.8900027
            ],
            [
              77.7914241,
              11.889981
            ],
            [
              77.7914031,
              11.8899007
            ],
            [
              77.7913166,
              11.8899224
            ],
            [
              77.7913376,
              11.8900027
            ]
          ]
        ]
      }
    },
    {
      "type": "Feature",
      "id": 547784817,
      "properties": {
        "building": "yes",
        "osm_id": 547784817,
        "max_flood_depth_m": 56.56,
        "flood_arrival_min": 42.0,
        "risk_category": "VERY_HIGH",
        "is_affected": true
      },
      "geometry": {
        "type": "Polygon",
        "coordinates": [
          [
            [
              77.792558,
              11.8902625
            ],
            [
              77.7926458,
              11.8902468
            ],
            [
              77.792634,
              11.8901834
            ],
            [
              77.7925461,
              11.8901991
            ],
            [
              77.792558,
              11.8902625
            ]
          ]
        ]
      }
    },
    {
      "type": "Feature",
      "id": 547784820,
      "properties": {
        "building": "yes",
        "osm_id": 547784820,
        "max_flood_depth_m": 58.42,
        "flood_arrival_min": 39.0,
        "risk_category": "VERY_HIGH",
        "is_affected": true
      },
      "geometry": {
        "type": "Polygon",
        "coordinates": [
          [
            [
              77.7932674,
              11.8902612
            ],
            [
              77.793329,
              11.8902484
            ],
            [
              77.7933076,
              11.8901494
            ],
            [
              77.793246,
              11.8901621
            ],
            [
              77.7932674,
              11.8902612
            ]
          ]
        ]
      }
    },
    {
      "type": "Feature",
      "id": 547784828,
      "properties": {
        "building": "yes",
        "osm_id": 547784828,
        "max_flood_depth_m": 51.0,
        "flood_arrival_min": 48.0,
        "risk_category": "VERY_HIGH",
        "is_affected": true
      },
      "geometry": {
        "type": "Polygon",
        "coordinates": [
          [
            [
              77.7911358,
              11.8875493
            ],
            [
              77.7912484,
              11.887525
            ],
            [
              77.7912357,
              11.8874686
            ],
            [
              77.7911231,
              11.8874928
            ],
            [
              77.7911358,
              11.8875493
            ]
          ]
        ]
      }
    },
    {
      "type": "Feature",
      "id": 547784830,
      "properties": {
        "building": "yes",
        "osm_id": 547784830,
        "max_flood_depth_m": 53.91,
        "flood_arrival_min": 45.0,
        "risk_category": "VERY_HIGH",
        "is_affected": true
      },
      "geometry": {
        "type": "Polygon",
        "coordinates": [
          [
            [
              77.7913932,
              11.8872068
            ],
            [
              77.7914516,
              11.8871976
            ],
            [
              77.7914415,
              11.887136
            ],
            [
              77.7913831,
              11.8871452
            ],
            [
              77.7913932,
              11.8872068
            ]
          ]
        ]
      }
    },
    {
      "type": "Feature",
      "id": 547784833,
      "properties": {
        "building": "yes",
        "osm_id": 547784833,
        "max_flood_depth_m": 51.8,
        "flood_arrival_min": 48.0,
        "risk_category": "VERY_HIGH",
        "is_affected": true
      },
      "geometry": {
        "type": "Polygon",
        "coordinates": [
          [
            [
              77.7911565,
              11.8873669
            ],
            [
              77.7912157,
              11.887358
            ],
            [
              77.7912049,
              11.8872897
            ],
            [
              77.7911458,
              11.8872986
            ],
            [
              77.7911565,
              11.8873669
            ]
          ]
        ]
      }
    },
    {
      "type": "Feature",
      "id": 547784835,
      "properties": {
        "building": "yes",
        "osm_id": 547784835,
        "max_flood_depth_m": 50.53,
        "flood_arrival_min": 51.0,
        "risk_category": "VERY_HIGH",
        "is_affected": true
      },
      "geometry": {
        "type": "Polygon",
        "coordinates": [
          [
            [
              77.7910868,
              11.8873911
            ],
            [
              77.7911459,
              11.8873817
            ],
            [
              77.7911332,
              11.887305
            ],
            [
              77.7910741,
              11.8873144
            ],
            [
              77.7910868,
              11.8873911
            ]
          ]
        ]
      }
    },
    {
      "type": "Feature",
      "id": 547784837,
      "properties": {
        "building": "yes",
        "osm_id": 547784837,
        "max_flood_depth_m": 52.04,
        "flood_arrival_min": 48.0,
        "risk_category": "VERY_HIGH",
        "is_affected": true
      },
      "geometry": {
        "type": "Polygon",
        "coordinates": [
          [
            [
              77.7915361,
              11.8875893
            ],
            [
              77.7916286,
              11.8875683
            ],
            [
              77.7916077,
              11.88748
            ],
            [
              77.7915152,
              11.887501
            ],
            [
              77.7915361,
              11.8875893
            ]
          ]
        ]
      }
    },
    {
      "type": "Feature",
      "id": 547784839,
      "properties": {
        "building": "yes",
        "osm_id": 547784839,
        "max_flood_depth_m": 51.54,
        "flood_arrival_min": 48.0,
        "risk_category": "VERY_HIGH",
        "is_affected": true
      },
      "geometry": {
        "type": "Polygon",
        "coordinates": [
          [
            [
              77.7923012,
              11.887632
            ],
            [
              77.7923383,
              11.8876303
            ],
            [
              77.7923356,
              11.8875713
            ],
            [
              77.7922985,
              11.8875729
            ],
            [
              77.7923012,
              11.887632
            ]
          ]
        ]
      }
    },
    {
      "type": "Feature",
      "id": 547784841,
      "properties": {
        "building": "yes",
        "osm_id": 547784841,
        "max_flood_depth_m": 51.06,
        "flood_arrival_min": 48.0,
        "risk_category": "VERY_HIGH",
        "is_affected": true
      },
      "geometry": {
        "type": "Polygon",
        "coordinates": [
          [
            [
              77.7922603,
              11.8878675
            ],
            [
              77.7923421,
              11.8878623
            ],
            [
              77.7923372,
              11.8877888
            ],
            [
              77.7922553,
              11.887794
            ],
            [
              77.7922603,
              11.8878675
            ]
          ]
        ]
      }
    },
    {
      "type": "Feature",
      "id": 547784843,
      "properties": {
        "building": "yes",
        "osm_id": 547784843,
        "max_flood_depth_m": 51.92,
        "flood_arrival_min": 48.0,
        "risk_category": "VERY_HIGH",
        "is_affected": true
      },
      "geometry": {
        "type": "Polygon",
        "coordinates": [
          [
            [
              77.7920558,
              11.8877888
            ],
            [
              77.7921201,
              11.8877809
            ],
            [
              77.7921125,
              11.8877215
            ],
            [
              77.7920482,
              11.8877293
            ],
            [
              77.7920558,
              11.8877888
            ]
          ]
        ]
      }
    },
    {
      "type": "Feature",
      "id": 547784845,
      "properties": {
        "building": "yes",
        "osm_id": 547784845,
        "max_flood_depth_m": 51.09,
        "flood_arrival_min": 48.0,
        "risk_category": "VERY_HIGH",
        "is_affected": true
      },
      "geometry": {
        "type": "Polygon",
        "coordinates": [
          [
            [
              77.7917654,
              11.8879246
            ],
            [
              77.7918289,
              11.8879142
            ],
            [
              77.7918135,
              11.8878243
            ],
            [
              77.79175,
              11.8878347
            ],
            [
              77.7917654,
              11.8879246
            ]
          ]
        ]
      }
    },
    {
      "type": "Feature",
      "id": 547974565,
      "properties": {
        "building": "yes",
        "osm_id": 547974565,
        "max_flood_depth_m": 28.03,
        "flood_arrival_min": 72.0,
        "risk_category": "VERY_HIGH",
        "is_affected": true
      },
      "geometry": {
        "type": "Polygon",
        "coordinates": [
          [
            [
              77.7475499,
              11.8500262
            ],
            [
              77.7477765,
              11.8499513
            ],
            [
              77.7477372,
              11.8498372
            ],
            [
              77.7475105,
              11.849912
            ],
            [
              77.7475499,
              11.8500262
            ]
          ]
        ]
      }
    },
    {
      "type": "Feature",
      "id": 547974566,
      "properties": {
        "building": "yes",
        "osm_id": 547974566,
        "max_flood_depth_m": 22.44,
        "flood_arrival_min": 78.0,
        "risk_category": "VERY_HIGH",
        "is_affected": true
      },
      "geometry": {
        "type": "Polygon",
        "coordinates": [
          [
            [
              77.7471381,
              11.8501876
            ],
            [
              77.7475177,
              11.8500603
            ],
            [
              77.7474713,
              11.8499277
            ],
            [
              77.7470917,
              11.850055
            ],
            [
              77.7471381,
              11.8501876
            ]
          ]
        ]
      }
    },
    {
      "type": "Feature",
      "id": 547990647,
      "properties": {
        "building": "yes",
        "osm_id": 547990647,
        "max_flood_depth_m": 32.24,
        "flood_arrival_min": 69.0,
        "risk_category": "VERY_HIGH",
        "is_affected": true
      },
      "geometry": {
        "type": "Polygon",
        "coordinates": [
          [
            [
              77.7818386,
              11.8679494
            ],
            [
              77.7819069,
              11.8679271
            ],
            [
              77.7818921,
              11.8678834
            ],
            [
              77.7818237,
              11.8679057
            ],
            [
              77.7818386,
              11.8679494
            ]
          ]
        ]
      }
    },
    {
      "type": "Feature",
      "id": 547990649,
      "properties": {
        "building": "yes",
        "osm_id": 547990649,
        "max_flood_depth_m": 32.63,
        "flood_arrival_min": 69.0,
        "risk_category": "VERY_HIGH",
        "is_affected": true
      },
      "geometry": {
        "type": "Polygon",
        "coordinates": [
          [
            [
              77.7816917,
              11.8681272
            ],
            [
              77.7817589,
              11.8681022
            ],
            [
              77.78173,
              11.8680281
            ],
            [
              77.7816629,
              11.8680531
            ],
            [
              77.7816917,
              11.8681272
            ]
          ]
        ]
      }
    },
    {
      "type": "Feature",
      "id": 547990651,
      "properties": {
        "building": "yes",
        "osm_id": 547990651,
        "max_flood_depth_m": 30.99,
        "flood_arrival_min": 69.0,
        "risk_category": "VERY_HIGH",
        "is_affected": true
      },
      "geometry": {
        "type": "Polygon",
        "coordinates": [
          [
            [
              77.7815227,
              11.8677446
            ],
            [
              77.781565,
              11.8677257
            ],
            [
              77.7815295,
              11.8676496
            ],
            [
              77.7814872,
              11.8676685
            ],
            [
              77.7815227,
              11.8677446
            ]
          ]
        ]
      }
    },
    {
      "type": "Feature",
      "id": 547990653,
      "properties": {
        "building": "yes",
        "osm_id": 547990653,
        "max_flood_depth_m": 31.37,
        "flood_arrival_min": 69.0,
        "risk_category": "VERY_HIGH",
        "is_affected": true
      },
      "geometry": {
        "type": "Polygon",
        "coordinates": [
          [
            [
              77.7814121,
              11.8679848
            ],
            [
              77.7814771,
              11.8679612
            ],
            [
              77.7814592,
              11.867914
            ],
            [
              77.7813942,
              11.8679376
            ],
            [
              77.7814121,
              11.8679848
            ]
          ]
        ]
      }
    },
    {
      "type": "Feature",
      "id": 547990655,
      "properties": {
        "building": "yes",
        "osm_id": 547990655,
        "max_flood_depth_m": 30.7,
        "flood_arrival_min": 69.0,
        "risk_category": "VERY_HIGH",
        "is_affected": true
      },
      "geometry": {
        "type": "Polygon",
        "coordinates": [
          [
            [
              77.7813128,
              11.8680058
            ],
            [
              77.7813853,
              11.8679796
            ],
            [
              77.7813695,
              11.867938
            ],
            [
              77.7812971,
              11.8679642
            ],
            [
              77.7813128,
              11.8680058
            ]
          ]
        ]
      }
    },
    {
      "type": "Feature",
      "id": 547990656,
      "properties": {
        "building": "yes",
        "osm_id": 547990656,
        "max_flood_depth_m": 31.61,
        "flood_arrival_min": 69.0,
        "risk_category": "VERY_HIGH",
        "is_affected": true
      },
      "geometry": {
        "type": "Polygon",
        "coordinates": [
          [
            [
              77.7813886,
              11.8682329
            ],
            [
              77.7814418,
              11.8682132
            ],
            [
              77.781423,
              11.8681646
            ],
            [
              77.7813698,
              11.8681843
            ],
            [
              77.7813886,
              11.8682329
            ]
          ]
        ]
      }
    },
    {
      "type": "Feature",
      "id": 547990658,
      "properties": {
        "building": "yes",
        "osm_id": 547990658,
        "max_flood_depth_m": 31.37,
        "flood_arrival_min": 69.0,
        "risk_category": "VERY_HIGH",
        "is_affected": true
      },
      "geometry": {
        "type": "Polygon",
        "coordinates": [
          [
            [
              77.7814516,
              11.8680877
            ],
            [
              77.7814214,
              11.8679911
            ],
            [
              77.7814797,
              11.8679736
            ],
            [
              77.7814919,
              11.8680122
            ],
            [
              77.7814641,
              11.8680205
            ],
            [
              77.7814823,
              11.8680785
            ],
            [
              77.7814516,
              11.8680877
            ]
          ]
        ]
      }
    },
    {
      "type": "Feature",
      "id": 547990660,
      "properties": {
        "building": "yes",
        "osm_id": 547990660,
        "max_flood_depth_m": 38.06,
        "flood_arrival_min": 63.0,
        "risk_category": "VERY_HIGH",
        "is_affected": true
      },
      "geometry": {
        "type": "Polygon",
        "coordinates": [
          [
            [
              77.7765593,
              11.8678601
            ],
            [
              77.7766007,
              11.8678557
            ],
            [
              77.776592,
              11.8677776
            ],
            [
              77.7765506,
              11.867782
            ],
            [
              77.7765593,
              11.8678601
            ]
          ]
        ]
      }
    },
    {
      "type": "Feature",
      "id": 547990664,
      "properties": {
        "building": "yes",
        "osm_id": 547990664,
        "max_flood_depth_m": 44.67,
        "flood_arrival_min": 57.0,
        "risk_category": "VERY_HIGH",
        "is_affected": true
      },
      "geometry": {
        "type": "Polygon",
        "coordinates": [
          [
            [
              77.7779614,
              11.8692133
            ],
            [
              77.7780056,
              11.8691935
            ],
            [
              77.7779727,
              11.8691233
            ],
            [
              77.7779286,
              11.869143
            ],
            [
              77.7779614,
              11.8692133
            ]
          ]
        ]
      }
    },
    {
      "type": "Feature",
      "id": 547990666,
      "properties": {
        "building": "yes",
        "osm_id": 547990666,
        "max_flood_depth_m": 33.34,
        "flood_arrival_min": 66.0,
        "risk_category": "VERY_HIGH",
        "is_affected": true
      },
      "geometry": {
        "type": "Polygon",
        "coordinates": [
          [
            [
              77.7800804,
              11.8695821
            ],
            [
              77.7802031,
              11.8695466
            ],
            [
              77.7801851,
              11.869487
            ],
            [
              77.7800624,
              11.8695224
            ],
            [
              77.7800804,
              11.8695821
            ]
          ]
        ]
      }
    },
    {
      "type": "Feature",
      "id": 547990668,
      "properties": {
        "building": "yes",
        "osm_id": 547990668,
        "max_flood_depth_m": 33.34,
        "flood_arrival_min": 66.0,
        "risk_category": "VERY_HIGH",
        "is_affected": true
      },
      "geometry": {
        "type": "Polygon",
        "coordinates": [
          [
            [
              77.7800207,
              11.8695072
            ],
            [
              77.7800602,
              11.8694967
            ],
            [
              77.7800334,
              11.8694002
            ],
            [
              77.7799939,
              11.8694108
            ],
            [
              77.7800207,
              11.8695072
            ]
          ]
        ]
      }
    },
    {
      "type": "Feature",
      "id": 547990670,
      "properties": {
        "building": "yes",
        "osm_id": 547990670,
        "max_flood_depth_m": 38.5,
        "flood_arrival_min": 63.0,
        "risk_category": "VERY_HIGH",
        "is_affected": true
      },
      "geometry": {
        "type": "Polygon",
        "coordinates": [
          [
            [
              77.77922,
              11.8697697
            ],
            [
              77.77933,
              11.8697264
            ],
            [
              77.7792913,
              11.8696324
            ],
            [
              77.7791814,
              11.8696757
            ],
            [
              77.77922,
              11.8697697
            ]
          ]
        ]
      }
    },
    {
      "type": "Feature",
      "id": 547990672,
      "properties": {
        "building": "yes",
        "osm_id": 547990672,
        "max_flood_depth_m": 37.25,
        "flood_arrival_min": 63.0,
        "risk_category": "VERY_HIGH",
        "is_affected": true
      },
      "geometry": {
        "type": "Polygon",
        "coordinates": [
          [
            [
              77.7799882,
              11.8709827
            ],
            [
              77.7801849,
              11.8709637
            ],
            [
              77.7801772,
              11.8708871
            ],
            [
              77.7800769,
              11.8708967
            ],
            [
              77.7800807,
              11.8709344
            ],
            [
              77.7799843,
              11.8709438
            ],
            [
              77.7799882,
              11.8709827
            ]
          ]
        ]
      }
    },
    {
      "type": "Feature",
      "id": 547990674,
      "properties": {
        "building": "yes",
        "osm_id": 547990674,
        "max_flood_depth_m": 37.25,
        "flood_arrival_min": 63.0,
        "risk_category": "VERY_HIGH",
        "is_affected": true
      },
      "geometry": {
        "type": "Polygon",
        "coordinates": [
          [
            [
              77.7801286,
              11.8710034
            ],
            [
              77.7801856,
              11.8709968
            ],
            [
              77.7801828,
              11.8709735
            ],
            [
              77.7801258,
              11.8709801
            ],
            [
              77.7801286,
              11.8710034
            ]
          ]
        ]
      }
    },
    {
      "type": "Feature",
      "id": 547990676,
      "properties": {
        "building": "yes",
        "osm_id": 547990676,
        "max_flood_depth_m": 37.62,
        "flood_arrival_min": 63.0,
        "risk_category": "VERY_HIGH",
        "is_affected": true
      },
      "geometry": {
        "type": "Polygon",
        "coordinates": [
          [
            [
              77.7799033,
              11.8711222
            ],
            [
              77.7799411,
              11.8711125
            ],
            [
              77.779923,
              11.8710449
            ],
            [
              77.7798852,
              11.8710546
            ],
            [
              77.7799033,
              11.8711222
            ]
          ]
        ]
      }
    },
    {
      "type": "Feature",
      "id": 547990678,
      "properties": {
        "building": "yes",
        "osm_id": 547990678,
        "max_flood_depth_m": 41.65,
        "flood_arrival_min": 60.0,
        "risk_category": "VERY_HIGH",
        "is_affected": true
      },
      "geometry": {
        "type": "Polygon",
        "coordinates": [
          [
            [
              77.7792321,
              11.8713505
            ],
            [
              77.7793139,
              11.8713374
            ],
            [
              77.7793018,
              11.8712649
            ],
            [
              77.77922,
              11.8712781
            ],
            [
              77.7792321,
              11.8713505
            ]
          ]
        ]
      }
    },
    {
      "type": "Feature",
      "id": 547990680,
      "properties": {
        "building": "yes",
        "osm_id": 547990680,
        "max_flood_depth_m": 41.65,
        "flood_arrival_min": 60.0,
        "risk_category": "VERY_HIGH",
        "is_affected": true
      },
      "geometry": {
        "type": "Polygon",
        "coordinates": [
          [
            [
              77.7791812,
              11.871365
            ],
            [
              77.779218,
              11.8713587
            ],
            [
              77.7792019,
              11.8712682
            ],
            [
              77.7791651,
              11.8712744
            ],
            [
              77.7791812,
              11.871365
            ]
          ]
        ]
      }
    },
    {
      "type": "Feature",
      "id": 547990686,
      "properties": {
        "building": "yes",
        "osm_id": 547990686,
        "max_flood_depth_m": 37.78,
        "flood_arrival_min": 63.0,
        "risk_category": "VERY_HIGH",
        "is_affected": true
      },
      "geometry": {
        "type": "Polygon",
        "coordinates": [
          [
            [
              77.7799268,
              11.8683805
            ],
            [
              77.7799751,
              11.86837
            ],
            [
              77.7799671,
              11.868335
            ],
            [
              77.7799189,
              11.8683455
            ],
            [
              77.7799268,
              11.8683805
            ]
          ]
        ]
      }
    },
    {
      "type": "Feature",
      "id": 547990687,
      "properties": {
        "building": "yes",
        "osm_id": 547990687,
        "max_flood_depth_m": 36.04,
        "flood_arrival_min": 66.0,
        "risk_category": "VERY_HIGH",
        "is_affected": true
      },
      "geometry": {
        "type": "Polygon",
        "coordinates": [
          [
            [
              77.7788579,
              11.8670937
            ],
            [
              77.778933,
              11.8670622
            ],
            [
              77.7789071,
              11.8670029
            ],
            [
              77.778832,
              11.8670344
            ],
            [
              77.7788579,
              11.8670937
            ]
          ]
        ]
      }
    },
    {
      "type": "Feature",
      "id": 547990690,
      "properties": {
        "building": "yes",
        "osm_id": 547990690,
        "max_flood_depth_m": 33.71,
        "flood_arrival_min": 66.0,
        "risk_category": "VERY_HIGH",
        "is_affected": true
      },
      "geometry": {
        "type": "Polygon",
        "coordinates": [
          [
            [
              77.7789102,
              11.8672026
            ],
            [
              77.7789395,
              11.8672598
            ],
            [
              77.7790065,
              11.867227
            ],
            [
              77.7789773,
              11.8671698
            ],
            [
              77.7789102,
              11.8672026
            ]
          ]
        ]
      }
    },
    {
      "type": "Feature",
      "id": 547990693,
      "properties": {
        "building": "yes",
        "osm_id": 547990693,
        "max_flood_depth_m": 35.97,
        "flood_arrival_min": 66.0,
        "risk_category": "VERY_HIGH",
        "is_affected": true
      },
      "geometry": {
        "type": "Polygon",
        "coordinates": [
          [
            [
              77.7797726,
              11.867557
            ],
            [
              77.7798323,
              11.8675299
            ],
            [
              77.7797988,
              11.867459
            ],
            [
              77.7797391,
              11.8674861
            ],
            [
              77.7797726,
              11.867557
            ]
          ]
        ]
      }
    },
    {
      "type": "Feature",
      "id": 547990695,
      "properties": {
        "building": "yes",
        "osm_id": 547990695,
        "max_flood_depth_m": 35.99,
        "flood_arrival_min": 66.0,
        "risk_category": "VERY_HIGH",
        "is_affected": true
      },
      "geometry": {
        "type": "Polygon",
        "coordinates": [
          [
            [
              77.7795969,
              11.86762
            ],
            [
              77.7796558,
              11.8675972
            ],
            [
              77.7796303,
              11.8675342
            ],
            [
              77.7795714,
              11.867557
            ],
            [
              77.7795969,
              11.86762
            ]
          ]
        ]
      }
    },
    {
      "type": "Feature",
      "id": 547990697,
      "properties": {
        "building": "yes",
        "osm_id": 547990697,
        "max_flood_depth_m": 38.02,
        "flood_arrival_min": 63.0,
        "risk_category": "VERY_HIGH",
        "is_affected": true
      },
      "geometry": {
        "type": "Polygon",
        "coordinates": [
          [
            [
              77.7787359,
              11.8677971
            ],
            [
              77.7787855,
              11.8677801
            ],
            [
              77.778768,
              11.8677312
            ],
            [
              77.7787184,
              11.8677483
            ],
            [
              77.7787359,
              11.8677971
            ]
          ]
        ]
      }
    },
    {
      "type": "Feature",
      "id": 547990699,
      "properties": {
        "building": "yes",
        "osm_id": 547990699,
        "max_flood_depth_m": 38.02,
        "flood_arrival_min": 63.0,
        "risk_category": "VERY_HIGH",
        "is_affected": true
      },
      "geometry": {
        "type": "Polygon",
        "coordinates": [
          [
            [
              77.7787305,
              11.8676921
            ],
            [
              77.7787842,
              11.8676751
            ],
            [
              77.7787683,
              11.8676274
            ],
            [
              77.7787147,
              11.8676444
            ],
            [
              77.7787305,
              11.8676921
            ]
          ]
        ]
      }
    },
    {
      "type": "Feature",
      "id": 547990701,
      "properties": {
        "building": "yes",
        "osm_id": 547990701,
        "max_flood_depth_m": 38.02,
        "flood_arrival_min": 63.0,
        "risk_category": "VERY_HIGH",
        "is_affected": true
      },
      "geometry": {
        "type": "Polygon",
        "coordinates": [
          [
            [
              77.7786796,
              11.8676016
            ],
            [
              77.7787661,
              11.8675734
            ],
            [
              77.7787379,
              11.8674907
            ],
            [
              77.7786514,
              11.8675189
            ],
            [
              77.7786796,
              11.8676016
            ]
          ]
        ]
      }
    },
    {
      "type": "Feature",
      "id": 548008550,
      "properties": {
        "building": "yes",
        "osm_id": 548008550,
        "max_flood_depth_m": 48.95,
        "flood_arrival_min": 51.0,
        "risk_category": "VERY_HIGH",
        "is_affected": true
      },
      "geometry": {
        "type": "Polygon",
        "coordinates": [
          [
            [
              77.8069849,
              11.8812152
            ],
            [
              77.8070915,
              11.8811752
            ],
            [
              77.8070622,
              11.8811002
            ],
            [
              77.8069555,
              11.8811402
            ],
            [
              77.8069849,
              11.8812152
            ]
          ]
        ]
      }
    },
    {
      "type": "Feature",
      "id": 548008551,
      "properties": {
        "building": "yes",
        "osm_id": 548008551,
        "max_flood_depth_m": 49.22,
        "flood_arrival_min": 51.0,
        "risk_category": "VERY_HIGH",
        "is_affected": true
      },
      "geometry": {
        "type": "Polygon",
        "coordinates": [
          [
            [
              77.8066269,
              11.8811377
            ],
            [
              77.8067087,
              11.8811063
            ],
            [
              77.806682,
              11.8810401
            ],
            [
              77.8066002,
              11.8810716
            ],
            [
              77.8066269,
              11.8811377
            ]
          ]
        ]
      }
    },
    {
      "type": "Feature",
      "id": 548008552,
      "properties": {
        "building": "yes",
        "osm_id": 548008552,
        "max_flood_depth_m": 48.2,
        "flood_arrival_min": 54.0,
        "risk_category": "VERY_HIGH",
        "is_affected": true
      },
      "geometry": {
        "type": "Polygon",
        "coordinates": [
          [
            [
              77.8065705,
              11.8814212
            ],
            [
              77.8066557,
              11.8813897
            ],
            [
              77.8066279,
              11.8813177
            ],
            [
              77.8065427,
              11.8813492
            ],
            [
              77.8065705,
              11.8814212
            ]
          ]
        ]
      }
    },
    {
      "type": "Feature",
      "id": 548008553,
      "properties": {
        "building": "yes",
        "osm_id": 548008553,
        "max_flood_depth_m": 49.14,
        "flood_arrival_min": 51.0,
        "risk_category": "VERY_HIGH",
        "is_affected": true
      },
      "geometry": {
        "type": "Polygon",
        "coordinates": [
          [
            [
              77.8069481,
              11.8817992
            ],
            [
              77.8070424,
              11.8817581
            ],
            [
              77.8070102,
              11.8816873
            ],
            [
              77.8069159,
              11.8817283
            ],
            [
              77.8069481,
              11.8817992
            ]
          ]
        ]
      }
    },
    {
      "type": "Feature",
      "id": 548008554,
      "properties": {
        "building": "yes",
        "osm_id": 548008554,
        "max_flood_depth_m": 49.14,
        "flood_arrival_min": 51.0,
        "risk_category": "VERY_HIGH",
        "is_affected": true
      },
      "geometry": {
        "type": "Polygon",
        "coordinates": [
          [
            [
              77.8069869,
              11.8818897
            ],
            [
              77.8070581,
              11.8818597
            ],
            [
              77.8070326,
              11.8818019
            ],
            [
              77.8069615,
              11.881832
            ],
            [
              77.8069869,
              11.8818897
            ]
          ]
        ]
      }
    },
    {
      "type": "Feature",
      "id": 548008555,
      "properties": {
        "building": "yes",
        "osm_id": 548008555,
        "max_flood_depth_m": 49.14,
        "flood_arrival_min": 51.0,
        "risk_category": "VERY_HIGH",
        "is_affected": true
      },
      "geometry": {
        "type": "Polygon",
        "coordinates": [
          [
            [
              77.8070211,
              11.8819554
            ],
            [
              77.8070966,
              11.881922
            ],
            [
              77.8070718,
              11.8818682
            ],
            [
              77.8069963,
              11.8819015
            ],
            [
              77.8070211,
              11.8819554
            ]
          ]
        ]
      }
    },
    {
      "type": "Feature",
      "id": 548008556,
      "properties": {
        "building": "yes",
        "osm_id": 548008556,
        "max_flood_depth_m": 49.64,
        "flood_arrival_min": 51.0,
        "risk_category": "VERY_HIGH",
        "is_affected": true
      },
      "geometry": {
        "type": "Polygon",
        "coordinates": [
          [
            [
              77.8070574,
              11.8820479
            ],
            [
              77.8071426,
              11.8820107
            ],
            [
              77.8071151,
              11.8819503
            ],
            [
              77.8070299,
              11.8819875
            ],
            [
              77.8070574,
              11.8820479
            ]
          ]
        ]
      }
    },
    {
      "type": "Feature",
      "id": 548008557,
      "properties": {
        "building": "yes",
        "osm_id": 548008557,
        "max_flood_depth_m": 51.56,
        "flood_arrival_min": 48.0,
        "risk_category": "VERY_HIGH",
        "is_affected": true
      },
      "geometry": {
        "type": "Polygon",
        "coordinates": [
          [
            [
              77.8072391,
              11.8820617
            ],
            [
              77.8072868,
              11.8820411
            ],
            [
              77.8072667,
              11.8819964
            ],
            [
              77.807219,
              11.882017
            ],
            [
              77.8072391,
              11.8820617
            ]
          ]
        ]
      }
    },
    {
      "type": "Feature",
      "id": 548008558,
      "properties": {
        "building": "yes",
        "osm_id": 548008558,
        "max_flood_depth_m": 49.64,
        "flood_arrival_min": 51.0,
        "risk_category": "VERY_HIGH",
        "is_affected": true
      },
      "geometry": {
        "type": "Polygon",
        "coordinates": [
          [
            [
              77.807172,
              11.882231
            ],
            [
              77.8072282,
              11.8822085
            ],
            [
              77.807204,
              11.8821507
            ],
            [
              77.8071479,
              11.8821732
            ],
            [
              77.807172,
              11.882231
            ]
          ]
        ]
      }
    },
    {
      "type": "Feature",
      "id": 548008559,
      "properties": {
        "building": "yes",
        "osm_id": 548008559,
        "max_flood_depth_m": 51.38,
        "flood_arrival_min": 48.0,
        "risk_category": "VERY_HIGH",
        "is_affected": true
      },
      "geometry": {
        "type": "Polygon",
        "coordinates": [
          [
            [
              77.8077534,
              11.8831627
            ],
            [
              77.8078164,
              11.8831411
            ],
            [
              77.8078019,
              11.8831007
            ],
            [
              77.8077389,
              11.8831223
            ],
            [
              77.8077534,
              11.8831627
            ]
          ]
        ]
      }
    },
    {
      "type": "Feature",
      "id": 548008560,
      "properties": {
        "building": "yes",
        "osm_id": 548008560,
        "max_flood_depth_m": 51.38,
        "flood_arrival_min": 48.0,
        "risk_category": "VERY_HIGH",
        "is_affected": true
      },
      "geometry": {
        "type": "Polygon",
        "coordinates": [
          [
            [
              77.8077125,
              11.8833452
            ],
            [
              77.8077811,
              11.8833335
            ],
            [
              77.807767,
              11.8832541
            ],
            [
              77.8076984,
              11.8832658
            ],
            [
              77.8077125,
              11.8833452
            ]
          ]
        ]
      }
    },
    {
      "type": "Feature",
      "id": 548008561,
      "properties": {
        "building": "yes",
        "osm_id": 548008561,
        "max_flood_depth_m": 45.68,
        "flood_arrival_min": 54.0,
        "risk_category": "VERY_HIGH",
        "is_affected": true
      },
      "geometry": {
        "type": "Polygon",
        "coordinates": [
          [
            [
              77.8071177,
              11.883437
            ],
            [
              77.8071573,
              11.8834175
            ],
            [
              77.8071177,
              11.8833407
            ],
            [
              77.8070781,
              11.8833602
            ],
            [
              77.8071177,
              11.883437
            ]
          ]
        ]
      }
    },
    {
      "type": "Feature",
      "id": 548008562,
      "properties": {
        "building": "yes",
        "osm_id": 548008562,
        "max_flood_depth_m": 48.18,
        "flood_arrival_min": 54.0,
        "risk_category": "VERY_HIGH",
        "is_affected": true
      },
      "geometry": {
        "type": "Polygon",
        "coordinates": [
          [
            [
              77.8072954,
              11.8833852
            ],
            [
              77.8073925,
              11.8833543
            ],
            [
              77.807365,
              11.8832716
            ],
            [
              77.8072679,
              11.8833025
            ],
            [
              77.8072954,
              11.8833852
            ]
          ]
        ]
      }
    },
    {
      "type": "Feature",
      "id": 548008563,
      "properties": {
        "building": "yes",
        "osm_id": 548008563,
        "max_flood_depth_m": 48.42,
        "flood_arrival_min": 51.0,
        "risk_category": "VERY_HIGH",
        "is_affected": true
      },
      "geometry": {
        "type": "Polygon",
        "coordinates": [
          [
            [
              77.8073611,
              11.8835433
            ],
            [
              77.8074224,
              11.8835212
            ],
            [
              77.807399,
              11.8834589
            ],
            [
              77.8073376,
              11.883481
            ],
            [
              77.8073611,
              11.8835433
            ]
          ]
        ]
      }
    },
    {
      "type": "Feature",
      "id": 548008564,
      "properties": {
        "building": "yes",
        "osm_id": 548008564,
        "max_flood_depth_m": 50.82,
        "flood_arrival_min": 48.0,
        "risk_category": "VERY_HIGH",
        "is_affected": true
      },
      "geometry": {
        "type": "Polygon",
        "coordinates": [
          [
            [
              77.8074925,
              11.883727
            ],
            [
              77.8075424,
              11.8837063
            ],
            [
              77.8075176,
              11.8836492
            ],
            [
              77.8074677,
              11.88367
            ],
            [
              77.8074925,
              11.883727
            ]
          ]
        ]
      }
    },
    {
      "type": "Feature",
      "id": 548008565,
      "properties": {
        "building": "yes",
        "osm_id": 548008565,
        "max_flood_depth_m": 50.82,
        "flood_arrival_min": 48.0,
        "risk_category": "VERY_HIGH",
        "is_affected": true
      },
      "geometry": {
        "type": "Polygon",
        "coordinates": [
          [
            [
              77.8075556,
              11.8838517
            ],
            [
              77.8075677,
              11.8838803
            ],
            [
              77.8076194,
              11.8838593
            ],
            [
              77.8076072,
              11.8838307
            ],
            [
              77.8075556,
              11.8838517
            ]
          ]
        ]
      }
    },
    {
      "type": "Feature",
      "id": 548008566,
      "properties": {
        "building": "yes",
        "osm_id": 548008566,
        "max_flood_depth_m": 50.82,
        "flood_arrival_min": 48.0,
        "risk_category": "VERY_HIGH",
        "is_affected": true
      },
      "geometry": {
        "type": "Polygon",
        "coordinates": [
          [
            [
              77.8075388,
              11.8838314
            ],
            [
              77.8075937,
              11.8838059
            ],
            [
              77.8075689,
              11.8837547
            ],
            [
              77.807514,
              11.8837802
            ],
            [
              77.8075388,
              11.8838314
            ]
          ]
        ]
      }
    },
    {
      "type": "Feature",
      "id": 548008567,
      "properties": {
        "building": "yes",
        "osm_id": 548008567,
        "max_flood_depth_m": 52.97,
        "flood_arrival_min": 48.0,
        "risk_category": "VERY_HIGH",
        "is_affected": true
      },
      "geometry": {
        "type": "Polygon",
        "coordinates": [
          [
            [
              77.8081738,
              11.8837645
            ],
            [
              77.8082099,
              11.8837429
            ],
            [
              77.8081676,
              11.8836753
            ],
            [
              77.8081316,
              11.8836969
            ],
            [
              77.8081738,
              11.8837645
            ]
          ]
        ]
      }
    },
    {
      "type": "Feature",
      "id": 548008568,
      "properties": {
        "building": "yes",
        "osm_id": 548008568,
        "max_flood_depth_m": 51.49,
        "flood_arrival_min": 48.0,
        "risk_category": "VERY_HIGH",
        "is_affected": true
      },
      "geometry": {
        "type": "Polygon",
        "coordinates": [
          [
            [
              77.8080129,
              11.8839029
            ],
            [
              77.808044,
              11.8839553
            ],
            [
              77.8081479,
              11.8838963
            ],
            [
              77.8081168,
              11.8838438
            ],
            [
              77.8080129,
              11.8839029
            ]
          ]
        ]
      }
    },
    {
      "type": "Feature",
      "id": 548008569,
      "properties": {
        "building": "yes",
        "osm_id": 548008569,
        "max_flood_depth_m": 48.88,
        "flood_arrival_min": 51.0,
        "risk_category": "VERY_HIGH",
        "is_affected": true
      },
      "geometry": {
        "type": "Polygon",
        "coordinates": [
          [
            [
              77.8070882,
              11.8861424
            ],
            [
              77.8071696,
              11.8861278
            ],
            [
              77.8071555,
              11.886053
            ],
            [
              77.8070741,
              11.8860676
            ],
            [
              77.8070882,
              11.8861424
            ]
          ]
        ]
      }
    },
    {
      "type": "Feature",
      "id": 548008570,
      "properties": {
        "building": "yes",
        "osm_id": 548008570,
        "max_flood_depth_m": 50.38,
        "flood_arrival_min": 51.0,
        "risk_category": "VERY_HIGH",
        "is_affected": true
      },
      "geometry": {
        "type": "Polygon",
        "coordinates": [
          [
            [
              77.8086432,
              11.8846713
            ],
            [
              77.8087257,
              11.8846503
            ],
            [
              77.8087052,
              11.8845733
            ],
            [
              77.8086227,
              11.8845943
            ],
            [
              77.8086432,
              11.8846713
            ]
          ]
        ]
      }
    },
    {
      "type": "Feature",
      "id": 548008571,
      "properties": {
        "building": "yes",
        "osm_id": 548008571,
        "max_flood_depth_m": 49.05,
        "flood_arrival_min": 51.0,
        "risk_category": "VERY_HIGH",
        "is_affected": true
      },
      "geometry": {
        "type": "Polygon",
        "coordinates": [
          [
            [
              77.8083683,
              11.8846254
            ],
            [
              77.8084191,
              11.8846121
            ],
            [
              77.8084036,
              11.8845556
            ],
            [
              77.8083529,
              11.8845689
            ],
            [
              77.8083683,
              11.8846254
            ]
          ]
        ]
      }
    },
    {
      "type": "Feature",
      "id": 548008572,
      "properties": {
        "building": "yes",
        "osm_id": 548008572,
        "max_flood_depth_m": 47.98,
        "flood_arrival_min": 54.0,
        "risk_category": "VERY_HIGH",
        "is_affected": true
      },
      "geometry": {
        "type": "Polygon",
        "coordinates": [
          [
            [
              77.8082449,
              11.8847198
            ],
            [
              77.8083019,
              11.8847067
            ],
            [
              77.8082874,
              11.8846465
            ],
            [
              77.8082304,
              11.8846596
            ],
            [
              77.8082449,
              11.8847198
            ]
          ]
        ]
      }
    },
    {
      "type": "Feature",
      "id": 548008573,
      "properties": {
        "building": "yes",
        "osm_id": 548008573,
        "max_flood_depth_m": 49.05,
        "flood_arrival_min": 51.0,
        "risk_category": "VERY_HIGH",
        "is_affected": true
      },
      "geometry": {
        "type": "Polygon",
        "coordinates": [
          [
            [
              77.8085312,
              11.8847441
            ],
            [
              77.8085849,
              11.8847262
            ],
            [
              77.8085648,
              11.8846685
            ],
            [
              77.8085111,
              11.8846864
            ],
            [
              77.8085312,
              11.8847441
            ]
          ]
        ]
      }
    },
    {
      "type": "Feature",
      "id": 548008574,
      "properties": {
        "building": "yes",
        "osm_id": 548008574,
        "max_flood_depth_m": 47.16,
        "flood_arrival_min": 54.0,
        "risk_category": "VERY_HIGH",
        "is_affected": true
      },
      "geometry": {
        "type": "Polygon",
        "coordinates": [
          [
            [
              77.8085668,
              11.8848524
            ],
            [
              77.8086344,
              11.8848357
            ],
            [
              77.8086123,
              11.8847498
            ],
            [
              77.8085446,
              11.8847664
            ],
            [
              77.8085668,
              11.8848524
            ]
          ]
        ]
      }
    },
    {
      "type": "Feature",
      "id": 548008575,
      "properties": {
        "building": "yes",
        "osm_id": 548008575,
        "max_flood_depth_m": 47.16,
        "flood_arrival_min": 54.0,
        "risk_category": "VERY_HIGH",
        "is_affected": true
      },
      "geometry": {
        "type": "Polygon",
        "coordinates": [
          [
            [
              77.8083864,
              11.8848471
            ],
            [
              77.8084383,
              11.8848285
            ],
            [
              77.8084188,
              11.8847767
            ],
            [
              77.8083669,
              11.8847953
            ],
            [
              77.8083864,
              11.8848471
            ]
          ]
        ]
      }
    },
    {
      "type": "Feature",
      "id": 548008576,
      "properties": {
        "building": "yes",
        "osm_id": 548008576,
        "max_flood_depth_m": 47.16,
        "flood_arrival_min": 54.0,
        "risk_category": "VERY_HIGH",
        "is_affected": true
      },
      "geometry": {
        "type": "Polygon",
        "coordinates": [
          [
            [
              77.8084085,
              11.8849489
            ],
            [
              77.8084937,
              11.8849233
            ],
            [
              77.8084759,
              11.8848667
            ],
            [
              77.8083908,
              11.8848923
            ],
            [
              77.8084085,
              11.8849489
            ]
          ]
        ]
      }
    },
    {
      "type": "Feature",
      "id": 548008577,
      "properties": {
        "building": "yes",
        "osm_id": 548008577,
        "max_flood_depth_m": 45.52,
        "flood_arrival_min": 57.0,
        "risk_category": "VERY_HIGH",
        "is_affected": true
      },
      "geometry": {
        "type": "Polygon",
        "coordinates": [
          [
            [
              77.8084702,
              11.885147
            ],
            [
              77.8085454,
              11.8851194
            ],
            [
              77.8085233,
              11.8850617
            ],
            [
              77.8084481,
              11.8850893
            ],
            [
              77.8084702,
              11.885147
            ]
          ]
        ]
      }
    },
    {
      "type": "Feature",
      "id": 548008578,
      "properties": {
        "building": "yes",
        "osm_id": 548008578,
        "max_flood_depth_m": 45.8,
        "flood_arrival_min": 54.0,
        "risk_category": "VERY_HIGH",
        "is_affected": true
      },
      "geometry": {
        "type": "Polygon",
        "coordinates": [
          [
            [
              77.8086861,
              11.8851752
            ],
            [
              77.8087524,
              11.8851513
            ],
            [
              77.8087249,
              11.8850784
            ],
            [
              77.8086586,
              11.8851024
            ],
            [
              77.8086861,
              11.8851752
            ]
          ]
        ]
      }
    },
    {
      "type": "Feature",
      "id": 548008581,
      "properties": {
        "building": "yes",
        "osm_id": 548008581,
        "max_flood_depth_m": 53.62,
        "flood_arrival_min": 45.0,
        "risk_category": "VERY_HIGH",
        "is_affected": true
      },
      "geometry": {
        "type": "Polygon",
        "coordinates": [
          [
            [
              77.810166,
              11.8846818
            ],
            [
              77.8102045,
              11.8846627
            ],
            [
              77.8101824,
              11.88462
            ],
            [
              77.8101439,
              11.8846391
            ],
            [
              77.810166,
              11.8846818
            ]
          ]
        ]
      }
    },
    {
      "type": "Feature",
      "id": 548008582,
      "properties": {
        "building": "yes",
        "osm_id": 548008582,
        "max_flood_depth_m": 53.62,
        "flood_arrival_min": 45.0,
        "risk_category": "VERY_HIGH",
        "is_affected": true
      },
      "geometry": {
        "type": "Polygon",
        "coordinates": [
          [
            [
              77.810225,
              11.8847481
            ],
            [
              77.8102725,
              11.8847302
            ],
            [
              77.8102477,
              11.8846672
            ],
            [
              77.8102002,
              11.8846851
            ],
            [
              77.810225,
              11.8847481
            ]
          ]
        ]
      }
    },
    {
      "type": "Feature",
      "id": 548008583,
      "properties": {
        "building": "yes",
        "osm_id": 548008583,
        "max_flood_depth_m": 51.28,
        "flood_arrival_min": 48.0,
        "risk_category": "VERY_HIGH",
        "is_affected": true
      },
      "geometry": {
        "type": "Polygon",
        "coordinates": [
          [
            [
              77.8104296,
              11.8847691
            ],
            [
              77.8104523,
              11.884814
            ],
            [
              77.8105079,
              11.8847871
            ],
            [
              77.8104852,
              11.8847422
            ],
            [
              77.8104296,
              11.8847691
            ]
          ]
        ]
      }
    },
    {
      "type": "Feature",
      "id": 548008584,
      "properties": {
        "building": "yes",
        "osm_id": 548008584,
        "max_flood_depth_m": 52.88,
        "flood_arrival_min": 48.0,
        "risk_category": "VERY_HIGH",
        "is_affected": true
      },
      "geometry": {
        "type": "Polygon",
        "coordinates": [
          [
            [
              77.8103068,
              11.8847454
            ],
            [
              77.8103799,
              11.8847238
            ],
            [
              77.810369,
              11.8846885
            ],
            [
              77.8102959,
              11.8847101
            ],
            [
              77.8103068,
              11.8847454
            ]
          ]
        ]
      }
    },
    {
      "type": "Feature",
      "id": 548008585,
      "properties": {
        "building": "yes",
        "osm_id": 548008585,
        "max_flood_depth_m": 52.88,
        "flood_arrival_min": 48.0,
        "risk_category": "VERY_HIGH",
        "is_affected": true
      },
      "geometry": {
        "type": "Polygon",
        "coordinates": [
          [
            [
              77.81039,
              11.8846949
            ],
            [
              77.8104638,
              11.8846674
            ],
            [
              77.8104427,
              11.8846134
            ],
            [
              77.8103689,
              11.884641
            ],
            [
              77.81039,
              11.8846949
            ]
          ]
        ]
      }
    },
    {
      "type": "Feature",
      "id": 548008586,
      "properties": {
        "building": "yes",
        "osm_id": 548008586,
        "max_flood_depth_m": 56.55,
        "flood_arrival_min": 42.0,
        "risk_category": "VERY_HIGH",
        "is_affected": true
      },
      "geometry": {
        "type": "Polygon",
        "coordinates": [
          [
            [
              77.8115085,
              11.8824134
            ],
            [
              77.8115702,
              11.8823884
            ],
            [
              77.8115497,
              11.8823399
            ],
            [
              77.811488,
              11.8823649
            ],
            [
              77.8115085,
              11.8824134
            ]
          ]
        ]
      }
    },
    {
      "type": "Feature",
      "id": 548008587,
      "properties": {
        "building": "yes",
        "osm_id": 548008587,
        "max_flood_depth_m": 51.28,
        "flood_arrival_min": 48.0,
        "risk_category": "VERY_HIGH",
        "is_affected": true
      },
      "geometry": {
        "type": "Polygon",
        "coordinates": [
          [
            [
              77.8121683,
              11.8825892
            ],
            [
              77.8122316,
              11.882576
            ],
            [
              77.8122155,
              11.8825025
            ],
            [
              77.8121522,
              11.8825157
            ],
            [
              77.8121683,
              11.8825892
            ]
          ]
        ]
      }
    },
    {
      "type": "Feature",
      "id": 548008588,
      "properties": {
        "building": "yes",
        "osm_id": 548008588,
        "max_flood_depth_m": 51.84,
        "flood_arrival_min": 48.0,
        "risk_category": "VERY_HIGH",
        "is_affected": true
      },
      "geometry": {
        "type": "Polygon",
        "coordinates": [
          [
            [
              77.8119926,
              11.8824186
            ],
            [
              77.8120516,
              11.8824055
            ],
            [
              77.8120392,
              11.882352
            ],
            [
              77.8119802,
              11.8823651
            ],
            [
              77.8119926,
              11.8824186
            ]
          ]
        ]
      }
    },
    {
      "type": "Feature",
      "id": 548008589,
      "properties": {
        "building": "yes",
        "osm_id": 548008589,
        "max_flood_depth_m": 50.14,
        "flood_arrival_min": 51.0,
        "risk_category": "VERY_HIGH",
        "is_affected": true
      },
      "geometry": {
        "type": "Polygon",
        "coordinates": [
          [
            [
              77.8119738,
              11.8831234
            ],
            [
              77.8120352,
              11.8831019
            ],
            [
              77.8120084,
              11.8830284
            ],
            [
              77.811947,
              11.8830499
            ],
            [
              77.8119738,
              11.8831234
            ]
          ]
        ]
      }
    },
    {
      "type": "Feature",
      "id": 548008590,
      "properties": {
        "building": "yes",
        "osm_id": 548008590,
        "max_flood_depth_m": 53.4,
        "flood_arrival_min": 45.0,
        "risk_category": "VERY_HIGH",
        "is_affected": true
      },
      "geometry": {
        "type": "Polygon",
        "coordinates": [
          [
            [
              77.811318,
              11.883374
            ],
            [
              77.8113963,
              11.8833446
            ],
            [
              77.8113628,
              11.8832593
            ],
            [
              77.8112845,
              11.8832887
            ],
            [
              77.811318,
              11.883374
            ]
          ]
        ]
      }
    },
    {
      "type": "Feature",
      "id": 548008595,
      "properties": {
        "building": "yes",
        "osm_id": 548008595,
        "max_flood_depth_m": 55.98,
        "flood_arrival_min": 42.0,
        "risk_category": "VERY_HIGH",
        "is_affected": true
      },
      "geometry": {
        "type": "Polygon",
        "coordinates": [
          [
            [
              77.8071821,
              11.8870158
            ],
            [
              77.8072464,
              11.8869948
            ],
            [
              77.8072283,
              11.8869417
            ],
            [
              77.807164,
              11.8869627
            ],
            [
              77.8071821,
              11.8870158
            ]
          ]
        ]
      }
    },
    {
      "type": "Feature",
      "id": 548008596,
      "properties": {
        "building": "yes",
        "osm_id": 548008596,
        "max_flood_depth_m": 53.31,
        "flood_arrival_min": 45.0,
        "risk_category": "VERY_HIGH",
        "is_affected": true
      },
      "geometry": {
        "type": "Polygon",
        "coordinates": [
          [
            [
              77.805739,
              11.8866693
            ],
            [
              77.8058023,
              11.8866532
            ],
            [
              77.8057862,
              11.8865928
            ],
            [
              77.805723,
              11.886609
            ],
            [
              77.805739,
              11.8866693
            ]
          ]
        ]
      }
    },
    {
      "type": "Feature",
      "id": 548008597,
      "properties": {
        "building": "yes",
        "osm_id": 548008597,
        "max_flood_depth_m": 55.35,
        "flood_arrival_min": 42.0,
        "risk_category": "VERY_HIGH",
        "is_affected": true
      },
      "geometry": {
        "type": "Polygon",
        "coordinates": [
          [
            [
              77.8062259,
              11.8872323
            ],
            [
              77.8062807,
              11.8872102
            ],
            [
              77.8062525,
              11.8871433
            ],
            [
              77.8061977,
              11.8871654
            ],
            [
              77.8062259,
              11.8872323
            ]
          ]
        ]
      }
    },
    {
      "type": "Feature",
      "id": 548008599,
      "properties": {
        "building": "yes",
        "osm_id": 548008599,
        "max_flood_depth_m": 52.68,
        "flood_arrival_min": 48.0,
        "risk_category": "VERY_HIGH",
        "is_affected": true
      },
      "geometry": {
        "type": "Polygon",
        "coordinates": [
          [
            [
              77.8055707,
              11.8880591
            ],
            [
              77.8056257,
              11.8880393
            ],
            [
              77.8056049,
              11.8879841
            ],
            [
              77.8055499,
              11.888004
            ],
            [
              77.8055707,
              11.8880591
            ]
          ]
        ]
      }
    },
    {
      "type": "Feature",
      "id": 548008600,
      "properties": {
        "building": "yes",
        "osm_id": 548008600,
        "max_flood_depth_m": 58.02,
        "flood_arrival_min": 39.0,
        "risk_category": "VERY_HIGH",
        "is_affected": true
      },
      "geometry": {
        "type": "Polygon",
        "coordinates": [
          [
            [
              77.8069413,
              11.8881582
            ],
            [
              77.8069633,
              11.8881885
            ],
            [
              77.8070324,
              11.8881406
            ],
            [
              77.8070104,
              11.8881103
            ],
            [
              77.8069413,
              11.8881582
            ]
          ]
        ]
      }
    },
    {
      "type": "Feature",
      "id": 548008601,
      "properties": {
        "building": "yes",
        "osm_id": 548008601,
        "max_flood_depth_m": 57.98,
        "flood_arrival_min": 39.0,
        "risk_category": "VERY_HIGH",
        "is_affected": true
      },
      "geometry": {
        "type": "Polygon",
        "coordinates": [
          [
            [
              77.8068508,
              11.8880316
            ],
            [
              77.8068942,
              11.8880012
            ],
            [
              77.8068573,
              11.8879507
            ],
            [
              77.8068139,
              11.887981
            ],
            [
              77.8068508,
              11.8880316
            ]
          ]
        ]
      }
    },
    {
      "type": "Feature",
      "id": 548008602,
      "properties": {
        "building": "yes",
        "osm_id": 548008602,
        "max_flood_depth_m": 53.7,
        "flood_arrival_min": 45.0,
        "risk_category": "VERY_HIGH",
        "is_affected": true
      },
      "geometry": {
        "type": "Polygon",
        "coordinates": [
          [
            [
              77.805953,
              11.888128
            ],
            [
              77.8059937,
              11.8881003
            ],
            [
              77.8059568,
              11.8880484
            ],
            [
              77.8059161,
              11.8880762
            ],
            [
              77.805953,
              11.888128
            ]
          ]
        ]
      }
    },
    {
      "type": "Feature",
      "id": 548008603,
      "properties": {
        "building": "yes",
        "osm_id": 548008603,
        "max_flood_depth_m": 55.43,
        "flood_arrival_min": 42.0,
        "risk_category": "VERY_HIGH",
        "is_affected": true
      },
      "geometry": {
        "type": "Polygon",
        "coordinates": [
          [
            [
              77.8064049,
              11.8883701
            ],
            [
              77.8064787,
              11.8883308
            ],
            [
              77.8064463,
              11.8882728
            ],
            [
              77.8063726,
              11.8883121
            ],
            [
              77.8064049,
              11.8883701
            ]
          ]
        ]
      }
    },
    {
      "type": "Feature",
      "id": 548008604,
      "properties": {
        "building": "yes",
        "osm_id": 548008604,
        "max_flood_depth_m": 54.93,
        "flood_arrival_min": 45.0,
        "risk_category": "VERY_HIGH",
        "is_affected": true
      },
      "geometry": {
        "type": "Polygon",
        "coordinates": [
          [
            [
              77.8065263,
              11.8884791
            ],
            [
              77.806594,
              11.8884528
            ],
            [
              77.8065784,
              11.8884143
            ],
            [
              77.8065107,
              11.8884405
            ],
            [
              77.8065263,
              11.8884791
            ]
          ]
        ]
      }
    },
    {
      "type": "Feature",
      "id": 548008605,
      "properties": {
        "building": "yes",
        "osm_id": 548008605,
        "max_flood_depth_m": 54.93,
        "flood_arrival_min": 45.0,
        "risk_category": "VERY_HIGH",
        "is_affected": true
      },
      "geometry": {
        "type": "Polygon",
        "coordinates": [
          [
            [
              77.8064451,
              11.8885775
            ],
            [
              77.806484,
              11.8885585
            ],
            [
              77.8064572,
              11.888506
            ],
            [
              77.8064183,
              11.888525
            ],
            [
              77.8064451,
              11.8885775
            ]
          ]
        ]
      }
    },
    {
      "type": "Feature",
      "id": 548008606,
      "properties": {
        "building": "yes",
        "osm_id": 548008606,
        "max_flood_depth_m": 54.93,
        "flood_arrival_min": 45.0,
        "risk_category": "VERY_HIGH",
        "is_affected": true
      },
      "geometry": {
        "type": "Polygon",
        "coordinates": [
          [
            [
              77.8063821,
              11.888506
            ],
            [
              77.8064619,
              11.8884718
            ],
            [
              77.8064295,
              11.8883994
            ],
            [
              77.8063497,
              11.8884335
            ],
            [
              77.8063821,
              11.888506
            ]
          ]
        ]
      }
    },
    {
      "type": "Feature",
      "id": 548008607,
      "properties": {
        "building": "yes",
        "osm_id": 548008607,
        "max_flood_depth_m": 52.36,
        "flood_arrival_min": 48.0,
        "risk_category": "VERY_HIGH",
        "is_affected": true
      },
      "geometry": {
        "type": "Polygon",
        "coordinates": [
          [
            [
              77.8065249,
              11.8888032
            ],
            [
              77.806596,
              11.8887691
            ],
            [
              77.8065707,
              11.8887187
            ],
            [
              77.8064996,
              11.8887528
            ],
            [
              77.8065249,
              11.8888032
            ]
          ]
        ]
      }
    },
    {
      "type": "Feature",
      "id": 548008608,
      "properties": {
        "building": "yes",
        "osm_id": 548008608,
        "max_flood_depth_m": 54.21,
        "flood_arrival_min": 45.0,
        "risk_category": "VERY_HIGH",
        "is_affected": true
      },
      "geometry": {
        "type": "Polygon",
        "coordinates": [
          [
            [
              77.8068508,
              11.8892704
            ],
            [
              77.8069237,
              11.8892379
            ],
            [
              77.8068888,
              11.8891631
            ],
            [
              77.806816,
              11.8891956
            ],
            [
              77.8068508,
              11.8892704
            ]
          ]
        ]
      }
    },
    {
      "type": "Feature",
      "id": 548008609,
      "properties": {
        "building": "yes",
        "osm_id": 548008609,
        "max_flood_depth_m": 55.52,
        "flood_arrival_min": 42.0,
        "risk_category": "VERY_HIGH",
        "is_affected": true
      },
      "geometry": {
        "type": "Polygon",
        "coordinates": [
          [
            [
              77.8078526,
              11.8901746
            ],
            [
              77.8079425,
              11.8901641
            ],
            [
              77.8079354,
              11.8901058
            ],
            [
              77.8078455,
              11.8901163
            ],
            [
              77.8078526,
              11.8901746
            ]
          ]
        ]
      }
    },
    {
      "type": "Feature",
      "id": 548008610,
      "properties": {
        "building": "yes",
        "osm_id": 548008610,
        "max_flood_depth_m": 56.64,
        "flood_arrival_min": 42.0,
        "risk_category": "VERY_HIGH",
        "is_affected": true
      },
      "geometry": {
        "type": "Polygon",
        "coordinates": [
          [
            [
              77.8079277,
              11.8900119
            ],
            [
              77.8079881,
              11.8899843
            ],
            [
              77.8079616,
              11.8899288
            ],
            [
              77.8079012,
              11.8899563
            ],
            [
              77.8079277,
              11.8900119
            ]
          ]
        ]
      }
    },
    {
      "type": "Feature",
      "id": 548008611,
      "properties": {
        "building": "yes",
        "osm_id": 548008611,
        "max_flood_depth_m": 55.18,
        "flood_arrival_min": 42.0,
        "risk_category": "VERY_HIGH",
        "is_affected": true
      },
      "geometry": {
        "type": "Polygon",
        "coordinates": [
          [
            [
              77.8074959,
              11.8898688
            ],
            [
              77.8075911,
              11.8898321
            ],
            [
              77.8075631,
              11.8897626
            ],
            [
              77.8074679,
              11.8897993
            ],
            [
              77.8074959,
              11.8898688
            ]
          ]
        ]
      }
    },
    {
      "type": "Feature",
      "id": 548008612,
      "properties": {
        "building": "yes",
        "osm_id": 548008612,
        "max_flood_depth_m": 53.74,
        "flood_arrival_min": 45.0,
        "risk_category": "VERY_HIGH",
        "is_affected": true
      },
      "geometry": {
        "type": "Polygon",
        "coordinates": [
          [
            [
              77.8060585,
              11.890978
            ],
            [
              77.806005,
              11.8908675
            ],
            [
              77.8061332,
              11.8908081
            ],
            [
              77.8061587,
              11.8908609
            ],
            [
              77.8061385,
              11.8908703
            ],
            [
              77.8061665,
              11.890928
            ],
            [
              77.8060585,
              11.890978
            ]
          ]
        ]
      }
    },
    {
      "type": "Feature",
      "id": 585832788,
      "properties": {
        "building": "yes",
        "osm_id": 585832788,
        "max_flood_depth_m": 22.13,
        "flood_arrival_min": 72.0,
        "risk_category": "VERY_HIGH",
        "is_affected": true
      },
      "geometry": {
        "type": "Polygon",
        "coordinates": [
          [
            [
              77.9805011,
              11.7117537
            ],
            [
              77.9805855,
              11.7117051
            ],
            [
              77.9805585,
              11.7116601
            ],
            [
              77.9804741,
              11.7117087
            ],
            [
              77.9805011,
              11.7117537
            ]
          ]
        ]
      }
    },
    {
      "type": "Feature",
      "id": 585832789,
      "properties": {
        "building": "yes",
        "osm_id": 585832789,
        "max_flood_depth_m": 23.51,
        "flood_arrival_min": 69.0,
        "risk_category": "VERY_HIGH",
        "is_affected": true
      },
      "geometry": {
        "type": "Polygon",
        "coordinates": [
          [
            [
              77.9804434,
              11.7116578
            ],
            [
              77.9805024,
              11.7116237
            ],
            [
              77.9804785,
              11.7115841
            ],
            [
              77.9804195,
              11.7116183
            ],
            [
              77.9804434,
              11.7116578
            ]
          ]
        ]
      }
    },
    {
      "type": "Feature",
      "id": 585832790,
      "properties": {
        "building": "yes",
        "osm_id": 585832790,
        "max_flood_depth_m": 22.06,
        "flood_arrival_min": 72.0,
        "risk_category": "VERY_HIGH",
        "is_affected": true
      },
      "geometry": {
        "type": "Polygon",
        "coordinates": [
          [
            [
              77.9804192,
              11.7120229
            ],
            [
              77.9805346,
              11.7119533
            ],
            [
              77.9805087,
              11.7119121
            ],
            [
              77.9803933,
              11.7119817
            ],
            [
              77.9804192,
              11.7120229
            ]
          ]
        ]
      }
    },
    {
      "type": "Feature",
      "id": 585832791,
      "properties": {
        "building": "yes",
        "osm_id": 585832791,
        "max_flood_depth_m": 22.83,
        "flood_arrival_min": 69.0,
        "risk_category": "VERY_HIGH",
        "is_affected": true
      },
      "geometry": {
        "type": "Polygon",
        "coordinates": [
          [
            [
              77.9805842,
              11.7117852
            ],
            [
              77.9806526,
              11.7117511
            ],
            [
              77.9806303,
              11.7117082
            ],
            [
              77.9805619,
              11.7117423
            ],
            [
              77.9805842,
              11.7117852
            ]
          ]
        ]
      }
    },
    {
      "type": "Feature",
      "id": 585832792,
      "properties": {
        "building": "yes",
        "osm_id": 585832792,
        "max_flood_depth_m": 22.83,
        "flood_arrival_min": 69.0,
        "risk_category": "VERY_HIGH",
        "is_affected": true
      },
      "geometry": {
        "type": "Polygon",
        "coordinates": [
          [
            [
              77.9806311,
              11.7118469
            ],
            [
              77.9806834,
              11.711818
            ],
            [
              77.9806574,
              11.7117727
            ],
            [
              77.9806051,
              11.7118016
            ],
            [
              77.9806311,
              11.7118469
            ]
          ]
        ]
      }
    },
    {
      "type": "Feature",
      "id": 585832793,
      "properties": {
        "building": "yes",
        "osm_id": 585832793,
        "max_flood_depth_m": 22.83,
        "flood_arrival_min": 69.0,
        "risk_category": "VERY_HIGH",
        "is_affected": true
      },
      "geometry": {
        "type": "Polygon",
        "coordinates": [
          [
            [
              77.980658,
              11.7119297
            ],
            [
              77.9807371,
              11.7118863
            ],
            [
              77.9807136,
              11.7118452
            ],
            [
              77.9806345,
              11.7118885
            ],
            [
              77.980658,
              11.7119297
            ]
          ]
        ]
      }
    },
    {
      "type": "Feature",
      "id": 585832794,
      "properties": {
        "building": "yes",
        "osm_id": 585832794,
        "max_flood_depth_m": 23.06,
        "flood_arrival_min": 69.0,
        "risk_category": "VERY_HIGH",
        "is_affected": true
      },
      "geometry": {
        "type": "Polygon",
        "coordinates": [
          [
            [
              77.9808135,
              11.7119231
            ],
            [
              77.980915,
              11.7118822
            ],
            [
              77.9808893,
              11.711821
            ],
            [
              77.9807878,
              11.7118619
            ],
            [
              77.9808135,
              11.7119231
            ]
          ]
        ]
      }
    },
    {
      "type": "Feature",
      "id": 585832797,
      "properties": {
        "building": "yes",
        "osm_id": 585832797,
        "max_flood_depth_m": 14.79,
        "flood_arrival_min": 78.0,
        "risk_category": "VERY_HIGH",
        "is_affected": true
      },
      "geometry": {
        "type": "Polygon",
        "coordinates": [
          [
            [
              77.979514,
              11.7252214
            ],
            [
              77.9796334,
              11.7251886
            ],
            [
              77.9796164,
              11.7251293
            ],
            [
              77.979497,
              11.7251621
            ],
            [
              77.979514,
              11.7252214
            ]
          ]
        ]
      }
    },
    {
      "type": "Feature",
      "id": 585832800,
      "properties": {
        "building": "yes",
        "osm_id": 585832800,
        "max_flood_depth_m": 19.36,
        "flood_arrival_min": 72.0,
        "risk_category": "VERY_HIGH",
        "is_affected": true
      },
      "geometry": {
        "type": "Polygon",
        "coordinates": [
          [
            [
              77.987228,
              11.7159532
            ],
            [
              77.9873903,
              11.7159073
            ],
            [
              77.9873706,
              11.7158404
            ],
            [
              77.9872083,
              11.7158864
            ],
            [
              77.987228,
              11.7159532
            ]
          ]
        ]
      }
    },
    {
      "type": "Feature",
      "id": 585832801,
      "properties": {
        "building": "yes",
        "osm_id": 585832801,
        "max_flood_depth_m": 19.97,
        "flood_arrival_min": 72.0,
        "risk_category": "VERY_HIGH",
        "is_affected": true
      },
      "geometry": {
        "type": "Polygon",
        "coordinates": [
          [
            [
              77.987444,
              11.7158495
            ],
            [
              77.9875298,
              11.7158127
            ],
            [
              77.9874985,
              11.7157428
            ],
            [
              77.9874127,
              11.7157796
            ],
            [
              77.987444,
              11.7158495
            ]
          ]
        ]
      }
    },
    {
      "type": "Feature",
      "id": 585832802,
      "properties": {
        "building": "yes",
        "osm_id": 585832802,
        "max_flood_depth_m": 17.43,
        "flood_arrival_min": 75.0,
        "risk_category": "VERY_HIGH",
        "is_affected": true
      },
      "geometry": {
        "type": "Polygon",
        "coordinates": [
          [
            [
              77.9877082,
              11.7158114
            ],
            [
              77.9878396,
              11.7157602
            ],
            [
              77.9878065,
              11.7156788
            ],
            [
              77.9876751,
              11.71573
            ],
            [
              77.9877082,
              11.7158114
            ]
          ]
        ]
      }
    },
    {
      "type": "Feature",
      "id": 585832803,
      "properties": {
        "building": "yes",
        "osm_id": 585832803,
        "max_flood_depth_m": 18.62,
        "flood_arrival_min": 75.0,
        "risk_category": "VERY_HIGH",
        "is_affected": true
      },
      "geometry": {
        "type": "Polygon",
        "coordinates": [
          [
            [
              77.9874775,
              11.7164155
            ],
            [
              77.9875687,
              11.7163892
            ],
            [
              77.9875426,
              11.7163024
            ],
            [
              77.9874514,
              11.7163286
            ],
            [
              77.9874775,
              11.7164155
            ]
          ]
        ]
      }
    },
    {
      "type": "Feature",
      "id": 585832804,
      "properties": {
        "building": "yes",
        "osm_id": 585832804,
        "max_flood_depth_m": 17.53,
        "flood_arrival_min": 75.0,
        "risk_category": "VERY_HIGH",
        "is_affected": true
      },
      "geometry": {
        "type": "Polygon",
        "coordinates": [
          [
            [
              77.9876854,
              11.7160648
            ],
            [
              77.987912,
              11.7160044
            ],
            [
              77.9878915,
              11.7159308
            ],
            [
              77.9876649,
              11.7159912
            ],
            [
              77.9876854,
              11.7160648
            ]
          ]
        ]
      }
    },
    {
      "type": "Feature",
      "id": 585832805,
      "properties": {
        "building": "yes",
        "osm_id": 585832805,
        "max_flood_depth_m": 21.67,
        "flood_arrival_min": 72.0,
        "risk_category": "VERY_HIGH",
        "is_affected": true
      },
      "geometry": {
        "type": "Polygon",
        "coordinates": [
          [
            [
              77.9889446,
              11.7159545
            ],
            [
              77.9889084,
              11.7157746
            ],
            [
              77.9888246,
              11.7157908
            ],
            [
              77.9888608,
              11.7159707
            ],
            [
              77.9889446,
              11.7159545
            ]
          ]
        ]
      }
    },
    {
      "type": "Feature",
      "id": 585832806,
      "properties": {
        "building": "yes",
        "osm_id": 585832806,
        "max_flood_depth_m": 22.04,
        "flood_arrival_min": 72.0,
        "risk_category": "VERY_HIGH",
        "is_affected": true
      },
      "geometry": {
        "type": "Polygon",
        "coordinates": [
          [
            [
              77.9887328,
              11.7157917
            ],
            [
              77.9886831,
              11.7156775
            ],
            [
              77.9886217,
              11.715703
            ],
            [
              77.9886713,
              11.7158173
            ],
            [
              77.9887328,
              11.7157917
            ]
          ]
        ]
      }
    },
    {
      "type": "Feature",
      "id": 585832807,
      "properties": {
        "building": "yes",
        "osm_id": 585832807,
        "max_flood_depth_m": 22.06,
        "flood_arrival_min": 72.0,
        "risk_category": "VERY_HIGH",
        "is_affected": true
      },
      "geometry": {
        "type": "Polygon",
        "coordinates": [
          [
            [
              77.9882245,
              11.7158968
            ],
            [
              77.9885021,
              11.7158666
            ],
            [
              77.9884866,
              11.7157301
            ],
            [
              77.988209,
              11.7157603
            ],
            [
              77.9882245,
              11.7158968
            ]
          ]
        ]
      }
    },
    {
      "type": "Feature",
      "id": 585832809,
      "properties": {
        "building": "yes",
        "osm_id": 585832809,
        "max_flood_depth_m": 22.62,
        "flood_arrival_min": 69.0,
        "risk_category": "VERY_HIGH",
        "is_affected": true
      },
      "geometry": {
        "type": "Polygon",
        "coordinates": [
          [
            [
              77.9902643,
              11.7132061
            ],
            [
              77.9903622,
              11.7132166
            ],
            [
              77.9903692,
              11.7131543
            ],
            [
              77.9902713,
              11.7131438
            ],
            [
              77.9902643,
              11.7132061
            ]
          ]
        ]
      }
    },
    {
      "type": "Feature",
      "id": 585832810,
      "properties": {
        "building": "yes",
        "osm_id": 585832810,
        "max_flood_depth_m": 24.16,
        "flood_arrival_min": 69.0,
        "risk_category": "VERY_HIGH",
        "is_affected": true
      },
      "geometry": {
        "type": "Polygon",
        "coordinates": [
          [
            [
              77.9897453,
              11.7129999
            ],
            [
              77.9898151,
              11.7130039
            ],
            [
              77.9898205,
              11.7129146
            ],
            [
              77.9897507,
              11.7129106
            ],
            [
              77.9897453,
              11.7129999
            ]
          ]
        ]
      }
    },
    {
      "type": "Feature",
      "id": 585832811,
      "properties": {
        "building": "yes",
        "osm_id": 585832811,
        "max_flood_depth_m": 25.39,
        "flood_arrival_min": 69.0,
        "risk_category": "VERY_HIGH",
        "is_affected": true
      },
      "geometry": {
        "type": "Polygon",
        "coordinates": [
          [
            [
              77.9913063,
              11.7137156
            ],
            [
              77.991309,
              11.7135856
            ],
            [
              77.9912098,
              11.7135836
            ],
            [
              77.9912071,
              11.7137136
            ],
            [
              77.9913063,
              11.7137156
            ]
          ]
        ]
      }
    },
    {
      "type": "Feature",
      "id": 585832812,
      "properties": {
        "building": "yes",
        "osm_id": 585832812,
        "max_flood_depth_m": 26.32,
        "flood_arrival_min": 69.0,
        "risk_category": "VERY_HIGH",
        "is_affected": true
      },
      "geometry": {
        "type": "Polygon",
        "coordinates": [
          [
            [
              77.9911977,
              11.7141003
            ],
            [
              77.9913028,
              11.714069
            ],
            [
              77.9912741,
              11.7139769
            ],
            [
              77.991169,
              11.7140082
            ],
            [
              77.9911977,
              11.7141003
            ]
          ]
        ]
      }
    },
    {
      "type": "Feature",
      "id": 585832817,
      "properties": {
        "building": "yes",
        "osm_id": 585832817,
        "max_flood_depth_m": 12.73,
        "flood_arrival_min": 81.0,
        "risk_category": "VERY_HIGH",
        "is_affected": true
      },
      "geometry": {
        "type": "Polygon",
        "coordinates": [
          [
            [
              77.9730821,
              11.7291804
            ],
            [
              77.9731619,
              11.7291765
            ],
            [
              77.9731575,
              11.7290914
            ],
            [
              77.9730777,
              11.7290953
            ],
            [
              77.9730821,
              11.7291804
            ]
          ]
        ]
      }
    },
    {
      "type": "Feature",
      "id": 585832818,
      "properties": {
        "building": "yes",
        "osm_id": 585832818,
        "max_flood_depth_m": 17.33,
        "flood_arrival_min": 75.0,
        "risk_category": "VERY_HIGH",
        "is_affected": true
      },
      "geometry": {
        "type": "Polygon",
        "coordinates": [
          [
            [
              77.9726502,
              11.7298987
            ],
            [
              77.9727159,
              11.7298744
            ],
            [
              77.9726936,
              11.7298164
            ],
            [
              77.9726279,
              11.7298407
            ],
            [
              77.9726502,
              11.7298987
            ]
          ]
        ]
      }
    },
    {
      "type": "Feature",
      "id": 585832819,
      "properties": {
        "building": "yes",
        "osm_id": 585832819,
        "max_flood_depth_m": 13.2,
        "flood_arrival_min": 78.0,
        "risk_category": "VERY_HIGH",
        "is_affected": true
      },
      "geometry": {
        "type": "Polygon",
        "coordinates": [
          [
            [
              77.9726543,
              11.7295422
            ],
            [
              77.9727294,
              11.729533
            ],
            [
              77.972716,
              11.7294273
            ],
            [
              77.9726408,
              11.7294365
            ],
            [
              77.9726543,
              11.7295422
            ]
          ]
        ]
      }
    },
    {
      "type": "Feature",
      "id": 585832820,
      "properties": {
        "building": "yes",
        "osm_id": 585832820,
        "max_flood_depth_m": 16.28,
        "flood_arrival_min": 78.0,
        "risk_category": "VERY_HIGH",
        "is_affected": true
      },
      "geometry": {
        "type": "Polygon",
        "coordinates": [
          [
            [
              77.973245,
              11.7293767
            ],
            [
              77.9733483,
              11.7293636
            ],
            [
              77.9733418,
              11.7293145
            ],
            [
              77.9732385,
              11.7293276
            ],
            [
              77.973245,
              11.7293767
            ]
          ]
        ]
      }
    },
    {
      "type": "Feature",
      "id": 585832821,
      "properties": {
        "building": "yes",
        "osm_id": 585832821,
        "max_flood_depth_m": 16.28,
        "flood_arrival_min": 78.0,
        "risk_category": "VERY_HIGH",
        "is_affected": true
      },
      "geometry": {
        "type": "Polygon",
        "coordinates": [
          [
            [
              77.9732598,
              11.7294417
            ],
            [
              77.9733523,
              11.7294312
            ],
            [
              77.9733458,
              11.7293759
            ],
            [
              77.9732532,
              11.7293864
            ],
            [
              77.9732598,
              11.7294417
            ]
          ]
        ]
      }
    },
    {
      "type": "Feature",
      "id": 585832822,
      "properties": {
        "building": "yes",
        "osm_id": 585832822,
        "max_flood_depth_m": 14.47,
        "flood_arrival_min": 78.0,
        "risk_category": "VERY_HIGH",
        "is_affected": true
      },
      "geometry": {
        "type": "Polygon",
        "coordinates": [
          [
            [
              77.9732933,
              11.7295566
            ],
            [
              77.9734162,
              11.7295421
            ],
            [
              77.9734041,
              11.7294438
            ],
            [
              77.9732812,
              11.7294583
            ],
            [
              77.9732933,
              11.7295566
            ]
          ]
        ]
      }
    },
    {
      "type": "Feature",
      "id": 585832825,
      "properties": {
        "building": "yes",
        "osm_id": 585832825,
        "max_flood_depth_m": 22.85,
        "flood_arrival_min": 69.0,
        "risk_category": "VERY_HIGH",
        "is_affected": true
      },
      "geometry": {
        "type": "Polygon",
        "coordinates": [
          [
            [
              77.9960243,
              11.7307995
            ],
            [
              77.9960981,
              11.7308047
            ],
            [
              77.9961038,
              11.7307275
            ],
            [
              77.9960301,
              11.7307222
            ],
            [
              77.9960243,
              11.7307995
            ]
          ]
        ]
      }
    },
    {
      "type": "Feature",
      "id": 585832826,
      "properties": {
        "building": "yes",
        "osm_id": 585832826,
        "max_flood_depth_m": 23.27,
        "flood_arrival_min": 69.0,
        "risk_category": "VERY_HIGH",
        "is_affected": true
      },
      "geometry": {
        "type": "Polygon",
        "coordinates": [
          [
            [
              77.9961102,
              11.7307863
            ],
            [
              77.9961772,
              11.7307863
            ],
            [
              77.9961772,
              11.7307312
            ],
            [
              77.9961102,
              11.7307312
            ],
            [
              77.9961102,
              11.7307863
            ]
          ]
        ]
      }
    },
    {
      "type": "Feature",
      "id": 585832827,
      "properties": {
        "building": "yes",
        "osm_id": 585832827,
        "max_flood_depth_m": 23.27,
        "flood_arrival_min": 69.0,
        "risk_category": "VERY_HIGH",
        "is_affected": true
      },
      "geometry": {
        "type": "Polygon",
        "coordinates": [
          [
            [
              77.9962094,
              11.7307811
            ],
            [
              77.9963113,
              11.7307745
            ],
            [
              77.9963078,
              11.7307222
            ],
            [
              77.9962059,
              11.7307288
            ],
            [
              77.9962094,
              11.7307811
            ]
          ]
        ]
      }
    },
    {
      "type": "Feature",
      "id": 585832828,
      "properties": {
        "building": "yes",
        "osm_id": 585832828,
        "max_flood_depth_m": 22.4,
        "flood_arrival_min": 72.0,
        "risk_category": "VERY_HIGH",
        "is_affected": true
      },
      "geometry": {
        "type": "Polygon",
        "coordinates": [
          [
            [
              77.9957668,
              11.7311159
            ],
            [
              77.9957588,
              11.7310227
            ],
            [
              77.9956887,
              11.7310285
            ],
            [
              77.9956967,
              11.7311217
            ],
            [
              77.9957668,
              11.7311159
            ]
          ]
        ]
      }
    },
    {
      "type": "Feature",
      "id": 585832829,
      "properties": {
        "building": "yes",
        "osm_id": 585832829,
        "max_flood_depth_m": 19.52,
        "flood_arrival_min": 72.0,
        "risk_category": "VERY_HIGH",
        "is_affected": true
      },
      "geometry": {
        "type": "Polygon",
        "coordinates": [
          [
            [
              77.9950091,
              11.7311684
            ],
            [
              77.9950786,
              11.7311596
            ],
            [
              77.9950692,
              11.7310887
            ],
            [
              77.9949997,
              11.7310975
            ],
            [
              77.9950091,
              11.7311684
            ]
          ]
        ]
      }
    },
    {
      "type": "Feature",
      "id": 585832830,
      "properties": {
        "building": "yes",
        "osm_id": 585832830,
        "max_flood_depth_m": 20.32,
        "flood_arrival_min": 72.0,
        "risk_category": "VERY_HIGH",
        "is_affected": true
      },
      "geometry": {
        "type": "Polygon",
        "coordinates": [
          [
            [
              77.9950239,
              11.7309045
            ],
            [
              77.9951245,
              11.7308927
            ],
            [
              77.9951163,
              11.730826
            ],
            [
              77.9950157,
              11.7308379
            ],
            [
              77.9950239,
              11.7309045
            ]
          ]
        ]
      }
    },
    {
      "type": "Feature",
      "id": 585832831,
      "properties": {
        "building": "yes",
        "osm_id": 585832831,
        "max_flood_depth_m": 22.81,
        "flood_arrival_min": 69.0,
        "risk_category": "VERY_HIGH",
        "is_affected": true
      },
      "geometry": {
        "type": "Polygon",
        "coordinates": [
          [
            [
              77.9934964,
              11.7288403
            ],
            [
              77.9935889,
              11.7288298
            ],
            [
              77.9935815,
              11.7287673
            ],
            [
              77.993489,
              11.7287778
            ],
            [
              77.9934964,
              11.7288403
            ]
          ]
        ]
      }
    },
    {
      "type": "Feature",
      "id": 585832832,
      "properties": {
        "building": "yes",
        "osm_id": 585832832,
        "max_flood_depth_m": 22.81,
        "flood_arrival_min": 69.0,
        "risk_category": "VERY_HIGH",
        "is_affected": true
      },
      "geometry": {
        "type": "Polygon",
        "coordinates": [
          [
            [
              77.9934159,
              11.7287825
            ],
            [
              77.9935232,
              11.7287615
            ],
            [
              77.9935107,
              11.7287004
            ],
            [
              77.9934034,
              11.7287214
            ],
            [
              77.9934159,
              11.7287825
            ]
          ]
        ]
      }
    },
    {
      "type": "Feature",
      "id": 585832833,
      "properties": {
        "building": "yes",
        "osm_id": 585832833,
        "max_flood_depth_m": 22.81,
        "flood_arrival_min": 69.0,
        "risk_category": "VERY_HIGH",
        "is_affected": true
      },
      "geometry": {
        "type": "Polygon",
        "coordinates": [
          [
            [
              77.9933663,
              11.7287077
            ],
            [
              77.99344,
              11.7286919
            ],
            [
              77.9934257,
              11.7286276
            ],
            [
              77.9933519,
              11.7286434
            ],
            [
              77.9933663,
              11.7287077
            ]
          ]
        ]
      }
    },
    {
      "type": "Feature",
      "id": 585832834,
      "properties": {
        "building": "yes",
        "osm_id": 585832834,
        "max_flood_depth_m": 26.08,
        "flood_arrival_min": 69.0,
        "risk_category": "VERY_HIGH",
        "is_affected": true
      },
      "geometry": {
        "type": "Polygon",
        "coordinates": [
          [
            [
              77.9940127,
              11.7279605
            ],
            [
              77.9941039,
              11.7279448
            ],
            [
              77.9940902,
              11.7278688
            ],
            [
              77.993999,
              11.7278846
            ],
            [
              77.9940127,
              11.7279605
            ]
          ]
        ]
      }
    },
    {
      "type": "Feature",
      "id": 585832835,
      "properties": {
        "building": "yes",
        "osm_id": 585832835,
        "max_flood_depth_m": 26.58,
        "flood_arrival_min": 69.0,
        "risk_category": "VERY_HIGH",
        "is_affected": true
      },
      "geometry": {
        "type": "Polygon",
        "coordinates": [
          [
            [
              77.9939027,
              11.7281851
            ],
            [
              77.9939926,
              11.7281667
            ],
            [
              77.9939796,
              11.7281057
            ],
            [
              77.9938897,
              11.7281241
            ],
            [
              77.9939027,
              11.7281851
            ]
          ]
        ]
      }
    },
    {
      "type": "Feature",
      "id": 740645512,
      "properties": {
        "building": "yes",
        "osm_id": 740645512,
        "max_flood_depth_m": 26.85,
        "flood_arrival_min": 66.0,
        "risk_category": "VERY_HIGH",
        "is_affected": true
      },
      "geometry": {
        "type": "Polygon",
        "coordinates": [
          [
            [
              77.9677384,
              11.6956838
            ],
            [
              77.9678591,
              11.695689
            ],
            [
              77.9678654,
              11.6955503
            ],
            [
              77.9677447,
              11.695545
            ],
            [
              77.9677384,
              11.6956838
            ]
          ]
        ]
      }
    },
    {
      "type": "Feature",
      "id": 740997829,
      "properties": {
        "building": "yes",
        "osm_id": 740997829,
        "max_flood_depth_m": 44.8,
        "flood_arrival_min": 57.0,
        "risk_category": "VERY_HIGH",
        "is_affected": true
      },
      "geometry": {
        "type": "Polygon",
        "coordinates": [
          [
            [
              77.7489214,
              11.8442663
            ],
            [
              77.7489302,
              11.8442858
            ],
            [
              77.7489694,
              11.8442687
            ],
            [
              77.7489392,
              11.8442024
            ],
            [
              77.7488559,
              11.8442388
            ],
            [
              77.7488772,
              11.8442856
            ],
            [
              77.7489214,
              11.8442663
            ]
          ]
        ]
      }
    },
    {
      "type": "Feature",
      "id": 778160491,
      "properties": {
        "building": "yes",
        "osm_id": 778160491,
        "max_flood_depth_m": 7.99,
        "flood_arrival_min": 90.0,
        "risk_category": "VERY_HIGH",
        "is_affected": true
      },
      "geometry": {
        "type": "Polygon",
        "coordinates": [
          [
            [
              77.8464785,
              11.8046714
            ],
            [
              77.8465794,
              11.8045424
            ],
            [
              77.8464974,
              11.804481
            ],
            [
              77.8464478,
              11.8045444
            ],
            [
              77.8464069,
              11.8045137
            ],
            [
              77.8463755,
              11.8045538
            ],
            [
              77.846414,
              11.8045827
            ],
            [
              77.8463942,
              11.8046082
            ],
            [
              77.8464785,
              11.8046714
            ]
          ]
        ]
      }
    },
    {
      "type": "Feature",
      "id": 778160493,
      "properties": {
        "building": "yes",
        "osm_id": 778160493,
        "max_flood_depth_m": 28.58,
        "flood_arrival_min": 72.0,
        "risk_category": "VERY_HIGH",
        "is_affected": true
      },
      "geometry": {
        "type": "Polygon",
        "coordinates": [
          [
            [
              77.7478068,
              11.8494154
            ],
            [
              77.7478277,
              11.8494549
            ],
            [
              77.7477758,
              11.8494813
            ],
            [
              77.7478976,
              11.8497105
            ],
            [
              77.7480179,
              11.8496493
            ],
            [
              77.7478957,
              11.8494193
            ],
            [
              77.7478805,
              11.8494271
            ],
            [
              77.7478609,
              11.8493903
            ],
            [
              77.7478799,
              11.8493807
            ],
            [
              77.7478634,
              11.8493496
            ],
            [
              77.74775,
              11.8494073
            ],
            [
              77.7477655,
              11.8494364
            ],
            [
              77.7478068,
              11.8494154
            ]
          ]
        ]
      }
    },
    {
      "type": "Feature",
      "id": 778160601,
      "properties": {
        "building": "yes",
        "osm_id": 778160601,
        "max_flood_depth_m": 36.22,
        "flood_arrival_min": 66.0,
        "risk_category": "VERY_HIGH",
        "is_affected": true
      },
      "geometry": {
        "type": "Polygon",
        "coordinates": [
          [
            [
              77.7108359,
              11.9125625
            ],
            [
              77.7109226,
              11.9126172
            ],
            [
              77.7109062,
              11.912642
            ],
            [
              77.7109592,
              11.9126754
            ],
            [
              77.7109677,
              11.9126628
            ],
            [
              77.7110307,
              11.9126537
            ],
            [
              77.711054,
              11.9126664
            ],
            [
              77.7110944,
              11.9126051
            ],
            [
              77.7109681,
              11.9125254
            ],
            [
              77.7109378,
              11.9125714
            ],
            [
              77.7108616,
              11.9125234
            ],
            [
              77.7108359,
              11.9125625
            ]
          ]
        ]
      }
    },
    {
      "type": "Feature",
      "id": 778199435,
      "properties": {
        "building": "yes",
        "osm_id": 778199435,
        "max_flood_depth_m": 21.59,
        "flood_arrival_min": 72.0,
        "risk_category": "VERY_HIGH",
        "is_affected": true
      },
      "geometry": {
        "type": "Polygon",
        "coordinates": [
          [
            [
              77.9630488,
              11.6951399
            ],
            [
              77.9631148,
              11.6951337
            ],
            [
              77.9631198,
              11.6951842
            ],
            [
              77.9632453,
              11.6951723
            ],
            [
              77.9632404,
              11.6951235
            ],
            [
              77.9633201,
              11.695116
            ],
            [
              77.9633028,
              11.6949406
            ],
            [
              77.9630843,
              11.6949613
            ],
            [
              77.963081,
              11.6949281
            ],
            [
              77.9630439,
              11.6949316
            ],
            [
              77.9630482,
              11.694976
            ],
            [
              77.9630327,
              11.6949775
            ],
            [
              77.9630488,
              11.6951399
            ]
          ]
        ]
      }
    },
    {
      "type": "Feature",
      "id": 778432825,
      "properties": {
        "building": "yes",
        "osm_id": 778432825,
        "max_flood_depth_m": 8.77,
        "flood_arrival_min": 84.0,
        "risk_category": "VERY_HIGH",
        "is_affected": true
      },
      "geometry": {
        "type": "Polygon",
        "coordinates": [
          [
            [
              77.9482835,
              11.7179995
            ],
            [
              77.9483828,
              11.7178446
            ],
            [
              77.9482857,
              11.717785
            ],
            [
              77.9481864,
              11.7179399
            ],
            [
              77.9482835,
              11.7179995
            ]
          ]
        ]
      }
    },
    {
      "type": "Feature",
      "id": 778432827,
      "properties": {
        "building": "yes",
        "osm_id": 778432827,
        "max_flood_depth_m": 0.67,
        "flood_arrival_min": 93.0,
        "risk_category": "MODERATE",
        "is_affected": true
      },
      "geometry": {
        "type": "Polygon",
        "coordinates": [
          [
            [
              77.8792684,
              11.6998077
            ],
            [
              77.8791535,
              11.6998381
            ],
            [
              77.8791635,
              11.6998742
            ],
            [
              77.8791248,
              11.6998844
            ],
            [
              77.879138,
              11.6999323
            ],
            [
              77.8792896,
              11.6998923
            ],
            [
              77.8792684,
              11.6998077
            ]
          ]
        ]
      }
    },
    {
      "type": "Feature",
      "id": 778432835,
      "properties": {
        "building": "yes",
        "osm_id": 778432835,
        "max_flood_depth_m": 6.78,
        "flood_arrival_min": 87.0,
        "risk_category": "VERY_HIGH",
        "is_affected": true
      },
      "geometry": {
        "type": "Polygon",
        "coordinates": [
          [
            [
              77.9738021,
              11.7564313
            ],
            [
              77.9739265,
              11.7563393
            ],
            [
              77.973863,
              11.7562571
            ],
            [
              77.9737387,
              11.7563491
            ],
            [
              77.9738021,
              11.7564313
            ]
          ]
        ]
      }
    },
    {
      "type": "Feature",
      "id": 840275111,
      "properties": {
        "building": "yes",
        "osm_id": 840275111,
        "max_flood_depth_m": 26.98,
        "flood_arrival_min": 66.0,
        "risk_category": "VERY_HIGH",
        "is_affected": true
      },
      "geometry": {
        "type": "Polygon",
        "coordinates": [
          [
            [
              77.9667614,
              11.6954553
            ],
            [
              77.9667828,
              11.6955787
            ],
            [
              77.9668699,
              11.6955642
            ],
            [
              77.9668486,
              11.6954408
            ],
            [
              77.9667614,
              11.6954553
            ]
          ]
        ]
      }
    },
    {
      "type": "Feature",
      "id": 840275112,
      "properties": {
        "building": "yes",
        "osm_id": 840275112,
        "max_flood_depth_m": 29.28,
        "flood_arrival_min": 63.0,
        "risk_category": "VERY_HIGH",
        "is_affected": true
      },
      "geometry": {
        "type": "Polygon",
        "coordinates": [
          [
            [
              77.9667174,
              11.691653
            ],
            [
              77.9667585,
              11.6917581
            ],
            [
              77.966816,
              11.6917365
            ],
            [
              77.9667748,
              11.6916314
            ],
            [
              77.9667174,
              11.691653
            ]
          ]
        ]
      }
    },
    {
      "type": "Feature",
      "id": 840275121,
      "properties": {
        "building": "yes",
        "osm_id": 840275121,
        "max_flood_depth_m": 1.42,
        "flood_arrival_min": 90.0,
        "risk_category": "HIGH",
        "is_affected": true
      },
      "geometry": {
        "type": "Polygon",
        "coordinates": [
          [
            [
              77.9749122,
              11.7526139
            ],
            [
              77.9749378,
              11.7527807
            ],
            [
              77.9750231,
              11.7527682
            ],
            [
              77.9749975,
              11.7526014
            ],
            [
              77.9749122,
              11.7526139
            ]
          ]
        ]
      }
    },
    {
      "type": "Feature",
      "id": 840275134,
      "properties": {
        "building": "yes",
        "osm_id": 840275134,
        "max_flood_depth_m": 37.03,
        "flood_arrival_min": 54.0,
        "risk_category": "VERY_HIGH",
        "is_affected": true
      },
      "geometry": {
        "type": "Polygon",
        "coordinates": [
          [
            [
              77.9730472,
              11.6935918
            ],
            [
              77.9730507,
              11.6936543
            ],
            [
              77.9731473,
              11.6936491
            ],
            [
              77.9731438,
              11.6935865
            ],
            [
              77.9730472,
              11.6935918
            ]
          ]
        ]
      }
    },
    {
      "type": "Feature",
      "id": 840275139,
      "properties": {
        "building": "yes",
        "osm_id": 840275139,
        "max_flood_depth_m": 28.2,
        "flood_arrival_min": 66.0,
        "risk_category": "VERY_HIGH",
        "is_affected": true
      },
      "geometry": {
        "type": "Polygon",
        "coordinates": [
          [
            [
              77.9688522,
              11.6957954
            ],
            [
              77.9689612,
              11.6962268
            ],
            [
              77.9690859,
              11.6961966
            ],
            [
              77.9689769,
              11.6957652
            ],
            [
              77.9688522,
              11.6957954
            ]
          ]
        ]
      }
    },
    {
      "type": "Feature",
      "id": 840275151,
      "properties": {
        "building": "yes",
        "osm_id": 840275151,
        "max_flood_depth_m": 31.2,
        "flood_arrival_min": 63.0,
        "risk_category": "VERY_HIGH",
        "is_affected": true
      },
      "geometry": {
        "type": "Polygon",
        "coordinates": [
          [
            [
              77.9694906,
              11.6959819
            ],
            [
              77.9695817,
              11.6959793
            ],
            [
              77.9695799,
              11.6959215
            ],
            [
              77.9695418,
              11.6959226
            ],
            [
              77.9695402,
              11.6958694
            ],
            [
              77.9694872,
              11.6958709
            ],
            [
              77.9694906,
              11.6959819
            ]
          ]
        ]
      }
    },
    {
      "type": "Feature",
      "id": 840275156,
      "properties": {
        "building": "yes",
        "osm_id": 840275156,
        "max_flood_depth_m": 33.28,
        "flood_arrival_min": 60.0,
        "risk_category": "VERY_HIGH",
        "is_affected": true
      },
      "geometry": {
        "type": "Polygon",
        "coordinates": [
          [
            [
              77.9692398,
              11.6926646
            ],
            [
              77.9692589,
              11.6927797
            ],
            [
              77.9694158,
              11.6927548
            ],
            [
              77.9693967,
              11.6926396
            ],
            [
              77.9692398,
              11.6926646
            ]
          ]
        ]
      }
    },
    {
      "type": "Feature",
      "id": 840412974,
      "properties": {
        "building": "yes",
        "osm_id": 840412974,
        "max_flood_depth_m": 5.6,
        "flood_arrival_min": 87.0,
        "risk_category": "VERY_HIGH",
        "is_affected": true
      },
      "geometry": {
        "type": "Polygon",
        "coordinates": [
          [
            [
              77.8788601,
              11.6963916
            ],
            [
              77.8789134,
              11.6965207
            ],
            [
              77.8789272,
              11.6965153
            ],
            [
              77.8789502,
              11.6965711
            ],
            [
              77.8789928,
              11.6965542
            ],
            [
              77.8789164,
              11.6963693
            ],
            [
              77.8788601,
              11.6963916
            ]
          ]
        ]
      }
    },
    {
      "type": "Feature",
      "id": 840412976,
      "properties": {
        "building": "yes",
        "osm_id": 840412976,
        "max_flood_depth_m": 38.34,
        "flood_arrival_min": 63.0,
        "risk_category": "VERY_HIGH",
        "is_affected": true
      },
      "geometry": {
        "type": "Polygon",
        "coordinates": [
          [
            [
              77.8371611,
              11.8139779
            ],
            [
              77.8372089,
              11.8140714
            ],
            [
              77.8373269,
              11.8140136
            ],
            [
              77.8372791,
              11.8139202
            ],
            [
              77.8371611,
              11.8139779
            ]
          ]
        ]
      }
    },
    {
      "type": "Feature",
      "id": 840412977,
      "properties": {
        "building": "yes",
        "osm_id": 840412977,
        "max_flood_depth_m": 44.38,
        "flood_arrival_min": 57.0,
        "risk_category": "VERY_HIGH",
        "is_affected": true
      },
      "geometry": {
        "type": "Polygon",
        "coordinates": [
          [
            [
              77.8395335,
              11.8124368
            ],
            [
              77.8395645,
              11.8125331
            ],
            [
              77.8396838,
              11.8124964
            ],
            [
              77.8396529,
              11.8124001
            ],
            [
              77.8395335,
              11.8124368
            ]
          ]
        ]
      }
    },
    {
      "type": "Feature",
      "id": 840412980,
      "properties": {
        "building": "yes",
        "osm_id": 840412980,
        "max_flood_depth_m": 55.41,
        "flood_arrival_min": 51.0,
        "risk_category": "VERY_HIGH",
        "is_affected": true
      },
      "geometry": {
        "type": "Polygon",
        "coordinates": [
          [
            [
              77.8422922,
              11.6600488
            ],
            [
              77.8423228,
              11.6601543
            ],
            [
              77.8423889,
              11.660136
            ],
            [
              77.8423788,
              11.6601012
            ],
            [
              77.8424308,
              11.6600868
            ],
            [
              77.8424102,
              11.660016
            ],
            [
              77.8422922,
              11.6600488
            ]
          ]
        ]
      }
    },
    {
      "type": "Feature",
      "id": 840412981,
      "properties": {
        "building": "yes",
        "osm_id": 840412981,
        "max_flood_depth_m": 29.79,
        "flood_arrival_min": 72.0,
        "risk_category": "VERY_HIGH",
        "is_affected": true
      },
      "geometry": {
        "type": "Polygon",
        "coordinates": [
          [
            [
              77.8426757,
              11.8157724
            ],
            [
              77.8428227,
              11.8157384
            ],
            [
              77.8427811,
              11.8155664
            ],
            [
              77.8426342,
              11.8156004
            ],
            [
              77.8426757,
              11.8157724
            ]
          ]
        ]
      }
    },
    {
      "type": "Feature",
      "id": 840412982,
      "properties": {
        "building": "yes",
        "osm_id": 840412982,
        "max_flood_depth_m": 17.55,
        "flood_arrival_min": 81.0,
        "risk_category": "VERY_HIGH",
        "is_affected": true
      },
      "geometry": {
        "type": "Polygon",
        "coordinates": [
          [
            [
              77.8448242,
              11.8158013
            ],
            [
              77.844854,
              11.8158684
            ],
            [
              77.844925,
              11.8158382
            ],
            [
              77.8448953,
              11.8157711
            ],
            [
              77.8448242,
              11.8158013
            ]
          ]
        ]
      }
    },
    {
      "type": "Feature",
      "id": 840412984,
      "properties": {
        "building": "yes",
        "osm_id": 840412984,
        "max_flood_depth_m": 11.85,
        "flood_arrival_min": 87.0,
        "risk_category": "VERY_HIGH",
        "is_affected": true
      },
      "geometry": {
        "type": "Polygon",
        "coordinates": [
          [
            [
              77.8209085,
              11.7041256
            ],
            [
              77.8210445,
              11.7040998
            ],
            [
              77.8210244,
              11.7039979
            ],
            [
              77.8210031,
              11.7040019
            ],
            [
              77.8209843,
              11.7039069
            ],
            [
              77.8208989,
              11.7039231
            ],
            [
              77.8209172,
              11.7040159
            ],
            [
              77.8208879,
              11.7040215
            ],
            [
              77.8209085,
              11.7041256
            ]
          ]
        ]
      }
    },
    {
      "type": "Feature",
      "id": 840412988,
      "properties": {
        "building": "yes",
        "osm_id": 840412988,
        "max_flood_depth_m": 45.58,
        "flood_arrival_min": 54.0,
        "risk_category": "VERY_HIGH",
        "is_affected": true
      },
      "geometry": {
        "type": "Polygon",
        "coordinates": [
          [
            [
              77.8323036,
              11.8078095
            ],
            [
              77.8323923,
              11.8078235
            ],
            [
              77.8323991,
              11.8077817
            ],
            [
              77.8324208,
              11.8077851
            ],
            [
              77.8324394,
              11.807672
            ],
            [
              77.8323291,
              11.8076546
            ],
            [
              77.8323036,
              11.8078095
            ]
          ]
        ]
      }
    },
    {
      "type": "Feature",
      "id": 840412989,
      "properties": {
        "building": "yes",
        "osm_id": 840412989,
        "max_flood_depth_m": 1.59,
        "flood_arrival_min": 96.0,
        "risk_category": "HIGH",
        "is_affected": true
      },
      "geometry": {
        "type": "Polygon",
        "coordinates": [
          [
            [
              77.8564958,
              11.8177887
            ],
            [
              77.8565242,
              11.8178409
            ],
            [
              77.8566932,
              11.817753
            ],
            [
              77.8566648,
              11.8177007
            ],
            [
              77.8564958,
              11.8177887
            ]
          ]
        ]
      }
    },
    {
      "type": "Feature",
      "id": 840412990,
      "properties": {
        "building": "yes",
        "osm_id": 840412990,
        "max_flood_depth_m": 56.62,
        "flood_arrival_min": 42.0,
        "risk_category": "VERY_HIGH",
        "is_affected": true
      },
      "geometry": {
        "type": "Polygon",
        "coordinates": [
          [
            [
              77.8217331,
              11.8046537
            ],
            [
              77.8218741,
              11.8047351
            ],
            [
              77.821905,
              11.804684
            ],
            [
              77.8217639,
              11.8046025
            ],
            [
              77.8217331,
              11.8046537
            ]
          ]
        ]
      }
    },
    {
      "type": "Feature",
      "id": 840412991,
      "properties": {
        "building": "yes",
        "osm_id": 840412991,
        "max_flood_depth_m": 25.31,
        "flood_arrival_min": 75.0,
        "risk_category": "VERY_HIGH",
        "is_affected": true
      },
      "geometry": {
        "type": "Polygon",
        "coordinates": [
          [
            [
              77.845024,
              11.8164655
            ],
            [
              77.8451218,
              11.8165062
            ],
            [
              77.845217,
              11.816287
            ],
            [
              77.8451192,
              11.8162463
            ],
            [
              77.845024,
              11.8164655
            ]
          ]
        ]
      }
    },
    {
      "type": "Feature",
      "id": 840413002,
      "properties": {
        "building": "yes",
        "osm_id": 840413002,
        "max_flood_depth_m": 10.65,
        "flood_arrival_min": 84.0,
        "risk_category": "VERY_HIGH",
        "is_affected": true
      },
      "geometry": {
        "type": "Polygon",
        "coordinates": [
          [
            [
              77.8777269,
              11.6971441
            ],
            [
              77.8777434,
              11.6971993
            ],
            [
              77.8778896,
              11.6971573
            ],
            [
              77.877873,
              11.6971021
            ],
            [
              77.8777269,
              11.6971441
            ]
          ]
        ]
      }
    },
    {
      "type": "Feature",
      "id": 840413005,
      "properties": {
        "building": "yes",
        "osm_id": 840413005,
        "max_flood_depth_m": 16.6,
        "flood_arrival_min": 81.0,
        "risk_category": "VERY_HIGH",
        "is_affected": true
      },
      "geometry": {
        "type": "Polygon",
        "coordinates": [
          [
            [
              77.846638,
              11.8170772
            ],
            [
              77.8467254,
              11.8172087
            ],
            [
              77.8467924,
              11.817166
            ],
            [
              77.8467051,
              11.8170345
            ],
            [
              77.846638,
              11.8170772
            ]
          ]
        ]
      }
    },
    {
      "type": "Feature",
      "id": 840413006,
      "properties": {
        "building": "yes",
        "osm_id": 840413006,
        "max_flood_depth_m": 1.59,
        "flood_arrival_min": 96.0,
        "risk_category": "HIGH",
        "is_affected": true
      },
      "geometry": {
        "type": "Polygon",
        "coordinates": [
          [
            [
              77.8565045,
              11.8175158
            ],
            [
              77.856582,
              11.8176291
            ],
            [
              77.8566483,
              11.8175857
            ],
            [
              77.8565708,
              11.8174724
            ],
            [
              77.8565045,
              11.8175158
            ]
          ]
        ]
      }
    },
    {
      "type": "Feature",
      "id": 840413013,
      "properties": {
        "building": "yes",
        "osm_id": 840413013,
        "max_flood_depth_m": 0.39,
        "flood_arrival_min": 96.0,
        "risk_category": "MODERATE",
        "is_affected": true
      },
      "geometry": {
        "type": "Polygon",
        "coordinates": [
          [
            [
              77.8554779,
              11.8178858
            ],
            [
              77.8555359,
              11.8178671
            ],
            [
              77.8554354,
              11.8175691
            ],
            [
              77.8553773,
              11.8175878
            ],
            [
              77.8554779,
              11.8178858
            ]
          ]
        ]
      }
    },
    {
      "type": "Feature",
      "id": 840413014,
      "properties": {
        "building": "yes",
        "osm_id": 840413014,
        "max_flood_depth_m": 2.52,
        "flood_arrival_min": 90.0,
        "risk_category": "VERY_HIGH",
        "is_affected": true
      },
      "geometry": {
        "type": "Polygon",
        "coordinates": [
          [
            [
              77.9539512,
              11.8950997
            ],
            [
              77.9539729,
              11.8951723
            ],
            [
              77.9540451,
              11.8951516
            ],
            [
              77.9540534,
              11.8951793
            ],
            [
              77.9541149,
              11.8951616
            ],
            [
              77.9540967,
              11.895101
            ],
            [
              77.9541186,
              11.8950947
            ],
            [
              77.9541068,
              11.8950551
            ],
            [
              77.9539512,
              11.8950997
            ]
          ]
        ]
      }
    },
    {
      "type": "Feature",
      "id": 840413021,
      "properties": {
        "building": "yes",
        "osm_id": 840413021,
        "max_flood_depth_m": 44.37,
        "flood_arrival_min": 57.0,
        "risk_category": "VERY_HIGH",
        "is_affected": true
      },
      "geometry": {
        "type": "Polygon",
        "coordinates": [
          [
            [
              77.7517904,
              11.8490299
            ],
            [
              77.751815,
              11.8491166
            ],
            [
              77.7520081,
              11.8490641
            ],
            [
              77.7519836,
              11.8489774
            ],
            [
              77.7517904,
              11.8490299
            ]
          ]
        ]
      }
    },
    {
      "type": "Feature",
      "id": 840413022,
      "properties": {
        "building": "yes",
        "osm_id": 840413022,
        "max_flood_depth_m": 2.46,
        "flood_arrival_min": 90.0,
        "risk_category": "VERY_HIGH",
        "is_affected": true
      },
      "geometry": {
        "type": "Polygon",
        "coordinates": [
          [
            [
              77.8795992,
              11.6953804
            ],
            [
              77.8796611,
              11.6954799
            ],
            [
              77.8798066,
              11.6953931
            ],
            [
              77.8797448,
              11.6952936
            ],
            [
              77.8795992,
              11.6953804
            ]
          ]
        ]
      }
    },
    {
      "type": "Feature",
      "id": 840413024,
      "properties": {
        "building": "yes",
        "osm_id": 840413024,
        "max_flood_depth_m": 0.15,
        "flood_arrival_min": 93.0,
        "risk_category": "LOW",
        "is_affected": true
      },
      "geometry": {
        "type": "Polygon",
        "coordinates": [
          [
            [
              77.877074,
              11.7003501
            ],
            [
              77.8771485,
              11.7003292
            ],
            [
              77.8771031,
              11.7001737
            ],
            [
              77.8770285,
              11.7001946
            ],
            [
              77.877074,
              11.7003501
            ]
          ]
        ]
      }
    },
    {
      "type": "Feature",
      "id": 840413027,
      "properties": {
        "building": "yes",
        "osm_id": 840413027,
        "max_flood_depth_m": 27.33,
        "flood_arrival_min": 72.0,
        "risk_category": "VERY_HIGH",
        "is_affected": true
      },
      "geometry": {
        "type": "Polygon",
        "coordinates": [
          [
            [
              77.8439572,
              11.8161708
            ],
            [
              77.8440237,
              11.8162737
            ],
            [
              77.8440565,
              11.8162533
            ],
            [
              77.84399,
              11.8161504
            ],
            [
              77.8439572,
              11.8161708
            ]
          ]
        ]
      }
    },
    {
      "type": "Feature",
      "id": 840413030,
      "properties": {
        "building": "yes",
        "osm_id": 840413030,
        "max_flood_depth_m": 23.35,
        "flood_arrival_min": 75.0,
        "risk_category": "VERY_HIGH",
        "is_affected": true
      },
      "geometry": {
        "type": "Polygon",
        "coordinates": [
          [
            [
              77.8448926,
              11.8162843
            ],
            [
              77.8449596,
              11.8163107
            ],
            [
              77.8450065,
              11.8161965
            ],
            [
              77.8449395,
              11.8161701
            ],
            [
              77.8448926,
              11.8162843
            ]
          ]
        ]
      }
    },
    {
      "type": "Feature",
      "id": 840413033,
      "properties": {
        "building": "yes",
        "osm_id": 840413033,
        "max_flood_depth_m": 4.69,
        "flood_arrival_min": 90.0,
        "risk_category": "VERY_HIGH",
        "is_affected": true
      },
      "geometry": {
        "type": "Polygon",
        "coordinates": [
          [
            [
              77.8793952,
              11.6968263
            ],
            [
              77.8794489,
              11.6969927
            ],
            [
              77.8796313,
              11.6969362
            ],
            [
              77.8795776,
              11.6967698
            ],
            [
              77.8793952,
              11.6968263
            ]
          ]
        ]
      }
    },
    {
      "type": "Feature",
      "id": 868540435,
      "properties": {
        "building": "yes",
        "osm_id": 868540435,
        "max_flood_depth_m": 52.03,
        "flood_arrival_min": 48.0,
        "risk_category": "VERY_HIGH",
        "is_affected": true
      },
      "geometry": {
        "type": "Polygon",
        "coordinates": [
          [
            [
              77.7996748,
              11.8071361
            ],
            [
              77.7997812,
              11.8071158
            ],
            [
              77.7997448,
              11.8069939
            ],
            [
              77.7996436,
              11.807032
            ],
            [
              77.7996748,
              11.8071361
            ]
          ]
        ]
      }
    },
    {
      "type": "Feature",
      "id": 868540442,
      "properties": {
        "building": "yes",
        "name": "Mettur dam office",
        "office": "yes",
        "osm_id": 868540442,
        "max_flood_depth_m": 56.49,
        "flood_arrival_min": 42.0,
        "risk_category": "VERY_HIGH",
        "is_affected": true
      },
      "geometry": {
        "type": "Polygon",
        "coordinates": [
          [
            [
              77.8000728,
              11.8077178
            ],
            [
              77.8000274,
              11.8076568
            ],
            [
              77.8001156,
              11.8076022
            ],
            [
              77.800087,
              11.8075476
            ],
            [
              77.800148,
              11.8075019
            ],
            [
              77.8001844,
              11.8075654
            ],
            [
              77.8001623,
              11.8075793
            ],
            [
              77.800196,
              11.8076352
            ],
            [
              77.8002233,
              11.8076187
            ],
            [
              77.8002661,
              11.8076771
            ],
            [
              77.8001973,
              11.8077165
            ],
            [
              77.8001597,
              11.8076657
            ],
            [
              77.8000728,
              11.8077178
            ]
          ]
        ]
      }
    },
    {
      "type": "Feature",
      "id": 947504964,
      "properties": {
        "building": "industrial",
        "man_made": "cooling",
        "osm_id": 947504964,
        "max_flood_depth_m": 33.35,
        "flood_arrival_min": 66.0,
        "risk_category": "VERY_HIGH",
        "is_affected": true
      },
      "geometry": {
        "type": "Polygon",
        "coordinates": [
          [
            [
              77.8282908,
              11.8133355
            ],
            [
              77.8286104,
              11.8132539
            ],
            [
              77.8286412,
              11.8133695
            ],
            [
              77.8283217,
              11.8134511
            ],
            [
              77.8282908,
              11.8133355
            ]
          ]
        ]
      }
    },
    {
      "type": "Feature",
      "id": 947504965,
      "properties": {
        "building": "industrial",
        "man_made": "cooling",
        "osm_id": 947504965,
        "max_flood_depth_m": 35.24,
        "flood_arrival_min": 66.0,
        "risk_category": "VERY_HIGH",
        "is_affected": true
      },
      "geometry": {
        "type": "Polygon",
        "coordinates": [
          [
            [
              77.8286344,
              11.8132433
            ],
            [
              77.8288591,
              11.813188
            ],
            [
              77.8288875,
              11.8132988
            ],
            [
              77.8286628,
              11.813354
            ],
            [
              77.8286344,
              11.8132433
            ]
          ]
        ]
      }
    },
    {
      "type": "Feature",
      "id": 947504966,
      "properties": {
        "building": "industrial",
        "man_made": "cooling",
        "osm_id": 947504966,
        "max_flood_depth_m": 37.35,
        "flood_arrival_min": 63.0,
        "risk_category": "VERY_HIGH",
        "is_affected": true
      },
      "geometry": {
        "type": "Polygon",
        "coordinates": [
          [
            [
              77.8276582,
              11.8130621
            ],
            [
              77.8277965,
              11.8130295
            ],
            [
              77.8278593,
              11.8132844
            ],
            [
              77.827721,
              11.8133171
            ],
            [
              77.8276582,
              11.8130621
            ]
          ]
        ]
      }
    },
    {
      "type": "Feature",
      "id": 947504967,
      "properties": {
        "building": "industrial",
        "man_made": "cooling",
        "osm_id": 947504967,
        "max_flood_depth_m": 31.87,
        "flood_arrival_min": 69.0,
        "risk_category": "VERY_HIGH",
        "is_affected": true
      },
      "geometry": {
        "type": "Polygon",
        "coordinates": [
          [
            [
              77.8268388,
              11.8111917
            ],
            [
              77.8270277,
              11.8111465
            ],
            [
              77.8271482,
              11.8116295
            ],
            [
              77.8269594,
              11.8116746
            ],
            [
              77.8268388,
              11.8111917
            ]
          ]
        ]
      }
    },
    {
      "type": "Feature",
      "id": 947504968,
      "properties": {
        "building": "industrial",
        "man_made": "cooling",
        "osm_id": 947504968,
        "max_flood_depth_m": 42.17,
        "flood_arrival_min": 60.0,
        "risk_category": "VERY_HIGH",
        "is_affected": true
      },
      "geometry": {
        "type": "Polygon",
        "coordinates": [
          [
            [
              77.8271583,
              11.8110965
            ],
            [
              77.8273437,
              11.8110545
            ],
            [
              77.8274573,
              11.8115338
            ],
            [
              77.8272717,
              11.8115759
            ],
            [
              77.8271583,
              11.8110965
            ]
          ]
        ]
      }
    },
    {
      "type": "Feature",
      "id": 1120332827,
      "properties": {
        "building": "yes",
        "building:levels": "2",
        "osm_id": 1120332827,
        "max_flood_depth_m": 55.26,
        "flood_arrival_min": 42.0,
        "risk_category": "VERY_HIGH",
        "is_affected": true
      },
      "geometry": {
        "type": "Polygon",
        "coordinates": [
          [
            [
              77.8137651,
              11.795906
            ],
            [
              77.8138485,
              11.7958847
            ],
            [
              77.8138092,
              11.795737
            ],
            [
              77.813824,
              11.7957332
            ],
            [
              77.8138206,
              11.7957206
            ],
            [
              77.8138548,
              11.7957119
            ],
            [
              77.813823,
              11.7955926
            ],
            [
              77.8137447,
              11.7956125
            ],
            [
              77.8137734,
              11.7957203
            ],
            [
              77.8137193,
              11.7957341
            ],
            [
              77.8137651,
              11.795906
            ]
          ]
        ]
      }
    },
    {
      "type": "Feature",
      "id": 1125824764,
      "properties": {
        "building": "yes",
        "osm_id": 1125824764,
        "max_flood_depth_m": 38.83,
        "flood_arrival_min": 54.0,
        "risk_category": "VERY_HIGH",
        "is_affected": true
      },
      "geometry": {
        "type": "Polygon",
        "coordinates": [
          [
            [
              77.9744661,
              11.691587
            ],
            [
              77.9742683,
              11.6917466
            ],
            [
              77.9743284,
              11.6918181
            ],
            [
              77.9745262,
              11.6916585
            ],
            [
              77.9744661,
              11.691587
            ]
          ]
        ]
      }
    },
    {
      "type": "Feature",
      "id": 1125824765,
      "properties": {
        "building": "yes",
        "osm_id": 1125824765,
        "max_flood_depth_m": 40.22,
        "flood_arrival_min": 54.0,
        "risk_category": "VERY_HIGH",
        "is_affected": true
      },
      "geometry": {
        "type": "Polygon",
        "coordinates": [
          [
            [
              77.9736943,
              11.6932359
            ],
            [
              77.9737546,
              11.6931775
            ],
            [
              77.9736058,
              11.6930298
            ],
            [
              77.9735454,
              11.6930881
            ],
            [
              77.9736943,
              11.6932359
            ]
          ]
        ]
      }
    },
    {
      "type": "Feature",
      "id": 1125824766,
      "properties": {
        "building": "yes",
        "osm_id": 1125824766,
        "max_flood_depth_m": 38.75,
        "flood_arrival_min": 54.0,
        "risk_category": "VERY_HIGH",
        "is_affected": true
      },
      "geometry": {
        "type": "Polygon",
        "coordinates": [
          [
            [
              77.9740651,
              11.6939792
            ],
            [
              77.9734106,
              11.6939752
            ],
            [
              77.9734101,
              11.6940671
            ],
            [
              77.9737593,
              11.6940692
            ],
            [
              77.9737591,
              11.6941062
            ],
            [
              77.9738449,
              11.6941067
            ],
            [
              77.9738451,
              11.6940697
            ],
            [
              77.9740645,
              11.6940711
            ],
            [
              77.9740651,
              11.6939792
            ]
          ]
        ]
      }
    },
    {
      "type": "Feature",
      "id": 1125824767,
      "properties": {
        "building": "yes",
        "osm_id": 1125824767,
        "max_flood_depth_m": 38.17,
        "flood_arrival_min": 54.0,
        "risk_category": "VERY_HIGH",
        "is_affected": true
      },
      "geometry": {
        "type": "Polygon",
        "coordinates": [
          [
            [
              77.9729265,
              11.694058
            ],
            [
              77.9733717,
              11.6940567
            ],
            [
              77.9733715,
              11.693966
            ],
            [
              77.9729262,
              11.6939673
            ],
            [
              77.9729265,
              11.694058
            ]
          ]
        ]
      }
    },
    {
      "type": "Feature",
      "id": 1125824768,
      "properties": {
        "building": "yes",
        "osm_id": 1125824768,
        "max_flood_depth_m": 36.53,
        "flood_arrival_min": 54.0,
        "risk_category": "VERY_HIGH",
        "is_affected": true
      },
      "geometry": {
        "type": "Polygon",
        "coordinates": [
          [
            [
              77.9729305,
              11.6941643
            ],
            [
              77.9729288,
              11.6942563
            ],
            [
              77.973362,
              11.6942642
            ],
            [
              77.9733637,
              11.6941722
            ],
            [
              77.9729305,
              11.6941643
            ]
          ]
        ]
      }
    },
    {
      "type": "Feature",
      "id": 1125824769,
      "properties": {
        "building": "yes",
        "osm_id": 1125824769,
        "max_flood_depth_m": 37.26,
        "flood_arrival_min": 54.0,
        "risk_category": "VERY_HIGH",
        "is_affected": true
      },
      "geometry": {
        "type": "Polygon",
        "coordinates": [
          [
            [
              77.9724048,
              11.6952701
            ],
            [
              77.9725395,
              11.6952998
            ],
            [
              77.9725784,
              11.6951304
            ],
            [
              77.9724437,
              11.6951007
            ],
            [
              77.9724048,
              11.6952701
            ]
          ]
        ]
      }
    },
    {
      "type": "Feature",
      "id": 1125824770,
      "properties": {
        "building": "yes",
        "osm_id": 1125824770,
        "max_flood_depth_m": 37.45,
        "flood_arrival_min": 54.0,
        "risk_category": "VERY_HIGH",
        "is_affected": true
      },
      "geometry": {
        "type": "Polygon",
        "coordinates": [
          [
            [
              77.9720508,
              11.6952911
            ],
            [
              77.972211,
              11.695324
            ],
            [
              77.9722291,
              11.6952395
            ],
            [
              77.9720688,
              11.6952067
            ],
            [
              77.9720508,
              11.6952911
            ]
          ]
        ]
      }
    },
    {
      "type": "Feature",
      "id": 1125824771,
      "properties": {
        "building": "yes",
        "osm_id": 1125824771,
        "max_flood_depth_m": 35.83,
        "flood_arrival_min": 57.0,
        "risk_category": "VERY_HIGH",
        "is_affected": true
      },
      "geometry": {
        "type": "Polygon",
        "coordinates": [
          [
            [
              77.9721808,
              11.6958125
            ],
            [
              77.9720467,
              11.6961946
            ],
            [
              77.9721566,
              11.6962316
            ],
            [
              77.9722907,
              11.6958495
            ],
            [
              77.9721808,
              11.6958125
            ]
          ]
        ]
      }
    },
    {
      "type": "Feature",
      "id": 1125824772,
      "properties": {
        "building": "yes",
        "osm_id": 1125824772,
        "max_flood_depth_m": 36.44,
        "flood_arrival_min": 57.0,
        "risk_category": "VERY_HIGH",
        "is_affected": true
      },
      "geometry": {
        "type": "Polygon",
        "coordinates": [
          [
            [
              77.9718362,
              11.6961395
            ],
            [
              77.9718942,
              11.6961602
            ],
            [
              77.9720216,
              11.6958174
            ],
            [
              77.9719636,
              11.6957967
            ],
            [
              77.9718362,
              11.6961395
            ]
          ]
        ]
      }
    },
    {
      "type": "Feature",
      "id": 1125824773,
      "properties": {
        "building": "temple",
        "osm_id": 1125824773,
        "max_flood_depth_m": 32.33,
        "flood_arrival_min": 60.0,
        "risk_category": "VERY_HIGH",
        "is_affected": true
      },
      "geometry": {
        "type": "Polygon",
        "coordinates": [
          [
            [
              77.9704361,
              11.695559
            ],
            [
              77.970801,
              11.6956234
            ],
            [
              77.9708372,
              11.6954264
            ],
            [
              77.9704723,
              11.695362
            ],
            [
              77.9704361,
              11.695559
            ]
          ]
        ]
      }
    },
    {
      "type": "Feature",
      "id": 1125825006,
      "properties": {
        "building": "yes",
        "osm_id": 1125825006,
        "max_flood_depth_m": 29.4,
        "flood_arrival_min": 63.0,
        "risk_category": "VERY_HIGH",
        "is_affected": true
      },
      "geometry": {
        "type": "Polygon",
        "coordinates": [
          [
            [
              77.9753593,
              11.699395
            ],
            [
              77.975384,
              11.6995192
            ],
            [
              77.9757341,
              11.6994522
            ],
            [
              77.9757093,
              11.6993281
            ],
            [
              77.9753593,
              11.699395
            ]
          ]
        ]
      }
    },
    {
      "type": "Feature",
      "id": 1125825007,
      "properties": {
        "building": "yes",
        "osm_id": 1125825007,
        "max_flood_depth_m": 28.19,
        "flood_arrival_min": 66.0,
        "risk_category": "VERY_HIGH",
        "is_affected": true
      },
      "geometry": {
        "type": "Polygon",
        "coordinates": [
          [
            [
              77.9755095,
              11.7003117
            ],
            [
              77.9757061,
              11.7002781
            ],
            [
              77.9756865,
              11.7001679
            ],
            [
              77.9756241,
              11.7001786
            ],
            [
              77.9755636,
              11.6998386
            ],
            [
              77.975626,
              11.699828
            ],
            [
              77.9756042,
              11.6997055
            ],
            [
              77.9754075,
              11.6997391
            ],
            [
              77.9754264,
              11.699845
            ],
            [
              77.9754623,
              11.6998389
            ],
            [
              77.9755251,
              11.7001918
            ],
            [
              77.9754892,
              11.7001979
            ],
            [
              77.9755095,
              11.7003117
            ]
          ]
        ]
      }
    },
    {
      "type": "Feature",
      "id": 1125825008,
      "properties": {
        "building": "yes",
        "osm_id": 1125825008,
        "max_flood_depth_m": 29.72,
        "flood_arrival_min": 63.0,
        "risk_category": "VERY_HIGH",
        "is_affected": true
      },
      "geometry": {
        "type": "Polygon",
        "coordinates": [
          [
            [
              77.9756731,
              11.6996432
            ],
            [
              77.9756947,
              11.6997589
            ],
            [
              77.9763465,
              11.699642
            ],
            [
              77.9763249,
              11.6995264
            ],
            [
              77.9756731,
              11.6996432
            ]
          ]
        ]
      }
    },
    {
      "type": "Feature",
      "id": 1125825009,
      "properties": {
        "building": "yes",
        "osm_id": 1125825009,
        "max_flood_depth_m": 32.08,
        "flood_arrival_min": 60.0,
        "risk_category": "VERY_HIGH",
        "is_affected": true
      },
      "geometry": {
        "type": "Polygon",
        "coordinates": [
          [
            [
              77.9769592,
              11.6984981
            ],
            [
              77.9769745,
              11.6985909
            ],
            [
              77.9777631,
              11.6984661
            ],
            [
              77.9777478,
              11.6983733
            ],
            [
              77.9769592,
              11.6984981
            ]
          ]
        ]
      }
    },
    {
      "type": "Feature",
      "id": 1125825010,
      "properties": {
        "building": "yes",
        "osm_id": 1125825010,
        "max_flood_depth_m": 29.52,
        "flood_arrival_min": 63.0,
        "risk_category": "VERY_HIGH",
        "is_affected": true
      },
      "geometry": {
        "type": "Polygon",
        "coordinates": [
          [
            [
              77.9763477,
              11.6986163
            ],
            [
              77.9763689,
              11.6987148
            ],
            [
              77.9768584,
              11.6986136
            ],
            [
              77.9768372,
              11.6985152
            ],
            [
              77.9763477,
              11.6986163
            ]
          ]
        ]
      }
    },
    {
      "type": "Feature",
      "id": 1125825011,
      "properties": {
        "building": "yes",
        "osm_id": 1125825011,
        "max_flood_depth_m": 27.9,
        "flood_arrival_min": 66.0,
        "risk_category": "VERY_HIGH",
        "is_affected": true
      },
      "geometry": {
        "type": "Polygon",
        "coordinates": [
          [
            [
              77.9764777,
              11.6991613
            ],
            [
              77.9771993,
              11.6990247
            ],
            [
              77.9771802,
              11.698928
            ],
            [
              77.9764586,
              11.6990645
            ],
            [
              77.9764777,
              11.6991613
            ]
          ]
        ]
      }
    },
    {
      "type": "Feature",
      "id": 1125825012,
      "properties": {
        "building": "yes",
        "osm_id": 1125825012,
        "max_flood_depth_m": 29.28,
        "flood_arrival_min": 63.0,
        "risk_category": "VERY_HIGH",
        "is_affected": true
      },
      "geometry": {
        "type": "Polygon",
        "coordinates": [
          [
            [
              77.9766306,
              11.6992873
            ],
            [
              77.976652,
              11.6993841
            ],
            [
              77.9772112,
              11.6992659
            ],
            [
              77.9771899,
              11.6991692
            ],
            [
              77.9766306,
              11.6992873
            ]
          ]
        ]
      }
    },
    {
      "type": "Feature",
      "id": 1155962489,
      "properties": {
        "building": "hospital",
        "osm_id": 1155962489,
        "max_flood_depth_m": 56.66,
        "flood_arrival_min": 42.0,
        "risk_category": "VERY_HIGH",
        "is_affected": true
      },
      "geometry": {
        "type": "Polygon",
        "coordinates": [
          [
            [
              77.8129052,
              11.7943523
            ],
            [
              77.8128579,
              11.7941075
            ],
            [
              77.8131772,
              11.7940959
            ],
            [
              77.8132347,
              11.7943622
            ],
            [
              77.8132127,
              11.7943606
            ],
            [
              77.8129052,
              11.7943523
            ]
          ]
        ]
      }
    },
    {
      "type": "Feature",
      "id": 1226990249,
      "properties": {
        "amenity": "community_centre",
        "building": "yes",
        "osm_id": 1226990249,
        "max_flood_depth_m": 54.89,
        "flood_arrival_min": 45.0,
        "risk_category": "VERY_HIGH",
        "is_affected": true
      },
      "geometry": {
        "type": "Polygon",
        "coordinates": [
          [
            [
              77.8138418,
              11.796244
            ],
            [
              77.813866,
              11.7963269
            ],
            [
              77.8143312,
              11.7961966
            ],
            [
              77.814307,
              11.7961138
            ],
            [
              77.814196,
              11.7961449
            ],
            [
              77.8141936,
              11.7961365
            ],
            [
              77.8141047,
              11.7961614
            ],
            [
              77.8140919,
              11.7961177
            ],
            [
              77.8140225,
              11.7961371
            ],
            [
              77.8140353,
              11.7961811
            ],
            [
              77.8139513,
              11.7962046
            ],
            [
              77.8139536,
              11.7962127
            ],
            [
              77.8138418,
              11.796244
            ]
          ]
        ]
      }
    },
    {
      "type": "Feature",
      "id": 1228234484,
      "properties": {
        "addr:city": "Mettur",
        "addr:district": "Salem",
        "addr:postcode": "636456",
        "addr:street": "Salem Camp",
        "amenity": "place_of_worship",
        "building": "church",
        "name": "St. Joseph RC Chruch",
        "religion": "christian",
        "osm_id": 1228234484,
        "max_flood_depth_m": 59.03,
        "flood_arrival_min": 36.0,
        "risk_category": "VERY_HIGH",
        "is_affected": true
      },
      "geometry": {
        "type": "Polygon",
        "coordinates": [
          [
            [
              77.8142177,
              11.7958888
            ],
            [
              77.8141295,
              11.7955763
            ],
            [
              77.8142941,
              11.7955318
            ],
            [
              77.8143823,
              11.7958443
            ],
            [
              77.8142177,
              11.7958888
            ]
          ]
        ]
      }
    },
    {
      "type": "Feature",
      "id": 1230874356,
      "properties": {
        "amenity": "toilets",
        "building": "yes",
        "osm_id": 1230874356,
        "max_flood_depth_m": 54.79,
        "flood_arrival_min": 45.0,
        "risk_category": "VERY_HIGH",
        "is_affected": true
      },
      "geometry": {
        "type": "Polygon",
        "coordinates": [
          [
            [
              77.813777,
              11.7959434
            ],
            [
              77.8138194,
              11.7961082
            ],
            [
              77.8138029,
              11.7961122
            ],
            [
              77.8137614,
              11.7959476
            ],
            [
              77.813777,
              11.7959434
            ]
          ]
        ]
      }
    },
    {
      "type": "Feature",
      "id": 1230874360,
      "properties": {
        "building": "yes",
        "layer": "1",
        "office": "security",
        "osm_id": 1230874360,
        "max_flood_depth_m": 24.19,
        "flood_arrival_min": 75.0,
        "risk_category": "VERY_HIGH",
        "is_affected": true
      },
      "geometry": {
        "type": "Polygon",
        "coordinates": [
          [
            [
              77.8124123,
              11.7986367
            ],
            [
              77.8123689,
              11.798602
            ],
            [
              77.8122946,
              11.7985085
            ],
            [
              77.8122645,
              11.7983673
            ],
            [
              77.812507,
              11.798272
            ],
            [
              77.8125397,
              11.7984115
            ],
            [
              77.8126326,
              11.7985197
            ],
            [
              77.8126883,
              11.7985934
            ],
            [
              77.8125477,
              11.7986523
            ],
            [
              77.8125008,
              11.7986917
            ],
            [
              77.8124512,
              11.7987241
            ],
            [
              77.8124123,
              11.7986367
            ]
          ]
        ]
      }
    },
    {
      "type": "Feature",
      "id": 1230874361,
      "properties": {
        "building": "yes",
        "office": "security",
        "osm_id": 1230874361,
        "max_flood_depth_m": 20.73,
        "flood_arrival_min": 78.0,
        "risk_category": "VERY_HIGH",
        "is_affected": true
      },
      "geometry": {
        "type": "Polygon",
        "coordinates": [
          [
            [
              77.812513,
              11.7986778
            ],
            [
              77.8124997,
              11.7986866
            ],
            [
              77.8124842,
              11.7986908
            ],
            [
              77.8124682,
              11.7986901
            ],
            [
              77.8124532,
              11.7986844
            ],
            [
              77.8124402,
              11.7986737
            ],
            [
              77.8124315,
              11.7986592
            ],
            [
              77.8124284,
              11.7986428
            ],
            [
              77.812431,
              11.7986263
            ],
            [
              77.8124391,
              11.7986115
            ],
            [
              77.8124518,
              11.7986004
            ],
            [
              77.8124676,
              11.798594
            ],
            [
              77.8124847,
              11.7985932
            ],
            [
              77.812501,
              11.798598
            ],
            [
              77.8125081,
              11.798603
            ],
            [
              77.8125141,
              11.7986072
            ],
            [
              77.8125235,
              11.7986199
            ],
            [
              77.8125283,
              11.7986349
            ],
            [
              77.812528,
              11.7986506
            ],
            [
              77.8125228,
              11.7986654
            ],
            [
              77.812513,
              11.7986778
            ]
          ]
        ]
      }
    },
    {
      "type": "Feature",
      "id": 1230874362,
      "properties": {
        "building": "yes",
        "office": "security",
        "osm_id": 1230874362,
        "max_flood_depth_m": 32.37,
        "flood_arrival_min": 69.0,
        "risk_category": "VERY_HIGH",
        "is_affected": true
      },
      "geometry": {
        "type": "Polygon",
        "coordinates": [
          [
            [
              77.8125081,
              11.798603
            ],
            [
              77.8126317,
              11.7985479
            ],
            [
              77.8126574,
              11.7985921
            ],
            [
              77.812528,
              11.7986506
            ],
            [
              77.8125283,
              11.7986349
            ],
            [
              77.8125235,
              11.7986199
            ],
            [
              77.8125141,
              11.7986072
            ],
            [
              77.8125081,
              11.798603
            ]
          ]
        ]
      }
    },
    {
      "type": "Feature",
      "id": 1275918251,
      "properties": {
        "building": "fire_station",
        "name": "Mettur Fire Rescue Station",
        "osm_id": 1275918251,
        "max_flood_depth_m": 61.16,
        "flood_arrival_min": 33.0,
        "risk_category": "VERY_HIGH",
        "is_affected": true
      },
      "geometry": {
        "type": "Polygon",
        "coordinates": [
          [
            [
              77.8266146,
              11.8020605
            ],
            [
              77.8266049,
              11.8016562
            ],
            [
              77.827368,
              11.8015994
            ],
            [
              77.8273067,
              11.8020479
            ],
            [
              77.8266146,
              11.8020605
            ]
          ]
        ]
      }
    },
    {
      "type": "Feature",
      "id": 1299795798,
      "properties": {
        "building": "yes",
        "osm_id": 1299795798,
        "max_flood_depth_m": 48.69,
        "flood_arrival_min": 54.0,
        "risk_category": "VERY_HIGH",
        "is_affected": true
      },
      "geometry": {
        "type": "Polygon",
        "coordinates": [
          [
            [
              77.9737306,
              11.6608749
            ],
            [
              77.9738057,
              11.6608709
            ],
            [
              77.9738017,
              11.6607646
            ],
            [
              77.9737306,
              11.6607685
            ],
            [
              77.9737306,
              11.6608749
            ]
          ]
        ]
      }
    },
    {
      "type": "Feature",
      "id": 1299795799,
      "properties": {
        "building": "yes",
        "osm_id": 1299795799,
        "max_flood_depth_m": 48.14,
        "flood_arrival_min": 54.0,
        "risk_category": "VERY_HIGH",
        "is_affected": true
      },
      "geometry": {
        "type": "Polygon",
        "coordinates": [
          [
            [
              77.9734825,
              11.6609379
            ],
            [
              77.9736314,
              11.6609222
            ],
            [
              77.9736434,
              11.6608355
            ],
            [
              77.9736166,
              11.660758
            ],
            [
              77.9734704,
              11.6607685
            ],
            [
              77.9734825,
              11.6609379
            ]
          ]
        ]
      }
    },
    {
      "type": "Feature",
      "id": 1299795800,
      "properties": {
        "building": "yes",
        "osm_id": 1299795800,
        "max_flood_depth_m": 47.67,
        "flood_arrival_min": 54.0,
        "risk_category": "VERY_HIGH",
        "is_affected": true
      },
      "geometry": {
        "type": "Polygon",
        "coordinates": [
          [
            [
              77.9729458,
              11.6611782
            ],
            [
              77.9730194,
              11.6611554
            ],
            [
              77.9729984,
              11.6610696
            ],
            [
              77.9729283,
              11.6610891
            ],
            [
              77.9729458,
              11.6611782
            ]
          ]
        ]
      }
    },
    {
      "type": "Feature",
      "id": 1299795801,
      "properties": {
        "building": "yes",
        "osm_id": 1299795801,
        "max_flood_depth_m": 47.53,
        "flood_arrival_min": 54.0,
        "risk_category": "VERY_HIGH",
        "is_affected": true
      },
      "geometry": {
        "type": "Polygon",
        "coordinates": [
          [
            [
              77.9727112,
              11.6611256
            ],
            [
              77.9727754,
              11.6610971
            ],
            [
              77.972738,
              11.660993
            ],
            [
              77.9726785,
              11.6610205
            ],
            [
              77.9727112,
              11.6611256
            ]
          ]
        ]
      }
    },
    {
      "type": "Feature",
      "id": 1299795802,
      "properties": {
        "building": "yes",
        "osm_id": 1299795802,
        "max_flood_depth_m": 47.67,
        "flood_arrival_min": 54.0,
        "risk_category": "VERY_HIGH",
        "is_affected": true
      },
      "geometry": {
        "type": "Polygon",
        "coordinates": [
          [
            [
              77.9725816,
              11.6612697
            ],
            [
              77.9726808,
              11.6612297
            ],
            [
              77.9726388,
              11.6611268
            ],
            [
              77.9725454,
              11.6611657
            ],
            [
              77.9725816,
              11.6612697
            ]
          ]
        ]
      }
    },
    {
      "type": "Feature",
      "id": 1299795803,
      "properties": {
        "building": "yes",
        "osm_id": 1299795803,
        "max_flood_depth_m": 46.11,
        "flood_arrival_min": 54.0,
        "risk_category": "VERY_HIGH",
        "is_affected": true
      },
      "geometry": {
        "type": "Polygon",
        "coordinates": [
          [
            [
              77.9731916,
              11.6615568
            ],
            [
              77.9732533,
              11.661544
            ],
            [
              77.9732363,
              11.6614641
            ],
            [
              77.9731747,
              11.6614814
            ],
            [
              77.9731916,
              11.6615568
            ]
          ]
        ]
      }
    },
    {
      "type": "Feature",
      "id": 1299795804,
      "properties": {
        "building": "yes",
        "osm_id": 1299795804,
        "max_flood_depth_m": 46.11,
        "flood_arrival_min": 54.0,
        "risk_category": "VERY_HIGH",
        "is_affected": true
      },
      "geometry": {
        "type": "Polygon",
        "coordinates": [
          [
            [
              77.9730499,
              11.6614882
            ],
            [
              77.9731369,
              11.6614716
            ],
            [
              77.9731154,
              11.66136
            ],
            [
              77.9730276,
              11.6613818
            ],
            [
              77.9730499,
              11.6614882
            ]
          ]
        ]
      }
    },
    {
      "type": "Feature",
      "id": 1299795805,
      "properties": {
        "building": "yes",
        "osm_id": 1299795805,
        "max_flood_depth_m": 46.11,
        "flood_arrival_min": 54.0,
        "risk_category": "VERY_HIGH",
        "is_affected": true
      },
      "geometry": {
        "type": "Polygon",
        "coordinates": [
          [
            [
              77.9730799,
              11.6615817
            ],
            [
              77.9731562,
              11.6615674
            ],
            [
              77.9731385,
              11.6614988
            ],
            [
              77.9730638,
              11.6615169
            ],
            [
              77.9730799,
              11.6615817
            ]
          ]
        ]
      }
    },
    {
      "type": "Feature",
      "id": 1299795806,
      "properties": {
        "building": "yes",
        "osm_id": 1299795806,
        "max_flood_depth_m": 45.78,
        "flood_arrival_min": 54.0,
        "risk_category": "VERY_HIGH",
        "is_affected": true
      },
      "geometry": {
        "type": "Polygon",
        "coordinates": [
          [
            [
              77.9727121,
              11.6617094
            ],
            [
              77.9727995,
              11.6616795
            ],
            [
              77.972769,
              11.6615581
            ],
            [
              77.9726836,
              11.661585
            ],
            [
              77.9727121,
              11.6617094
            ]
          ]
        ]
      }
    },
    {
      "type": "Feature",
      "id": 1299795807,
      "properties": {
        "building": "yes",
        "osm_id": 1299795807,
        "max_flood_depth_m": 45.08,
        "flood_arrival_min": 54.0,
        "risk_category": "VERY_HIGH",
        "is_affected": true
      },
      "geometry": {
        "type": "Polygon",
        "coordinates": [
          [
            [
              77.9727914,
              11.6616049
            ],
            [
              77.9728381,
              11.6615899
            ],
            [
              77.9728096,
              11.6614556
            ],
            [
              77.9727609,
              11.6614735
            ],
            [
              77.9727914,
              11.6616049
            ]
          ]
        ]
      }
    },
    {
      "type": "Feature",
      "id": 1299795808,
      "properties": {
        "building": "yes",
        "osm_id": 1299795808,
        "max_flood_depth_m": 45.83,
        "flood_arrival_min": 54.0,
        "risk_category": "VERY_HIGH",
        "is_affected": true
      },
      "geometry": {
        "type": "Polygon",
        "coordinates": [
          [
            [
              77.9727639,
              11.6618866
            ],
            [
              77.9727385,
              11.661789
            ],
            [
              77.972829,
              11.6617701
            ],
            [
              77.972834,
              11.661795
            ],
            [
              77.9728615,
              11.66179
            ],
            [
              77.9728655,
              11.6618189
            ],
            [
              77.9728239,
              11.6618308
            ],
            [
              77.972829,
              11.6618497
            ],
            [
              77.9728107,
              11.6618527
            ],
            [
              77.9728096,
              11.6618806
            ],
            [
              77.9727639,
              11.6618866
            ]
          ]
        ]
      }
    },
    {
      "type": "Feature",
      "id": 1299795809,
      "properties": {
        "building": "yes",
        "osm_id": 1299795809,
        "max_flood_depth_m": 46.43,
        "flood_arrival_min": 54.0,
        "risk_category": "VERY_HIGH",
        "is_affected": true
      },
      "geometry": {
        "type": "Polygon",
        "coordinates": [
          [
            [
              77.97238,
              11.6621615
            ],
            [
              77.9724968,
              11.6621398
            ],
            [
              77.9724816,
              11.6620369
            ],
            [
              77.972359,
              11.6620529
            ],
            [
              77.97238,
              11.6621615
            ]
          ]
        ]
      }
    },
    {
      "type": "Feature",
      "id": 1299795810,
      "properties": {
        "building": "yes",
        "osm_id": 1299795810,
        "max_flood_depth_m": 47.35,
        "flood_arrival_min": 54.0,
        "risk_category": "VERY_HIGH",
        "is_affected": true
      },
      "geometry": {
        "type": "Polygon",
        "coordinates": [
          [
            [
              77.9724022,
              11.661942
            ],
            [
              77.9724793,
              11.661926
            ],
            [
              77.9724688,
              11.6618745
            ],
            [
              77.9723905,
              11.6618951
            ],
            [
              77.9724022,
              11.661942
            ]
          ]
        ]
      }
    },
    {
      "type": "Feature",
      "id": 1299795811,
      "properties": {
        "building": "yes",
        "osm_id": 1299795811,
        "max_flood_depth_m": 46.19,
        "flood_arrival_min": 54.0,
        "risk_category": "VERY_HIGH",
        "is_affected": true
      },
      "geometry": {
        "type": "Polygon",
        "coordinates": [
          [
            [
              77.9726287,
              11.6618928
            ],
            [
              77.9727233,
              11.6618722
            ],
            [
              77.9727139,
              11.6617933
            ],
            [
              77.9726217,
              11.6618174
            ],
            [
              77.9726287,
              11.6618928
            ]
          ]
        ]
      }
    }
  ]
}