{"type": "FeatureCollection", "name": "sentinel1_sar_water_mask", "features": [{"type": "Feature", "properties": {"sensor": "Sentinel-1 C-Band SAR (IW, VV+VH)", "orbit_pass": "ASCENDING", "acquisition_date": "2023-07-28", "threshold_db": -3.5, "source": "Copernicus Open Access Hub"}, "geometry": {"type": "MultiPolygon", "coordinates": [[[[78.30987983021423, 30.607395887519825], [78.30987916783839, 30.607500376200917], [78.30989209775235, 30.60764077423781], [78.30989915187374, 30.60778158982903], [78.3099145836444, 30.607884934803007], [78.30992416613981, 30.607988985266797], [78.30995079520675, 30.608127439895387], [78.3099716177022, 30.608266885996432], [78.31021041770221, 30.609461385996433], [78.31022734771877, 30.609528698603363], [78.31023949902645, 30.609597035695792], [78.31028716058341, 30.60976651052962], [78.31033010193046, 30.60993724243686], [78.31035354821356, 30.610002571483292], [78.31037233921579, 30.610069388477605], [78.31043638270793, 30.610233375594383], [78.31049585193394, 30.61039907639267], [78.3105255886831, 30.6104617927243], [78.31055083841221, 30.610526446136184], [78.31063064706564, 30.610683366250143], [78.3106510577484, 30.61072641342863], [78.31064885754316, 30.610747563322423], [78.31062537381592, 30.610929250726493], [78.31062348377509, 30.610991473522155], [78.3106170425655, 30.611053390881672], [78.31061603836329, 30.611236586924083], [78.31061047619639, 30.611419701261536], [78.31061469415712, 30.611481809694034], [78.31061435292624, 30.611544060253276], [78.31063130991168, 30.61172647258528], [78.31064372287189, 30.61190925036526], [78.31065400821295, 30.611970646296278], [78.31065977024697, 30.612032630548494], [78.31069452511507, 30.61221250244015], [78.31072479365876, 30.612393183412188], [78.31074104732666, 30.61245327556521], [78.31075285713408, 30.6125143965683], [78.3108050751765, 30.612689995755115], [78.310852907801, 30.612866839862527], [78.310874973264, 30.612925049517248], [78.31089271710994, 30.61298471864256], [78.31096189543847, 30.61315435400837], [78.3110268314894, 30.613325658145733], [78.31105449624505, 30.613381424711456], [78.31107800324655, 30.613439067312605], [78.31116347563582, 30.613601105175547], [78.31124488974373, 30.61376521959093], [78.31157147218815, 30.61434962625551], [78.3117554652257, 30.614753686717485], [78.3117964490868, 30.614833108059077], [78.31183239712524, 30.6149149320464], [78.31190889210362, 30.615051007861776], [78.31198047682746, 30.615189729657416], [78.31202904799285, 30.615264751442666], [78.3120728430849, 30.615342657901202], [78.31216230748144, 30.61547058065544], [78.3122471446189, 30.615601617937664], [78.31230283532163, 30.615671517665696], [78.31235405569669, 30.615744756313738], [78.3124556279202, 30.615863294040576], [78.31255290044338, 30.615985384848926], [78.31261517435173, 30.616049489347358], [78.31267332672942, 30.61611735485648], [78.31293050524629, 30.616389265934288], [78.31328018634764, 30.6170654786979], [78.31338266156358, 30.61724185483991], [78.31348220188046, 30.617419903817975], [78.31350586990163, 30.61745391598202], [78.31352668636504, 30.617489744425733], [78.31364595601976, 30.61765522694065], [78.31376246887459, 30.61782266190715], [78.31378935670284, 30.617854190421603], [78.31381358473087, 30.61788780597133], [78.31394850019238, 30.618040801172096], [78.31408086350267, 30.61819600963675], [78.31411071219351, 30.618224750864762], [78.31413811845701, 30.618255829784395], [78.31428738041598, 30.61839486424394], [78.3144343194504, 30.618536351464048], [78.31446684154453, 30.618562028611795], [78.31449716210628, 30.61859027159444], [78.31465933308819, 30.618714006334628], [78.31481943274376, 30.618840409711193], [78.31712723274376, 30.620485309711192], [78.31714229745685, 30.620494968884348], [78.31715642180146, 30.62050595742791], [78.31734879471904, 30.62062737053044], [78.31754029453124, 30.62075015613105], [78.31755623346812, 30.620758292192534], [78.31757136686579, 30.620767843395402], [78.3177747140207, 30.620869816017603], [78.31797732680202, 30.620973240107816], [78.31799398646201, 30.620979774702914], [78.31800998316986, 30.620987796581783], [78.31822234621792, 30.62106934667149], [78.31843412069642, 30.621152413220845], [78.31845134063789, 30.62115728341784], [78.31846804659887, 30.621163698717623], [78.319050468034, 30.621355131915937], [78.31997216742235, 30.621762831349216], [78.32045407396963, 30.621946896679347], [78.32095238086548, 30.62208032907273], [78.32212188086548, 30.62232962907273], [78.32250334678407, 30.622395621552823], [78.32288877501819, 30.622431902826733], [78.323172455519, 30.62244755882797], [78.32317277765702, 30.622464528586182], [78.32326087765702, 30.62361572858618], [78.32333126388261, 30.624152034388516], [78.32345917139212, 30.62467759865993], [78.32364310326788, 30.625186270655856], [78.32388090693215, 30.625672097324163], [78.32443210693214, 30.626659097324165], [78.32465258502471, 30.627017569047116], [78.32538384747558, 30.628101482018696], [78.3256260977497, 30.6284756252992], [78.32593190864961, 30.629126557712755], [78.3258117369675, 30.62922897690894], [78.32548516834072, 30.629533499840836], [78.32518707001876, 30.629865943331495], [78.32491981941064, 30.630223656060515], [78.32468554790714, 30.630603785178963], [78.32411814790714, 30.631623785178963], [78.32389576726071, 30.632075745888155], [78.3237199885066, 30.632547787691568], [78.32359259559972, 30.63303511990048], [78.32351488143357, 30.63353279664591], [78.32341048143357, 30.63452809664591], [78.32338325559374, 30.635073278257867], [78.32341562193858, 30.63561817885072], [78.32350719470759, 30.636156303988905], [78.32392215348003, 30.637984727879324], [78.32416586970211, 30.639334462539235], [78.32420654169177, 30.639535935251846], [78.32456229202198, 30.641128668055565], [78.3245895743485, 30.64137314049571], [78.32435555776847, 30.641988685915276], [78.32421025528876, 30.642432168882042], [78.32410693351864, 30.642887267293638], [78.32404649255582, 30.64335001651561], [78.3240294589377, 30.64381638526271], [78.32405598105429, 30.644282310717855], [78.32412582785558, 30.644743733925733], [78.32423839086432, 30.645196635152807], [78.32439268947681, 30.645637068905607], [78.32458737950554, 30.64606119830229], [78.32524887950555, 30.64734109830229], [78.3255191443505, 30.647801869383667], [78.32583702384487, 30.648231177784364], [78.326198889673, 30.64862412332547], [78.32660061145381, 30.648976220878232], [78.32703760388549, 30.649283451557867], [78.32803230388548, 30.649906151557868], [78.32843217461598, 30.650131616032105], [78.32885103830873, 30.65031945648877], [78.32928536426395, 30.650468089576844], [78.32931485849474, 30.65047669229909], [78.32930986798709, 30.650719464432733], [78.32935194965921, 30.651230822383884], [78.32944621482679, 30.651735175335215], [78.3295916708481, 30.65222721229236], [78.32978678602574, 30.652701751952225], [78.33002950573585, 30.653153797263734], [78.33031727406396, 30.653578588048326], [78.33064706071951, 30.653971651126152], [78.33114246071952, 30.654504051126153], [78.33148657352861, 30.654839921797034], [78.33186135874048, 30.655141183772546], [78.33226335000073, 30.655405050707998], [78.33346981405553, 30.656116413540058], [78.33331398196098, 30.656545853043916], [78.33314577913863, 30.657111464918152], [78.33304538403827, 30.65769295421775], [78.33289918403828, 30.65899375421775], [78.33286873030336, 30.659461082799925], [78.33288213397098, 30.659929210747592], [78.3329392774516, 30.660394031203587], [78.33303965942905, 30.660851466327177], [78.33318239925852, 30.66129750306868], [78.33350519925851, 30.66216410306868], [78.33368612052494, 30.662588768606426], [78.33390543402018, 30.662994939647255], [78.33416127055, 30.663379154422614], [78.33445144963683, 30.663738138295738], [78.33492494963683, 30.66427153829574], [78.33505574730151, 30.664413279184696], [78.33718114730151, 30.666629179184696], [78.33750765561125, 30.66694021360237], [78.33786085926785, 30.667220565635123], [78.33823788531156, 30.667467954898576], [78.33831710988503, 30.667514970091553], [78.33833794537482, 30.66773752217042], [78.33843382095644, 30.6682274788157], [78.33857807967252, 30.66870543180946], [78.33876928326572, 30.669166615967203], [78.33896488326573, 30.669578915967204], [78.33923117768676, 30.670067901646544], [78.3395031074647, 30.670456896615196], [78.33949003294677, 30.670528807164857], [78.33944967054116, 30.670980736419104], [78.33945044268616, 30.671434463846555], [78.33951172021918, 30.672734782597445], [78.33951881487675, 30.67309470594057], [78.33942798538646, 30.673415892896706], [78.33932194236321, 30.673871185760646], [78.3392588842673, 30.674334392400578], [78.33923936231906, 30.6748014637102], [78.33926354716903, 30.675268316800334], [78.33933122740606, 30.675730870689357], [78.33944181140552, 30.676185081976975], [78.33968251140553, 30.677004881976973], [78.33984343197783, 30.677467726454793], [78.34004888594049, 30.677912596222768], [78.34029689994568, 30.6783352183879], [78.34058509186411, 30.678731533741363], [78.34091069366495, 30.67909773574645], [78.34127057800227, 30.67943030709968], [78.34142576648507, 30.679560214352737], [78.34261374857586, 30.68081997783873], [78.34295563393981, 30.681149643360992], [78.34332725567718, 30.681445383522245], [78.34372526079427, 30.681704529977797], [78.34414605825079, 30.681924744553267], [78.34495193959206, 30.68229885735448], [78.34517282099043, 30.68240146997701], [78.34566376735539, 30.682598678857644], [78.34617280361499, 30.682742907018113], [78.34669423019865, 30.68283253956642], [78.34681868472379, 30.68284720575972], [78.34684414826822, 30.68291164484212], [78.3475983482682, 30.68463404484212], [78.34760252727214, 30.6846435616849], [78.34825298438729, 30.68612067478861], [78.3488898009212, 30.687945852660707], [78.34908847223289, 30.68843164538662], [78.3493369721386, 30.68889393605221], [78.34963256251865, 30.689327630864096], [78.3499719863825, 30.689727951115003], [78.35120587788104, 30.69103721008954], [78.35108981064238, 30.691281771721698], [78.3509407704511, 30.691680110669278], [78.35082612213733, 30.692089674656867], [78.35032934129848, 30.694207571638763], [78.34983699210885, 30.69447082738067], [78.34938480500969, 30.694744274554886], [78.34896400293056, 30.69506391832523], [78.34792130293056, 30.695946618325227], [78.34758995597653, 30.69625387498319], [78.34728770261907, 30.69658979218387], [78.34701701163289, 30.696951626189744], [78.34678009399441, 30.697336421577436], [78.34657888482283, 30.697741035377348], [78.34641502757421, 30.698162162745113], [78.3460803275742, 30.699152662745114], [78.34595694725415, 30.699579441726403], [78.34587193629704, 30.700015487755415], [78.3458259658236, 30.700457358458014], [78.3457314658236, 30.702051158458016], [78.34572368583568, 30.70244638436391], [78.34574715249472, 30.70284098968675], [78.34580524520452, 30.70342622773699], [78.34559660289014, 30.705273124525153], [78.34556636707293, 30.705717486098404], [78.34556059985351, 30.705964062532196], [78.34554026783982, 30.705984123517283], [78.34529750582476, 30.70624121376731], [78.34489460582476, 30.70669931376731], [78.34459472154906, 30.707075307831854], [78.34433234872583, 30.70747837434873], [78.34410991485066, 30.707904784112422], [78.34392947790059, 30.70835059194371], [78.34379270729353, 30.70881167319082], [78.34370086844271, 30.709283761891037], [78.34365481104896, 30.70976249023976], [78.34365496123918, 30.710243429001803], [78.34370131762381, 30.710722128491042], [78.34387461762381, 30.711911828491044], [78.34396227367428, 30.71236548158107], [78.34409143223097, 30.71280910617068], [78.34426099035882, 30.71323891397721], [78.3444695001351, 30.71365123470488], [78.34471518101388, 30.714042547386857], [78.34581078101388, 30.715620647386856], [78.3460815690172, 30.715975724179575], [78.34638295726437, 30.716305225008007], [78.34671254181436, 30.7166065216988], [78.34831764181435, 30.7179473216988], [78.3486197014185, 30.718180660471834], [78.34959011994805, 30.71887281148803], [78.3499731122866, 30.719217107591255], [78.3507885513887, 30.72017330607262], [78.35087246781642, 30.720269205415818], [78.35225786781642, 30.721812305415817], [78.35258544526587, 30.72214458194901], [78.35294257055749, 30.72244487548206], [78.3536586705575, 30.722992075482065], [78.3539270573356, 30.723183483983977], [78.3544031573356, 30.723499883983976], [78.35484324325014, 30.723760914741227], [78.35529520444001, 30.72396982442621], [78.3552160219529, 30.72411004948103], [78.35500629550798, 30.724594747013242], [78.35484886379675, 30.725098862214086], [78.35473475210249, 30.725546022417937], [78.35467076342098, 30.725561039837654], [78.35416795174993, 30.72573727985735], [78.35140895174992, 30.72687277985735], [78.35090014543904, 30.727116609597523], [78.34914964543904, 30.728080509597525], [78.34882565806298, 30.72827522186113], [78.34851730607426, 30.728493853369585], [78.34801850607427, 30.728876653369586], [78.34766727407529, 30.729172810120858], [78.34734470850593, 30.72949995564185], [78.34705353275814, 30.729855327872517], [78.3467962052024, 30.730235926437267], [78.34657489843198, 30.730638537976844], [78.34639148091993, 30.731059763278445], [78.34611288091993, 30.731789463278442], [78.34596192871957, 30.732250920965964], [78.34585644474824, 30.732724843845723], [78.34579742363441, 30.73320676320857], [78.3457854218994, 30.733692134945002], [78.34582055270985, 30.734176382392413], [78.3459024848107, 30.73465493948934], [78.3460304456485, 30.735123293829723], [78.34640754564849, 30.736279493829723], [78.34662518118022, 30.736832773087784], [78.34690695154902, 30.737356307825248], [78.34782064671387, 30.738835823390364], [78.34797854634675, 30.739092336185696], [78.34892644984198, 30.740631966741212], [78.34919564091517, 30.741025794260217], [78.34950113807855, 30.741392175798758], [78.34984016052647, 30.741727776347645], [78.35020962228748, 30.74202954108344], [78.35060616031447, 30.742294723175146], [78.35264466031447, 30.743521423175146], [78.35305942329076, 30.743745097009544], [78.35349340120992, 30.743928731092385], [78.35394273933579, 30.7440706943247], [78.35440344649778, 30.744169725741873], [78.35487143054172, 30.744224945713928], [78.35534253467776, 30.74423586375872], [78.35581257440235, 30.744202382898546], [78.35627737466642, 30.744124800521536], [78.35673280695949, 30.744003805740153], [78.35675107567509, 30.743998017912322], [78.35684061506286, 30.74411364820565], [78.35717259909043, 30.74446591940271], [78.35753709107266, 30.7447844378256], [78.35793067486837, 30.745066218212763], [78.35898277486838, 30.745744918212765], [78.35941531504915, 30.745994281931065], [78.35987056786331, 30.746199265216184], [78.36034399401653, 30.746357824193954], [78.36083087300936, 30.74646837788377], [78.361326350205, 30.746529823962433], [78.36182548523459, 30.746541549755335], [78.36232330125725, 30.74650343834541], [78.36281483458383, 30.746415869738893], [78.3632951841695, 30.746279717076302], [78.36375956048174, 30.746096337926428], [78.36420333325646, 30.7458675607501], [78.36462207766597, 30.745595666668727], [78.36621057766597, 30.744447566668725], [78.3665457726093, 30.744182788943018], [78.36685714466724, 30.743890367439704], [78.3671424212859, 30.74357243640174], [78.36789101793566, 30.742662802161526], [78.36852126407481, 30.742309505178703], [78.36883271190915, 30.74224651528533], [78.37041510004816, 30.742759345931418], [78.37112420464273, 30.742933124941032], [78.37372200464272, 30.74337172494103], [78.37419602348386, 30.74342864008954], [78.37467330976119, 30.74344008584689], [78.37514951189925, 30.743405957858354], [78.37562028820702, 30.74332656728], [78.37608134646257, 30.743202637941756], [78.37812587250133, 30.742546937174268], [78.3783612506056, 30.74257752055416], [78.37840621716907, 30.74258315609253], [78.38104771716907, 30.74290205609253], [78.3815584202586, 30.74293731530137], [78.38207005187944, 30.742920170564265], [78.38257724888676, 30.7428508015998], [78.38520404888676, 30.7423534015998], [78.38564175514372, 30.742249930575127], [78.38606839228959, 30.742107544599314], [78.38813189228958, 30.741314044599314], [78.38839418931454, 30.741204524472508], [78.38996108931454, 30.740497324472507], [78.39041452919835, 30.74026414700442], [78.39084186372101, 30.739986001960233], [78.39089632259197, 30.739942051667164], [78.39108010174304, 30.740161578487623], [78.39142141261583, 30.740497836922398], [78.39179334154704, 30.74079988280794], [78.3921924732941, 30.741064942603717], [78.3926151428242, 30.741290582394477], [78.39305746896851, 30.74147473023971], [78.39401416896851, 30.74182023023971], [78.39447358459181, 30.74196157768428], [78.39494444986568, 30.74205815774884], [78.39542241320744, 30.742109077872055], [78.39590305743636, 30.742113867466816], [78.39638194059584, 30.742072482269258], [78.39685463700451, 30.741985304747825], [78.39731677815692, 30.74185314056863], [78.39776409309584, 30.741677211149746], [78.39891669309584, 30.741158611149746], [78.39931583232152, 30.740957100441495], [78.39969537365968, 30.740720738304848], [78.40005228201409, 30.74045141486812], [78.40038370327875, 30.740151283842824], [78.40165399558289, 30.73889307108652], [78.40332381408669, 30.737529571950414], [78.40369596064811, 30.73719320689592], [78.40400700699848, 30.736849452952114], [78.404030547733, 30.73689540881094], [78.40431167064794, 30.737327714527364], [78.40538327064795, 30.738803114527364], [78.40570756134738, 30.739204318362024], [78.4060714652239, 30.73956997249278], [78.4064711084629, 30.739896184473274], [78.40690223679853, 30.74017948172511], [78.4072093797874, 30.740338655789166], [78.40736076681257, 30.74044240421641], [78.4077701292259, 30.740694903637138], [78.40820185854638, 30.74090690207285], [78.40865195983508, 30.741076437829584], [78.409116268151, 30.74120194213504], [78.4095904870906, 30.741282253654997], [78.41007022854399, 30.74131662923952], [78.41055105329956, 30.741304750799575], [78.41131465329956, 30.741249050799574], [78.4118063246634, 30.741188581421646], [78.41228959927196, 30.74107975620211], [78.41275973335435, 30.740923643357466], [78.41321211212565, 30.74072177527438], [78.41447311212565, 30.74008237527438], [78.41495879241356, 30.739800768124816], [78.41540984120824, 30.73946648843122], [78.41582057190432, 30.73908375063056], [78.41668917190432, 30.73817805063056], [78.41698564464077, 30.73783967423282], [78.41725050215881, 30.73747601894941], [78.4174816002284, 30.73709002885596], [78.41759518555469, 30.736879351881008], [78.41789609440265, 30.73646119831877], [78.41834504759083, 30.736044588714467], [78.41865734410243, 30.73572779442807], [78.41894024760445, 30.735384496686176], [78.4191644763941, 30.735086302093286], [78.4194049734844, 30.734893957148063], [78.41974048250664, 30.734569975021536], [78.42004434357136, 30.734216140066145], [78.4203139127139, 30.73383553108083], [78.42063393710308, 30.733335796905738], [78.42095607456892, 30.733609376256243], [78.42138881706076, 30.733940932195], [78.42332005980042, 30.735420688321003], [78.42390092074541, 30.735804674686378], [78.42483902074541, 30.736334874686378], [78.42533528303666, 30.736580155082326], [78.42585561813706, 30.736769073365323], [78.42639364801342, 30.73689931386019], [78.42769254801343, 30.73713851386019], [78.42837078266916, 30.73721603001023], [78.43015718266916, 30.73729733001023], [78.43064579461557, 30.737295667844553], [78.43113191125697, 30.73724632204503], [78.43241911125696, 30.73705172204503], [78.4330238915516, 30.73692158652986], [78.4360273915516, 30.73607788652986], [78.43652115117297, 30.735910969228936], [78.43699485195428, 30.735693558284336], [78.43744334647431, 30.7354280161699], [78.43786176121314, 30.735117228371927], [78.4382455495097, 30.734764572034305], [78.43859054096762, 30.734373879261145], [78.43889298677244, 30.7339493954756], [78.43965758677244, 30.732748395475603], [78.43989483465165, 30.73233314851319], [78.44009132491645, 30.7318971345549], [78.44025333150067, 30.731486226945833], [78.44149054109783, 30.731891186560595], [78.44268030545923, 30.732351395535854], [78.44287132548085, 30.73241571217112], [78.44311093836058, 30.73269907503083], [78.44416924248418, 30.733950761635057], [78.44457794937152, 30.734379773084132], [78.44503453751199, 30.734757422939392], [78.44609699514152, 30.73553495731278], [78.4472465452247, 30.73643498824317], [78.44757633619466, 30.73667223374217], [78.44792429931677, 30.736881922025837], [78.44858195206629, 30.737242655705604], [78.44895823239422, 30.737518252150572], [78.44939549027714, 30.738063120269704], [78.4500777040349, 30.738968585247566], [78.4503444442196, 30.739293272167934], [78.45063750531529, 30.739594415184747], [78.45095481746756, 30.739869887361944], [78.45104483425102, 30.73994162942394], [78.45131461989887, 30.740319552788932], [78.4514923067864, 30.740553599485928], [78.45172676721964, 30.740844278875677], [78.45104433487104, 30.741348006103845], [78.45099210026528, 30.7413870912954], [78.45046790026528, 30.7417846912954], [78.45015432722246, 30.742043266103884], [78.44986279153186, 30.742326454955826], [78.44956659153185, 30.74263855495583], [78.44925209305829, 30.74300366918849], [78.44897420330405, 30.743397363203233], [78.4487355035058, 30.743815980091426], [78.4483350035058, 30.744604380091424], [78.44814858345026, 30.745016535932347], [78.44800017628383, 30.745443853363852], [78.44789099671841, 30.745882834794912], [78.44782193838823, 30.746329887164716], [78.44779356653534, 30.74678135135187], [78.44780611338322, 30.747233532124266], [78.44787801338323, 30.748216832124267], [78.44792263017113, 30.748611110934537], [78.44809683017112, 30.749745510934535], [78.44819239442094, 30.750215983452073], [78.44833263897706, 30.750675122189367], [78.44849048201677, 30.75111506342921], [78.44860352514168, 30.75143020487295], [78.44878384785329, 30.751866818101718], [78.44900456963418, 30.75228446542578], [78.44926372034477, 30.7526794189687], [78.4494518757128, 30.752938595623522], [78.44957823055583, 30.75332077961118], [78.4502289861631, 30.755342501317365], [78.45048486035647, 30.75598241849783], [78.45119976035647, 30.75746481849783], [78.45136379466085, 30.7577764107208], [78.45215633516314, 30.759161270051752], [78.4522685019023, 30.7594608758841], [78.45248171347272, 30.75994935840205], [78.452745710565, 30.760412370150686], [78.45305749338709, 30.760844649939656], [78.45341351915897, 30.76124128578506], [78.45380974236915, 30.761597770724194], [78.45438964236915, 30.762066070724195], [78.45475036641696, 30.762331587561864], [78.45513340460766, 30.762563757271785], [78.45574170460766, 30.762896157271786], [78.45614149940644, 30.76309203496642], [78.45655713308416, 30.7632515736712], [78.45738753308416, 30.7635285736712], [78.45786067629932, 30.763660955510137], [78.45834452777946, 30.76374626200746], [78.45883441565883, 30.763783669479622], [78.45932560978673, 30.76377281673585], [78.46008790978674, 30.763718416735852], [78.46057741550221, 30.763659108992343], [78.46105869927281, 30.763551874734365], [78.46152708045497, 30.763397756850484], [78.46198619708531, 30.763221152631214], [78.46247128217504, 30.76312168293585], [78.46309464222266, 30.76295122681021], [78.46360204222265, 30.762776526810207], [78.46373167442873, 30.762729886553842], [78.46437387442873, 30.762488786553842], [78.46465181047968, 30.762374802436092], [78.46527561047968, 30.762096802436094], [78.46572237452618, 30.761870226942875], [78.4661442250408, 30.76160008492337], [78.46653692774845, 30.76128908789641], [78.46689654094179, 30.760940357458175], [78.46721945504558, 30.760557393949526], [78.46750242884737, 30.760144041321762], [78.46773372884738, 30.75976694132176], [78.46796267269933, 30.75935048661599], [78.46815104423476, 30.758914177122694], [78.46829714170669, 30.758461954458507], [78.4683765232921, 30.758102580995107], [78.4695767257729, 30.75773759866585], [78.46990606999921, 30.757624777245006], [78.47241106999921, 30.756667977245005], [78.47280319349805, 30.75649867548632], [78.47326741570569, 30.756274256868217], [78.47437285181168, 30.75722429903822], [78.47482388850707, 30.757569404427965], [78.47531115083582, 30.757861135903124], [78.4758283524935, 30.758095729756228], [78.47768395249349, 30.75881332975623], [78.47815790473524, 30.758969904392217], [78.47864510653237, 30.75907844356929], [78.47914070250302, 30.759137865601886], [78.47963975361023, 30.759147578298716], [78.48013728638365, 30.759107484864465], [78.4806283424844, 30.759017984864432], [78.4816489424844, 30.75877878486443], [78.48214579532753, 30.75863485351837], [78.48262511858651, 30.7584403588051], [78.48308178198822, 30.758197382432503], [78.48351089779155, 30.75790852501537], [78.48390787310174, 30.757576878240627], [78.48426845902885, 30.75720599177651], [78.4845887961643, 30.756799835279878], [78.48486545588872, 30.75636275590839], [78.48559525588873, 30.75506585590839], [78.48579123263784, 30.754679290550122], [78.48595299677699, 30.75427720594995], [78.4860793328773, 30.753862623205297], [78.48616929170156, 30.75343865731947], [78.48659919170156, 30.750868457319473], [78.48665054349081, 30.750457448699542], [78.4866677, 30.7500436], [78.4866677, 30.74917561884807], [78.48736857925938, 30.748158872343826], [78.48751612441241, 30.7479319217405], [78.48774171126311, 30.747563473392994], [78.48796664393345, 30.747640096477397], [78.48849148241563, 30.747757841607374], [78.48902593229005, 30.747818526694022], [78.49037123229004, 30.747898326694024], [78.4908501665923, 30.747903754861948], [78.4913274228556, 30.74786333221969], [78.49179862163274, 30.747777429697596], [78.49351502163275, 30.747378729697594], [78.49401122028252, 30.747236103219326], [78.49449006595867, 30.747043068945814], [78.49494645310497, 30.746801685050276], [78.49537551562285, 30.746514525220064], [78.49577267875486, 30.746184651215458], [78.49613370786167, 30.74581558022451], [78.49645475357282, 30.745411247362025], [78.49673239282943, 30.744975963712516], [78.49696366538161, 30.744514370364495], [78.4971943257997, 30.743987734104838], [78.4983300471377, 30.742857608601803], [78.49881613305601, 30.742444943541123], [78.50049568326877, 30.742925159332895], [78.5010038321476, 30.743042168664545], [78.50152140386732, 30.743105619288812], [78.50204276918399, 30.743114821100292], [78.50256225759357, 30.7430696740177], [78.50400905759356, 30.7428674740177], [78.50444801235068, 30.742786001529915], [78.50487794981574, 30.74266569849085], [78.50529544219971, 30.742507524047976], [78.5056971609353, 30.74231273928845], [78.5060799032147, 30.74208289718477], [78.50792392447116, 30.74086031764903], [78.50891956490183, 30.740495378531723], [78.50997683933687, 30.740144521213647], [78.51174993938244, 30.7396245792046], [78.5121824012155, 30.739557983370993], [78.51346896324657, 30.73978573370523], [78.5162741024137, 30.7405096082004], [78.51913458631469, 30.741350721006597], [78.51931794589349, 30.741391310717407], [78.5200332428648, 30.74198923626434], [78.52036347761523, 30.742242696684343], [78.52071365209378, 30.742467807789083], [78.52108133893053, 30.74266300913382], [78.52136366430854, 30.74279814074539], [78.5216662774393, 30.74303943798834], [78.52171608157833, 30.743078636972914], [78.52338392018824, 30.744374296330154], [78.52371439036821, 30.74474143040042], [78.52412734836497, 30.74510897837956], [78.52457835863056, 30.745428690069026], [78.52497655863056, 30.74567909006903], [78.52542214425081, 30.74592848622368], [78.52589084288816, 30.74613113511777], [78.52637776610979, 30.746284923163987], [78.52687783540416, 30.746388246383834], [78.52738583514879, 30.74644002713685], [78.52789646700822, 30.746439725360165], [78.52840440519454, 30.746387344201253], [78.52890435201431, 30.74628342998509], [78.52939109312247, 30.74612906651612], [78.52985955190687, 30.745925863774367], [78.53037135190687, 30.745672063774368], [78.53083342783582, 30.745411511595425], [78.53126529892907, 30.745103471077204], [78.53166210401795, 30.744751409543518], [78.53201937663894, 30.744359289821556], [78.53233309530853, 30.743931525636032], [78.53259972878926, 30.743472931928032], [78.53275898384456, 30.74316216936068], [78.53294225740417, 30.743168859432632], [78.53468971009787, 30.74377057596094], [78.53516955326484, 30.743909414356985], [78.53766285326483, 30.744497614356987], [78.53825777792555, 30.744600511418174], [78.53886076761847, 30.74463095131588], [78.54062729228109, 30.744613331963972], [78.54065942753414, 30.744656151291476], [78.5410489067667, 30.745068183277393], [78.5414636697665, 30.74545987702791], [78.54146572741044, 30.745463522254184], [78.54172419849581, 30.74583743854625], [78.54201555947593, 30.74618633605945], [78.54233740230245, 30.746507331215913], [78.54268706699982, 30.746797771045934], [78.54311216699982, 30.747119371045937], [78.54352750560197, 30.747401943027278], [78.54396910199017, 30.747641412668386], [78.54443249863607, 30.747835362733213], [78.54547949863607, 30.74821296273321], [78.54558332931178, 30.748241978363918], [78.5457009242074, 30.74856257516287], [78.5458808555642, 30.74894809318182], [78.54609290885064, 30.749316919482133], [78.54655950885063, 30.750054019482132], [78.54683925321524, 30.75045173432035], [78.54715630636208, 30.75082039582382], [78.54761580636209, 30.751304895823818], [78.54793475597609, 30.75161265160655], [78.54827970627665, 30.751890953184382], [78.54864794674809, 30.752137613747244], [78.54921674674809, 30.752483113747246], [78.54961597063878, 30.7527013877413], [78.5500333838355, 30.752882466383337], [78.55046552976873, 30.753024850173784], [78.55110355336416, 30.753203328260422], [78.55164683192159, 30.753493965670003], [78.55278919410121, 30.754412876619217], [78.5532842358908, 30.754763827855896], [78.55358380008725, 30.754949964572425], [78.55438201936606, 30.756036484753295], [78.55467715177227, 30.756401052374773], [78.55572455177226, 30.757577452374775], [78.55604266866432, 30.757903540079102], [78.55638914458747, 30.75819932037359], [78.55676110335433, 30.758462337908544], [78.55715545723773, 30.758690409306514], [78.55756893260282, 30.758881641287093], [78.55829073260283, 30.75917634128709], [78.55872504144367, 30.759330714906458], [78.55917172078438, 30.759444438035874], [78.55962697464773, 30.759516544231694], [78.56008693418838, 30.759546420719943], [78.56054769057108, 30.759533813603785], [78.56140099057109, 30.759471013603786], [78.56207486658958, 30.759374959768028], [78.56346936658957, 30.759078159768027], [78.56390778007359, 30.75896386273423], [78.56433404747324, 30.758810349546224], [78.56474466878885, 30.758618880671282], [78.56496723424495, 30.7584893821908], [78.56548752862, 30.758467751541204], [78.56593306518586, 30.758586693516634], [78.56655055320113, 30.758942240557253], [78.56695636859871, 30.759151834696752], [78.56737961703239, 30.759323522214086], [78.56781676664907, 30.75945587043983], [78.56876106664907, 30.759695270439828], [78.56923632135296, 30.759791500962837], [78.56971866259425, 30.75984124303823], [78.5702035539083, 30.759844028837115], [78.5709046539083, 30.759814028837116], [78.57119705590291, 30.759792914646457], [78.57263385590291, 30.759646714646458], [78.57311065796026, 30.75957482732209], [78.57327435523233, 30.759533704742157], [78.57339012749927, 30.759662333482826], [78.57372618048832, 30.759973130614384], [78.57408924830754, 30.760251892568547], [78.5744762880642, 30.760496283025006], [78.57488405595537, 30.76070425373299], [78.57530913445439, 30.76087406167778], [78.5757479609534, 30.761004283689008], [78.57625046095339, 30.76112868368901], [78.57646344945316, 30.76116944501848], [78.57646683692985, 30.76145867190596], [78.5765226841615, 30.761955956901094], [78.5766279587318, 30.762445169068272], [78.57678160616321, 30.762921408237695], [78.5769880061632, 30.763466208237695], [78.57718749734114, 30.763922716012075], [78.57743142755687, 30.764357105385788], [78.57771737510949, 30.76476506380928], [78.57804250115653, 30.765142541135315], [78.57840357789763, 30.765485789828222], [78.57879702061953, 30.765791402168826], [78.5792189232846, 30.766056344085747], [78.57966509730939, 30.7662779852772], [78.58013111314816, 30.766454125324202], [78.58061234426877, 30.766583015536003], [78.58115214426878, 30.766699115536003], [78.5816810961698, 30.766783534536962], [78.58221604352576, 30.766810884265972], [78.58275084692384, 30.76678085083929], [78.58323844692384, 30.76672715083929], [78.58370366281568, 30.7666535983237], [78.58388843106513, 30.766606214531688], [78.58395870130036, 30.766689260238365], [78.58433447895719, 30.767049555378684], [78.58474568259602, 30.76736882486191], [78.58518785441684, 30.767643607533106], [78.58565620089797, 30.7678709245125], [78.58636430089797, 30.7681701245125], [78.58679830063238, 30.768330274054406], [78.58724524415786, 30.76844962701949], [78.58770130557265, 30.768527161728976], [78.58834090557265, 30.768605661728976], [78.58878179246355, 30.768640069821476], [78.5889404764331, 30.768638389403137], [78.58903797262066, 30.768818801514687], [78.58932038942953, 30.769235083612546], [78.58964320527801, 30.769620881444187], [78.590533605278, 30.770582281444185], [78.59083653656099, 30.770882590670205], [78.59116396208985, 30.771155986932957], [78.5915134988224, 30.771400480421715], [78.5930079988224, 30.772353580421715], [78.5931775011092, 30.772457002289613], [78.5946436139784, 30.77331207272872], [78.59536522735006, 30.773787072318083], [78.59606717420066, 30.77445697108938], [78.59714137882963, 30.77569146554801], [78.59746147869808, 30.77602660973233], [78.59781123462001, 30.776330676082225], [78.59874693462001, 30.777070876082224], [78.59907013485333, 30.77730617036179], [78.59941110001459, 30.77751489158165], [78.6006273000146, 30.77819409158165], [78.60102061081649, 30.778391556021248], [78.60246098393608, 30.779036978819345], [78.60304120393928, 30.779410195430653], [78.60319744534534, 30.779662938911212], [78.6034768356144, 30.780033158853303], [78.60378932936898, 30.780375896918464], [78.60413223764122, 30.780688203890506], [78.60478703764123, 30.781231203890506], [78.60513348924617, 30.781493941774848], [78.60550145746274, 30.781725586550397], [78.60588815956939, 30.781924386427537], [78.6062906711715, 30.782088838002792], [78.60707497117149, 30.782370138002793], [78.60741057819497, 30.782477321844443], [78.60829647819497, 30.78272622184444], [78.60873318757731, 30.782828031899534], [78.60994607748816, 30.783053985260583], [78.60996655265927, 30.783114991565352], [78.61040435265927, 30.784316491565352], [78.61059406083683, 30.784767263591096], [78.61085166083683, 30.785304263591097], [78.61109669598736, 30.78575435079517], [78.61138651431507, 30.78617699255031], [78.61200231431508, 30.786983092550308], [78.61231377544775, 30.787352361785096], [78.61248372205324, 30.787518298928664], [78.61230296222095, 30.78793054114031], [78.61212959294974, 30.78838479878433], [78.61200116469907, 30.788853747710952], [78.6118738304438, 30.789426751859658], [78.61155311798575, 30.79033030919363], [78.61145635065084, 30.79063315417102], [78.61117765065083, 30.79161165417102], [78.61104994302559, 30.79218669787327], [78.61099075036196, 30.792772770160294], [78.61096085036196, 30.793489070160295], [78.61096601501625, 30.79400591741275], [78.61101381501625, 30.79477961741275], [78.61107627377208, 30.79531661502825], [78.61119634461109, 30.795843730318154], [78.6113662260683, 30.796438866156272], [78.6113267322468, 30.796668840367577], [78.61129117999498, 30.79714529542212], [78.61130126616646, 30.797622968585223], [78.61135689866508, 30.79809749825416], [78.6114229081256, 30.798495144133998], [78.61144521437888, 30.798854321526186], [78.61150801083753, 30.799392259095484], [78.61162862175838, 30.799920248895997], [78.61172582175838, 30.800259848895998], [78.61190421465517, 30.800775083738394], [78.61213764901674, 30.80126783049615], [78.61242334892601, 30.801732229602838], [78.61275791694285, 30.802162758592043], [78.61299289213692, 30.802433288993722], [78.61310964058764, 30.802641573953043], [78.61340312585136, 30.803058850726426], [78.61373760285514, 30.80344405020666], [78.61428810285514, 30.80401625020666], [78.61468688642015, 30.804387894055704], [78.61512375732224, 30.804713917516747], [78.61536792370676, 30.804876190713795], [78.6154648542935, 30.804992554672296], [78.6156499710876, 30.805202541492232], [78.6163801445122, 30.805985492364364], [78.61597508105146, 30.806687012825943], [78.61581043981671, 30.80699675944231], [78.61552743981672, 30.80757745944231], [78.61533088331842, 30.808038019643888], [78.61518137975277, 30.808515930556258], [78.61508042864146, 30.809006398729974], [78.61502904252478, 30.80950450476619], [78.61501064252478, 30.809853304766186], [78.61500902821429, 30.810347467747004], [78.6150562017894, 30.810839376591627], [78.61515170245926, 30.811324226341203], [78.61525650245926, 30.811745326341203], [78.61539308632123, 30.812200590978485], [78.61557228262996, 30.812640829236997], [78.61579247201674, 30.8130620627533], [78.61605166466498, 30.813460484906816], [78.61605714577674, 30.81346809296877], [78.61559675942463, 30.814515930062186], [78.61544268498464, 30.814911380389553], [78.61532270158503, 30.815318472367228], [78.61517643090444, 30.815905586626844], [78.61481599789833, 30.816545760237474], [78.61461545950047, 30.81694216777878], [78.61445089837427, 30.81735481075226], [78.61432361359545, 30.817780431678553], [78.61423460997341, 30.818215670627964], [78.61417640997341, 30.818582670627965], [78.61412238517659, 30.8190886850348], [78.61412007462249, 30.819597570011915], [78.61416950224564, 30.820104054136703], [78.61427015603664, 30.820602890856435], [78.61428073074507, 30.820644302236715], [78.6142420624036, 30.82086930712537], [78.61417566240361, 30.82151960712537], [78.61414995741141, 30.82206717479392], [78.61418434874683, 30.822614265585575], [78.61432186523642, 30.823777986571205], [78.61432387497895, 30.82391042519762], [78.6143464743611, 30.825401284438534], [78.61437262709063, 30.827052486571752], [78.614413495065, 30.827616128756016], [78.61451770550096, 30.828171559119113], [78.61468392716145, 30.82871168231135], [78.61484652716145, 30.829150182311352], [78.61500967012425, 30.829539006999706], [78.61520499443623, 30.829912702969363], [78.61539399443623, 30.830239902969364], [78.61566888805524, 30.830664630025304], [78.61598529536789, 30.831059403360666], [78.6164802953679, 30.831616703360666], [78.61688730232146, 30.832074711653977], [78.61721588889054, 30.832411175970154], [78.61757463441931, 30.832715279595643], [78.61796036505206, 30.832984332096853], [78.61838656505205, 30.833252732096852], [78.61857262047987, 30.833353452914213], [78.61872206111353, 30.833822385194882], [78.618836316867, 30.834136602808957], [78.61883552311026, 30.834249713144676], [78.61885077472321, 30.834676604606848], [78.61887957472321, 30.83504300460685], [78.6189323768016, 30.83547407297903], [78.61902238613256, 30.835898933334104], [78.61914892365691, 30.83631438038958], [78.61931103473506, 30.83671727987992], [78.61953383473507, 30.83720827987992], [78.6197878024311, 30.837695022019556], [78.62009360426265, 30.838150985549834], [78.62031000981511, 30.838438208748833], [78.6203469906832, 30.838799697269515], [78.62043320564962, 30.839242654596873], [78.62055900737613, 30.839676034499384], [78.62065030737612, 30.839944634499382], [78.62078254349427, 30.84029096338805], [78.62088614349427, 30.84053476338805], [78.6210970702274, 30.840971080489123], [78.62134924664588, 30.84138492798931], [78.62164030367629, 30.84177241799497], [78.62196750698106, 30.842129910228152], [78.62232778264614, 30.84245404622522], [78.62279028264614, 30.84283124622522], [78.62307080561143, 30.84304403423929], [78.62335782008482, 30.843246230776035], [78.62345544300882, 30.843554191886966], [78.62362706478243, 30.844015437727812], [78.62384319970528, 30.8444575773596], [78.62410175384701, 30.844876327302472], [78.62440022231695, 30.845267630677522], [78.62473571353155, 30.845627696510117], [78.62483041353155, 30.845719796510117], [78.6251415365973, 30.846022188399715], [78.62555602427845, 30.84638293781956], [78.62600759475174, 30.846696026128825], [78.62650219475174, 30.847000126128826], [78.62685468300573, 30.847197683135278], [78.62722197273375, 30.847366131927775], [78.62744837445568, 30.8474590859146], [78.62769776361883, 30.84768955837693], [78.62835704076957, 30.848573787771908], [78.62868703707841, 30.84897167799768], [78.6295421370784, 30.849900477997682], [78.62955050054182, 30.849909539846493], [78.62981650054182, 30.850197039846492], [78.63014612007572, 30.850521775501953], [78.63050434778476, 30.85081464952186], [78.63088811577411, 30.851073153706363], [78.63129413741967, 30.851295074202017], [78.631718935515, 30.851478510461437], [78.632901135515, 30.851925310461436], [78.63348602681029, 30.85210629094004], [78.63408865269011, 30.852214428860897], [78.63416789626541, 30.852223685974963], [78.63421175546229, 30.852338469167197], [78.63444971037886, 30.85280680338009], [78.63473548895827, 30.8532475868653], [78.63506593666824, 30.85365595408762], [78.63626893666824, 30.854992454087622], [78.63641715708302, 30.855150123189542], [78.63734485708302, 30.85609512318954], [78.63754862384815, 30.856291270905295], [78.63849712384814, 30.857153970905298], [78.63893206154297, 30.857507133588737], [78.63940377938805, 30.857809419800816], [78.64230007938805, 30.859444119800813], [78.64272856840516, 30.85965955108412], [78.64298290133176, 30.859758169557164], [78.64366235831092, 30.86038944999402], [78.64462880672615, 30.861290085785008], [78.64479648542202, 30.861439453116414], [78.64579648542203, 30.86229075311641], [78.64615940569439, 30.862572020213857], [78.64654659746897, 30.862818809261217], [78.64695479559929, 30.86302903911306], [78.64717791460563, 30.863119121485653], [78.64719021666363, 30.86341287471308], [78.6472563887496, 30.863889132050396], [78.64736800187237, 30.86435683099965], [78.64752402383469, 30.864811646284767], [78.6478531238347, 30.865639046284766], [78.64805624781928, 30.866084801048586], [78.64830201548314, 30.86650854025846], [78.64858806788273, 30.866906196752527], [78.6486716501918, 30.8670011868053], [78.64871813686084, 30.86727462028062], [78.64884888819944, 30.86775186779293], [78.64902617305718, 30.868213853918014], [78.64924825502743, 30.86865605375863], [78.64951295894076, 30.8690741362132], [78.64981769216953, 30.869464006396516], [78.65015947002117, 30.8698218457469], [78.65109739404707, 30.870711242745173], [78.65154778345145, 30.87126905320002], [78.65155705758657, 30.871280504715873], [78.65215255758658, 30.872013604715875], [78.65228174194885, 30.872166294627494], [78.65291604194884, 30.872886294627495], [78.65323606930889, 30.873217475181928], [78.6533746118855, 30.87334822099015], [78.65358445427646, 30.873546266619734], [78.65397200792064, 30.873876394551175], [78.6543911226271, 30.87416540171557], [78.65483745331166, 30.8744102918915], [78.65530637273415, 30.874608526231228], [78.65579301947042, 30.874758049581633], [78.65581420637365, 30.874762261352796], [78.65582334531528, 30.874799674298963], [78.65598197821426, 30.875254074238022], [78.65618356546989, 30.875691116889964], [78.65642623922548, 30.87610675272769], [78.65752774436224, 30.87780048192456], [78.65801028619003, 30.878651787114375], [78.658277933391, 30.87907339860357], [78.65858630286093, 30.879466208407468], [78.65902670286093, 30.879972908407467], [78.65945926602004, 30.880470511159327], [78.65979312961275, 30.880819065887167], [78.65983002404545, 30.880850800457303], [78.65994933199256, 30.88125754407691], [78.66012743270586, 30.88170200331735], [78.66055463270587, 30.88263590331735], [78.66081444014728, 30.88312915328326], [78.66112754353405, 30.88359041427736], [78.66149005042203, 30.88401395198719], [78.66248677721498, 30.885054923223663], [78.66277762192439, 30.885469191228225], [78.66308677395989, 30.885865559873093], [78.6634341622628, 30.88622888404058], [78.66381627566723, 30.88655549149585], [78.66422925202943, 30.88684208111175], [78.66558765202943, 30.887686881111755], [78.6658024267216, 30.88781314180943], [78.66746686489833, 30.88873661360625], [78.6684859885836, 30.88937423391931], [78.66896390483687, 30.88972159743998], [78.6693112146033, 30.890445726137475], [78.66928935372086, 30.890736680591235], [78.669275851292, 30.891185546993242], [78.66930267708861, 30.891633814479317], [78.66936961471949, 30.892077867084318], [78.6694761242299, 30.89251412284259], [78.6696402242299, 30.893075522842594], [78.66978734705961, 30.89350529472877], [78.66997286774844, 30.893919940451273], [78.67019525501603, 30.89431603754087], [78.67045267328673, 30.894690316628022], [78.67074299784045, 30.895039688428085], [78.67083998625264, 30.895146165828866], [78.6708862451326, 30.895276412205813], [78.67108404272918, 30.895753602831462], [78.67139654272918, 30.896409502831464], [78.67164600992737, 30.89686945115031], [78.67194217839538, 30.89730081013947], [78.67228180465801, 30.89769885579101], [78.67263010465801, 30.898066255791008], [78.67302947217058, 30.898443640386404], [78.67319094151, 30.89856566703134], [78.67322168165143, 30.8987710920966], [78.6733372418117, 30.899234914371668], [78.67348935756085, 30.899665195617164], [78.67347328019879, 30.89985128739316], [78.67347411671851, 30.90004170851053], [78.67344918275177, 30.90013539872864], [78.67334781488469, 30.900606631590097], [78.67329229324872, 30.90108543551879], [78.67328313383052, 30.901567360781932], [78.67332042175255, 30.90204792863881], [78.67340381048196, 30.902522672963688], [78.67353252505107, 30.90298718175143], [78.67356482113311, 30.90307125646779], [78.67354750878488, 30.903122049829083], [78.67343101947085, 30.903635309790968], [78.67335211947085, 30.904093509790965], [78.67329221787345, 30.90458700771295], [78.67328161722675, 30.905084014781984], [78.67332042231955, 30.90557961801558], [78.67340824955825, 30.906068918308364], [78.67354423075865, 30.90654707886039], [78.67372702172807, 30.90700937298957], [78.67395481555293, 30.907451230855553], [78.6742253604603, 30.907868284633235], [78.67431680695447, 30.907994979756534], [78.67428904031783, 30.908513981685207], [78.67428487024466, 30.90895341838044], [78.67431930162644, 30.909391523936872], [78.67439206848488, 30.909824914041675], [78.67481816848488, 30.911821014041674], [78.67494683632378, 30.91230406621817], [78.67503135956656, 30.91252838964503], [78.67502588114519, 30.9125555070153], [78.6749765411268, 30.913017816537486], [78.67493896616588, 30.913645281304294], [78.67476752798049, 30.914430672803114], [78.67430734593759, 30.91618486859304], [78.67423033584933, 30.91652685692725], [78.67420183788533, 30.916677946132864], [78.6740755387682, 30.917347541452212], [78.67401022458861, 30.9178130070907], [78.67398890680487, 30.918282549159915], [78.67401177380151, 30.918752018331567], [78.67404382356999, 30.91897507209351], [78.67397023713065, 30.91917831764669], [78.67385340206118, 30.919627360243243], [78.67377869572108, 30.92008529981319], [78.67374676145053, 30.920548192769864], [78.67375787425426, 30.921012052870076], [78.67381193843343, 30.92147288554199], [78.6739432539117, 30.92227035541708], [78.6739346837409, 30.922487666181777], [78.67393994108521, 30.922986904057954], [78.67399496050635, 30.923483128765092], [78.67409919342528, 30.923971392623358], [78.67425160057265, 30.924446827327714], [78.6744506623511, 30.924904692488035], [78.67453086645847, 30.92504807710937], [78.67457253490322, 30.925285338629088], [78.67470831118219, 30.92576806838728], [78.6748917577337, 30.926234770197976], [78.6751210293554, 30.92668074972762], [78.67588078046242, 30.92799237001934], [78.6759645430647, 30.92826146203724], [78.67613962303145, 30.928737391550122], [78.67636201026367, 30.92919313908433], [78.67662941718048, 30.929624016603857], [78.67693909310708, 30.930025591897515], [78.67721155435959, 30.9303131955776], [78.67719327702648, 30.930436340565016], [78.67717132459136, 30.930964771994645], [78.67720531286146, 30.931492565972178], [78.67729486154657, 30.932013817080783], [78.67743217652729, 30.932619202720282], [78.67749940291048, 30.93387028571142], [78.67754322349923, 30.934314482697932], [78.67762648371041, 30.934753001732936], [78.67766049271698, 30.93487265173565], [78.67765578090936, 30.93488841976849], [78.67756168973241, 30.935373932862625], [78.6775160217916, 30.93586636616099], [78.67751922385844, 30.93636090216668], [78.67757126460694, 30.936852702811915], [78.67767163492015, 30.93733695678906], [78.67781935287083, 30.93780892661988], [78.67828185287082, 30.93906502661988], [78.67846316824911, 30.939494550683552], [78.67868370284995, 30.939905319082417], [78.67894153920277, 30.94029376033003], [78.67972513920277, 30.941362560330028], [78.68002310245566, 30.9417309969834], [78.68035460473136, 30.942069573280286], [78.68071666877259, 30.942375248430846], [78.68111608548669, 30.94268125598862], [78.68119807448306, 30.942816053260316], [78.68125991518362, 30.94296584199967], [78.68132775581387, 30.94355289081159], [78.68140411340997, 30.94401917054429], [78.68152414341057, 30.944476160774563], [78.68168677396089, 30.944919780629526], [78.68189055278785, 30.945346068632283], [78.68213366016876, 30.9457512180775], [78.68316136016875, 30.9472937180775], [78.68345273244076, 30.947687734312883], [78.68378127621223, 30.94805133517216], [78.68413740336308, 30.94837517886771], [78.68422138357953, 30.948903552744884], [78.68431183751466, 30.949343909349768], [78.68444147834097, 30.949774361565463], [78.68460925806353, 30.950191429687653], [78.68550338459953, 30.95215425323969], [78.68602149460092, 30.953800623761992], [78.68617511629854, 30.954221818836455], [78.68636584980491, 30.95462755969745], [78.68659216158512, 30.955014584108657], [78.68685223204794, 30.955379780317703], [78.68771392614029, 30.95648167590351], [78.68773243312577, 30.95676927768799], [78.68781984831968, 30.95728303229202], [78.68796026338543, 30.957784897631125], [78.68815215293685, 30.95826942173718], [78.68839343239934, 30.958731341026958], [78.68868148065557, 30.959165637482577], [78.68901316851974, 30.959567593164287], [78.68948558269035, 30.960082850216164], [78.68955707827521, 30.960369692288893], [78.68973666954754, 30.960862789361396], [78.6899669541696, 30.96133434714243], [78.69024539534675, 30.961779170993946], [78.69056892579604, 30.962192360776474], [78.69109142579605, 30.962791960776475], [78.69116151533767, 30.962870701229807], [78.69207881533767, 30.963879601229806], [78.69242551627795, 30.96422529121439], [78.69272336902019, 30.964469113462517], [78.69320481287897, 30.965303276181093], [78.69332919273066, 30.965507353650196], [78.69403398537804, 30.966603889363803], [78.69404577854307, 30.96666410745286], [78.69418171802273, 30.9674191574289], [78.69428230114185, 30.96786162723479], [78.69442258356617, 30.968293156300327], [78.69471407178557, 30.96906827194201], [78.6947470358113, 30.969221851616894], [78.6946411328382, 30.969388384372337], [78.69440915007601, 30.96985384887391], [78.69419525007602, 30.97034554887391], [78.6940186116014, 30.97081455881007], [78.69388981213324, 30.971298895643212], [78.69381014570165, 30.97179369330955], [78.6937914937179, 30.972107531537148], [78.69366413488964, 30.972305532646182], [78.69345083810491, 30.972716233767585], [78.69327683810491, 30.973092933767585], [78.693068373483, 30.973621147751757], [78.69292114707345, 30.97416959273167], [78.69283705790563, 30.974731194479812], [78.6928024146984, 30.975107469448474], [78.69268245507756, 30.975603027938217], [78.69258809634422, 30.9761027555007], [78.69254498800872, 30.976609483118537], [78.69255357603753, 30.9771179685687], [78.69261377158531, 30.977622951442953], [78.69267657158531, 30.977989851442953], [78.69279086847732, 30.978497262804318], [78.69295725898057, 30.97899005512325], [78.69317394254968, 30.97946289579414], [78.6934385744078, 30.97991066811221], [78.69363162883388, 30.98020163066257], [78.6937374436351, 30.980532229969928], [78.69396712600461, 30.981043825727777], [78.69425265289513, 30.981526483582893], [78.69453287885862, 30.981944730384512], [78.6945798674472, 30.98217252272844], [78.69473223674017, 30.982656571700986], [78.69493288546852, 30.9831226831652], [78.6955139012476, 30.984303493770604], [78.69560102768352, 30.985727870092646], [78.6956590480319, 30.98624049031145], [78.69576958057422, 30.98674440340578], [78.6959314485994, 30.987234244800497], [78.6961429288873, 30.987704799725435], [78.69663557384207, 30.988665129629595], [78.69661616081362, 30.98888355221315], [78.69660476081361, 30.98919905221315], [78.6966099012257, 30.989669326899843], [78.69665920424984, 30.990137038260187], [78.69675223368303, 30.99059804827021], [78.6968225202545, 30.990830848033738], [78.69679224404129, 30.991213884807028], [78.69680002140292, 30.991689745852923], [78.69685300700138, 30.99216271175942], [78.69688440700138, 30.99235831175942], [78.69698963203118, 30.992852637582065], [78.69714422222019, 30.993333815510994], [78.69734659808752, 30.9937969292488], [78.69759469191584, 30.99423724706377], [78.69788596887763, 30.99465027013498], [78.69821745293414, 30.995031778517728], [78.69858575724214, 30.99537787425959], [78.69898711875805, 30.99568502122664], [78.699070642637, 30.995742486811896], [78.6993854107261, 30.99599405207158], [78.699745780701, 30.996256613125254], [78.6997875445641, 30.99628167323389], [78.69988897666671, 30.996615834015643], [78.70009151907603, 30.997096208158435], [78.7003429789106, 30.99755288167007], [78.70074517891061, 30.99820088167007], [78.7010365575106, 30.998620797157734], [78.70136928202913, 30.999008772543675], [78.7017398757544, 30.99936075378765], [78.70214446627098, 30.99967306296012], [78.70257882592348, 30.999942436673777], [78.70303841599221, 31.000166060183364], [78.70368881599221, 31.000442360183364], [78.70422620873484, 31.00063523419994], [78.70599039787353, 31.001156816179385], [78.70603499888946, 31.00123039633693], [78.70645349888947, 31.00184059633693], [78.70660618849655, 31.002042271986266], [78.70668279163921, 31.00231089316931], [78.70689644507999, 31.002911791824953], [78.70706981951986, 31.00331572622247], [78.70707250626431, 31.003597028445313], [78.70712885486664, 31.00410178968666], [78.70717495486663, 31.00438388968666], [78.70729382097561, 31.004922578263177], [78.70747130632938, 31.00544489376508], [78.70770525047304, 31.005944478264425], [78.70784491994841, 31.0061731387386], [78.7078677359015, 31.006274946481575], [78.70802999937577, 31.006760023888262], [78.70824097199512, 31.007225985345297], [78.70849844589291, 31.007667954481686], [78.70851020061787, 31.007684081748007], [78.7084253732754, 31.008072160050208], [78.70836807187726, 31.008560092734793], [78.70835667187727, 31.008728092734795], [78.70834827399536, 31.009241901180822], [78.7083926575722, 31.009753857958035], [78.70848935379362, 31.010258555376687], [78.70863734127813, 31.010750662426076], [78.70883505686564, 31.01122498108488], [78.70893885686563, 31.011441881084878], [78.70898356779688, 31.011524243707143], [78.70882335430285, 31.011936169008305], [78.70868282488088, 31.01236451324281], [78.70839731672174, 31.01255889645703], [78.70803228123556, 31.012861803491358], [78.7076975926008, 31.013197939022604], [78.70739626306302, 31.013564277782883], [78.70713100463124, 31.013957522670932], [78.70690420466926, 31.014374134426482], [78.70619400466926, 31.015840334426482], [78.70600412882567, 31.01628620464516], [78.70585830927176, 31.01674836235155], [78.7057579158544, 31.017222465979074], [78.7057038916818, 31.017704061739703], [78.70569674426366, 31.01818862546337], [78.70573654074376, 31.018671605098607], [78.705822907269, 31.019148463475062], [78.70595503250159, 31.019614720926253], [78.7061316752408, 31.02006599737209], [78.70635117608289, 31.0204980534659], [78.70661147300986, 31.020906830419374], [78.70691012076021, 31.021288488131322], [78.7072443138001, 31.021639441262057], [78.70741030708768, 31.02178295464917], [78.70742922692503, 31.021962186657554], [78.7075069189101, 31.022458131537576], [78.70763394876535, 31.02294378654315], [78.70780903604322, 31.023414256322937], [78.70803041588236, 31.023864798591077], [78.70829585679732, 31.024290871928933], [78.7086026831716, 31.024688181562105], [78.70867513926014, 31.02476471521324], [78.70946923244809, 31.028039342353672], [78.70968572138113, 31.028717215300524], [78.71094322138113, 31.031862415300523], [78.71112019458228, 31.03225508308325], [78.71133030465761, 31.0326310634787], [78.71157199252731, 31.032987566599513], [78.71360819252732, 31.035728966599514], [78.71390207675125, 31.03608847219582], [78.71422804427269, 31.03641916447851], [78.71580114427269, 31.03787336447851], [78.71618016997513, 31.038190483235], [78.71658864948043, 31.038468636578653], [78.71702259235573, 31.038705107231813], [78.71984549235573, 31.040067007231812], [78.72020679391983, 31.040224083061933], [78.72479832045678, 31.04200862734147], [78.72671420524361, 31.04284952012314], [78.72705467687823, 31.042970898944322], [78.72708330107747, 31.04299996318447], [78.72744007553028, 31.04332868278939], [78.72782702703802, 31.043621279986077], [78.72824051292292, 31.043875000327848], [78.72867664071838, 31.04408745534633], [78.7291313048117, 31.044256645035954], [78.72960022509355, 31.04438097668161], [78.73007898724988, 31.044459279852095], [78.73163008928042, 31.044636225957518], [78.7323323012105, 31.04472048746999], [78.73280839661209, 31.04475466929827], [78.73328558200826, 31.044743297119364], [78.7337595086133, 31.04468647457259], [78.73422585734014, 31.044584719505064], [78.734680378162, 31.044438959252354], [78.7351189288447, 31.04425052218728], [78.73553751269641, 31.044021125613913], [78.73593231499123, 31.043752860117085], [78.73629973773431, 31.04344817051003], [78.73633490600314, 31.043412830706917], [78.73643952222315, 31.04340937602458], [78.73804122772678, 31.04335645745407], [78.73913971356974, 31.043382495899433], [78.73960961478922, 31.043371535476446], [78.74007641052405, 31.0433164988625], [78.74053597565765, 31.043217872421177], [78.74098424897086, 31.043076527723375], [78.74275662635347, 31.04242460936599], [78.74408922639996, 31.042171127745636], [78.74455435696994, 31.04205935835044], [78.74500667753526, 31.04190365044757], [78.74544204775529, 31.041705429317688], [78.7458564824453, 31.04146650938857], [78.7462461880551, 31.041189077626644], [78.74644790098847, 31.04103040785605], [78.74690149169157, 31.040963195326366], [78.7469204465654, 31.040960349476002], [78.74729410610708, 31.040903516348784], [78.74788756004348, 31.04085509299755], [78.74908016004348, 31.04067199299755], [78.74953303612077, 31.04058087288292], [78.74997556969072, 31.040448344938145], [78.75119658266395, 31.040020288093405], [78.75155395134558, 31.0398958001859], [78.75158767474821, 31.039912031169788], [78.7525126747482, 31.040304331169786], [78.75302949551005, 31.04049073170469], [78.75356364728022, 31.040619303652328], [78.75426104728021, 31.04074710365233], [78.75467676448513, 31.04080536968721], [78.75509590404975, 31.040828559138344], [78.7555155116148, 31.040816508551888], [78.75613702431369, 31.040772493488713], [78.75716410380866, 31.041384101890895], [78.75752491863493, 31.04157937099343], [78.75790052775852, 31.04174440174067], [78.75961452094406, 31.04241499943416], [78.76047804888334, 31.043154887827143], [78.76092747015838, 31.04349787176362], [78.76315537015837, 31.04500677176362], [78.76356844817487, 31.04525828995201], [78.76400389357262, 31.045468723201196], [78.76445763241426, 31.045636102741078], [78.76492541961274, 31.045758862603183], [78.76673071961274, 31.046140362603182], [78.76735125450851, 31.046231293553326], [78.76953704592546, 31.0464125674334], [78.7700314392781, 31.046520927620275], [78.7709499858192, 31.046928357647854], [78.77142524341689, 31.04711081171499], [78.77191659020866, 31.047243994300125], [78.77283329020867, 31.047442994300123], [78.77328667462398, 31.04751977852984], [78.77374519587617, 31.047554585242757], [78.77420497573297, 31.047547120039187], [78.77491747573298, 31.047502720039187], [78.77540511969181, 31.04744820860527], [78.77588507236396, 31.047346161755623], [78.77635271145716, 31.047197562275404], [78.77734829768254, 31.046826496350437], [78.77762608913613, 31.04697729345977], [78.77809538118412, 31.047201277675], [78.77858539827633, 31.047375309868293], [78.7790908403104, 31.047497507679918], [78.77960624034532, 31.047566549399], [78.78012602373278, 31.0475816882594], [78.78058432373278, 31.047571188259397], [78.7810411981544, 31.047539743113553], [78.78149327916182, 31.047466628155792], [78.78193677428304, 31.047352456741738], [78.78236796307233, 31.047198186646416], [78.78278322832087, 31.04700511202952], [78.78379766357217, 31.046475667263227], [78.78385223914692, 31.046474980640763], [78.78457333914692, 31.046433080640764], [78.7850562875782, 31.04638138767119], [78.78553194174773, 31.046283079678762], [78.78599581316685, 31.04613908434234], [78.7864435245342, 31.04595076046729], [78.78667556059271, 31.045839600335814], [78.78680600854373, 31.04587101975727], [78.78739327095623, 31.045940647205057], [78.78837107095623, 31.045998247205056], [78.78890287570223, 31.04600124307146], [78.7894319904892, 31.045947737882138], [78.78995242943601, 31.045838336941863], [78.79022752943601, 31.045765036941862], [78.79066667678455, 31.045626070342195], [78.79103891237415, 31.045469292063288], [78.79116857107708, 31.045501039138593], [78.79155574729842, 31.0455797681654], [78.79194793103066, 31.045627680650124], [78.79349160476686, 31.045754617568587], [78.79385295048054, 31.04607030385482], [78.79426755110953, 31.046364039759524], [78.79499385110952, 31.046825039759526], [78.79538820496595, 31.047050884641816], [78.7958014356154, 31.047239991239493], [78.79623012942767, 31.04739079737416], [78.79667074503391, 31.047502057261216], [78.79763914503391, 31.047700257261216], [78.79808753539878, 31.047770995266312], [78.79854049336085, 31.047800775616683], [78.79899428549956, 31.047789352853403], [78.79944517151878, 31.04773682112645], [78.80052127151878, 31.047561621126448], [78.80100683315104, 31.047457582667686], [78.80147968006453, 31.04730589253608], [78.80157975091618, 31.04726821315673], [78.8031130546226, 31.04803254314812], [78.80332144038732, 31.048130496306307], [78.80527944038732, 31.048996396306304], [78.80566747194047, 31.04914898872998], [78.80606686810732, 31.04926872024586], [78.80647485144009, 31.049354758226922], [78.80961096513245, 31.04988061665022], [78.81222285482393, 31.05062360496509], [78.81290391981948, 31.050766980966685], [78.81479921981948, 31.051029880966684], [78.81527661822943, 31.051072905617087], [78.81575594278273, 31.05107001858121], [78.81623278828805, 31.051021246392118], [78.81670277233755, 31.050927037286442], [78.81702401845371, 31.050829865783882], [78.81772389497458, 31.051117069430628], [78.8180846581627, 31.051249159199134], [78.81838190164699, 31.051345211678775], [78.82011204515581, 31.051904664069585], [78.82058325796139, 31.052031993533966], [78.82106464081419, 31.052112770075656], [78.82155160605278, 31.05214622388032], [78.82203951281468, 31.052132036127443], [78.82389451281469, 31.05198723612744], [78.82434454603258, 31.051931480435133], [78.82478767681805, 31.051835180375924], [78.8252202601794, 31.051699128070165], [78.8256387378833, 31.051524442622057], [78.82603966772304, 31.051312560914397], [78.82641975183267, 31.051065225789454], [78.8265099937628, 31.051000493322924], [78.82725536801571, 31.05081592699921], [78.82837405234942, 31.050538930878325], [78.83337193043643, 31.049301381066833], [78.83435889574791, 31.049638902624295], [78.83479856955049, 31.049767094687173], [78.83524812853017, 31.049854518834014], [78.83570380095439, 31.04990044158932], [78.83616176379975, 31.04990447766804], [78.83661817482651, 31.049866593208083], [78.83835927482652, 31.049641393208084], [78.83878552507645, 31.0495673879835], [78.83920378239968, 31.04945681284893], [78.8396109154534, 31.049310495640817], [78.84000387617822, 31.04912953178371], [78.8428835737631, 31.047649169944155], [78.84348107965238, 31.04751105011798], [78.84358788554796, 31.047532707847317], [78.84406120363921, 31.047582513906953], [78.84453711297944, 31.047587092004264], [78.8450113016271, 31.047546400659737], [78.84547947323087, 31.047460808554302], [78.8459373859564, 31.04733109118893], [78.84638089091918, 31.047158423858257], [78.84680596977513, 31.046944371001917], [78.84755328636004, 31.04652231811124], [78.85017810274563, 31.0450400653289], [78.85076092620473, 31.04465489252647], [78.85462222620473, 31.04169569252647], [78.85494955058677, 31.04142189627099], [78.8552666588744, 31.041132771065783], [78.85613716713232, 31.040339245851243], [78.8564862198058, 31.039987868829854], [78.85675165923826, 31.03966161858811], [78.85722047228818, 31.039599993621717], [78.85768998828077, 31.039491487372405], [78.85814687817762, 31.039338286538257], [78.86014577817762, 31.03855898653826], [78.86063449972279, 31.038337552768212], [78.86283829972278, 31.03719275276821], [78.86346301252922, 31.036807535439472], [78.86579831252924, 31.03511903543947], [78.8661816710131, 31.034812092931237], [78.8665330689435, 31.034469023076817], [78.86684911635045, 31.034093135504445], [78.8671267642939, 31.03368805643808], [78.86725127397713, 31.033461551259325], [78.86735590768731, 31.03341133415127], [78.86743184757646, 31.033370187307728], [78.86751025063451, 31.03333395348434], [78.86764743791286, 31.033253373049238], [78.86778732549884, 31.033177577144368], [78.86785886662065, 31.03312918502341], [78.86793334061089, 31.033085440832185], [78.86806196903129, 31.032991801709105], [78.86819375372235, 31.03290265940117], [78.86826020709678, 31.03284748804533], [78.86833003479389, 31.032796654766788], [78.86844886559415, 31.03269085875181], [78.86857127823187, 31.032589228529833], [78.86863200387667, 31.032527809269364], [78.86869651280166, 31.032470376455823], [78.86880440157627, 31.03235344242238], [78.86891626325998, 31.032240303040982], [78.86897067635391, 31.032173227377022], [78.86902924525067, 31.032109748137795], [78.8691251529718, 31.03198280222449], [78.86922538641228, 31.031859243277818], [78.86927296292751, 31.03178715718568], [78.86932502774555, 31.03171824286054], [78.86940803076948, 31.03158250762579], [78.86949567066382, 31.031449719054173], [78.86953595241248, 31.031373316762377], [78.86958101173916, 31.031299631033892], [78.86965031070126, 31.031156413682417], [78.86972451302954, 31.031015674312183], [78.86975711207643, 31.03093569161642], [78.86979473196571, 31.03085794411859], [78.87054993196571, 31.02907954411859], [78.87073192964321, 31.028578178568694], [78.87109954980637, 31.02736771385852], [78.87232537778448, 31.025912939990764], [78.87257808700126, 31.025586593789225], [78.87407504541338, 31.02347917012994], [78.8747540111776, 31.02299257383399], [78.87512353361119, 31.022700448960194], [78.87546392595749, 31.022374846716055], [78.87577216711503, 31.02201865693572], [78.87619959655338, 31.02147495458816], [78.87658175340229, 31.021183097495697], [78.87678172419218, 31.0210220840153], [78.87768812419218, 31.0202530840153], [78.87809930570762, 31.019862003654875], [78.87846352590317, 31.019426851111376], [78.87890492590319, 31.018834151111374], [78.87894193639154, 31.01878380065024], [78.87932510906329, 31.018255633448646], [78.88146587004233, 31.01719836745964], [78.88180779051713, 31.017012614565672], [78.8821342305077, 31.016800834771395], [78.8833876305077, 31.015916534771396], [78.8837969807773, 31.015594532823577], [78.88417061484395, 31.01523169610841], [78.8845044787347, 31.0148319614463], [78.88479494998764, 31.014399666004678], [78.88486319793998, 31.014285689858244], [78.88519992509927, 31.014051809493015], [78.88555013167617, 31.01378496442808], [78.88658233167617, 31.01292406442808], [78.88694297179737, 31.01259197825527], [78.88726935665055, 31.01222617031276], [78.88803162607118, 31.011282499887386], [78.88816479778673, 31.011244963063493], [78.88859946436669, 31.01107739978833], [78.88901664959808, 31.010870110209147], [78.88941273210469, 31.01062489370303], [78.88971440374952, 31.010396724881158], [78.89018154054612, 31.010225125087214], [78.89140412279147, 31.00978976413837], [78.89163587770078, 31.009700692739155], [78.89309237770077, 31.009098992739155], [78.89320824818161, 31.009049406376516], [78.89451564818161, 31.008470306376516], [78.89491134361936, 31.008273683939173], [78.89528813525743, 31.00804289545635], [78.89599003525744, 31.007569095456347], [78.89640339897412, 31.007257754021197], [78.89678236822027, 31.00690535458593], [78.8971228834311, 31.006515672096313], [78.8971885265785, 31.006422669122358], [78.89731587823545, 31.006408241325], [78.89774580227218, 31.00632083079272], [78.89992503452662, 31.005777204324318], [78.90048829963072, 31.00567849726653], [78.90073643410973, 31.005739185098452], [78.9012190466082, 31.005808338319614], [78.90170609979413, 31.005830160000663], [78.90219296282442, 31.005804442663685], [78.90314705523956, 31.005707223044745], [78.90341911466476, 31.005752769876032], [78.90388458684646, 31.005808414990618], [78.90435322457735, 31.005820222102866], [78.90482090833062, 31.005788087423195], [78.90528352696533, 31.00571229342923], [78.90678181109882, 31.005394057511374], [78.90725712672472, 31.0053514662855], [78.90854491046186, 31.00523618564506], [78.90913037862978, 31.005148590611924], [78.90970139050442, 31.00499241345452], [78.91144530891259, 31.004402447454016], [78.9118279641118, 31.00436411468362], [78.91277882812157, 31.00462683112126], [78.91326049257981, 31.004734636281842], [78.91375043930437, 31.004794425997286], [78.91424389381137, 31.004805617622548], [78.914736047434, 31.00476810209631], [78.91522210418238, 31.00468224500378], [78.91569732748007, 31.0045488830141], [78.91738130731756, 31.003985271614024], [78.91845496655053, 31.00370414706831], [78.91865643516984, 31.003723645823467], [78.91914595224088, 31.00374689383423], [78.91963539387784, 31.00372210841765], [78.92012005816304, 31.00364952767973], [78.92059528907338, 31.003529848881648], [78.92105652120935, 31.003364221741386], [78.92131048948819, 31.00324378572002], [78.92296860423156, 31.003015961202028], [78.92348623148736, 31.002916801319724], [78.92399054540122, 31.00276370613851], [78.9244759426288, 31.002558376672358], [78.92463401382376, 31.002481450472853], [78.92636063686474, 31.00260179838954], [78.926847087528, 31.002609048644313], [78.9271913521498, 31.002682939309675], [78.92769735864165, 31.002738605289323], [78.9282064026979, 31.002742532104524], [78.92871320774559, 31.002694679051285], [78.92921252042058, 31.002595542157646], [78.93091562042058, 31.002166242157646], [78.93136084451429, 31.002031705497757], [78.9321360445143, 31.001757505497757], [78.93256278469008, 31.00158405343457], [78.93297175087845, 31.001372064159803], [78.93315262080279, 31.001256034166406], [78.93322839512452, 31.001247533935157], [78.93366826452744, 31.001178237066124], [78.93410022414082, 31.001070079587898], [78.93452084788306, 31.00092391934999], [78.93505144956403, 31.000712619877927], [78.93565092005488, 31.000594439881596], [78.93638772005488, 31.000395439881597], [78.93686072638562, 31.000242075571826], [78.93731207351259, 31.000044278629687], [78.93762559430319, 30.999980994670334], [78.93808575798403, 30.99984096031085], [78.93809956267323, 30.99983525922835], [78.93812830463521, 30.999835806137767], [78.93845520463522, 30.999826806137765], [78.93892134613289, 30.99979211521606], [78.9393822110981, 30.99971404576154], [78.93983377173043, 30.999593280074237], [78.94027208154608, 30.999430873604506], [78.94039695939438, 30.99937080230406], [78.9404751571689, 30.999346749164456], [78.94089295481731, 30.999285674113217], [78.94100815481733, 30.999263074113216], [78.9414702047055, 30.999147334510447], [78.94181326921715, 30.99919707814228], [78.9422883116076, 30.99922029604561], [78.94276341089652, 30.999198273115965], [78.94343661089653, 30.999134873115967], [78.94383368471178, 30.999078712295653], [78.94400087006868, 30.99911194252536], [78.94446953051232, 30.99915988842961], [78.94494062316305, 30.999163512734775], [78.94550921042877, 30.999141078949503], [78.94624639741795, 30.999113238059703], [78.94662300206981, 30.99907510728577], [78.94667440006582, 30.999088501735695], [78.9471491468678, 30.99918790956019], [78.94763129188779, 30.999240849349317], [78.94811629782404, 30.999246822904833], [78.94859960045174, 30.999205774011656], [78.94907665157531, 30.999118088966867], [78.94912821105024, 30.99910332844047], [78.9495069825571, 30.999208015486737], [78.94995641243978, 30.999289003634683], [78.95019781243977, 30.999321203634683], [78.95069864497286, 30.99936253117274], [78.95120109634577, 30.999353376421865], [78.95170009097177, 30.999293831860125], [78.95179110919076, 30.999273543705], [78.95180874880023, 30.999273708448435], [78.95229958255727, 30.999229779939945], [78.95231781021819, 30.999226314851928], [78.95249694617578, 30.999275900055576], [78.95296150215353, 30.999380952277853], [78.95328927359078, 30.999422838139168], [78.95339008166785, 30.999492901066034], [78.95384880640859, 30.999745072121577], [78.95433138166057, 30.999947901496196], [78.9544668086589, 30.99999664939495], [78.95450107688504, 31.000016491450765], [78.95496823959866, 31.00025518664456], [78.95545784081959, 31.000443619765313], [78.95596449069649, 31.000579716417644], [78.95648261169522, 31.00066197836035], [78.95666735948126, 31.00067168379173], [78.95673054813348, 31.00069860490797], [78.9571803236906, 31.000841843930484], [78.95764160255362, 31.000942030156473], [78.9581102735199, 31.000998270664297], [78.95862317351991, 31.001035370664297], [78.95914078862482, 31.00104593798979], [78.95965672165107, 31.001002924298646], [78.96016544103168, 31.0009067907614], [78.96066149254068, 31.000758568072104], [78.96113955777042, 31.000559845397746], [78.96162371659014, 31.00032850474529], [78.96203165387614, 31.000351474563384], [78.9624796368419, 31.000336493409396], [78.9629229808651, 31.00028163787926], [78.96375541407963, 31.000407292043388], [78.96419072198584, 31.000453619897034], [78.9646284137157, 31.000461694105535], [78.96506513411275, 31.000431452775487], [78.96898528757873, 30.999986871400925], [78.97103495153159, 31.000718092637307], [78.97148317944676, 31.000854686722224], [78.97194222600865, 31.000948721088267], [78.97240805957274, 31.000999369864665], [78.97287658888665, 31.00100618822103], [78.9733436990222, 31.00096911627414], [78.97380528751533, 31.000888479613856], [78.97425730039666, 31.000764986443617], [78.97469576779599, 31.0005997213605], [78.975449267796, 31.000274621360504], [78.97586787208331, 31.000070385947932], [78.97626565542079, 30.99982808433931], [78.97663916597743, 30.9995498191471], [78.97698516255332, 30.99923800506373], [78.9773006427057, 30.998895347907716], [78.97746995263601, 30.998693327065745], [78.9785027096128, 30.997841359056444], [78.97866055956563, 30.99773793863047], [78.9789733081819, 30.99771348179877], [78.97911611717589, 30.997697071854425], [78.97927471847689, 30.997855982923596], [78.97961189716581, 30.998164272196945], [78.97997580857036, 30.998440497166794], [78.98036341429605, 30.998682351556347], [78.98077147811809, 30.99888781605807], [78.98119659300157, 30.999055175193394], [78.98163520954762, 30.999183031635763], [78.98217410954763, 30.999313731635763], [78.98265921941416, 30.99940628894047], [78.98315109385835, 30.999450537877404], [78.98364493418386, 30.9994460467567], [78.98413592251535, 30.999392859393446], [78.98468502251535, 30.999305759393444], [78.98483189810659, 30.999275511987474], [78.98492526414086, 30.999287920756853], [78.9853836917233, 30.999306422761414], [78.98584188530145, 30.999282825781815], [78.9862959869189, 30.9992173285029], [78.9880955869189, 30.9988728285029], [78.98854126468046, 30.998766129083442], [78.9889753012741, 30.998619072398277], [78.9906991793525, 30.99794544844417], [78.99347224132086, 30.99718424270472], [78.99387529017181, 30.99705502862264], [78.99426596664674, 30.996892189600242], [78.99464147124151, 30.99669689250715], [78.99624807124151, 30.995772892507148], [78.99660492999621, 30.995543062008387], [78.99695455162014, 30.995495990981947], [78.99738884682014, 30.995417872839095], [78.9978145633018, 30.995301768393713], [78.99822838533373, 30.995148581935798], [78.99862708982553, 30.99495950657195], [79.00082679256914, 30.993794797946524], [79.00315932454436, 30.992747974217373], [79.0043359183206, 30.992219939020615], [79.00440866692279, 30.99219554109389], [79.00458044591048, 30.99221820048046], [79.0051014206378, 30.99223220405494], [79.0056210229633, 30.992191902815136], [79.00613360770356, 30.992097734611068], [79.00754050770357, 30.99176263461107], [79.00796968903256, 30.991639928061996], [79.00838621625705, 30.991479433259535], [79.00878676959654, 30.991282429369793], [79.01177081886324, 30.98964547819289], [79.01398187249605, 30.989608604854368], [79.01443226056843, 30.989580728331536], [79.0148783011286, 30.989512359223422], [79.01531636114916, 30.98940405440056], [79.01574287260466, 30.9892566960123], [79.01615436153344, 30.989071484301654], [79.0165474763332, 30.988849927829236], [79.01834427633321, 30.987727527829236], [79.01879360739247, 30.98741124597122], [79.01920551924965, 30.987047568591628], [79.01957503711982, 30.986640887932943], [79.01989769822309, 30.98619611560135], [79.02041969822308, 30.98538641560135], [79.02069310090883, 30.984905923003076], [79.02091178743594, 30.98439818451877], [79.02103098996105, 30.984007404704375], [79.02132442420022, 30.98397514286717], [79.02185343662445, 30.983857997752224], [79.02377201998837, 30.983322604136507], [79.02551587837048, 30.982870774319245], [79.02606552296963, 30.982693923219426], [79.02659111416564, 30.982454884746463], [79.0274152903291, 30.98202096936295], [79.02822472596806, 30.981740593395827], [79.02865193624919, 30.981570228001953], [79.02906168459822, 30.98136132782911], [79.02945050400335, 30.98111566044843], [79.02981510453932, 30.980835304530167], [79.03113866339102, 30.97971703861739], [79.03150739057519, 30.979540297544556], [79.03202507470192, 30.979253304155982], [79.03250521578627, 30.97890714436734], [79.03294622988875, 30.978547676268708], [79.03326207591184, 30.978363097230492], [79.0337564313953, 30.978033293947153], [79.0340828606485, 30.977754274171783], [79.03441467720442, 30.977621685789074], [79.03482764783232, 30.977410370920076], [79.0352192565634, 30.97716169177919], [79.03558613244984, 30.976877788983664], [79.03654493244983, 30.976061988983663], [79.03688939496958, 30.975739682394828], [79.03720194943733, 30.97538634732807], [79.0374798136687, 30.975005128973784], [79.03772051427228, 30.97459942072375], [79.03792190866645, 30.97417283396503], [79.03808220415137, 30.97372916593347], [79.03819997386663, 30.973272365912802], [79.03827416949231, 30.972806500080353], [79.03830413058066, 30.972335715312227], [79.03832395083673, 30.971124597129155], [79.03850311339858, 30.97026709295738], [79.03857517327398, 30.969823409754113], [79.03858682147502, 30.969659805245907], [79.03960340999221, 30.96919610249744], [79.04006875671423, 30.96895357494588], [79.04050612220117, 30.968663611817526], [79.04091068900888, 30.968329406965605], [79.04127800096049, 30.967954641552087], [79.04160401222964, 30.96754344350084], [79.04209596436908, 30.966851213130962], [79.04264236151624, 30.966646241736143], [79.04309639642088, 30.966449778459385], [79.04352879389918, 30.96620940804834], [79.04393532085743, 30.965927483686198], [79.04431199746963, 30.96560676536187], [79.04465513613938, 30.965250392850205], [79.04496137760066, 30.964861854974135], [79.0451354297719, 30.96461702237138], [79.04555574610494, 30.964286317276024], [79.04572298699843, 30.964148765683397], [79.04625641489247, 30.963690313599066], [79.04720214274111, 30.96287766152655], [79.04757294088311, 30.96252446366268], [79.04790566764301, 30.96213519139756], [79.0481968328503, 30.96171392804143], [79.0492595328503, 30.959994328041432], [79.0494832700526, 30.95959197244259], [79.04966905094804, 30.95917074349949], [79.04981530049837, 30.95873421236355], [79.04982381032693, 30.958698057724224], [79.05011112892802, 30.95837319356058], [79.05040211606457, 30.957969518031383], [79.05065153629883, 30.95753891729607], [79.05085691909896, 30.957085656497064], [79.05101623012824, 30.956614225226932], [79.05112789139532, 30.956129293058545], [79.05119079688444, 30.95563566329248], [79.05120432351058, 30.95513822537988], [79.05119129363096, 30.95495851838487], [79.05173968402285, 30.954567029764632], [79.05208058759692, 30.954381854474608], [79.05253306217507, 30.95410398983503], [79.0529535187183, 30.953779708634446], [79.05347121877902, 30.95333464752524], [79.05595101304627, 30.95205863848562], [79.05640981661045, 30.95179081518612], [79.056837614196, 30.951475824303603], [79.05722957630988, 30.95111722183352], [79.05758127801292, 30.95071905611131], [79.05788874887384, 30.950285822109933], [79.05823432822356, 30.94973955904597], [79.05863574437987, 30.949466823948963], [79.0590207027248, 30.94917721447815], [79.05937600386468, 30.948851902823105], [79.0596983496588, 30.948493908742254], [79.05990556762049, 30.94821364661232], [79.06059495464031, 30.9479780614396], [79.06104064703996, 30.947801466701815], [79.06146737824531, 30.94758299955347], [79.06187122527514, 30.947324668384184], [79.06224847552465, 30.94702884805736], [79.06259566089585, 30.94669825807786], [79.062720358698, 30.946554338276243], [79.06313185296403, 30.946312688484237], [79.06353896004856, 30.946014647466868], [79.0639139577762, 30.945677095499644], [79.06425302770067, 30.94530346973418], [79.06455271721366, 30.94489757464661], [79.06480997470119, 30.94446354329819], [79.06481981435738, 30.94444485216573], [79.06482321784273, 30.94444286620487], [79.06522336963165, 30.94418301819005], [79.06559693214896, 30.943886212713934], [79.06594050384727, 30.943555152397497], [79.0662509562665, 30.943192851775933], [79.06652546252074, 30.942802609849217], [79.06660854654913, 30.942656676446664], [79.06684002079324, 30.942554208706092], [79.06725360775889, 30.942321970125782], [79.06764332692839, 30.942051585390153], [79.06800567100169, 30.941745487842162], [79.06827946983857, 30.94146562415964], [79.06865085983846, 30.941244107285264], [79.06904429312458, 30.940953842166373], [79.06920448176264, 30.940809487026918], [79.06951848304227, 30.940713142730836], [79.0700046488654, 30.940505597349503], [79.07046618609779, 30.940247884959387], [79.07241024283154, 30.939023258999033], [79.07395180746211, 30.938144476767352], [79.07438880840652, 30.937864345749837], [79.07479441158168, 30.937540417861726], [79.07516424550668, 30.937176184309852], [79.07549432421189, 30.936775570704544], [79.07578109019865, 30.93634289475047], [79.076021452781, 30.935882819711598], [79.07609635780344, 30.935719280985833], [79.07611143859567, 30.93570854146385], [79.07648761917821, 30.935379379608634], [79.0766409380652, 30.935215444234654], [79.07672598868564, 30.935182113840753], [79.07692620675337, 30.93510653452046], [79.07695435154106, 30.93509262097304], [79.07698358314175, 30.935081165433264], [79.07717422400435, 30.93498392568004], [79.07736606989863, 30.93488908549234], [79.07739271539533, 30.934872480270855], [79.07742068339864, 30.93485821469472], [79.07760087511116, 30.93474275710511], [79.07778250125071, 30.93462956941309], [79.07913890136312, 30.933688837146413], [79.08081910481616, 30.932559270444486], [79.08085023342028, 30.932538172920626], [79.08140683342027, 30.932157872920627], [79.08156977156052, 30.932041694414398], [79.08250894238695, 30.931343279283958], [79.08266876698055, 30.93131190603517], [79.08317525361582, 30.931155279382995], [79.08342635361582, 30.931062779382994], [79.08392576264376, 30.930847278990754], [79.08439880834673, 30.93057880634942], [79.08483989270574, 30.930260538562038], [79.08501469270574, 30.93011933856204], [79.08538646278173, 30.929787070562703], [79.08572329088503, 30.92941942692871], [79.08602182739469, 30.92902006372913], [79.08627910348442, 30.928592952471444], [79.08649256064624, 30.92814234060648], [79.086660076134, 30.927672709289222], [79.08677998407305, 30.927188728815512], [79.08685109202686, 30.926695212177812], [79.08687269285524, 30.92619706720193], [79.08684457174658, 30.925699247740646], [79.08679227174659, 30.925209147740645], [79.08671632809144, 30.924724383645817], [79.08659323493545, 30.92424939760251], [79.086424177733, 30.923788763985968], [79.08621078459733, 30.923346918949736], [79.08595511062103, 30.922928117703044], [79.08565961808424, 30.92253639353084], [79.08532715274161, 30.922175518951036], [79.08496091641616, 30.921848969383117], [79.08456443616389, 30.921559889677926], [79.08414153030638, 30.921311063831055], [79.08369627165821, 30.921104888171428], [79.08323294830357, 30.92094334828336], [79.08275602229965, 30.92082799988427], [79.08227008670457, 30.920759953842307], [79.08177982134376, 30.920739865478048], [79.08128994774064, 30.920767928253422], [79.08080518364582, 30.920843871908563], [79.0803301976025, 30.920966965064554], [79.07986956398598, 30.92113602226702], [79.07942771894974, 30.921349415402677], [79.07900891770305, 30.921605089378982], [79.07886062956803, 30.921716948795133], [79.07875870254033, 30.921743996811156], [79.0783068874135, 30.9219119122605], [79.077873340244, 30.922122552614606], [79.07746209011586, 30.92237396032941], [79.07707695890001, 30.922663798997522], [79.07672152573649, 30.922989375061174], [79.0763990937724, 30.923347662844236], [79.0762387599835, 30.923544097127863], [79.07568273481978, 30.92395758568215], [79.07522429121293, 30.92427081978866], [79.07352959518384, 30.925410129555516], [79.07346969874929, 30.92545103058691], [79.07287398209014, 30.925864190301315], [79.07256066238114, 30.925936307941402], [79.07211381955358, 30.926061249762746], [79.07168048229917, 30.926227074354447], [79.07126438215387, 30.926432353774608], [79.07086910222212, 30.926675320329533], [79.07049804632219, 30.926953881795622], [79.07015440967537, 30.92726563943584], [79.06984115139144, 30.927607908655624], [79.06956096898723, 30.927977742120355], [79.06946385295522, 30.928119110994853], [79.06924433583157, 30.928259447992634], [79.06893344935466, 30.92845730277457], [79.06854838443246, 30.928728670859087], [79.06819056733737, 30.929035073466867], [79.06786317427763, 30.929373790776783], [79.06756911139877, 30.929741816122203], [79.06731098898676, 30.93013588268005], [79.06709109829751, 30.93055249246916], [79.06708955028232, 30.930556243522553], [79.06604476224082, 30.93121439024043], [79.06593208376398, 30.931230160053616], [79.06547697122132, 30.931315504998818], [79.06503170554477, 30.931442586324998], [79.06460010553204, 30.931610314125848], [79.06418587277794, 30.931817249892696], [79.06379255992793, 30.93206161885181], [79.06342354020897, 30.93234132518566], [79.06308197849933, 30.93265397000757], [79.06280068852341, 30.93296394056317], [79.06278132027413, 30.93297297568329], [79.06238702242885, 30.933202835670482], [79.06231399293442, 30.933254873912258], [79.06214013333039, 30.933309673318703], [79.06171951483336, 30.93348580990191], [79.0613166928936, 30.93369953519486], [79.060980531067, 30.933898045717317], [79.06043495576776, 30.934129753017963], [79.05999915447816, 30.934340288873514], [79.05958575054545, 30.934591973793395], [79.05919861753321, 30.934882449508937], [79.05884138284851, 30.935208994284633], [79.05851739375336, 30.93556854842062], [79.05822968600108, 30.935957742921815], [79.05798095539157, 30.936372931065165], [79.05777353251185, 30.936810222569136], [79.05762348600912, 30.93722634684703], [79.05745087904522, 30.937390635916618], [79.05714538623413, 30.937741006272574], [79.05687375237106, 30.938118233377118], [79.05673090288114, 30.938361439933317], [79.0564079423538, 30.938602973323995], [79.0562187086856, 30.938778275825833], [79.05586775060004, 30.938862930246653], [79.05543795168131, 30.939008949776593], [79.05502316670156, 30.939193346724117], [79.05462681429894, 30.93941460129833], [79.05407771429894, 30.939754701298334], [79.05363903272992, 30.940060011703665], [79.05323544647848, 30.940410403056656], [79.0528715670174, 30.940801871702146], [79.05255155212018, 30.941229944626023], [79.05220859743433, 30.941743853326177], [79.05175465562013, 30.942052276051037], [79.05134628676812, 30.94236145326155], [79.05097169162468, 30.94271078712091], [79.05063480127613, 30.9430966116404], [79.05033915112617, 30.943514877890067], [79.05016544775415, 30.943789453718423], [79.04837128695372, 30.94471266151438], [79.04786614936489, 30.945011313497957], [79.0473994812817, 30.945367091365554], [79.04683883802328, 30.945849070274562], [79.04669731240308, 30.945925945525392], [79.04617878426293, 30.94625016483597], [79.04526944494945, 30.946899330099317], [79.0448294233449, 30.947065619319776], [79.0443671129304, 30.947297442297227], [79.04393122227205, 30.947575780483973], [79.04352641492588, 30.94789765596411], [79.04315702189025, 30.948259625020047], [79.04282699526892, 30.948657814976528], [79.04242453979418, 30.94919798677712], [79.04214298433135, 30.949575758673856], [79.04205072253839, 30.9497037134296], [79.04165742253838, 30.9502677134296], [79.04138625107747, 30.950702480335732], [79.0411610001637, 30.95116271750255], [79.04098403543821, 30.95164359140475], [79.04085721542864, 30.95214005178489], [79.0407818720303, 30.952646884692467], [79.04075879651828, 30.953158767242105], [79.04078319926394, 30.95358287109024], [79.04075147746322, 30.953640301326573], [79.04052628427765, 30.95410271133591], [79.04034978580083, 30.954585808919468], [79.04022384963362, 30.955084482228713], [79.04014980835696, 30.955593454602138], [79.04013666431896, 30.95573437592745], [79.04009737109507, 30.95579795796171], [79.03973895725889, 30.95610593847345], [79.03928714382178, 30.95649424737104], [79.03838585389505, 30.957203382723975], [79.03802566515674, 30.957515698617996], [79.03775600520028, 30.95779880297309], [79.03715073848376, 30.95802585826386], [79.03669659142525, 30.95822237681176], [79.03626409381677, 30.958462824122126], [79.03585748187012, 30.95874484507039], [79.03548073825324, 30.95906567732803], [79.03513755308076, 30.959422178418926], [79.03483128777036, 30.95981085649916], [79.03423105592553, 30.960655448236125], [79.03296159000779, 30.961234497502563], [79.0324763808561, 30.96148880338838], [79.03202190451402, 30.96179466391041], [79.03160361650474, 30.96214840752624], [79.03122653794756, 30.96254578790592], [79.02956533794756, 30.96450058790592], [79.02927439385219, 30.964878024399543], [79.02902070440778, 30.965281445320088], [79.02880657419796, 30.96570718588262], [79.02863394843958, 30.966151378544517], [79.02850439531178, 30.966609988139297], [79.02841909171029, 30.967078848533138], [79.02837881255614, 30.967553700471203], [79.02838392375608, 30.96803023026983], [79.02843437887857, 30.968504109003216], [79.02852855444152, 30.96911181172543], [79.02848901068327, 30.96930107524853], [79.02817543403044, 30.969573432229346], [79.0277007065604, 30.970030744282806], [79.02756542408815, 30.970109802769507], [79.02723875000964, 30.97031809503572], [79.02692918421373, 30.970551055632658], [79.02664842131213, 30.970779903884523], [79.02623930942482, 30.970976002455444], [79.02586497396894, 30.97117537918674], [79.02550888193872, 30.97140576273765], [79.02517359546069, 30.971665495469832], [79.02407222858916, 30.972596032882887], [79.02378447403194, 30.97269570660417], [79.0234324029285, 30.972832764530132], [79.02309168583436, 30.972996015253536], [79.02244596959996, 30.97333597437867], [79.02121882162952, 30.973653925680754], [79.02112896337555, 30.973678102247774], [79.01995575766007, 30.974005493208104], [79.0196258852046, 30.97398795321417], [79.01913709769092, 30.973985888881018], [79.01865044421037, 30.974031560369628], [79.01817057556417, 30.974124531211295], [79.01770207771291, 30.974263912911596], [79.01724942794993, 30.974448373441465], [79.01681695211312, 30.97467614996699], [79.01521095211312, 30.97562504996699], [79.0148093342283, 30.975889182769876], [79.0144349361802, 30.976190661068504], [79.0140912183512, 30.976526698442903], [79.0129188183512, 30.977788698442904], [79.01259263966611, 30.978177665940873], [79.0123075814322, 30.978597701715966], [79.01206658189575, 30.97904447623685], [79.0118721251667, 30.979513384361763], [79.01183321378808, 30.979643047159513], [79.01036722750395, 30.97966749514563], [79.00988338024364, 30.979699078012207], [79.00940486724606, 30.97977737845882], [79.00893618855561, 30.979901660130373], [79.00848175173255, 30.98007075425395], [79.00804583040346, 30.980283070630207], [79.00471363198416, 30.982111004969305], [79.00442014428242, 30.982071859811626], [79.00391364589132, 30.982056049820546], [79.0034081485121, 30.982091588188467], [79.00290884442325, 30.98217810987867], [79.00242086228819, 30.982314726172977], [79.00159296170499, 30.982592459275278], [79.00092316110818, 30.9828170924008], [79.00046579463731, 30.98299591717422], [78.99906489463731, 30.983624617174222], [78.99658375686215, 30.98473813412726], [78.99629131017447, 30.984880993428053], [78.99473611916758, 30.985704443044213], [78.99367794837987, 30.985846909018054], [78.9931938373802, 30.98593654543147], [78.99272088893754, 30.98607335887087], [78.99226368872493, 30.98625602280328], [78.99182666972175, 30.986482766132752], [78.99141406923182, 30.98675139037278], [78.99102988779894, 30.987059290962645], [78.99067785041778, 30.987403482521053], [78.99060424269898, 30.98748290597349], [78.99020942595642, 30.987709975978547], [78.98779965867914, 30.98837145729528], [78.9873033987259, 30.98853602760172], [78.98576389018443, 30.989137607170527], [78.98567845291043, 30.989153962549995], [78.98553773459497, 30.989128251636814], [78.98499403320486, 30.989089231646442], [78.98448553320485, 30.989080531646444], [78.98445333180106, 30.989081431980267], [78.984155642909, 30.98882378089949], [78.98378938847301, 30.988535516592677], [78.98339788318867, 30.98828260903091], [78.98298452905873, 30.988067255865815], [78.98255291794244, 30.98789132841838], [78.982106800344, 30.98775635541807], [78.98165005282227, 30.98766350971882], [78.9811866443054, 30.987613598107508], [78.98012804430539, 30.987549298107506], [78.97959971062869, 30.987545173599436], [78.97907389144791, 30.987596823135945], [78.97801233662148, 30.987758100113766], [78.97660289181809, 30.987868318201233], [78.97610525406756, 30.987932486245903], [78.97561655328339, 30.988046207010306], [78.97514171089493, 30.9882083352769], [78.97468550877149, 30.988417238343562], [78.97425254106675, 30.988670812465585], [78.97279264106675, 30.989627312465583], [78.97235101077266, 30.98995263003476], [78.97182831905369, 30.990383822109276], [78.9712536484684, 30.990178807362692], [78.9708181578945, 30.990045468933396], [78.97037234091626, 30.98995231101052], [78.96991989658729, 30.989900106548358], [78.96946457894998, 30.989889288700237], [78.96901016588725, 30.989919947224514], [78.96459472211713, 30.990420699064373], [78.96362358592037, 30.990274107956612], [78.96309671289028, 30.990222916521528], [78.96256738054224, 30.99022771425041], [78.96216509237176, 30.990274175819387], [78.96186384015446, 30.99021600067469], [78.96133868429355, 30.990143215208043], [78.96080877375165, 30.990126445593024], [78.96028006655467, 30.99016588037806], [78.95975850719877, 30.99026107617988], [78.95924995981368, 30.990410962668662], [78.95876014222958, 30.990613854602255], [78.95864880373713, 30.990667054334324], [78.95847864493172, 30.99064334628082], [78.95845019311714, 30.99062290966173], [78.95801578449618, 30.9903726881891], [78.9575585027464, 30.99016722520788], [78.95708294485969, 30.990008586209772], [78.956785009299, 30.98992554474378], [78.95589468962578, 30.98962428774849], [78.95538195942, 30.989480724754696], [78.95485687009516, 30.98939249891912], [78.95432537621878, 30.9893606107319], [78.95417390750663, 30.989367676543274], [78.9537055555889, 30.98926507863337], [78.95316506792894, 30.989207088438075], [78.95236576792894, 30.989165088438074], [78.9518831993994, 30.98916305118385], [78.95148185502941, 30.989200213131358], [78.95112629072426, 30.989044524571604], [78.95067539491707, 30.98887251790713], [78.95021001691893, 30.988744781301545], [78.94973449206694, 30.98866250471495], [78.94925325022358, 30.988626454614042], [78.94877077450933, 30.98863696683193], [78.94829155953904, 30.988693943439603], [78.94782006955138, 30.9887968536582], [78.9473606968211, 30.988944738803625], [78.94724282130673, 30.988995692092224], [78.94712019920857, 30.988983660067685], [78.94659670892136, 30.988987292497953], [78.94607646773571, 30.98904563959807], [78.94555302481407, 30.989132295279255], [78.94555039360093, 30.98913239465067], [78.94534666760833, 30.989077339058344], [78.94478226760833, 30.988958239058345], [78.94430420106379, 30.98888131995389], [78.94382093596971, 30.988851004636366], [78.94333700466004, 30.988867577420006], [78.94285694571688, 30.988930882875845], [78.9426485506362, 30.98897923656672], [78.94246314199066, 30.988913490815154], [78.94197716553549, 30.988794231856875], [78.9414817024289, 30.988724145309497], [78.94098171514642, 30.988703933148145], [78.94048221147695, 30.988733797814444], [78.9399881943656, 30.988813440188895], [78.9394619943656, 30.988925540188895], [78.9390085008366, 30.989044628193], [78.93856815627065, 30.989205671655473], [78.93814483285237, 30.989407254435257], [78.93783160212128, 30.989594260459903], [78.93771158161167, 30.9896249208666], [78.9375023786595, 30.98969997414673], [78.93711311589784, 30.98971559303891], [78.93692231589785, 30.98973379303891], [78.93648423319912, 30.989795238832144], [78.93605329613094, 30.98989516520346], [78.93601981487072, 30.98990612536248], [78.93564921139355, 30.989918334381752], [78.93516931242648, 30.989980959463615], [78.93462791242649, 30.990078459463614], [78.93414629988264, 30.99019002533131], [78.9336780588206, 30.990348606203632], [78.93322776671981, 30.990552651809296], [78.9330054667198, 30.990666951809295], [78.93258221638989, 30.990911439048798], [78.93241891693764, 30.991028418471252], [78.93226873378512, 30.991067988754022], [78.93185449726984, 30.991217186531212], [78.93153659335314, 30.99134777095717], [78.93138188178905, 30.991359688162582], [78.93082905404269, 30.99146573136017], [78.9302916492677, 30.991633241911234], [78.92942794926769, 30.991956841911232], [78.92909438736649, 30.992095759041458], [78.9285740873665, 30.99233485904146], [78.92816321521619, 30.99254723675794], [78.92808377465958, 30.99256726131959], [78.92765791164558, 30.992521291745994], [78.92714478052874, 30.992518800149835], [78.92663409629118, 30.992568913627412], [78.92650824619462, 30.992587825013036], [78.92399576313525, 30.99241270161046], [78.92347357552772, 30.992403646807446], [78.92295329206516, 30.992449111139695], [78.92244058928753, 30.992548598569734], [78.92194106102593, 30.992701023642386], [78.92146015737119, 30.99290472332764], [78.92081723011151, 30.993217607345862], [78.91908919576844, 30.993455038797972], [78.9186525734488, 30.993534917659126], [78.91823830037062, 30.993649459259963], [78.91809179834976, 30.99364177387826], [78.91765150811803, 30.993657512870783], [78.91721431260476, 30.993711948954545], [78.91678360625193, 30.99380465948082], [78.91468650625193, 30.99435375948082], [78.91436607251993, 30.994449216985902], [78.91397082524573, 30.994581502340296], [78.91359067187842, 30.99447646887874], [78.91314054341194, 30.994374207454587], [78.91268290247253, 30.9943138932292], [78.91222164949794, 30.99429604025598], [78.91176071571104, 30.994320800694407], [78.90988301571105, 30.994508900694406], [78.90932429862475, 30.99459702376899], [78.90877910949558, 30.99474768654548], [78.90706054220452, 30.995329076286282], [78.90636528953814, 30.99539131435494], [78.90559035693369, 30.995460753100044], [78.90499777303467, 30.99554990657077], [78.90413414949806, 30.995733340422007], [78.90369260093414, 30.99567951360964], [78.90324727277891, 30.99566518475242], [78.9028024371756, 30.995690557336314], [78.90245887123106, 30.99572556584249], [78.90212003205879, 30.99564096764211], [78.90164737989905, 30.995569996294666], [78.9011701107544, 30.99554447846085], [78.90069258566206, 30.995564647309354], [78.90002568566206, 30.995624847309355], [78.89961214741912, 30.99567964921419], [78.89802404741911, 30.99595794921419], [78.89767689772782, 30.99603156920728], [78.89575230647178, 30.996511673494243], [78.89542785317211, 30.996534071567197], [78.89476589886208, 30.99662451095109], [78.89348489886208, 30.99688771095109], [78.89303575550296, 30.997001919957597], [78.89259911577754, 30.99715722354538], [78.89217873083066, 30.997352287510914], [78.89177821216344, 30.997585436071738], [78.89140100060699, 30.997854666262974], [78.89105033676243, 30.998157665144703], [78.89039223676242, 30.998781865144704], [78.89010324090086, 30.999079712449266], [78.889839941027, 30.999400500231562], [78.88963725759787, 30.99969406700814], [78.88921597455352, 30.999880670198426], [78.88793249367073, 31.00041089364311], [78.88680347720853, 31.000812935861628], [78.886756725773, 31.000829846395185], [78.885466925773, 31.001303646395186], [78.88494406640714, 31.001530313372392], [78.88459575911203, 31.001731175864226], [78.88442148646236, 31.00178543859952], [78.88370888646236, 31.00204743859952], [78.88329353255955, 31.002221769844528], [78.8828955540028, 31.002432775332437], [78.88251818094919, 31.00267874245621], [78.88216447631314, 31.002957674845856], [78.88183731090642, 31.003267308571758], [78.88085141090642, 31.004288408571757], [78.88055884334945, 31.00461952968724], [78.87979941784099, 31.00555967942068], [78.87931429151547, 31.005964296019826], [78.87833887490073, 31.006641790506986], [78.87796398248557, 31.006929359922374], [78.87761790789538, 31.007251031913135], [78.87730374144463, 31.00760393407074], [78.87702428852025, 31.00798491511314], [78.8767964620871, 31.008328442441325], [78.87668804572999, 31.00840493245616], [78.87378932995767, 31.009836532540362], [78.87336603649383, 31.010071740099256], [78.87296748149465, 31.010346792575913], [78.87259740340527, 31.010659109978622], [78.87225927355742, 31.011005762770747], [78.87195626360847, 31.01138349934976], [78.87086601153042, 31.01288630847881], [78.87078386143013, 31.012996617415013], [78.87041019361895, 31.013313641407507], [78.86962604659772, 31.0139125025043], [78.86930292619523, 31.01418151600386], [78.86900354932615, 31.014476725332468], [78.86873003288497, 31.01479604306428], [78.86835040925406, 31.015278935071215], [78.86757028882239, 31.015838026166012], [78.86714007763082, 31.016183829083552], [78.86675060358722, 31.016574944535176], [78.86640661299874, 31.017006606210774], [78.86454512686876, 31.019627213356575], [78.86279032221553, 31.021709760009234], [78.86248400543008, 31.022113094927935], [78.86222006285456, 31.022545348726688], [78.86200120263517, 31.023002086325388], [78.8618296703568, 31.023478621431305], [78.86129731270937, 31.025231518062057], [78.86095139089299, 31.025418395429025], [78.86055423525256, 31.025684891151666], [78.86018435940642, 31.025988114553364], [78.85984514775659, 31.02632529110879], [78.8595397041246, 31.02669333561776], [78.85927082335111, 31.02708888043514], [78.85904096572287, 31.02750830628514], [78.85892324700082, 31.0277498511933], [78.85790196945017, 31.028488269017252], [78.8562631120098, 31.029339600353005], [78.85519298430347, 31.029756805076374], [78.85418550858114, 31.029840102601767], [78.85370997148078, 31.02990250114137], [78.85324260067628, 31.03001017492032], [78.85278769652331, 31.03016213321448], [78.85234944466976, 31.030356977830582], [78.85193187754302, 31.030592915971276], [78.8515388372469, 31.030867776730926], [78.8504016372469, 31.031747176730924], [78.85004740230764, 31.0320484434403], [78.84972268811737, 31.032381316865212], [78.8494303033762, 31.03274291773013], [78.84903305234876, 31.033283845521073], [78.84852973286769, 31.033742654148757], [78.84836986430922, 31.033888415139632], [78.84495599849691, 31.036504713202913], [78.84346918230638, 31.037344329050843], [78.84346150342209, 31.03734424951182], [78.84298832623637, 31.037384401573362], [78.84252109232489, 31.037469262100732], [78.84002499232489, 31.038046262100732], [78.83962710874488, 31.03815571530375], [78.8392396060658, 31.038297606179448], [78.83886512382179, 31.03847096821629], [78.83636481189843, 31.03975629983505], [78.83521590425208, 31.039363397375702], [78.83475802033938, 31.039230825921997], [78.83428959263674, 31.03914246102372], [78.83381487883098, 31.03909910585724], [78.83333819374525, 31.039101154491313], [78.83286387012035, 31.03914858830526], [78.83239621923296, 31.039240976158215], [78.8259705332925, 31.040832072676864], [78.82485184765058, 31.041109069121678], [78.82317421650946, 31.0415244768326], [78.8227198156019, 31.041660161851322], [78.82228031310706, 31.04183828587028], [78.82197493978431, 31.04199724147329], [78.82145815484418, 31.041830135930415], [78.82134246264849, 31.04179275058265], [78.81984130502542, 31.041176730569372], [78.81931285067941, 31.040993680515953], [78.81876725958438, 31.040870791643748], [78.81821135755018, 31.040809601397335], [78.81674845755019, 31.040731001397337], [78.81625446037606, 31.040728898437187], [78.81576266676046, 31.040775553234717], [78.81527787734932, 31.04087051036887], [78.81498210372968, 31.040959502973102], [78.81462341424135, 31.040909748598345], [78.81207984517607, 31.040186195034913], [78.81153864855992, 31.040064241773077], [78.80874879153633, 31.03959644310263], [78.80747128052641, 31.03903148049615], [78.8054846598929, 31.038041178493128], [78.80474349344158, 31.0375901386401], [78.80431376485058, 31.03735662604794], [78.80386327831499, 31.03716621419463], [78.80339634399617, 31.037020724901126], [78.80291742942441, 31.036921550178675], [78.80243111675458, 31.036869638910368], [78.801942058925, 31.036865487772406], [78.80145493513912, 31.036909136482013], [78.80097440609586, 31.03700016741743], [78.79988230609587, 31.03726296741743], [78.79957311364005, 31.03735797806545], [78.79933422520506, 31.037099137491108], [78.7989686866001, 31.036773631884273], [78.79857307316628, 31.036485426431895], [78.79815117602556, 31.036237282976526], [78.79770703817387, 31.036031579450807], [78.79724491573755, 31.035870287090006], [78.79698421573754, 31.035793387090003], [78.79647688966679, 31.035672106461206], [78.79595968906422, 31.035604340174093], [78.79543824290806, 31.035590825766384], [78.7949182263833, 31.03563171032281], [78.79440529911543, 31.035726548874283], [78.79418939676452, 31.035778245050146], [78.79316216429842, 31.035693775307134], [78.79215332892292, 31.035446760861408], [78.79179889266926, 31.035373463476557], [78.79087989266925, 31.035217863476554], [78.79043892251292, 31.035163225846908], [78.78999484289447, 31.035147953590236], [78.7895511609762, 31.03517216732068], [78.78911138077953, 31.03523567580793], [78.78867897551163, 31.035337977487483], [78.78805057551163, 31.035516477487484], [78.78755499865098, 31.035685758670045], [78.78750280243811, 31.035709946563163], [78.7871852330272, 31.035659981589877], [78.78672141862687, 31.03563068759715], [78.7862568878695, 31.03564458405127], [78.78579565396521, 31.03570155089692], [78.78506765396521, 31.03582605089692], [78.7845703806247, 31.035937438648933], [78.78408702780133, 31.036098863723325], [78.78359538239258, 31.03629142638956], [78.7831415571578, 31.03625957276841], [78.78267544497822, 31.036270391824782], [78.78207654497822, 31.036312291824782], [78.7815620557425, 31.03637521786799], [78.78105684538478, 31.036491068440085], [78.78068951441222, 31.03661652963404], [78.78034356441441, 31.03644310371792], [78.77988581325764, 31.0362673552216], [78.77941304895863, 31.03613728765045], [78.77892981806622, 31.03605415185731], [78.77844076778591, 31.036018747354632], [78.77798856778591, 31.03600824735463], [78.77752934794343, 31.03601868923199], [78.77707302419309, 31.03607122999136], [78.7766234477594, 31.036165426205763], [78.77618441292178, 31.03630048288968], [78.7757596249919, 31.036475260208473], [78.7749285249919, 31.036862760208475], [78.7747350074799, 31.036958123008734], [78.77399855994057, 31.03734099745492], [78.7736235141808, 31.03717464235215], [78.77315300860157, 31.036993742646924], [78.77266667960704, 31.036861136792904], [78.77135267960703, 31.036573136792903], [78.77069544549148, 31.036474306446674], [78.76849086998493, 31.03629147474879], [78.76795170210256, 31.03617753659606], [78.76676955126072, 31.03537689590067], [78.76547805111666, 31.034270312172858], [78.76503399331666, 31.033930965854108], [78.76455483821341, 31.033643296528627], [78.76404657224148, 31.03341089825933], [78.76192710349922, 31.032581658760602], [78.75969469619135, 31.031252298109102], [78.75925606742585, 31.031019786565405], [78.75879654338713, 31.03083191834105], [78.75832065418838, 31.03069054549219], [78.757833091275, 31.030597061710882], [78.75733866117503, 31.030552388585722], [78.7568422381151, 31.030556966516542], [78.75634871596901, 31.030610750372855], [78.75586296001255, 31.030713209938753], [78.75571089391373, 31.030753263434164], [78.75542620000806, 31.030581652679395], [78.75498887551373, 31.030372819961347], [78.75420397551373, 31.030043719961345], [78.75375336083643, 31.029879716723034], [78.75328910768643, 31.029759634824778], [78.75281548627626, 31.029684578782994], [78.75233685298798, 31.02965523896511], [78.75185761030298, 31.029671885239523], [78.75071501030297, 31.029766585239525], [78.75029755826921, 31.029818945616185], [78.74988598602232, 31.02990621585809], [78.74948320762238, 31.030027778064678], [78.74790230762238, 31.030578478064676], [78.74789293030928, 31.030581755061853], [78.74710457046007, 31.030858134459102], [78.74668988686194, 31.030921800874342], [78.74667531171968, 31.030922670256576], [78.74656958715718, 31.03092305928952], [78.74643055338092, 31.030937269671657], [78.74629104324555, 31.030945591211935], [78.74618663077256, 31.030962200545076], [78.74608145343461, 31.030972950524], [78.74542622814458, 31.031072609433014], [78.74434850830843, 31.031232304673633], [78.74382982598776, 31.03133747749841], [78.7433251659355, 31.03149688547972], [78.74291564580732, 31.03165051707891], [78.7425020430963, 31.03178789255798], [78.74209817395653, 31.031941715554176], [78.74170909659053, 31.032129839448086], [78.7413377177454, 31.032350858790206], [78.7410268536606, 31.032574336680256], [78.74048307360003, 31.032677772254367], [78.74008270063185, 31.03277113407261], [78.73969135102914, 31.032897072276626], [78.7384253011923, 31.0333627525195], [78.73813638643026, 31.033355904100567], [78.73785279563914, 31.03335722668848], [78.73610943665021, 31.03341482533352], [78.73577125004762, 31.03342599307865], [78.73500704758222, 31.033311545171145], [78.73449955223947, 31.03326183428778], [78.73398963294186, 31.03326407142186], [78.733482593313, 31.033318233305156], [78.73298370702531, 31.033423756604915], [78.73249816294907, 31.033579543783024], [78.73203101118344, 31.033783974511408], [78.73168464687885, 31.033957100599554], [78.73154994298308, 31.033895675571213], [78.7310555228245, 31.03372991178929], [78.73040696187405, 31.03354949440047], [78.7287190947564, 31.032808679876858], [78.72852090608018, 31.03272671693807], [78.72401315341729, 31.030974732241173], [78.72204066908851, 31.030023112840073], [78.72135823437259, 31.029392258753298], [78.71998731456459, 31.027546546366683], [78.71910350321438, 31.025335998884646], [78.71801486755191, 31.02084675764633], [78.71787982924859, 31.02038723466894], [78.71770144295695, 31.019942740528297], [78.71748134552614, 31.019517353844137], [78.7172215565412, 31.019114977908693], [78.71717848564917, 31.0190605156068], [78.71711685696194, 31.018476692755467], [78.71713278511831, 31.01845470760633], [78.7173744729933, 31.018043704697256], [78.71757591347404, 31.017611549455587], [78.7177352747702, 31.017162171666346], [78.7177649363438, 31.017043734820167], [78.71784059853704, 31.016904422362103], [78.71803735083887, 31.01649972635121], [78.7181969214546, 31.016078979933404], [78.718318017924, 31.015645590991912], [78.7183996594125, 31.015203069809527], [78.71842630822287, 31.014915521573265], [78.71848999818259, 31.014802054457], [78.71869737372161, 31.01438895263977], [78.71886571421875, 31.01395846547085], [78.7189935809841, 31.013514272026615], [78.71907988122877, 31.013060168521505], [78.7191238774042, 31.012600035864406], [78.71912519350548, 31.012137806491193], [78.71904799350547, 31.010359806491195], [78.71900625458338, 31.009896775747283], [78.71892168928757, 31.009439623345813], [78.71889423105934, 31.009342650284445], [78.71906234813075, 31.008933801501623], [78.71921747729776, 31.008386806117567], [78.71930950335476, 31.007825735521774], [78.71935330335477, 31.007412835521777], [78.71938117279785, 31.006901893052945], [78.71935667474338, 31.00639077784319], [78.7192800657731, 31.005884843086537], [78.71915214825542, 31.00538938771924], [78.71894644825541, 31.004733387719238], [78.71877071154593, 31.004258605528698], [78.71854786444838, 31.00380402804286], [78.71828019160476, 31.003374315617744], [78.71810449160476, 31.003121715617745], [78.71778432351005, 31.00270917367468], [78.71747650929206, 31.002388202555526], [78.71745626902177, 31.002184838099737], [78.71735464587886, 31.00168615574216], [78.71720285590497, 31.001200387113325], [78.71700247171319, 31.000732564996902], [78.71675556937475, 31.000287536242535], [78.71646470691007, 30.999869911550288], [78.71646425810565, 30.99986938959095], [78.71641955492001, 30.999745308175047], [78.71621178192778, 30.999261230715312], [78.71589400836079, 30.99814690683069], [78.71572908133535, 30.99766364326704], [78.71551572484637, 30.99719972128623], [78.7152561641559, 30.99675997949423], [78.71495310642581, 30.996349004302875], [78.71470652419679, 30.99607762822766], [78.71458047173122, 30.995685918444458], [78.71439263484424, 30.995249456753783], [78.71416421477201, 30.994832796491536], [78.71389727443561, 30.994439700624934], [78.71359422464266, 30.99407371930501], [78.71325780231469, 30.993738157804277], [78.71289104576924, 30.99343604666593], [78.7124972672801, 30.993170114334266], [78.71139816728011, 30.992501614334266], [78.71102016546637, 30.992293497627355], [78.71062562729882, 30.99211874760805], [78.71021749126517, 30.991978665800058], [78.70930567511066, 30.99170908763277], [78.70923669213444, 30.99150673937432], [78.70903553986668, 30.99106341782603], [78.70879222843561, 30.990641759460146], [78.70850906439694, 30.99024576153439], [78.70818873210303, 30.989879178049378], [78.70737573210303, 30.989035478049377], [78.707021669577, 30.988702126726515], [78.7068998606943, 30.988607983777666], [78.70691335816502, 30.98851769637711], [78.7069381858108, 30.988031811836876], [78.70691567355122, 30.987545814515276], [78.70684603453257, 30.98706430583881], [78.7067299280976, 30.986591844735447], [78.70656845354297, 30.98613290447066], [78.70636313971106, 30.985691830294524], [78.70581027396729, 30.984641003689653], [78.70551843872795, 30.984072119131508], [78.70543397231648, 30.982691229907353], [78.70537932842795, 30.98219924009353], [78.70527630357671, 30.981715064700214], [78.70512590757086, 30.981243449419626], [78.70492961453148, 30.980789016834798], [78.70424434847739, 30.979396336199745], [78.70420415288592, 30.979135077664473], [78.70411324678247, 30.9786836593868], [78.70398119642677, 30.978242518723718], [78.70380912182969, 30.977815397295895], [78.70359848247553, 30.977405917817116], [78.7033510649431, 30.97701755336752], [78.7030689677525, 30.976653597936018], [78.70298778721201, 30.976558272145144], [78.70297017444749, 30.97650310178207], [78.70307023436145, 30.976356682539357], [78.70331107490289, 30.975967072454708], [78.70351525097469, 30.97555705743528], [78.70368104912978, 30.975130078330142], [78.70380707798881, 30.97468971835109], [78.70389227991667, 30.974239673002323], [78.70393593989813, 30.973783719067725], [78.7039360568349, 30.97375314128509], [78.70397861779927, 30.973682680768356], [78.70424206544568, 30.97318525934676], [78.70444793488377, 30.972661379105173], [78.70459361706648, 30.972117679339945], [78.70471341706649, 30.971542879339946], [78.70480483008019, 30.970893522851686], [78.70485613008019, 30.970203722851686], [78.7048696757053, 30.96978554076969], [78.70484821095346, 30.969367690315465], [78.70478261095346, 30.968665690315465], [78.70473996794948, 30.96833141148071], [78.70462586794949, 30.967627011480708], [78.70457885900689, 30.9673772082796], [78.70441345900689, 30.9666066082796], [78.70432231482111, 30.96624740735135], [78.70420481643384, 30.965895943699675], [78.70394283058822, 30.965199279775284], [78.70388078197728, 30.9648546425711], [78.70386668868741, 30.96477965006522], [78.7036726886874, 30.96378905006522], [78.70356951258778, 30.9633624459987], [78.7034293224748, 30.962946533664994], [78.70325319857687, 30.962544517857243], [78.70304249800849, 30.96215949628955], [78.70271109800849, 30.961612396289553], [78.70264060726934, 30.961499446349805], [78.70180603655284, 30.960200998360047], [78.70148062844157, 30.959637187419723], [78.70142460532752, 30.959475542625313], [78.70123343702737, 30.959003239199994], [78.70099519375933, 30.958552843829487], [78.70071234959245, 30.958129033704772], [78.70038784175983, 30.957736209938787], [78.7000250401565, 30.957378451862482], [78.69962771234421, 30.95705947466247], [78.6992616123442, 30.95679507466247], [78.6990437320712, 30.956651621904467], [78.69894703700723, 30.956355683296874], [78.69876559029957, 30.95593524754539], [78.69853629029959, 30.95546444754539], [78.69830557845731, 30.955043393233385], [78.69803554561823, 30.95464640840542], [78.69778123297782, 30.95434038945532], [78.69772818795487, 30.953969192735006], [78.69761895024315, 30.953514103957414], [78.69746764001907, 30.95307122260848], [78.69727558299421, 30.952644429013926], [78.69704446188523, 30.95223746254586], [78.69677630167055, 30.95185388886009], [78.69583610167055, 30.95063478886009], [78.69581546795206, 30.950608219682298], [78.69528812193175, 30.94993387334857], [78.69495010539907, 30.94885977623801], [78.69473084193646, 30.948287970312347], [78.69399088428686, 30.946663584676017], [78.69388551642047, 30.946000647255115], [78.69378029240673, 30.945503268525812], [78.69362510549787, 30.945019145900083], [78.6934215600639, 30.944553284386608], [78.6928883600639, 30.943484584386606], [78.6928248058562, 30.943361499999494], [78.6923688058562, 30.942507599999495], [78.69211743853995, 30.942087730346536], [78.69182623066042, 30.9416944441606], [78.69149797171015, 30.94133150874662], [78.69113580609545, 30.941002400678222], [78.69108793257135, 30.940966778936243], [78.69104003989308, 30.940672130663053], [78.69092460457227, 30.940226183252847], [78.69076861801291, 30.93979275205963], [78.69029321801291, 30.938641252059632], [78.69013171175155, 30.938289343548256], [78.68994345840109, 30.937950987893828], [78.68917275840109, 30.936683887893828], [78.68891405320713, 30.93629981817734], [78.68862092512339, 30.935941329891573], [78.68829588846098, 30.93561149797589], [78.68794760178507, 30.93531809699909], [78.68797819818472, 30.93502845475099], [78.68798354657682, 30.93455944919652], [78.68794492375528, 30.9340920060523], [78.68786266959296, 30.933630238721058], [78.6877375079094, 30.933178210659545], [78.68757054010149, 30.932739899620966], [78.68743656502889, 30.93243239364038], [78.68739499708951, 30.93165881428858], [78.68735441371201, 30.93123747738544], [78.68728412983289, 30.930852781771225], [78.68729587545604, 30.930794915767503], [78.68736573704676, 30.93034777214645], [78.68739488132297, 30.929896143238086], [78.6873830695137, 30.929443729112677], [78.68733039838983, 30.92899423627356], [78.68714409838984, 30.92785373627356], [78.68704297826967, 30.927380156371264], [78.68689651950417, 30.92691857969013], [78.6867060958953, 30.926473335878562], [78.68626939589531, 30.925575235878565], [78.68605692879609, 30.925183669655226], [78.68581045147629, 30.924812569525425], [78.68553192063433, 30.924464881525076], [78.68522354743047, 30.92414336582926], [78.68508523154462, 30.924011456181013], [78.68506645788378, 30.92396126344377], [78.68481467064461, 30.92346475027238], [78.68447479914306, 30.922878002383626], [78.68440640159713, 30.92243525790748], [78.68429457041353, 30.921988690536683], [78.68414214073691, 30.921554301512916], [78.6840322798955, 30.921314493283482], [78.68404905251836, 30.92127874124625], [78.68421033174722, 30.920826553899325], [78.68432749965959, 30.920360983210067], [78.6843994760405, 30.919886321449464], [78.68442559731264, 30.919406944702505], [78.68440562265424, 30.9189272725234], [78.68433973621913, 30.918451727190067], [78.68422854543913, 30.91798469293348], [78.684197417538, 30.917893750414606], [78.6844666540624, 30.916867431406963], [78.68451527510132, 30.916665010583017], [78.68479177510132, 30.91539831058302], [78.68485833690046, 30.915024330099644], [78.68507028869008, 30.914612424384583], [78.68524670420305, 30.914170857793188], [78.68538037617024, 30.913714529739003], [78.68547009564374, 30.913247567316613], [78.6855150511881, 30.912774193799315], [78.68551483621914, 30.91229869044324], [78.68546945268105, 30.911825357767082], [78.68536055268105, 30.91106985776708], [78.68527239805225, 30.910611187011696], [78.68514182895274, 30.910162743246353], [78.68496998472898, 30.909728439593152], [78.68475836489435, 30.909312065787514], [78.68450881604441, 30.90891725510894], [78.68438619505528, 30.908741957801748], [78.68431019274742, 30.908385918827957], [78.68435775968217, 30.90749681831479], [78.68435268723184, 30.906880445751817], [78.68429188723184, 30.90601214575182], [78.68423826513545, 30.905552688422222], [78.68414241124988, 30.905100152899237], [78.68400514599378, 30.90465841245915], [78.68400498491783, 30.90465802482402], [78.68405842278138, 30.904439233364634], [78.68415026206006, 30.903964788141224], [78.68419587062115, 30.903483692950765], [78.68419482242099, 30.903000441852054], [78.68414712725115, 30.902519549042896], [78.68405323064692, 30.90204550669158], [78.68391400972551, 30.90158274297415], [78.68373076499256, 30.90113558070945], [78.68349002764359, 30.900620573136802], [78.68349022475185, 30.90051952556731], [78.68351774953048, 30.900397607177975], [78.68360416925799, 30.899898153968092], [78.68363957797635, 30.89939251763551], [78.68362361179462, 30.898885894541674], [78.68355643479521, 30.89838349118886], [78.6834387373478, 30.897890470713588], [78.6831898373478, 30.897041070713588], [78.68308155496047, 30.896731360750607], [78.68309656865358, 30.896458129624786], [78.68310022663037, 30.895987029338254], [78.6830595292226, 30.89551767597269], [78.68297483774002, 30.89505423642589], [78.68284690406973, 30.894600825093022], [78.68267686400104, 30.894161467339245], [78.68246622714193, 30.89374006376267], [78.68221686351683, 30.893340355565055], [78.68193098696464, 30.89296589133756], [78.68131908696465, 30.89223819133756], [78.6810031861148, 30.89189618757105], [78.68065684362169, 30.891585049658335], [78.68028306241226, 30.89130747528862], [78.68002755529614, 30.89113559056632], [78.67992615486739, 30.890850087794185], [78.67973680269996, 30.89039071349174], [78.67955868232431, 30.890057085817375], [78.6795856090588, 30.88963663818042], [78.67956309389876, 30.889105687532638], [78.67948435326606, 30.888580125513872], [78.67937745326607, 30.888057825513876], [78.67924465240951, 30.88754760222375], [78.67905886438484, 30.887054199058802], [78.67882215488645, 30.886583101949224], [78.67853715578187, 30.8861395488141], [78.6782070358493, 30.88572847132334], [78.67806110756675, 30.88556519475845], [78.67781147572792, 30.88504472111856], [78.67761926537206, 30.884682801175792], [78.67709776537205, 30.88379110117579], [78.67681454992676, 30.883359606939432], [78.6764883607126, 30.88295960836314], [78.67612267357921, 30.882595367803976], [78.6757213852633, 30.882270766584046], [78.6742248852633, 30.881183066584047], [78.67393719234795, 30.880988857664537], [78.67265949234795, 30.880189457664535], [78.6724332732784, 30.88005605819057], [78.67076293393221, 30.879129312277815], [78.6703640670173, 30.878881253701763], [78.67022370234523, 30.878696615701017], [78.66997224957798, 30.87841324801281], [78.66965708861815, 30.878084097139816], [78.66956488697743, 30.877618820310175], [78.66942265756309, 30.877148852435397], [78.66923501707734, 30.876695101338715], [78.66887191707734, 30.875926301338716], [78.66865281583023, 30.875513530182186], [78.66839613468791, 30.8751230174739], [78.66810411586681, 30.874758174504564], [78.66777931027262, 30.874422188329063], [78.6674245552171, 30.8741179939262], [78.66668857119133, 30.873544347700747], [78.66657416556299, 30.873412740208334], [78.66646272981032, 30.87328452836483], [78.66615221380997, 30.872736712885626], [78.66599396077451, 30.87247634727231], [78.66534094599666, 30.87147223920389], [78.66528116337453, 30.871163772571865], [78.66517330224521, 30.870717853492625], [78.66502502261478, 30.87028369799093], [78.66483757286638, 30.869864961271418], [78.66461253116077, 30.869465168726233], [78.66386143116078, 30.868263368726236], [78.66357589905486, 30.867853571707307], [78.66325090703072, 30.867474306148008], [78.66288969801708, 30.867129356544872], [78.66249587633348, 30.866822164973108], [78.66172987633347, 30.866283964973107], [78.66123854323882, 30.865979576333448], [78.66071536556863, 30.865733922554195], [78.65994506556864, 30.865425222554194], [78.65958722274455, 30.865305766166976], [78.65932358791922, 30.86498121420989], [78.65866911654855, 30.864170646799977], [78.65855177791646, 30.864043575924587], [78.65847912278605, 30.863630069919807], [78.65835717500612, 30.86318346058724], [78.65819444193595, 30.862750044961263], [78.65799231872622, 30.862333538820785], [78.65775253822899, 30.861937512975523], [78.65747715614152, 30.861565362652577], [78.65733965493365, 30.861411616690145], [78.657400447652, 30.861044713037845], [78.65745798145699, 30.860538994255627], [78.65746380364496, 30.860030046588836], [78.65741785388369, 30.859523143989865], [78.65732060832597, 30.859023539219162], [78.65717307467551, 30.858536409413684], [78.65697678174459, 30.858066802438998], [78.65673376361184, 30.857619584580952], [78.65644653854415, 30.857199390118957], [78.65611808290123, 30.85681057330342], [78.6557518002932, 30.856457163234996], [78.6553648002932, 30.856120063234997], [78.65495741339592, 30.85580073767162], [78.6545191958522, 30.85552524123994], [78.6540548441779, 30.855296526522256], [78.65358980657862, 30.855124612615757], [78.65330171180825, 30.85489605835778], [78.65290295253672, 30.85463732899836], [78.65248142608468, 30.85441763537468], [78.65204094220547, 30.854238963076284], [78.65157124434171, 30.85407397747146], [78.65136423143784, 30.85389774738639], [78.65047719327384, 30.853071114214995], [78.65047168624709, 30.853065989937182], [78.64901338624709, 30.85171108993718], [78.64860399681213, 30.851369529875967], [78.6481605652154, 30.85107350385702], [78.64768813350449, 30.850826377849927], [78.64719207347329, 30.85063096180574], [78.64679620928696, 30.85049892967508], [78.6448092447124, 30.849377467468127], [78.64438183450234, 30.848988720195344], [78.64375307873352, 30.84834823921925], [78.64375310895147, 30.84834183448022], [78.64370242038478, 30.847828677761246], [78.64359914951278, 30.84732347059976], [78.64345764951278, 30.846776670599763], [78.64329965086054, 30.846276097947037], [78.64309004365103, 30.845794848144447], [78.64283113806218, 30.845338225268502], [78.64252578761217, 30.844911261970964], [78.64217735770941, 30.844518664011673], [78.64178968856093, 30.844164758394193], [78.64136705284758, 30.843853445675904], [78.64079305284758, 30.843475445675903], [78.64032800382574, 30.8432039171171], [78.63983645007025, 30.842983977906382], [78.63932409357223, 30.842818179324087], [78.63815259357223, 30.84250767932409], [78.63768502889297, 30.84240741035027], [78.63721002392293, 30.842352266222587], [78.63673192344886, 30.842342751334666], [78.63619599774789, 30.842357728430446], [78.63543875923044, 30.841342112228094], [78.63514703035044, 30.840986264830185], [78.6348238232754, 30.840658743385607], [78.63357402327539, 30.839503743385606], [78.63323380309402, 30.839216337888043], [78.63286935779927, 30.83896034703083], [78.63248357892478, 30.838737801862752], [78.63234253225225, 30.838672407234995], [78.63232199781149, 30.838626704160493], [78.6320652978115, 30.838109504160496], [78.63179616987891, 30.837634341172887], [78.631476828562, 30.837191361678773], [78.631058828562, 30.836673661678773], [78.63075169229636, 30.836327373001303], [78.63045206038989, 30.836046756746832], [78.63043525348394, 30.83595833487216], [78.63033036727491, 30.835516811725228], [78.63018588081287, 30.835086617038595], [78.6300029843415, 30.834671294649503], [78.62978318451661, 30.8342742658809], [78.6295282919947, 30.833898801357414], [78.6290984919947, 30.833323701357415], [78.62886986290924, 30.833051189621493], [78.62887173002271, 30.832855549318346], [78.62882025169672, 30.832326023565646], [78.62871280070034, 30.831804965196365], [78.62855059358316, 30.831298273582114], [78.6283354668382, 30.8308116854355], [78.62812746399544, 30.83040169878232], [78.6281233530996, 30.830388799133015], [78.62809141036801, 30.83018514235257], [78.62799374744557, 30.829712685129056], [78.62785100524202, 30.829251839669283], [78.62766451270939, 30.828806896515903], [78.62726871270938, 30.827977296515904], [78.62704447684543, 30.82755950900379], [78.62678167417263, 30.82716484093676], [78.62648266810832, 30.82679684161412], [78.62615014765143, 30.826458820499823], [78.62562854765143, 30.825976620499823], [78.62519199999853, 30.825616648369554], [78.62471757687194, 30.82530830361968], [78.62434296452459, 30.825093955149065], [78.6243227256389, 30.82375881556147], [78.62431682440565, 30.823369934248923], [78.62428285125317, 30.822859034414424], [78.624190877965, 30.82208071869485], [78.62426601119986, 30.821771868133602], [78.62435476252037, 30.821315653098623], [78.62440076944866, 30.820853168160944], [78.62440363446836, 30.820388409356084], [78.62436462138669, 30.81994019638012], [78.62442360206495, 30.81982351236181], [78.6245889758405, 30.819407630938837], [78.62471649841497, 30.81897862763277], [78.6249232221623, 30.81814886148031], [78.62522244829155, 30.817467824268554], [78.62548606166449, 30.816901784530415], [78.62563852529433, 30.816703284703006], [78.6259350865559, 30.81627223630064], [78.62618497993687, 30.815812557494088], [78.62638546909163, 30.815329281790305], [78.62653435865349, 30.814827701083523], [78.62663001827393, 30.8143133077087], [78.62666951827393, 30.8140147077087], [78.62671140997926, 30.813472571753888], [78.62669418367952, 30.812929092625428], [78.62665468367952, 30.81247139262543], [78.62658084934571, 30.811944755228676], [78.6264514999855, 30.811428938207325], [78.62626809879087, 30.810929776451665], [78.62603272038481, 30.81045291644866], [78.62574802735331, 30.810003752409227], [78.62565600401909, 30.809874339798164], [78.6257485577164, 30.80970609702667], [78.62597569792416, 30.80923680995535], [78.62615273573374, 30.808746421697673], [78.62637893573374, 30.808000121697674], [78.62647827466822, 30.807618857575847], [78.62654728543515, 30.807230955438005], [78.62666528543515, 30.806372855438006], [78.62670114614852, 30.80601945428206], [78.62672728347901, 30.805621578243], [78.62677668553097, 30.80525424897737], [78.62681853631827, 30.80475402027331], [78.62681001891235, 30.804252116200246], [78.62675121916193, 30.80375359555462], [78.62664272972204, 30.80326348303061], [78.62648564408047, 30.802786718575163], [78.62628154553639, 30.802328107597248], [78.6260446455364, 30.801860507597247], [78.62576879888198, 30.80138326631492], [78.62544209494006, 30.800939289792293], [78.62506850447842, 30.800533974131007], [78.62401913774052, 30.799514489166977], [78.6230587275776, 30.798484659883517], [78.62265604570649, 30.798001245327704], [78.62224475222382, 30.79756381872393], [78.62178399102147, 30.797178846676925], [78.6214607645635, 30.796940221447354], [78.6214661904811, 30.79686884325652], [78.6214822904811, 30.79630114325652], [78.62147143620413, 30.795800969418917], [78.62141065237856, 30.79530438406905], [78.62130054755185, 30.794816358854238], [78.62122154755185, 30.79453305885424], [78.62121325538891, 30.79450366968185], [78.62098219925404, 30.79369422415003], [78.62103028228015, 30.79352540735409], [78.62140028201426, 30.792482990806366], [78.62156923530094, 30.791895152289047], [78.62165718430892, 30.791499381753123], [78.62209343777904, 30.79050445885969], [78.6220999354316, 30.790487411033606], [78.62210795352077, 30.790471023290763], [78.6221872983407, 30.79025819784197], [78.62226819256264, 30.7900459564802], [78.62227298794805, 30.790028353862787], [78.62227936114826, 30.790011259121183], [78.62244740296042, 30.789482605842544], [78.6226015340049, 30.789307770105918], [78.6229268594512, 30.788897254860167], [78.6232074537838, 30.788454958315402], [78.62344023765486, 30.78798573440043], [78.62362265640652, 30.787494732555167], [78.62375270810671, 30.786987341218737], [78.6238152081067, 30.786676641218737], [78.62389144970854, 30.786158596900908], [78.62391309550657, 30.78563541991698], [78.62387990810466, 30.78511284811001], [78.62379225147924, 30.7845966126859], [78.62365108698755, 30.78409237535748], [78.62352768698756, 30.783726575357484], [78.62336574822173, 30.783309228564548], [78.62316712979884, 30.78290803879456], [78.62293342386413, 30.782526222024984], [78.6226665038278, 30.78216683893737], [78.62236850934768, 30.781832770382625], [78.62204950934768, 30.781505870382624], [78.62203439928948, 30.781491835023726], [78.62202061085002, 30.78147649931087], [78.62185467748894, 30.781324895893647], [78.62168999909001, 30.7811719302068], [78.62167358608527, 30.781159443476792], [78.62165836087807, 30.78114553311288], [78.62147836679769, 30.781010924020823], [78.62129948811143, 30.78087483621157], [78.62128193022615, 30.780864018364323], [78.62126541487847, 30.780851667313936], [78.6210730935209, 30.78073534890671], [78.62088173724614, 30.78061744957452], [78.62086320357243, 30.780608404791877], [78.62084555713601, 30.780597732002317], [78.62064276066053, 30.78050082448943], [78.62044076966332, 30.780402249069667], [78.6204214386906, 30.780395064457828], [78.62040283111027, 30.780386172713893], [78.62005883111027, 30.780242072713893], [78.61976494856958, 30.780129699611205], [78.61959564856959, 30.780070999611205], [78.6194868267762, 30.780033304715406], [78.61940610471801, 30.779811770789166], [78.61912344105421, 30.778892121073163], [78.61893556187762, 30.77838158545689], [78.61869332985678, 30.777894482953755], [78.61799262985679, 30.776658982953755], [78.61778771117947, 30.776328336185543], [78.61755770798958, 30.776014620578223], [78.61725370798958, 30.775632120578223], [78.61695028813142, 30.775284561739067], [78.61661612361803, 30.774966450382806], [78.61625405966984, 30.7746804950464], [78.6158671790551, 30.774429130476626], [78.61545877584184, 30.774214496899592], [78.61503232735073, 30.77403842179792], [78.61459146454773, 30.773902404350785], [78.61261546454773, 30.773391304350785], [78.61227911242268, 30.773316568100466], [78.61092024350042, 30.77306341981597], [78.6108986175204, 30.77302865409297], [78.61059914312648, 30.772638660479238], [78.6102628104156, 30.772279968077633], [78.60989287212777, 30.77195604587313], [78.60949290600914, 30.771670026581262], [78.60755410600915, 30.77042292658126], [78.60723067230875, 30.770231670807725], [78.60689378918352, 30.770065243978753], [78.60531079397647, 30.7693559130547], [78.60463677609391, 30.76897950050262], [78.6043800133004, 30.768776384311796], [78.60345882117036, 30.76771773445199], [78.60313889744876, 30.767382758364164], [78.60194299744876, 30.766241458364163], [78.60160413719956, 30.765946007921], [78.60124010820331, 30.76568218956921], [78.60002870820331, 30.76488478956921], [78.5997985988908, 30.764742097710386], [78.59830127702239, 30.76386882547167], [78.59747754190867, 30.763343497979616], [78.59722078912523, 30.76280529458898], [78.59679122914919, 30.761824718622883], [78.59659212645212, 30.7614207643784], [78.59635748363705, 30.761036363981745], [78.59608920432281, 30.76067463601053], [78.59578946501561, 30.76033851510469], [78.59546069745153, 30.760030728158217], [78.59510556886808, 30.759753772196326], [78.59437976886808, 30.759238572196328], [78.59399487990514, 30.75899104401178], [78.5935889722385, 30.75877974166415], [78.59316544590857, 30.758606435104024], [78.59272784853644, 30.758472576014505], [78.59227984560779, 30.758379285651344], [78.5909031456078, 30.758157785651342], [78.59038762684354, 30.75810207491025], [78.59010466293769, 30.758100971631364], [78.59005675332278, 30.758052456952953], [78.58964790164636, 30.75771778982643], [78.58920601729659, 30.757428134858742], [78.58873603456229, 30.757186726473723], [78.58824320149213, 30.756996260351148], [78.58687041993355, 30.756547528019123], [78.58649891402099, 30.756411483600445], [78.58643939924406, 30.756070356013645], [78.5864247921953, 30.756005586827698], [78.58641485822963, 30.7559399382965], [78.5863708435895, 30.755766373052424], [78.5863314506973, 30.75559170083751], [78.58631056549505, 30.755528675273965], [78.58629424468288, 30.755464316557372], [78.58623342961633, 30.755295901266347], [78.58617710554071, 30.755125931324734], [78.58615014332098, 30.75506525635444], [78.58612759284057, 30.75500280726186], [78.58605056302999, 30.75484116385543], [78.58597785020257, 30.75467753309034], [78.58594507062615, 30.75461979304619], [78.58591650765105, 30.754559854996764], [78.58582400493567, 30.75440654018939], [78.58573560362066, 30.75425082445445], [78.58569732237287, 30.754196575404734], [78.58566302198008, 30.754139725634534], [78.58555593721145, 30.753996215931334], [78.58545269876201, 30.75384991485448], [78.58540928451225, 30.753799679247308], [78.58536957703326, 30.7537464652506], [78.58524894149629, 30.753614142728587], [78.58513186015507, 30.753478665269046], [78.58508373100616, 30.7534329269006], [78.58503899884582, 30.753383861157438], [78.58490597432689, 30.75326400015504], [78.58477617765101, 30.7531406510346], [78.58472379711301, 30.753099850390427], [78.58467447106642, 30.75305540543068], [78.58402027106642, 30.752521705430677], [78.58367589722506, 30.752264599518313], [78.58331071694111, 30.752038015862695], [78.58292742811965, 30.751843628434802], [78.58252886244931, 30.751682873344016], [78.58154996244932, 30.75133617334402], [78.58101175824163, 30.75117890912718], [78.58045933003537, 30.75108289412833], [78.57947743003537, 30.75096849412833], [78.57902978817027, 30.75093661608457], [78.57877482840736, 30.75094138234651], [78.57846671201438, 30.750690762673287], [78.57790498959726, 30.750185659263952], [78.57758711261697, 30.749922710203787], [78.5772486407626, 30.749686861127795], [78.57689187818787, 30.749479717583117], [78.57625527818787, 30.749144417583118], [78.57581240263566, 30.748938130865728], [78.57535150860377, 30.74877605170021], [78.57487699657872, 30.748659727572836], [78.5743933970678, 30.748590269113624], [78.57390532734303, 30.748568339492408], [78.57377952734302, 30.748568839492407], [78.57287741016653, 30.748572644478305], [78.57239582357413, 30.748597932532633], [78.57191891318209, 30.748669497954744], [78.57145111549954, 30.748786674999764], [78.57099678226368, 30.7489483736159], [78.57056013995725, 30.749153089584752], [78.57014525049127, 30.74939891851447], [78.57007673831362, 30.749449017372363], [78.56996627616924, 30.74939167234123], [78.5695634912448, 30.74922532546046], [78.56914775169233, 30.7490946824178], [78.56766515169234, 30.748698882417802], [78.5672803415937, 30.748612255369878], [78.56688990037419, 30.74855623116477], [78.56617830037419, 30.74848263116477], [78.56545621006748, 30.748460415373053], [78.5641244670282, 30.748515781082183], [78.56370572581551, 30.74848545823722], [78.56318091421754, 30.74847508002179], [78.56265790666552, 30.74851977925292], [78.56214246743326, 30.74861906328265], [78.56164027738104, 30.748771837862282], [78.5614978329996, 30.748832121475395], [78.56107158063395, 30.748251915246705], [78.56077159882149, 30.747881908940574], [78.56043776900945, 30.747542127524113], [78.5600731209538, 30.74723565476857], [78.5596809641092, 30.746965272144106], [78.55882015291299, 30.746430399914683], [78.5575509058988, 30.745409423380785], [78.55717517329306, 30.74513497075525], [78.55677555499103, 30.744896633919307], [78.55533715499104, 30.744127133919307], [78.55512993771384, 30.744030435943106], [78.55503381068593, 30.743556580364515], [78.55479981068592, 30.742636280364515], [78.55466008443487, 30.742179385704087], [78.55447738670925, 30.741737913511297], [78.55425338573043, 30.741315894889144], [78.5539901268617, 30.740917183309183], [78.553690013932, 30.74054541942528], [78.5533557872863, 30.74020399783066], [78.55299049876363, 30.73989603606168], [78.55259748383034, 30.739624346131496], [78.55218033112395, 30.739391408853425], [78.55174284968514, 30.73919935118852], [78.55128903417713, 30.7390499268242], [78.55082302841033, 30.73894450016125], [78.55034908750493, 30.7388840338554], [78.54972838750493, 30.7388348338554], [78.5490043777929, 30.738777490747154], [78.54899727555095, 30.738776059408828], [78.54872446023282, 30.738525384100754], [78.5483995896869, 30.7382555542061], [78.54832910727168, 30.73818899204513], [78.54817690014113, 30.737960225834154], [78.54807527605902, 30.73781324969227], [78.54765097605903, 30.73722244969227], [78.5473649089245, 30.736860601470447], [78.54704671281321, 30.736526655702594], [78.5466990958101, 30.736223454514857], [78.54632501639365, 30.735953578374215], [78.54588721639365, 30.735667478374214], [78.54541547576015, 30.73539467324176], [78.54491684848728, 30.73517482623057], [78.54439725750642, 30.73501054878778], [78.54340485750642, 30.73475534878778], [78.54297827689294, 30.734665278520573], [78.54254547159503, 30.734612711925337], [78.54210973238153, 30.73459804868412], [78.53936808420536, 30.734625393937232], [78.53770904031794, 30.734234005169498], [78.53549528990214, 30.73347172403906], [78.53502307592491, 30.73333469177769], [78.53453968591982, 30.733244702978848], [78.5340497945366, 30.733202627884182], [78.5322389945366, 30.73313652788418], [78.5317283537739, 30.73314398619269], [78.53122113740208, 30.73320349389847], [78.5307226368974, 30.733314430194245], [78.52932103689739, 30.733702430194246], [78.5289868043782, 30.733807695638333], [78.5274096043782, 30.734365895638334], [78.5270135023786, 30.73452570137134], [78.5266907837054, 30.734297030693075], [78.52619446106947, 30.73402389086618], [78.5259650142743, 30.733914068945754], [78.5255608196554, 30.73357619768629], [78.52483930088374, 30.732943961323723], [78.52446785017133, 30.73264843233098], [78.5240700491, 30.732389458732037], [78.52364948286014, 30.732169374531807], [78.52320994181369, 30.7319901632437], [78.52275538733342, 30.731853440013158], [78.52228991610099, 30.73176043706113], [78.52162828517076, 30.731660629472355], [78.51901491368531, 30.7308921789934], [78.51885373768887, 30.730847699857563], [78.51578033768888, 30.730054599857564], [78.51540256144503, 30.72997254789324], [78.51311076144502, 30.729566847893242], [78.51256833260256, 30.729501144587516], [78.51202197331158, 30.729495020972177], [78.51147820810671, 30.729548550174446], [78.50990020810671, 30.729791550174443], [78.50925424910226, 30.729935332808434], [78.50707854910226, 30.730573332808437], [78.50691069463306, 30.73062577705134], [78.50569659463305, 30.73102867705134], [78.50555066310176, 30.731079621794557], [78.50393036310176, 30.731673521794555], [78.50339383096767, 30.73190662753951], [78.50288819678529, 30.732200802815232], [78.50182624586958, 30.732904872496082], [78.50105917256361, 30.732685551446803], [78.4993682857286, 30.7321680821889], [78.49891063489392, 30.73205135357763], [78.4984440118783, 30.73197832744205], [78.49797258026292, 30.731949655379328], [78.49750054653504, 30.731965593224384], [78.49703212255446, 30.732025998767107], [78.49657148797198, 30.732130333021267], [78.49612275293518, 30.73227766503379], [78.49568992141444, 30.732466680191447], [78.49527685547635, 30.732695691950884], [78.49402325547635, 30.733470291950884], [78.49371110208314, 30.733679784657483], [78.49341557098694, 30.73391213849582], [78.49170747098694, 30.73536223849582], [78.4914166083592, 30.735629645392546], [78.49004010233628, 30.736999369205535], [78.48956351510378, 30.736791810358966], [78.48905234056892, 30.73663169213072], [78.48852697020871, 30.73652717784126], [78.48799343395622, 30.7364794670523], [78.48656403395623, 30.7364285670523], [78.48606886260097, 30.736435474105495], [78.48557680324788, 30.736491330810477], [78.48509268284921, 30.73659558923], [78.48462125047848, 30.736747226620746], [78.48416713074351, 30.736944755466148], [78.48373477842047, 30.737186238068446], [78.48295947842047, 30.737671138068446], [78.48256517695646, 30.737944927347066], [78.48219894812249, 30.738255266926842], [78.48186416758469, 30.738599296293494], [78.48098326758469, 30.739596096293493], [78.48070920099673, 30.739934898875404], [78.4804656755876, 30.740296278259503], [78.47905837531069, 30.742594805234095], [78.47796852074062, 30.744175827656175], [78.47773200888713, 30.7445539806931], [78.4775301375652, 30.744951706158158], [78.47736451316646, 30.745365839149745], [78.47694701316647, 30.746561939149746], [78.47694336869635, 30.746574619967795], [78.47688290059702, 30.746537371712307], [78.4764315232911, 30.746318374265858], [78.47596047176607, 30.746145713284136], [78.47547448859417, 30.746021127127253], [78.47497846668033, 30.745945870135387], [78.4744774, 30.745920700000003], [78.4728537, 30.745920700000003], [78.47240406837969, 30.74594095789764], [78.4719580801959, 30.746001567437595], [78.47151934936186, 30.746102037491124], [78.47109143098325, 30.746241553933398], [78.4706777925508, 30.746418986240492], [78.4700140925508, 30.74673978624049], [78.46864324941569, 30.74740249197009], [78.46650063708218, 30.748220875794722], [78.4646797742271, 30.74877460133415], [78.46422059156608, 30.748939105859616], [78.46377962245812, 30.749147568568283], [78.46336106334967, 30.749398005641837], [78.46186866334968, 30.750392905641835], [78.46145050059016, 30.750704343909277], [78.46106704377898, 30.751057635236403], [78.46021834377898, 30.751925635236404], [78.4598965088175, 30.75228843139832], [78.45984181648603, 30.7523636632637], [78.45964218011997, 30.751949701941776], [78.4590912138369, 30.750237998682636], [78.45907897706452, 30.750200490371927], [78.45870227706452, 30.749061090371928], [78.45851598533305, 30.748581841158266], [78.45839727343659, 30.748350222684355], [78.45947933752456, 30.74763750097483], [78.45987517901285, 30.74734797226117], [78.46024075207436, 30.747021056833887], [78.46057253964236, 30.7466598998464], [78.46086734969006, 30.746267975879714], [78.4611223459401, 30.745849055514537], [78.46133507515147, 30.745407169055678], [78.46150349072144, 30.74494656775772], [78.46173419072144, 30.744204667757717], [78.46177982852507, 30.744049045146667], [78.46187922852506, 30.743688545146668], [78.46200329971786, 30.743104408819793], [78.46205684508394, 30.74250964684805], [78.46207854508394, 30.74178734684805], [78.46207248527995, 30.741348967340468], [78.46202804674117, 30.74091280391907], [78.46194557113475, 30.740482210040526], [78.4618256925771, 30.740060496339886], [78.46173265520638, 30.739780512002383], [78.46154400045478, 30.73857373352609], [78.4614217061437, 30.738008200495962], [78.46123489629032, 30.737460582394206], [78.46087559629032, 30.736578082394207], [78.46064985181387, 30.736098201393748], [78.46037455002386, 30.73564492965664], [78.46005278802514, 30.73522336642362], [78.45981690347935, 30.734946134299395], [78.45936817692726, 30.734389812029903], [78.45877748010113, 30.733562347211066], [78.45849128371914, 30.73319833831498], [78.45817264025472, 30.732862366310087], [78.45782428253243, 30.732557312638054], [78.45768306880123, 30.732444767356288], [78.45733629596509, 30.731984514752433], [78.45724247967898, 30.731863878595444], [78.45634447967899, 30.730744878595445], [78.45605623039398, 30.73041622354255], [78.45574037584028, 30.730114002274263], [78.45539933043275, 30.72984052499164], [78.45422733043276, 30.728982124991642], [78.45367750068324, 30.728632077974165], [78.45309057997345, 30.72831014201704], [78.4521977547753, 30.72761111175683], [78.45206826248801, 30.727513077060607], [78.45142096055116, 30.727039364517278], [78.45074715751582, 30.72624243836494], [78.45065473971607, 30.72613314634637], [78.45042830587983, 30.72577877906498], [78.45012720138718, 30.725357371842016], [78.44978411929239, 30.7249693735955], [78.4494027408384, 30.724618947514998], [78.44898715818493, 30.724309853643803], [78.44791435818495, 30.723595153643803], [78.4474988426158, 30.72334651139039], [78.44706122398635, 30.723139228748675], [78.44660560674203, 30.72297524983216], [78.44613626413806, 30.722856112606703], [78.44566586116335, 30.722784197708318], [78.44497509454077, 30.722517004464148], [78.44472668491544, 30.722428376414246], [78.44242188491543, 30.721673976414245], [78.44198719474603, 30.721553114011858], [78.44154337928542, 30.721471928418232], [78.44043237928543, 30.721320128418235], [78.43999914293148, 30.72128003971583], [78.43956406170504, 30.721277766206185], [78.43913043005583, 30.721313325104393], [78.4387015314573, 30.72138644715728], [78.43812093145729, 30.72151164715728], [78.43756283958281, 30.72166630293563], [78.43510423958281, 30.72250370293563], [78.43466325707246, 30.72267764146367], [78.43424072896966, 30.722892560490994], [78.43384045329813, 30.723146528151855], [78.43346602805885, 30.72343726157985], [78.43312081888816, 30.72376214742818], [78.43280792880483, 30.724118265360513], [78.43253017031758, 30.72450241430133], [78.43229004014395, 30.724911141209777], [78.43164054014396, 30.726147341209778], [78.43141527508355, 30.7266389654451], [78.43126123052772, 30.72702967845488], [78.43061786562998, 30.72721040326401], [78.43012195174595, 30.727285375950334], [78.4291671866652, 30.727241924091253], [78.42906245317735, 30.72722263680948], [78.42781655905038, 30.726268008254063], [78.427695443863, 30.726077610355848], [78.42737330424842, 30.725671257812206], [78.42701081077945, 30.725300454891556], [78.4266118623825, 30.72496918989554], [78.4262256623825, 30.72468098989554], [78.42582701668591, 30.72441233697367], [78.42540441390838, 30.724183208895404], [78.42502621390838, 30.724001108895404], [78.42447724845776, 30.72377586544188], [78.42390546498665, 30.723617242172782], [78.42375584036209, 30.72358515671989], [78.42269639211095, 30.723210781016874], [78.42225704948056, 30.723077876426476], [78.42180737019878, 30.722985821439902], [78.42135114390314, 30.722935391843468], [78.42045324390314, 30.72287769184347], [78.41995119189369, 30.722870691973814], [78.41945096924145, 30.722914079950883], [78.41895762029607, 30.723007418241256], [78.41847612009127, 30.72314976560213], [78.41770609104736, 30.723420142136806], [78.41761543448216, 30.72343789478106], [78.41713336973567, 30.723557430188066], [78.4166655423898, 30.723724201611837], [78.41621656849944, 30.72393656351785], [78.4157908780924, 30.724192420530038], [78.4154214780924, 30.724440220530038], [78.41496201803193, 30.7247884572803], [78.41454569833735, 30.72518726838007], [78.41302779833735, 30.726819268380066], [78.41273716941839, 30.727161325983676], [78.41247838728611, 30.727528068919167], [78.41247537326765, 30.72753277546054], [78.4124095268094, 30.727586425309372], [78.4120803718317, 30.727912455136433], [78.41185329090844, 30.7275133222513], [78.4115519975027, 30.727092083182136], [78.4109881975027, 30.726384383182136], [78.41064939046467, 30.72600110041895], [78.41027319346512, 30.725654442513953], [78.40986354447232, 30.725348038225047], [78.40942473162448, 30.725085094941896], [78.40816813162448, 30.724416994941894], [78.40774955594564, 30.72421874393668], [78.40731443169986, 30.72406007462426], [78.40686649241084, 30.723942348444826], [78.40640958156001, 30.72386657553167], [78.40506428156002, 30.72370707553167], [78.40459601976511, 30.72367375030232], [78.40412669644743, 30.72368448822418], [78.40366044877987, 30.72373919464046], [78.40320138682291, 30.723837387303856], [78.40275355729361, 30.723978200627666], [78.40232090789308, 30.724160393316083], [78.40023340789308, 30.725157293316084], [78.39982620590806, 30.72537540230313], [78.3994408707125, 30.72563016056878], [78.39908069129626, 30.72591939364947], [78.39874874193454, 30.72624063282531], [78.39844785594772, 30.726591136191608], [78.39818060151792, 30.726967912062115], [78.39794925976845, 30.727367744504267], [78.39775580529356, 30.727787220788446], [78.39701906304872, 30.729600634656048], [78.39660896102687, 30.730102304934658], [78.39652810453568, 30.73016832873044], [78.39626459407052, 30.72989784832052], [78.39586340632688, 30.72956401374815], [78.39542960495103, 30.729273818135372], [78.39496791659295, 30.729030423420237], [78.39325951659295, 30.728240823420236], [78.39279718501369, 30.728054511549534], [78.39231860015377, 30.72791515899589], [78.39182851843078, 30.727824150715232], [78.39133181052395, 30.727782391193724], [78.39083341296683, 30.727790295458547], [78.39033827908558, 30.72784778495313], [78.38985132977032, 30.727954288317896], [78.38937740456879, 30.72810874706872], [78.38812490456878, 30.72858724706872], [78.38764606448106, 30.728799551280343], [78.3871920621274, 30.72906078445351], [78.38676787992773, 30.729368079701388], [78.38637817304259, 30.72971806463186], [78.38602721828535, 30.73010689835759], [78.38571886718667, 30.730530313647616], [78.38545650372603, 30.730983663757808], [78.38507456237537, 30.731731445458497], [78.38441000204931, 30.73203138614558], [78.38290028781772, 30.73261193290728], [78.38147754825236, 30.73288133699583], [78.37962727888252, 30.732657959785136], [78.37830674939441, 30.73248637944584], [78.37775909409518, 30.732445633128997], [78.3772102735366, 30.732465192873207], [78.37666690839549, 30.732544822720207], [78.37613555353742, 30.732683562058245], [78.37418654251096, 30.733308630167755], [78.3731499083277, 30.733133609861046], [78.37066829995184, 30.732329354068582], [78.37017307491595, 30.73219649444601], [78.36966684727332, 30.732115050665886], [78.36915494050403, 30.732085879189423], [78.36864273780974, 30.732109286783302], [78.36813562550407, 30.73218502729372], [78.36576972550407, 30.73266352729372], [78.36526732841993, 30.73279258710679], [78.36478100570669, 30.732973001862508], [78.36431599134963, 30.733202829870404], [78.36225761702231, 30.734356692455503], [78.36221504429598, 30.734321159813916], [78.36177721244034, 30.7340279630129], [78.3613109557246, 30.733782472131242], [78.36125474633411, 30.733756562893994], [78.36156727489926, 30.733524788268728], [78.36191791357668, 30.733209436968], [78.3622372826579, 30.73286245380568], [78.36252254111318, 30.732486925459657], [78.36322844111318, 30.731460525459656], [78.36346187572362, 30.731086846543572], [78.36366150746316, 30.730694068211385], [78.36382578617024, 30.73028524042848], [78.36395343620325, 30.729863537785914], [78.36434070445532, 30.72834598122287], [78.36453069671835, 30.728047522769618], [78.36462818369199, 30.727887864051155], [78.36547889928889, 30.72643414722498], [78.36636304733747, 30.725265957258628], [78.36664324742414, 30.72485470534113], [78.3668811798069, 30.72441763737221], [78.36707448762054, 30.723959082776336], [78.36722125603345, 30.723483583816094], [78.36732003121507, 30.722995850598334], [78.36736983473709, 30.72250071441766], [78.36737017326527, 30.72200307989955], [78.36731367326527, 30.720853379899552], [78.36726893932759, 30.72038814531716], [78.3671809600568, 30.719929120274543], [78.36705050419587, 30.719480315628637], [78.36687871163858, 30.719045652932866], [78.36666708346942, 30.718628930171484], [78.36641746884743, 30.718233788573666], [78.36543926884742, 30.716834688573666], [78.36510015978789, 30.716402356129713], [78.3647156602061, 30.716009843240787], [78.36429041341589, 30.71566188999139], [78.36382955480455, 30.7153626983526], [78.36273225480456, 30.7147331983526], [78.36223065645524, 30.71448173721259], [78.36170404197573, 30.714288060164538], [78.3611590432035, 30.714154606250208], [78.36035844320351, 30.714005606250208], [78.3598378556406, 30.71393676798724], [78.35931291943614, 30.713922908032714], [78.3587894246389, 30.713964179262007], [78.35867056510766, 30.713986268544886], [78.3583561014744, 30.71363600953487], [78.35736684861129, 30.712475993927377], [78.35690509360727, 30.71200201332727], [78.35606579360727, 30.711247513327272], [78.3556264985815, 30.710895239528167], [78.3548666361243, 30.710353267630577], [78.35503372685216, 30.70993116146107], [78.35516323297384, 30.709488567444414], [78.35538713297383, 30.708567767444414], [78.3554858869422, 30.70803931471118], [78.35552733292707, 30.707503313901597], [78.35555842053732, 30.706174168692165], [78.35580159710986, 30.704021575474847], [78.35583308519936, 30.703494182047578], [78.35580874750528, 30.702966410313252], [78.35577585995024, 30.70263509423839], [78.35586440640127, 30.702587749057063], [78.35633447843743, 30.70243341609531], [78.35681232973062, 30.702248912767924], [78.35726879646987, 30.702016487614006], [78.35769908788455, 30.70173858001305], [78.35809868792279, 30.701418106697997], [78.35846340264892, 30.701058431143146], [78.3587894042603, 30.70066332826338], [78.35907327126131, 30.700236944795172], [78.3593120243731, 30.699783755775197], [78.35950315780217, 30.699308517573332], [78.35964466553943, 30.698816217972976], [78.35977126553944, 30.698272217972974], [78.35984430656164, 30.697892341917413], [78.36004447975674, 30.69657911872581], [78.36041534916988, 30.69499801263364], [78.36111833566551, 30.693666160014047], [78.361298220269, 30.693287748661067], [78.36144579092596, 30.69289560516202], [78.36156001137383, 30.692492483205374], [78.36177341137383, 30.691597983205373], [78.36186650161432, 30.691095043469584], [78.36190772316597, 30.690585224919126], [78.3618966446631, 30.690073862584295], [78.36183338203746, 30.689566307650416], [78.361718597305, 30.68906787146001], [78.361517397305, 30.68836157146001], [78.36137504446155, 30.68793550764072], [78.36119502587299, 30.687523939884553], [78.36097879461127, 30.68713019027935], [78.36031309461127, 30.686037390279353], [78.3600055979762, 30.685589367755806], [78.3596512985635, 30.68517736012438], [78.35925438105122, 30.684806233662623], [78.35839990862172, 30.684090217413832], [78.35798045981946, 30.6836451482085], [78.3576295990788, 30.682639547339292], [78.35748467272785, 30.6822716383151], [78.35675656717511, 30.680618194563337], [78.35607749158058, 30.67906735950096], [78.35599452030358, 30.678832744379537], [78.35597341878308, 30.67858693647263], [78.35587587803205, 30.678077932345158], [78.3557261722904, 30.6775817594007], [78.35552590999302, 30.67710374850946], [78.35514090999303, 30.67630384850946], [78.35488304278024, 30.67583426477875], [78.35457641418027, 30.675394966154517], [78.35422454434315, 30.674990995861926], [78.35383147279624, 30.674626991550703], [78.35340171206978, 30.67430713205411], [78.35284201206977, 30.67393543205411], [78.35238283264543, 30.673664603858274], [78.35189742859625, 30.673444202940786], [78.35139131787224, 30.67327673476335], [78.35042611787225, 30.67301353476335], [78.34998972909831, 30.672915275677685], [78.34954630492673, 30.672856411308203], [78.3495160348914, 30.672855124504775], [78.34950842891706, 30.672469261244178], [78.34950385731385, 30.672332436153443], [78.34947160522184, 30.671648041760655], [78.34982660247198, 30.67009870238408], [78.34992259835494, 30.669531634661343], [78.3499528389639, 30.66895729459023], [78.3499494389639, 30.668269194590227], [78.34992020428244, 30.667753438219144], [78.34983791045418, 30.667243450938184], [78.34970343591407, 30.666744676541313], [78.34951821609337, 30.66626243913201], [78.34928422809736, 30.66580188629179], [78.34900396960097, 30.665367934133005], [78.34865186960097, 30.664880034133006], [78.34835644200233, 30.664509091868926], [78.3482180375479, 30.664365623483594], [78.34785063986975, 30.663279996476753], [78.3476687715749, 30.662819159909777], [78.34744219009426, 30.662378583865536], [78.3471731199723, 30.661962593856515], [78.34686420290096, 30.661575274013018], [78.34624410290097, 30.660872274013016], [78.34588000309866, 30.66050043977594], [78.34547922646674, 30.660168464690717], [78.34504611468844, 30.659879945101423], [78.34392678804257, 30.65921568960657], [78.34324219772606, 30.658501949283636], [78.34393321803901, 30.656597646956087], [78.34406945606528, 30.656160823772062], [78.34416518955265, 30.65571337501153], [78.34421961673205, 30.655259048063122], [78.34423228177518, 30.654801647920372], [78.34420307861218, 30.654345005314852], [78.34410937861217, 30.65349380531485], [78.3440361788417, 30.65303017898242], [78.3439198271709, 30.652575459430146], [78.34376134892594, 30.652133653784645], [78.34356214066521, 30.651708655371266], [78.34332395787231, 30.651304209404923], [78.34304889948628, 30.650923879986145], [78.34273938940501, 30.650571018693125], [78.34239815512522, 30.650248735046596], [78.34096705512523, 30.6490189350466], [78.3406188604983, 30.648745557282755], [78.34024784999927, 30.648504049292004], [78.33969886293085, 30.648180352125717], [78.3395934375374, 30.647151851616655], [78.33951164883115, 30.646628801256718], [78.3393750150131, 30.64611733056228], [78.33918506786353, 30.645623173550927], [78.33894393685006, 30.645151870139262], [78.33854393685006, 30.644462670139262], [78.3382595681277, 30.644026681009702], [78.337931412809, 30.643622618912786], [78.33756302746875, 30.64325486310733], [78.3371584046981, 30.64292739936151], [78.33672192983248, 30.642643776754802], [78.33576672983247, 30.6420915767548], [78.33522970895673, 30.641822782448884], [78.33467200473665, 30.64162305685336], [78.33466195324401, 30.64146545871432], [78.33447045324401, 30.63974945871432], [78.33438105830824, 30.639214064748153], [78.33398846524554, 30.637456383036124], [78.33374323029788, 30.636098237460764], [78.33369880529241, 30.635880096011096], [78.33365432182825, 30.635684089482226], [78.3341320630325, 30.63527692309106], [78.3342291904928, 30.635191955799428], [78.33523005683915, 30.634293333531573], [78.3354337546729, 30.634123123351998], [78.33580029345126, 30.633784381764634], [78.33613123540304, 30.63341078577484], [78.33642328306848, 30.633006057841335], [78.33667352652505, 30.632574230617216], [78.3368794723816, 30.632119606769162], [78.33703906862212, 30.63164671610626], [78.33715072505176, 30.631160270445612], [78.33721332914132, 30.63066511666443], [78.33722625711232, 30.630166188406452], [78.33721245711232, 30.629591888406452], [78.33717209049522, 30.62906675042564], [78.33707670792276, 30.628548772117657], [78.33692736775758, 30.6280437009566], [78.33672572707432, 30.627557141199198], [78.33647402327287, 30.627094491700117], [78.33617504925218, 30.626660886006405], [78.33582072630288, 30.626200881533105], [78.33521277485208, 30.62536385072553], [78.33453285924352, 30.623916619419415], [78.3342044444466, 30.623325197854037], [78.3337522444466, 30.622626797854036], [78.33370011497529, 30.622547930952884], [78.33317399640606, 30.6217680922765], [78.33319721052203, 30.62116414470183], [78.33320012215454, 30.62088390788278], [78.33317722215453, 30.619585807882782], [78.33314039775718, 30.61906194730659], [78.33304883097871, 30.618544838551482], [78.33290353193233, 30.618040186070413], [78.33258403193234, 30.617116086070414], [78.33238910275927, 30.61663480221555], [78.33214530985177, 30.616176330242876], [78.33185528258007, 30.6157456148924], [78.33152214896403, 30.615347301541707], [78.33114950193676, 30.614985686104344], [78.3307413605938, 30.61466466869728], [78.3298749605938, 30.61405326869728], [78.32946876302832, 30.613794982963753], [78.32903961095911, 30.613576954332977], [78.32859148190457, 30.613401203563917], [78.32812852926787, 30.613269359570815], [78.32539152926788, 30.612630559570814], [78.32496376219419, 30.612550174982935], [78.32453062498182, 30.612507297173266], [78.3238272403299, 30.612468478181658], [78.32354377008183, 30.61240805139], [78.32286943257765, 30.612109768650782], [78.32240805340113, 30.611932401282374], [78.32231251517759, 30.61190099929991], [78.32177736141973, 30.611519564853115], [78.32181863617339, 30.611392113871265], [78.3218256747977, 30.61135988438212], [78.3218354239336, 30.611328368726667], [78.32187800600445, 30.611120262548926], [78.32189948497438, 30.611021911479508], [78.32201695104227, 30.610992610029776], [78.32225417568016, 30.610933522638], [78.32225499319806, 30.61093323134802], [78.32225583525796, 30.61093302129948], [78.32248609754157, 30.61085088650918], [78.32271638830859, 30.610768831555955], [78.32271717333853, 30.61076846153784], [78.32271799075531, 30.610768169964444], [78.32293909364358, 30.610663861026097], [78.32316023270799, 30.61055962874642], [78.32316097768967, 30.61055918356366], [78.32316176259118, 30.610558813273407], [78.32337157675023, 30.61043333473501], [78.32358143441414, 30.61030792894681], [78.32358213217296, 30.61030741288677], [78.32358287700019, 30.61030696744575], [78.32393067700019, 30.610075067445752], [78.3240052488394, 30.610019874358184], [78.3240830507083, 30.609969336201196], [78.32518595070829, 30.609173336201195], [78.32537021476625, 30.60902607288284], [78.32555503527676, 30.60887950853885], [78.32556184973703, 30.608872918751644], [78.32556925493321, 30.60886700053962], [78.32573819738049, 30.608702385297935], [78.32590776211138, 30.608538411123842], [78.32591389784604, 30.608531185134396], [78.325920687298, 30.608524569583988], [78.32607268112517, 30.60834418775505], [78.32622535707671, 30.60816438291047], [78.32623075499538, 30.608156590308845], [78.32623686331684, 30.608149341131586], [78.32637044474019, 30.60795492989157], [78.32650476155958, 30.607761025994897], [78.32650936967725, 30.607752741828257], [78.32651473804187, 30.607744928837537], [78.32662862060074, 30.607538360470965], [78.3267432847421, 30.607332224924715], [78.32674705868008, 30.607323528974106], [78.32675163538757, 30.6073152274133], [78.326844722331, 30.607098491285324], [78.32693862951562, 30.606882109288634], [78.32736402951562, 30.605753209288636], [78.32738766538661, 30.605679747540496], [78.3274161896333, 30.60560804223928], [78.32746276889418, 30.605446321196354], [78.3275143146032, 30.605286113946292], [78.32753063615056, 30.605210689216015], [78.3275519946966, 30.605136533330384], [78.3275824982314, 30.604971025452855], [78.32761809267731, 30.604806537281174], [78.3276269427156, 30.604729875950056], [78.32764092986653, 30.604653983641814], [78.3276550639096, 30.604486282860798], [78.32767436429833, 30.604319097878726], [78.32767565759681, 30.604241938237422], [78.32768213864877, 30.604165040390857], [78.32774653864877, 30.602325540390858], [78.3277451477436, 30.60222684631999], [78.32774955000578, 30.602128240669295], [78.32774169251277, 30.60198167446728], [78.32773962418021, 30.601834912368304], [78.32772856626205, 30.601736829868955], [78.32772328228222, 30.601638267534227], [78.32770109662522, 30.601493177257638], [78.32768465305098, 30.601347324590215], [78.32766403461358, 30.601250798250234], [78.32764911527939, 30.601153228440875], [78.32761281511844, 30.60101101138847], [78.32758215466309, 30.60086747279344], [78.3275521742733, 30.600773432214492], [78.32752776326608, 30.600677794580854], [78.32707394322814, 30.59920548452112], [78.3269884080865, 30.59859923488203], [78.32706807402081, 30.59825365774187], [78.32728947668748, 30.597812729652095], [78.32791182753738, 30.597118535473115], [78.3280581684111, 30.596938231657425], [78.32820545467433, 30.59675869927935], [78.32879255467434, 30.59596679927935], [78.32887541277758, 30.59584274674926], [78.32896298495267, 30.595721975851735], [78.32974208495267, 30.594528375851734], [78.32984270189259, 30.594356337031495], [78.32994647332954, 30.594186182357426], [78.3299665148467, 30.594144636749462], [78.32998980195327, 30.594104819534344], [78.33007307164196, 30.59392374694329], [78.3301596653165, 30.593744240231025], [78.33017553814658, 30.59370093026436], [78.33019481034982, 30.593659022244385], [78.33025993085472, 30.593470659710317], [78.33032851282235, 30.593283529707858], [78.33069931282235, 30.59209412970786], [78.33073743342857, 30.59194675550296], [78.33078102127483, 30.591800904768874], [78.33079883700832, 30.591709369358245], [78.3308221897533, 30.59161908768211], [78.33084568160028, 30.591468686651368], [78.33087476368726, 30.5913192658725], [78.3310319794406, 30.590228453368006], [78.33131987426508, 30.588600740321912], [78.33135814399175, 30.58843149173388], [78.33139918334393, 30.58843920822793], [78.33159908426137, 30.588456780986146], [78.33179863887901, 30.5884779265083], [78.33184339234427, 30.58847825746022], [78.33188797510364, 30.588482176612075], [78.33208863587492, 30.588480071036383], [78.33228930220625, 30.58848155496411], [78.33233387261032, 30.58847749771572], [78.33237862483556, 30.588477028121204], [78.33257811298778, 30.58845526448947], [78.33277795850631, 30.58843707253171], [78.33282191661183, 30.588428666156528], [78.33286640731455, 30.5884238123381], [78.33306280166799, 30.58838260024596], [78.33325990175192, 30.588344907601243], [78.33330282421822, 30.588332233057276], [78.33334662492872, 30.588323041759843], [78.33353803409841, 30.58826277810224], [78.33373049056614, 30.588205947771375], [78.3337719640265, 30.588189127121396], [78.3338146529199, 30.588175686862186], [78.33399923353068, 30.588096952011146], [78.33418519292145, 30.588021531301226], [78.33422481796377, 30.58800072653728], [78.33426598392269, 30.587983166753347], [78.33444195836223, 30.587886718968612], [78.33461962978562, 30.58779343422222], [78.3346570247991, 30.587768845705536], [78.33469627137282, 30.58774733550722], [78.3348619449112, 30.58763410363366], [78.33502961729413, 30.587523853233915], [78.33506442214433, 30.587495717765364], [78.33510137136692, 30.587470464307618], [78.33525514847737, 30.587341538830103], [78.33541120704317, 30.587215384548596], [78.33544308654034, 30.58718397308812], [78.3354773825706, 30.58715521957555], [78.33561778229586, 30.587011842116596], [78.33576072411483, 30.586870998888333], [78.3357893712419, 30.586836613945586], [78.33582068379043, 30.58680463729012], [78.33594635400418, 30.586648188653168], [78.3360748024687, 30.586494012875292], [78.3360999413383, 30.58645698559589], [78.33612796884798, 30.58642209375037], [78.33623769927718, 30.58625408062157], [78.33635041735849, 30.58608805709086], [78.33637180586953, 30.586048744067806], [78.33639627842015, 30.586011273059725], [78.33736127842016, 30.584362273059725], [78.33738438500221, 30.584317930720143], [78.33741088454438, 30.58427552869811], [78.33749771574577, 30.584100445057086], [78.33758802853914, 30.583927131646004], [78.33760667754737, 30.583880737985766], [78.33762889336205, 30.58383594273176], [78.33769814524969, 30.58365319122021], [78.3377710354773, 30.583471860158895], [78.33778504731154, 30.583423861974392], [78.33780276544832, 30.583377104891117], [78.33785377108869, 30.58318844550582], [78.33790853677779, 30.583000843111694], [78.33791777649643, 30.582951702651723], [78.33793082631995, 30.58290343403541], [78.33796309450078, 30.582710683669596], [78.33799920822793, 30.582518616656053], [78.33800358684744, 30.582468807169963], [78.33801184268074, 30.582419491873914], [78.3380250626418, 30.58222450681908], [78.33804217661208, 30.58202982489635], [78.33804165196395, 30.58197982607683], [78.33804503429887, 30.581929939034193], [78.33803907872472, 30.58173459710288], [78.3380370281212, 30.581539175164433], [78.33803160525808, 30.581489468527334], [78.33803008152088, 30.581439490177715], [78.33796048152088, 30.580566590177718], [78.33793897219792, 30.58040032530703], [78.33792264497428, 30.58023347183804], [78.33790751203814, 30.580157141483543], [78.33789752835023, 30.580079968595076], [78.33785982579334, 30.579916612617367], [78.33782722268988, 30.579752162941347], [78.33780468093993, 30.57967768342558], [78.33778718106034, 30.57960186071812], [78.33773364836581, 30.579442986840977], [78.33769273384368, 30.57930780240313], [78.33781300779432, 30.57915441248577], [78.33783820076644, 30.579114829652376], [78.3378664547408, 30.579077370347964], [78.33796988234813, 30.578907933455813], [78.33807646911372, 30.578740465871366], [78.33965576911372, 30.575967465871365], [78.33976004983113, 30.5757614738543], [78.3398655212642, 30.575556088959292], [78.33987084441338, 30.575542614605457], [78.33987738793144, 30.575529688797936], [78.33996097575984, 30.57531446739208], [78.34004580807948, 30.575099733472165], [78.34004978487863, 30.57508580224114], [78.34005502993715, 30.575072297298014], [78.3401171198804, 30.574849919202702], [78.34018049610464, 30.574627904263373], [78.34018308825499, 30.574613650320508], [78.3401869843412, 30.57459969630178], [78.34022697843963, 30.574372303138016], [78.34026828822036, 30.574145145306122], [78.34026947075806, 30.574130705924908], [78.34027198035058, 30.57411643721518], [78.34028949343889, 30.573886218904], [78.3403083389406, 30.573656105833074], [78.34030810047722, 30.57364162007233], [78.34030919940722, 30.573627174087395], [78.34030406282473, 30.573396347758344], [78.34030026255502, 30.573165495561692], [78.34029860538705, 30.57315110292738], [78.34029828307128, 30.573136618789796], [78.34027054628612, 30.57290740742551], [78.34024413684362, 30.57267803933708], [78.34024107693051, 30.57266387843809], [78.34023933647303, 30.572649495638075], [78.34018926660558, 30.57242410666929], [78.3401405023277, 30.57219843162916], [78.3401360691381, 30.57218463884275], [78.34013292730046, 30.57217049589446], [78.34006100655073, 30.571951099939845], [78.33999035706428, 30.57173129132233], [78.33998459329223, 30.57171799948053], [78.33998008033204, 30.57170423258834], [78.33988700133636, 30.571492942551547], [78.33979514703434, 30.571281117233116], [78.33978810818809, 30.571268454343603], [78.33978226756764, 30.57125519609023], [78.33966892672781, 30.571054046810097], [78.33955675221718, 30.570852244784085], [78.33954850608465, 30.570840332797406], [78.33954139405233, 30.570827710867082], [78.33940888290236, 30.57063863952066], [78.3392774684852, 30.570448804251367], [78.3392680944812, 30.570437757886506], [78.33925977952973, 30.570425893835278], [78.33910937422426, 30.570250721282807], [78.3389599854934, 30.570074680987833], [78.33894957389472, 30.570064606627312], [78.33894013610163, 30.570053614712492], [78.33877328512654, 30.56989402796204], [78.33860736077658, 30.56973347800503], [78.33859601185252, 30.56972447267039], [78.33858554210897, 30.569714458750184], [78.33840385233054, 30.569571994709392], [78.3382229903035, 30.569428481274205], [78.33821081335047, 30.569420631691795], [78.33819941248578, 30.569411692205673], [78.33800463367524, 30.569287722880585], [78.33781057577194, 30.569162628080598], [78.33599497577194, 30.568114628080597], [78.33593546997116, 30.568084070029656], [78.33587829694517, 30.56804934280809], [78.33571733083824, 30.567972048904835], [78.3355584889593, 30.567890478735798], [78.33549627448241, 30.567865900418635], [78.33543597289724, 30.567836944354664], [78.33526820575887, 30.567775800080213], [78.3351143178867, 30.567715005469076], [78.33539950035946, 30.567551303982338], [78.33813660163885, 30.56746904343756], [78.3383603515508, 30.56745130055715], [78.33858424204392, 30.567435429822087], [78.33860487621762, 30.567431910283954], [78.33862574289675, 30.567430255601774], [78.3388466762856, 30.567390666831617], [78.33906793308046, 30.567352927412642], [78.33908812291986, 30.56734740231936], [78.33910872693306, 30.567343710312702], [78.33932471608925, 30.567282656914305], [78.3395412083622, 30.56722341226265], [78.3418607083622, 30.56646451226265], [78.34207602531589, 30.566382162822492], [78.34229182694052, 30.566301091990855], [78.34230514476249, 30.566294534524598], [78.34231900998948, 30.5662892316738], [78.342525218477, 30.566186174016416], [78.3427320346263, 30.566084341305086], [78.3427446455752, 30.56607651004002], [78.34275792426708, 30.56606987369398], [78.34295303838728, 30.565947100321253], [78.34314887730935, 30.56582548643461], [78.34316065993492, 30.565816456790035], [78.34317322421056, 30.565808550860446], [78.34335536490728, 30.565667244147566], [78.3435383405668, 30.56552702029332], [78.3435491813959, 30.565516879229655], [78.34356091025447, 30.565507779854943], [78.343728323414, 30.565349300662323], [78.34389667365454, 30.565191817273323], [78.343906468284, 30.565180662454615], [78.34391724877025, 30.565170457266674], [78.34406832211282, 30.564996331835044], [78.34422042562908, 30.564823105562944], [78.34422907973126, 30.564811044416196], [78.34423880802322, 30.564799831696558], [78.34437208662945, 30.5646117369495], [78.34450647858192, 30.564424436057507], [78.34451390881316, 30.56441158473809], [78.34452249122198, 30.564399472471443], [78.34463669154601, 30.56419921986425], [78.34475207766674, 30.563999648162287], [78.34475821246978, 30.563986130435495], [78.34476556634225, 30.563973235269525], [78.34485958857265, 30.56376275334411], [78.3449548576301, 30.563552832816924], [78.3456506576301, 30.561795232816923], [78.34570360408607, 30.561639571470494], [78.345761565874, 30.56148570720215], [78.34578256595333, 30.561407425421205], [78.3458086655901, 30.561330693097457], [78.34584609961433, 30.561170591642917], [78.34588870096488, 30.56101178702421], [78.34590192696677, 30.56093182382371], [78.34592037984372, 30.560852902775316], [78.34594194092615, 30.560689903077], [78.34596877156496, 30.560527687483418], [78.34597409611581, 30.56044681295267], [78.34598472452161, 30.5603664632325], [78.34599020501724, 30.56020213506683], [78.3460010065506, 30.560038070722992], [78.34599837837204, 30.5599570637279], [78.34600107994937, 30.559876059147715], [78.34599042707804, 30.55971198508451], [78.34598509548124, 30.55954765201998], [78.34597453988408, 30.559467292702323], [78.34596928861528, 30.559386413380384], [78.34594260496992, 30.559224173542454], [78.3459211915892, 30.55906115437459], [78.34590281022965, 30.558982216638544], [78.34588965668726, 30.55890224148691], [78.34584719924601, 30.55874339833279], [78.3458099103039, 30.558583263025085], [78.34578388020444, 30.558506507084033], [78.34576295106432, 30.558428206307305], [78.34570512871552, 30.5582742895834], [78.34565232332493, 30.558118580326408], [78.34486372332492, 30.55612128032641], [78.3447992989974, 30.555978982117146], [78.34473999374585, 30.555834475503257], [78.34447601450492, 30.555271596470703], [78.34450746000478, 30.555269145524605], [78.34471546634612, 30.555256023667987], [78.3447519810954, 30.555250086898873], [78.34478886345147, 30.555247212189705], [78.34499406504209, 30.555210727557064], [78.3451997836091, 30.555177280699034], [78.34523554062471, 30.55516779344579], [78.34527196361144, 30.555161317476056], [78.34547260098104, 30.55510489525376], [78.34567405059146, 30.555051445505867], [78.34570870551386, 30.555038499135915], [78.34574431835787, 30.555028484272754], [78.34593845925853, 30.554952667837778], [78.34613369984288, 30.55487972995019], [78.34771099984287, 30.554200529950194], [78.34792057718155, 30.554097815255517], [78.34813064343807, 30.553996104207858], [78.34814085498361, 30.553989856220806], [78.34815160468979, 30.55398458774667], [78.34835010505549, 30.553861825480016], [78.34854919035969, 30.553740014105003], [78.34855874032398, 30.553732795297257], [78.34856892186667, 30.553726498536772], [78.34875443359256, 30.553584870965768], [78.34894062064396, 30.553444132373635], [78.3489494170557, 30.553436012266193], [78.34895893238098, 30.55342874786067], [78.34912966888747, 30.553269618936483], [78.34930116460322, 30.553111308516577], [78.34930912274811, 30.553102365310576], [78.34931788021827, 30.553094203220148], [78.3494721972202, 30.552919105440555], [78.34962735000207, 30.55274474780951], [78.34963439323882, 30.552735067632906], [78.34964230851462, 30.552726086462975], [78.34977871985475, 30.55253670611529], [78.3499160354968, 30.552347980432426], [78.3499220959952, 30.552337656510634], [78.34992909284821, 30.55232794275475], [78.35004628481013, 30.552126103676105], [78.3501644408883, 30.55192482747206], [78.35016946028249, 30.55191395922996], [78.35017547132912, 30.551903606437037], [78.35027231529037, 30.551691252447853], [78.35037017389685, 30.55147936412274], [78.35037410384723, 30.55146805622763], [78.35037907119792, 30.551457164100537], [78.35045463449859, 30.55123634028476], [78.3505312532011, 30.55101588044004], [78.35053405586015, 30.551004241793027], [78.35053793167654, 30.550992915229], [78.35059148660015, 30.550765748242323], [78.35064612751931, 30.550538840025183], [78.35064777589591, 30.55052698271275], [78.35065052285175, 30.550515330792848], [78.3506815536353, 30.550284008377254], [78.35071369054899, 30.550052837038145], [78.350852790549, 30.54849483703814], [78.35085659813723, 30.548399597160625], [78.35086611583922, 30.548304757583725], [78.35086639306239, 30.548154594966572], [78.35087239162125, 30.548004551953362], [78.35086684573446, 30.547909397472882], [78.350867021702, 30.547814081676634], [78.35085257907994, 30.547664614960915], [78.35084384196702, 30.547514706484225], [78.35082899601512, 30.547420553790527], [78.35081982855355, 30.547325679718067], [78.35079080517662, 30.54717834834996], [78.35076741653509, 30.547030018110377], [78.35074341349274, 30.546937773945466], [78.35072499088972, 30.54684425528588], [78.35068166626884, 30.546700478146818], [78.35064385134415, 30.546555154645812], [78.35061092237376, 30.54646570737138], [78.35058342204901, 30.546374444760527], [78.35052621342402, 30.54623560650315], [78.35047433639453, 30.546094689285287], [78.35043279862008, 30.546008900327415], [78.35039648541678, 30.54592077267419], [78.34971948718227, 30.54448251629268], [78.34976805328209, 30.544333859962478], [78.34987749322478, 30.54393325845843], [78.34998072017865, 30.543799905494822], [78.34998075396372, 30.543799857120003], [78.3499807923266, 30.543799812288757], [78.35037702287904, 30.543287919901775], [78.35146779336442, 30.542318202868508], [78.35155094620896, 30.542236630621208], [78.35163819506953, 30.542159455084732], [78.35172597791193, 30.54206492597971], [78.351818067308, 30.541974587049836], [78.35189282427048, 30.541885257191137], [78.35197208847852, 30.541799901392185], [78.35205018315004, 30.541697223247386], [78.35213297434687, 30.54159829298497], [78.3521986154768, 30.54150206581035], [78.35226913167475, 30.541409351771822], [78.35233678608093, 30.54129951343402], [78.35240948175414, 30.541192944591455], [78.35246537489161, 30.541090746821112], [78.35252646396985, 30.54099156742998], [78.35258302656183, 30.540875626702302], [78.35264492661227, 30.54076244559591], [78.35269053347582, 30.540655261450247], [78.35274160711315, 30.540550571858258], [78.35278653316216, 30.54042964531352], [78.35283704145861, 30.540310941938998], [78.35287192282925, 30.540199803659814], [78.35291248915857, 30.54009061208508], [78.35319078915856, 30.53921161208508], [78.35321299762116, 30.539127293083514], [78.35324049647804, 30.539044548157644], [78.35335921420196, 30.538618512107956], [78.3533931773375, 30.53861919648282], [78.3536052787041, 30.53862628564013], [78.35615667870408, 30.53858628564013], [78.3562866596402, 30.538577855795733], [78.35641689091474, 30.53857542244582], [78.35653133668845, 30.538561987396065], [78.35664632677305, 30.538554529775364], [78.35677485554622, 30.538533400163313], [78.35690422121155, 30.538518213633537], [78.35857422121155, 30.538238513633537], [78.35875334710217, 30.538199390935645], [78.35893338890621, 30.538164726560336], [78.35899292604824, 30.53814706474931], [78.3590535974356, 30.538133813575232], [78.35922802609117, 30.53807732185625], [78.35940380324172, 30.53802517721663], [78.35946132253592, 30.538001764791648], [78.35952040293179, 30.537982630589703], [78.35968845450887, 30.537909313895817], [78.35985827417603, 30.537840191173217], [78.35991322168022, 30.53781125360871], [78.35997014210803, 30.53778642065174], [78.36013019817811, 30.537696985062784], [78.3602924249056, 30.53761154994682], [78.36034427144521, 30.537577365927362], [78.36039848373017, 30.537547073370316], [78.36054900286581, 30.53744238019992], [78.36070207432157, 30.53734145547744], [78.36075032058609, 30.53730235421383], [78.36080130263426, 30.537266893790584], [78.36094083525408, 30.537147951291058], [78.36108327727611, 30.53703250892246], [78.36112745862756, 30.53698886698131], [78.36117471945404, 30.53694858019506], [78.36130192178251, 30.536816533847773], [78.36143236257641, 30.5366876856061], [78.36147205352438, 30.53663992328303], [78.3615151379814, 30.536595198117674], [78.36162878499037, 30.536451319601383], [78.36174596834019, 30.536310306365394], [78.36225626834019, 30.535631006365396], [78.36230078700038, 30.535565257290585], [78.36234957194897, 30.53550260842221], [78.3624382674652, 30.53536221404243], [78.3625313743725, 30.535224705568723], [78.36256923412682, 30.535154909501994], [78.36261164349969, 30.53508778054381], [78.36268615086716, 30.53493936852044], [78.36276533125186, 30.534793396114864], [78.36279616749029, 30.534720225230366], [78.36283179286188, 30.53464926267107], [78.36289139453392, 30.534494262292995], [78.36295588584564, 30.53434123174964], [78.36297940159827, 30.53426539072314], [78.36300789987686, 30.534191277970816], [78.36305202185673, 30.534031181976534], [78.36310120300894, 30.533872567063064], [78.36311717180627, 30.53379478628493], [78.3631382685378, 30.533718237086074], [78.36316648590675, 30.53355458728742], [78.363199883258, 30.533391915552265], [78.36320815131177, 30.53331294409399], [78.3632216433232, 30.533234695659154], [78.3632336843325, 30.533069068093496], [78.36325097624814, 30.532903906154043], [78.36325146393244, 30.532824504553787], [78.36325722128834, 30.532745310458328], [78.36325296997654, 30.532579300209434], [78.36325398992588, 30.532413238665683], [78.36324669254407, 30.532334171604465], [78.36324465979794, 30.53225479453061], [78.3632241571075, 30.53209000036765], [78.36320889526787, 30.531924638483314], [78.36319388309774, 30.531846667420226], [78.36318407982604, 30.531767871812516], [78.36314752320905, 30.531605880793613], [78.36311612656034, 30.531442811093793], [78.36309354417723, 30.531366686932536], [78.36307606479086, 30.53128923163601], [78.36302380630757, 30.531131603823262], [78.36297657721663, 30.530972396758276], [78.3629466421013, 30.530898852616343], [78.36292165493626, 30.530823483567637], [78.36231865493626, 30.529265183567635], [78.36229863623589, 30.529220150942784], [78.36285619156217, 30.528649284314735], [78.36299699924362, 30.5284901953656], [78.36301616134458, 30.528469111543004], [78.36306426791485, 30.528444480318928], [78.36312369541355, 30.528419295995075], [78.36328254377985, 30.528332720080968], [78.36344357279562, 30.528250271015327], [78.36349786376027, 30.528215365873525], [78.36355453660384, 30.528184477905633], [78.36370413414814, 30.528082749015724], [78.36385630634373, 30.527984913361117], [78.3639069145804, 30.52794485485198], [78.36396028697843, 30.527908560708063], [78.3640991929948, 30.527792658547057], [78.36424104286857, 30.527680378514432], [78.3642874809922, 30.52763555242337], [78.36433703893938, 30.52759420163581], [78.36446391568714, 30.527465242404695], [78.36459407714707, 30.52733959931233], [78.3646358979331, 30.52729043733917], [78.36468116415938, 30.52724442813859], [78.36479478974584, 30.52710365378545], [78.36491200926618, 30.526965857644814], [78.36494880995775, 30.526912833246016], [78.3649893485244, 30.526862608726383], [78.36508862867306, 30.526711374985208], [78.36519177736574, 30.526562752848445], [78.36522320355192, 30.526506376678178], [78.36525862405058, 30.52645242052885], [78.36534260263942, 30.52629218386311], [78.36543068712605, 30.526134167042777], [78.36545643615558, 30.52607498203423], [78.36548639746738, 30.52601781388257], [78.36555426573652, 30.525850117459246], [78.3656264377155, 30.525684227743408], [78.36564626161118, 30.525622803880523], [78.36567047519227, 30.525562974287123], [78.36572157953326, 30.525389433114388], [78.36574747286109, 30.525309203262207], [78.3670937852793, 30.525391079379446], [78.3671205026094, 30.525391390727943], [78.36714709052639, 30.525394035597657], [78.36736576698887, 30.525394248898863], [78.36758442870843, 30.525396797057585], [78.36761104790476, 30.52539448815056], [78.36763776703624, 30.525394514212913], [78.36785541141894, 30.525373292445508], [78.3680732699858, 30.525354395737697], [78.36809953469098, 30.525349488811187], [78.36812612771708, 30.525346895815183], [78.36834064398558, 30.525304443356397], [78.36855560130267, 30.525264283767672], [78.36858125857322, 30.52525682607806], [78.36860746938858, 30.52525163899567], [78.368816791634, 30.525188364685885], [78.36902677754483, 30.52512732897504], [78.3690515802872, 30.52511739234395], [78.36907715646733, 30.525109661129616], [78.3692792688019, 30.525026174335075], [78.36948226102746, 30.52494485030932], [78.36950597037769, 30.524932530431943], [78.36953066560999, 30.524922329541486], [78.37147906560999, 30.524003129541487], [78.37156970090179, 30.52395479757506], [78.37166294681832, 30.523911717020574], [78.37178605575151, 30.523839424687466], [78.37191202927562, 30.52377224833688], [78.37199749077266, 30.523715265289916], [78.37208606505176, 30.52366325248204], [78.37220149529405, 30.523579241470685], [78.37232027778741, 30.523500041028004], [78.3723997424486, 30.5234349556785], [78.37248279207174, 30.523374511528907], [78.3725894319668, 30.523279590911248], [78.37269987948905, 30.52318912912006], [78.37277258202634, 30.523116568275444], [78.37284930718015, 30.523048274894396], [78.37294612972744, 30.522943358807932], [78.37304717860863, 30.522842506864666], [78.37305451498874, 30.522833585219516], [78.37328762568318, 30.522854886094308], [78.37352121805071, 30.522877238736402], [78.37353192162851, 30.52287720903988], [78.37354258083941, 30.522878183042884], [78.37544458083941, 30.522958183042885], [78.37566551969898, 30.522956625138676], [78.3758864632351, 30.522957225691968], [78.37591079896592, 30.522954895603167], [78.37593524538474, 30.522954723224352], [78.376154967662, 30.52293151702667], [78.37637490615913, 30.522910458434552], [78.37639889631812, 30.52290575424702], [78.37642320812466, 30.522903186530193], [78.37663959777387, 30.522858555527435], [78.37685641310414, 30.522816040595636], [78.37687982665295, 30.52280900761327], [78.37690376971122, 30.522804069286952], [78.37711474278187, 30.52273844330006], [78.37732634689502, 30.522674881470625], [78.37890354689502, 30.522115381470623], [78.37907110343383, 30.522046510261426], [78.37924037453003, 30.52198196777077], [78.37929791517233, 30.521953283230104], [78.37935738181248, 30.521928840499054], [78.37951738096166, 30.521843877510843], [78.37967951070104, 30.521763054341065], [78.37973396269282, 30.521728867955062], [78.37979074717819, 30.52169871417246], [78.37994164805863, 30.521598477645178], [78.38009507504299, 30.52150215216766], [78.381811475043, 30.52030325216766], [78.38185786886302, 30.52026733453638], [78.38190681455403, 30.520234980524123], [78.38205177902792, 30.520117211226875], [78.38219946544412, 30.520002873881115], [78.38224211532179, 30.51996258181341], [78.38228765407807, 30.519925586077967], [78.38340105407806, 30.518926486077966], [78.38350671752339, 30.51882186699197], [78.38361634955339, 30.51872141434211], [78.38368095702282, 30.51864934964579], [78.38374973379686, 30.51858125264956], [78.38384463398016, 30.518466780504333], [78.38394389202053, 30.518356065743347], [78.38400112481187, 30.518278015418847], [78.38406289573412, 30.51820350502555], [78.3841461187148, 30.518080282250374], [78.38423404685628, 30.517960371621985], [78.38428335378647, 30.517877087336615], [78.38433752396918, 30.51779688112205], [78.3844082682644, 30.51766609441966], [78.38448401971097, 30.517538142728718], [78.38488530164628, 30.51677750641875], [78.38520667996235, 30.516423125725158], [78.38532285781342, 30.51640065080726], [78.3855164684366, 30.51636711086253], [78.3855636377322, 30.51635407128408], [78.38561168538556, 30.516344776336254], [78.3858000159598, 30.51628872639387], [78.38598940680548, 30.516236370793514], [78.38603507086582, 30.51621877060474], [78.3860819760924, 30.516204810921042], [78.38626390594843, 30.51613057125011], [78.38644725307914, 30.5160599042072], [78.38649097213438, 30.516037912907535], [78.38653628321119, 30.516019422927357], [78.38671006026486, 30.515927708496566], [78.3868855979477, 30.515839410573278], [78.38692695095948, 30.515813239950926], [78.38697023151603, 30.51579039774291], [78.3882715176543, 30.51501970675418], [78.38863463111622, 30.514844490497147], [78.38927314866089, 30.51472660882249], [78.38930916895976, 30.514718112210396], [78.38934577176916, 30.514712645155136], [78.38954788043357, 30.514661803993665], [78.38975071894501, 30.5146139576347], [78.38978573298265, 30.514601971329434], [78.38982162367442, 30.51459294289683], [78.39001777582497, 30.514522536436175], [78.39021494785041, 30.51445503881962], [78.39024861842258, 30.514439678255822], [78.39028345134965, 30.51442717539464], [78.39047175793394, 30.514337881687524], [78.39066136459894, 30.5142513828523], [78.39069336743954, 30.514232795960638], [78.39072680714187, 30.51421693908023], [78.3909054546648, 30.51410961807374], [78.39108566995327, 30.514004951051046], [78.39111569685748, 30.513983316833425], [78.39114742129243, 30.51396425864424], [78.39131468928038, 30.513839943898542], [78.39148377762092, 30.51371811668881], [78.39151153941326, 30.51369364349455], [78.39154124305715, 30.51367156753739], [78.39256184305715, 30.512832267537387], [78.39258807205266, 30.51280844697978], [78.39261620745623, 30.512786911468574], [78.3927696363341, 30.512643554564225], [78.39292507971713, 30.512502384535043], [78.39294884758995, 30.512476107788753], [78.3929747366646, 30.512451918225164], [78.39311337530651, 30.512294212963827], [78.39325423310478, 30.512138486590846], [78.39327531095726, 30.512110006715353], [78.3932987043771, 30.512083396058053], [78.3934212176175, 30.511912861227202], [78.39354613329303, 30.511744078240927], [78.39356431813393, 30.511713669513025], [78.39358499060754, 30.511684894037167], [78.39369019857664, 30.511503171980852], [78.39371679511657, 30.51145869719271], [78.39483006078589, 30.511143559904205], [78.39487360442824, 30.5111288906419], [78.3949181789754, 30.511117739597847], [78.39510601858696, 30.511050593465217], [78.39529505958602, 30.510986908117538], [78.39533695571463, 30.51096804146846], [78.39538022262978, 30.510952575050066], [78.39556057627043, 30.51086734074282], [78.39574246472968, 30.510785432799395], [78.39578230986203, 30.510762550459653], [78.395823852461, 30.510742917617016], [78.39599498322654, 30.51064041598814], [78.39616796746074, 30.510541074267227], [78.39620537786632, 30.51051439660631], [78.39624479607131, 30.510490786414387], [78.39640505587886, 30.510372004610634], [78.39656746995533, 30.51025618582728], [78.39660208535162, 30.510225969765564], [78.3966389995436, 30.510198609603496], [78.39678684500359, 30.510064691558597], [78.39693712478599, 30.50993351111097], [78.3969686118077, 30.50990004764573], [78.39700266648295, 30.509869201006744], [78.39816246648294, 30.508710101006745], [78.39828095091818, 30.50857945285784], [78.39840299789864, 30.50845212636866], [78.3984456846374, 30.508397807433813], [78.39849209457793, 30.508346633008998], [78.39859720272034, 30.50820500046104], [78.39870618183281, 30.50806632438778], [78.39874333883655, 30.50800808298143], [78.3987845093298, 30.507952606005762], [78.39887522893041, 30.50780135305776], [78.39897009064657, 30.50765266292667], [78.39900136007313, 30.507591059945284], [78.39903689462464, 30.507531814692477], [78.39911235200412, 30.50737239799299], [78.39919218275378, 30.507215125771324], [78.39921726346141, 30.507150754485426], [78.39924681985411, 30.507088311519517], [78.39930628831675, 30.50692226633824], [78.39937031928602, 30.506757926643736], [78.39938896973382, 30.506691406983958], [78.39941226332347, 30.506626367664882], [78.39945517015535, 30.50645529310801], [78.39950278469114, 30.50628546862143], [78.39951482526511, 30.506217441208396], [78.39953163172169, 30.506150431900416], [78.39955756370658, 30.5059759755094], [78.39958830325484, 30.50580230173344], [78.39959361799768, 30.505733421708314], [78.39960377546582, 30.5056650877477], [78.39961248286455, 30.505488929632946], [78.39962605138663, 30.50531307914102], [78.39962458911444, 30.505244009856195], [78.39962799977219, 30.505175009336252], [78.39961939872776, 30.504998845996568], [78.39961566555135, 30.504822512325166], [78.39960744034661, 30.50475391895554], [78.39960407134747, 30.504684916389067], [78.39957824469262, 30.504510444373693], [78.39955724577027, 30.50433532571249], [78.39954233684622, 30.50426786884984], [78.39953222063548, 30.504199528769142], [78.39948941709501, 30.50402842833906], [78.39945135465783, 30.503856211176398], [78.39893054594228, 30.501949229883483], [78.39899715841736, 30.501936698476953], [78.39911850248808, 30.50191999908245], [78.39923812208289, 30.501891367423767], [78.39935900015618, 30.50186862735481], [78.39947657704202, 30.50183429181661], [78.399595699981, 30.50180577903544], [78.39971193718146, 30.501765560475402], [78.39983000427726, 30.501731081783024], [78.39994364952705, 30.501685387029685], [78.40005940411518, 30.501645335455542], [78.40017113949348, 30.501593917320893], [78.40028525856114, 30.50154803205373], [78.40039387770891, 30.501491418150735], [78.40050514916634, 30.501440213502146], [78.40061130664976, 30.501378090977592], [78.40072037866021, 30.501321241035885], [78.4008229256442, 30.50125425320607], [78.40092864236594, 30.50119238861179], [78.40102819959985, 30.50112015997123], [78.40113117413006, 30.501052892850968], [78.40122666136679, 30.500976176223734], [78.40132580524298, 30.50090424747365], [78.40141780343683, 30.500822608318337], [78.40151368878573, 30.500745571838696], [78.40160119668086, 30.500659865237154], [78.40169281290184, 30.50057856504439], [78.40177636606266, 30.500488301604086], [78.401864238802, 30.500402237668414], [78.4019429246068, 30.50030836649383], [78.40202613085813, 30.500218477823843], [78.4021004343233, 30.500120459384853], [78.40217944819058, 30.500026196835865], [78.40224855411762, 30.49992506511909], [78.40232254907774, 30.499827453648788], [78.40238688726438, 30.499722624182105], [78.40245628131274, 30.499621070819835], [78.40251514183409, 30.49951365251473], [78.40257921289117, 30.49940925829579], [78.40263296618734, 30.499298627366535], [78.40269207211419, 30.499190761205323], [78.40274012037104, 30.49907809080855], [78.40279365048556, 30.4989679192147], [78.40283630121752, 30.498852552259446], [78.40288454980062, 30.498739412109146], [78.40292132306189, 30.49862257469838], [78.4029637967097, 30.498507686742137], [78.40299493412773, 30.498388694807346], [78.40303186070666, 30.498271370269833], [78.40305700482568, 30.498151491053452], [78.40308801296241, 30.49803299316839], [78.40310733719612, 30.49791152221149], [78.40311189781244, 30.49788977863358], [78.40407909201883, 30.49780206470472], [78.40409001601562, 30.497800530521026], [78.40410103566947, 30.497800025888402], [78.40433294497092, 30.497766413187424], [78.40456500017227, 30.497733822981335], [78.40457572119074, 30.497731225446223], [78.4045866383193, 30.497729643128586], [78.4048141362935, 30.497673461195347], [78.40504187968656, 30.497618282532834], [78.40505229447741, 30.497614646661997], [78.40506300394279, 30.497612001897927], [78.40613000394279, 30.497292201897928], [78.40618422065562, 30.497273005986205], [78.40623972608302, 30.497257936729373], [78.40641539113395, 30.497191158012328], [78.40659254487858, 30.497128435145783], [78.40664461899473, 30.497104017500476], [78.40669838010288, 30.49708358032296], [78.40686665381979, 30.496999904977702], [78.40703680660461, 30.496920120035497], [78.40708623662188, 30.496890715811887], [78.40713773566192, 30.496865107534877], [78.40729699747672, 30.496765341400817], [78.40745851063761, 30.496669262755464], [78.40750482051799, 30.49663515513224], [78.40755356152592, 30.496604622377497], [78.40770227766043, 30.49648972625696], [78.4078535957372, 30.49637827919842], [78.40789633949106, 30.496339796650762], [78.40794185306451, 30.496304633465282], [78.4080785913011, 30.49617571387066], [78.40821825701791, 30.49604997169509], [78.40825702299969, 30.496007484830844], [78.4082988708179, 30.49596802985545], [78.40842231429238, 30.495826328353143], [78.40854898259225, 30.4956875020262], [78.40858339746433, 30.49564142001711], [78.40862117650997, 30.495598053224768], [78.4087301363943, 30.49544493447763], [78.40884258739216, 30.495294360972807], [78.40887231972046, 30.49524512761384], [78.4089056661607, 30.495198266650437], [78.40899909311175, 30.495035205275546], [78.4090962438429, 30.49487433469817], [78.40912100728883, 30.494822424133545], [78.40914959997926, 30.49477252029572], [78.40998459997925, 30.49313362029572], [78.4100026162973, 30.49309350558273], [78.41002380383175, 30.49305497161991], [78.4101030950652, 30.492869781904858], [78.4101856287496, 30.49268601433074], [78.41019962638468, 30.492644326873133], [78.41021693490654, 30.49260390172029], [78.41027769256473, 30.49241183184435], [78.41034181645479, 30.492220859445634], [78.41035166060206, 30.492178000716297], [78.41036492342076, 30.49213607368987], [78.41040656237426, 30.491938973390866], [78.41045165892183, 30.491742635336223], [78.41045725477674, 30.49169901808835], [78.41046634416413, 30.49165599296832], [78.41048846340703, 30.491455760429954], [78.41051409830774, 30.491255947562102], [78.41051539197919, 30.491211991853387], [78.41052022039945, 30.491168282995428], [78.41052260691134, 30.490966846566344], [78.41052853328708, 30.49076548319259], [78.41052551231628, 30.490721612340835], [78.41052603326912, 30.490677640684844], [78.41050866406655, 30.490476940307964], [78.41049482484313, 30.490275965667678], [78.41048751832368, 30.490232602172906], [78.41048372679202, 30.490188791190228], [78.41020802679202, 30.488165291190228], [78.4101947703439, 30.48809425868498], [78.41018646343453, 30.488022478844993], [78.40985916343453, 30.486048378844995], [78.40981068455821, 30.485824653113536], [78.40981041337683, 30.485823360627133], [78.41108250150346, 30.484868498371313], [78.41123877610387, 30.484738732088278], [78.41139722184938, 30.484611625893347], [78.41142745986551, 30.48458205409741], [78.41145999875292, 30.484555034668393], [78.41160280152859, 30.48441057565589], [78.41174802572863, 30.48426855111331], [78.41177521959757, 30.48423615786977], [78.41180495343417, 30.48420607917801], [78.41193290911622, 30.484048318655336], [78.41206351318245, 30.483892743539048], [78.41208740101234, 30.48385784081262], [78.41211404344509, 30.483824992532288], [78.41222591975036, 30.48365544981948], [78.4123406458942, 30.483487822402942], [78.41236099763225, 30.48345074632589], [78.41238429207988, 30.483415444803956], [78.41247901157813, 30.48323575269042], [78.41257675492439, 30.483057687316887], [78.41259337457225, 30.48301879495201], [78.41261309669646, 30.482981380161515], [78.41268974718716, 30.482793269180693], [78.41276956641397, 30.482606480716893], [78.41278229391531, 30.482566146618986], [78.41279825378132, 30.48252697888476], [78.41285609707859, 30.48233226064769], [78.41291722348289, 30.482138547969175], [78.41292593626488, 30.482097160577776], [78.4129379801705, 30.48205661710638], [78.41297645921179, 30.481857166855857], [78.41301830411287, 30.48165839552189], [78.41302291826668, 30.48161635342017], [78.41303093022248, 30.481574824667433], [78.41304967443348, 30.48137256321878], [78.41307183484219, 30.481170647505586], [78.413072305931, 30.481128355581898], [78.41307620877745, 30.481086241492477], [78.41307503764115, 30.48088311673409], [78.41307730014064, 30.480680001200287], [78.41302030014064, 30.479178701200286], [78.41300828470914, 30.47904099908702], [78.41300218460339, 30.478902908423517], [78.41298697097328, 30.47879673432895], [78.41297764737443, 30.47868988179813], [78.41295219263316, 30.47855402047641], [78.41293258664913, 30.47841719267212], [78.41290703939573, 30.478313021031518], [78.41288728731303, 30.47820759689717], [78.41284863840502, 30.478074884785688], [78.4128157153591, 30.477940637567272], [78.41278008051638, 30.4778394716103], [78.41275009017319, 30.477736491164656], [78.41269861930859, 30.477608206353715], [78.41265269626768, 30.477477832595145], [78.41170859626769, 30.475166332595148], [78.41160920217138, 30.47495346627745], [78.41151069639476, 30.474740187428484], [78.41150541388416, 30.474731189187132], [78.41150099933786, 30.474721734820623], [78.41138121930364, 30.47451963583764], [78.4112622828763, 30.474317039239025], [78.41102260899547, 30.473951169587266], [78.41183392082064, 30.47363499127285], [78.41328846449208, 30.473221657001496], [78.41846953751518, 30.474631879690957], [78.41867360014115, 30.47467679738214], [78.41887698651013, 30.474724684115674], [78.41891312958604, 30.47472952192974], [78.41894874245436, 30.47473736093413], [78.41915622516672, 30.47476206069932], [78.41936332589535, 30.474789781494863], [78.41939976912114, 30.474791053372584], [78.41943597886058, 30.47479536395852], [78.41964488348734, 30.474799607925455], [78.41985370408244, 30.47480689581661], [78.41989009648998, 30.474804589509116], [78.41992655438092, 30.47480533016329], [78.42013486905635, 30.47478907746024], [78.42034339846141, 30.474775862260636], [78.42037938957186, 30.47476999997893], [78.42041574450492, 30.474767163568437], [78.42062146304474, 30.47473057071783], [78.4208276930077, 30.474696979697057], [78.42086293620704, 30.474687617898113], [78.42089883806429, 30.47468123173914], [78.42109997928647, 30.474624651150148], [78.42130192370006, 30.47457100780808], [78.42133607957702, 30.474558236651138], [78.42137118260396, 30.474548362245887], [78.42156580940869, 30.474472338820476], [78.42176152343768, 30.47439915977186], [78.42725472343768, 30.47203185977186], [78.42735093538406, 30.47198467151299], [78.42744960941899, 30.47194287551759], [78.42757107607555, 30.471876700971578], [78.42769526602389, 30.471815790578923], [78.42778638942525, 30.47175939912456], [78.42788049159378, 30.471708132641584], [78.42799488711543, 30.471630370929784], [78.42811250879272, 30.471557581093716], [78.4281976660809, 30.4714925295244], [78.42828629012772, 30.471432286278095], [78.42858109012771, 30.471209986278094], [78.42858127493943, 30.471209832127258], [78.42858147395754, 30.471209696814366], [78.43103327395754, 30.469360496814367], [78.43112232771385, 30.469286202857766], [78.43121510846484, 30.469216619125504], [78.43131060283557, 30.469129132518425], [78.43141005056825, 30.469046167286614], [78.43149139342526, 30.46896350228113], [78.43157690701307, 30.46888515950973], [78.43166336636521, 30.468788734089486], [78.43175420321515, 30.468696420775526], [78.43182705179669, 30.46860618083034], [78.43190447467872, 30.468519833503525], [78.43198106636143, 30.468415397899687], [78.43206241752014, 30.468314625531196], [78.43212607025447, 30.468217679706378], [78.43219465680612, 30.468124159396048], [78.4322606431998, 30.46801271938033], [78.43233172521096, 30.467904458450544], [78.4323855690874, 30.467801740387493], [78.43244465878274, 30.46770194774524], [78.43249940440225, 30.467584576546027], [78.43255953270734, 30.46746986966677], [78.43260304918, 30.467362368596472], [78.43265207295289, 30.46725726468011], [78.43269505056796, 30.467135092646256], [78.43274364609856, 30.46701504450743], [78.43277641608005, 30.46690379572384], [78.4328149018047, 30.46679439274166], [78.43284569751742, 30.46666859645667], [78.432882292272, 30.46654436318745], [78.43290400016942, 30.466430438077417], [78.43293157720737, 30.466317789639696], [78.43327487720737, 30.464542289639695], [78.43327529274605, 30.46453938113136], [78.4332759880171, 30.46453652654016], [78.43330999090968, 30.464296515896233], [78.43334427551294, 30.464056545322617], [78.43334440396701, 30.464053610089586], [78.43334481609128, 30.46405070109559], [78.43335513009356, 30.46380851330467], [78.43336572837781, 30.463566337773734], [78.4333655685102, 30.463563404083942], [78.4333656935187, 30.463560468702315], [78.4333522193015, 30.463318436161664], [78.43333902919916, 30.463076387959724], [78.43333858254947, 30.463073484066253], [78.43333841923831, 30.46307055056628], [78.43330128656518, 30.46283100417966], [78.43326443510469, 30.462591414365125], [78.43326370597443, 30.462588568234057], [78.43326325591636, 30.46258566486694], [78.43320282239391, 30.462350911594303], [78.43314266447628, 30.462116087550765], [78.43314165988737, 30.462113326591954], [78.4331409274167, 30.462110481318653], [78.43305777505303, 30.461882781966363], [78.43297489003167, 30.46165498517371], [78.43297361965884, 30.46165233597656], [78.43297261182967, 30.461649576198752], [78.4315301267032, 30.458230396284144], [78.43200415425677, 30.456070665686994], [78.43359003777431, 30.456156066077398], [78.43380129678707, 30.456157061327517], [78.43401252254564, 30.45616093945413], [78.43404656164101, 30.456158216780587], [78.43408070907266, 30.456158377650578], [78.43429104836721, 30.456138661103985], [78.4345016371388, 30.45612181681155], [78.43453524545792, 30.45611577083364], [78.43456924422838, 30.456112583895397], [78.43477663812216, 30.456072345433228], [78.43498456182193, 30.456034940941475], [78.4350174156984, 30.456025629885257], [78.43505093838087, 30.456019125830746], [78.4352533895573, 30.4559587529714], [78.43545664576638, 30.455901148506022], [78.43548842879932, 30.455888662042078], [78.43552115255211, 30.455878903508886], [78.43571671129583, 30.45579897767597], [78.43591334254569, 30.455721727999485], [78.43594374864715, 30.455706186379274], [78.43597535832261, 30.45569326734742], [78.43616214129598, 30.455594558270388], [78.4363502539202, 30.455498407339427], [78.43673830025358, 30.455275399999998], [78.4376355, 30.455275399999998], [78.43775732098187, 30.455269415318924], [78.43787928887365, 30.45526945316202], [78.43800221616733, 30.455257384389938], [78.43812558570164, 30.45525132363336], [78.43824623348088, 30.45523342722588], [78.43836761777317, 30.455221509942792], [78.43848877019178, 30.455197450303356], [78.43861095161007, 30.455179326402014], [78.4387292642826, 30.455149690620324], [78.43884889597834, 30.455125932980998], [78.43896710675787, 30.45509011418169], [78.43908692338627, 30.45506010167866], [78.43920176153642, 30.455019011931512], [78.43931848851692, 30.454983642735023], [78.43943261922294, 30.454936409730465], [78.43954891716183, 30.454894797662554], [78.4396591748353, 30.454842649666727], [78.43977187295607, 30.454796009537727], [78.44152457295607, 30.45396770953773], [78.44152539386786, 30.453967271078657], [78.4415262536708, 30.453966914874613], [78.44174179689483, 30.453851687563215], [78.44195738295578, 30.453736540399365], [78.44195815693813, 30.45373602358818], [78.44195897768681, 30.453735584823917], [78.44216218876343, 30.453599785430622], [78.44236545031919, 30.453464061605107], [78.44236616991824, 30.453463471418974], [78.44236694370838, 30.45346295432004], [78.44255586560196, 30.45330789066767], [78.44274484513447, 30.4531528972747], [78.44274550342008, 30.453152239397443], [78.44274622279967, 30.453151648943777], [78.44291903608986, 30.45297881437858], [78.4430919136222, 30.452806044090742], [78.44309250425474, 30.452805324858083], [78.44309316229574, 30.45280466673607], [78.44324820269723, 30.452615725746707], [78.44340331332307, 30.452426842439003], [78.44340383061441, 30.452426068777562], [78.44340442097955, 30.452425349325264], [78.44354019535798, 30.452222121530113], [78.44367604528777, 30.452018944238688], [78.44367648425617, 30.452018123599125], [78.44367700125983, 30.452017349745375], [78.44379220203749, 30.451801792336415], [78.44390748295838, 30.45158627777244], [78.44390783937627, 30.451585418058112], [78.4439082780395, 30.4515845972554], [78.4440017957745, 30.451358786160153], [78.4440953974636, 30.451133009854846], [78.44409566789851, 30.451132119345175], [78.4440960239967, 30.451131259498382], [78.4444620239967, 30.45010815949838], [78.44448392639985, 30.450035940949718], [78.44451068556971, 30.4499653776387], [78.44455509337986, 30.44980128286344], [78.44460443103527, 30.449638602364736], [78.44461914931675, 30.449564584757173], [78.44463886321992, 30.449491738370508], [78.44466697309375, 30.449324081029772], [78.44470012769756, 30.449157347946347], [78.44470752011226, 30.449082244110045], [78.4447199988931, 30.449007816198122], [78.44483289889311, 30.448047516198123], [78.44484561402736, 30.447860659601943], [78.44486266915638, 30.447674149052983], [78.44486226292821, 30.447615993923947], [78.44486621120836, 30.447557971556602], [78.44486054996656, 30.447370768424992], [78.44485924173982, 30.44718348428024], [78.44485313726831, 30.447125649001475], [78.4448513793499, 30.447067519028455], [78.44482739625285, 30.446881772229357], [78.44480773726931, 30.446695518138068], [78.4447959933439, 30.446638559694936], [78.4447885461566, 30.44658088193964], [78.44474647217463, 30.446398380316698], [78.44470865176109, 30.446214950007153], [78.44469138148214, 30.44615941694039], [78.44467831674648, 30.446102746871343], [78.44461855707517, 30.445925248015367], [78.44456293946276, 30.445746408021307], [78.44454030915249, 30.445692835144712], [78.44452175268901, 30.44563771852565], [78.44444488284657, 30.44546693184724], [78.44437200366337, 30.445294404495982], [78.44371200366338, 30.44392380449598], [78.44361068885974, 30.44373740154378], [78.44351185988965, 30.44354966879541], [78.44349356167675, 30.443521906355443], [78.44347768317908, 30.44349269247222], [78.44335858554957, 30.443317117688483], [78.44324183144087, 30.44313997585766], [78.44322090014394, 30.44311414063999], [78.44320223464425, 30.443086623794475], [78.44306650116421, 30.44292356806043], [78.44293294632271, 30.442758723119745], [78.44290958352147, 30.442735063931504], [78.44288831077881, 30.4427095091261], [78.44273724863582, 30.44256054275754], [78.4425881792677, 30.44240958225394], [78.4402369593055, 30.44025141128366], [78.43900632607027, 30.439090676996635], [78.43898825972533, 30.439075239659676], [78.43897163153898, 30.439058262981316], [78.43880177907697, 30.43891589560777], [78.43873175645048, 30.438856062648547], [78.44207314997436, 30.43493477259817], [78.44329695648491, 30.433592957934387], [78.44364409358136, 30.433374617900515], [78.44491320944961, 30.432930690922092], [78.45023764099199, 30.431376237869923], [78.45032156477197, 30.43134719712838], [78.45040714253952, 30.431323469270854], [78.4505532854516, 30.43126701317614], [78.45070134041224, 30.431215780666758], [78.4507820135859, 30.431178653795385], [78.4508648535363, 30.431146652105944], [78.4566421535363, 30.428582352105945], [78.45664719531165, 30.428579811182097], [78.45665245726093, 30.428577764799012], [78.4568662713935, 30.428469402525927], [78.45708032941667, 30.428361522841016], [78.45708509786043, 30.42835849997199], [78.45709013389134, 30.428355947681595], [78.45729229708941, 30.428227149753198], [78.45749475030736, 30.428098808182597], [78.4574991994968, 30.428095332480286], [78.45750396110962, 30.428092298862524], [78.46354026110963, 30.42381619886252], [78.463613275132, 30.423758894699013], [78.46368965009151, 30.423706153062845], [78.46374004496307, 30.423663486910453], [78.46379336996283, 30.42362454479911], [78.4638580442654, 30.423566790634826], [78.46392625353344, 30.42351325742405], [78.4639932991831, 30.423449072570083], [78.46406413679196, 30.423389098844176], [78.46411010698421, 30.423341698579772], [78.46415935821511, 30.423297717221356], [78.46421806019521, 30.423233901968963], [78.46428069384476, 30.423173940857836], [78.46434112543542, 30.423103493448664], [78.46440574348875, 30.42303686521276], [78.46444684628364, 30.42298518732673], [78.46449154942937, 30.422936590285836], [78.47047144942937, 30.415758690285838], [78.47054410031521, 30.415662227262164], [78.4706214704799, 30.41556950658607], [78.47069160888765, 30.415466371110497], [78.47076664442262, 30.415366741842355], [78.4708294904449, 30.415263622282367], [78.47089739983554, 30.41516376447945], [78.47379579983553, 30.410416464479447], [78.47381500877738, 30.41038122267478], [78.47383704424041, 30.410347675594277], [78.47393238557974, 30.41016587659415], [78.4740306308349, 30.409985630325597], [78.47404629297954, 30.40994867541431], [78.4740649341469, 30.40991313001909], [78.47541523414691, 30.40699903001909], [78.47550183313162, 30.40678521650241], [78.47558968535537, 30.40657191485797], [78.47651639829114, 30.40396547604367], [78.4793194773321, 30.397578464406834], [78.47935942209683, 30.397473765183815], [78.47940489439995, 30.397371345551004], [78.48042873041298, 30.394721838082397], [78.48149973047279, 30.392004801746456], [78.48226778155706, 30.390158782514025], [78.48232542246899, 30.389998482498807], [78.48238785046523, 30.389839985448596], [78.4827364283718, 30.388809311258264], [78.48636136700674, 30.388369725618173], [78.48969151162255, 30.388198747725255], [78.4897274726082, 30.38835300351047], [78.49005940014918, 30.38995160521905], [78.48992793297005, 30.390972595471844], [78.48965458194333, 30.392420582707626], [78.48958768206184, 30.392902650427057], [78.48956796678192, 30.39338893860088], [78.48959562289785, 30.39387483984549], [78.48967038837914, 30.39435575044328], [78.48990648837913, 30.39550325044328], [78.49002268180844, 30.395958457684376], [78.49018108661372, 30.39640074996672], [78.49038030430519, 30.396826222476715], [78.49061857607317, 30.397231118895494], [78.49089379831587, 30.397611864561902], [78.49110294469263, 30.397874288879148], [78.49117499030964, 30.39815840215452], [78.49132085617073, 30.3985751516467], [78.49150291964779, 30.39897740763358], [78.4927367196478, 30.40141120763358], [78.49277843955929, 30.401491687155435], [78.49291718006651, 30.401753487623203], [78.49363025894772, 30.403956662439253], [78.4938070742322, 30.404422375754287], [78.49402935330238, 30.404868183506107], [78.49429488979365, 30.40528966056174], [78.49460104796388, 30.405682623297157], [78.49494478885599, 30.40604317112438], [78.49771288885599, 30.40867107112438], [78.4980451274162, 30.408959769659962], [78.49840146801431, 30.40921813119635], [78.49877914930565, 30.409444153645513], [78.49917524457283, 30.40963608552056], [78.4998187540299, 30.409913627941396], [78.50190110588665, 30.411817534167113], [78.50236799223684, 30.412320979452012], [78.50240203823373, 30.412588389728416], [78.50248856164987, 30.413074754484054], [78.50262265703255, 30.41355020732653], [78.50280301541245, 30.414010107132864], [78.50282682395208, 30.414056679782984], [78.50251142489124, 30.41425445454369], [78.50213049418089, 30.414547832615064], [78.50177950396592, 30.414876442973735], [78.50146169990755, 30.41523724690848], [78.50118002078948, 30.41562690800903], [78.50101192078948, 30.41588470800903], [78.50078928654916, 30.416261163415204], [78.50060040191516, 30.416655634292255], [78.50044671211695, 30.417065102390797], [78.50032939309466, 30.417486434711904], [78.50025469309466, 30.417808634711903], [78.500165830667, 30.418304117618355], [78.50012723941629, 30.418806024539013], [78.50013931050317, 30.419309268148506], [78.50020192157523, 30.419808747572798], [78.50033454895659, 30.42055859327922], [78.50037060532519, 30.420942518351062], [78.50038957366752, 30.42107821358169], [78.50036762771806, 30.421153977811613], [78.5002794940817, 30.42161927867818], [78.50023577720548, 30.422090830657307], [78.50023686926903, 30.422564403504587], [78.50026906926904, 30.423212003504588], [78.50032880679832, 30.42377285034272], [78.50062920679832, 30.425604650342716], [78.50073794701396, 30.42610544983113], [78.5008973774782, 30.426592488319514], [78.50110582337679, 30.427060649477077], [78.50136109498924, 30.42750501527906], [78.5016605106917, 30.427920917670498], [78.5020009251275, 30.428303987604053], [78.50237876224894, 30.428650200936783], [78.50279005288367, 30.42895592070369], [78.50388016537079, 30.429682566282757], [78.50398362313148, 30.429996670802282], [78.50417379196998, 30.430430664314482], [78.50440418850062, 30.430844707783734], [78.50467274362843, 30.431235082858617], [78.504977045572, 30.431598283743664], [78.50531436152272, 30.431931048683467], [78.50568166218692, 30.432230389255118], [78.50607564899082, 30.432493617206], [78.5064927837035, 30.43271836859585], [78.50696084480518, 30.432942624311806], [78.50777497429964, 30.43338335009753], [78.50818624478612, 30.433582257089082], [78.50861395352871, 30.433742795669655], [78.50905452988815, 30.433863625615626], [78.5095042958025, 30.433943738202824], [78.5099594964927, 30.433982464627643], [78.51004071515358, 30.43398564764899], [78.51026683514542, 30.434082712882642], [78.51073452519938, 30.4342311368693], [78.51121451129262, 30.434333004512247], [78.5117021708967, 30.43438733477039], [78.51219280758302, 30.434393604413643], [78.51268169625209, 30.434351753061918], [78.51316412863878, 30.434262183766606], [78.51363545865549, 30.43412575912899], [78.51409114713647, 30.433943792992903], [78.51452680555258, 30.43371803779171], [78.51493823827509, 30.43345066767141], [78.515321482982, 30.433144257552417], [78.51543914256295, 30.43302956707672], [78.51578125807713, 30.433165626517837], [78.51625277847542, 30.43330139168415], [78.51673533568749, 30.433390286023027], [78.51722428242356, 30.433431453433396], [78.51771490985928, 30.433424497450588], [78.51820249298427, 30.43336948506452], [78.51868233610647, 30.433266946074546], [78.51914981807431, 30.43311786798719], [78.5196004367809, 30.432923686505926], [78.52002985252174, 30.432686271704572], [78.52043392978854, 30.432407910017446], [78.52080877709628, 30.43209128221977], [78.52115078446052, 30.431739437610315], [78.52145665816334, 30.43135576464501], [78.52184295816335, 30.43081916464501], [78.52210366043879, 30.43041782772447], [78.5223247983091, 30.42999340453646], [78.52250434582412, 30.429549783425536], [78.52264065806285, 30.42909102861763], [78.52273248620348, 30.428621342985746], [78.5227789889643, 30.428145029545412], [78.52277974031121, 30.42766645203269], [78.52273473336076, 30.42718999492589], [78.52264438044324, 30.426720023277277], [78.52236943712093, 30.425585756266702], [78.52201029561579, 30.423761871662794], [78.52182725696561, 30.422766151906448], [78.5218401769406, 30.4220065298256], [78.52181663555137, 30.4214295084118], [78.52172671627577, 30.420859050321432], [78.52140481627576, 30.41937875032143], [78.52128337506308, 30.418924384171266], [78.52111977931418, 30.418483438599235], [78.52091547650174, 30.418059815031203], [78.52067227426905, 30.41765726163032], [78.520392324436, 30.417279340133796], [78.5200781039603, 30.416929394339125], [78.51973239302157, 30.416610520518635], [78.5193582504227, 30.4163255400241], [78.5177489504227, 30.4152153400241], [78.51767021767877, 30.415162122195937], [78.51526691767877, 30.41357072219594], [78.5152218281528, 30.41354121341144], [78.51359710068407, 30.41249037385292], [78.5136046056879, 30.412147779025997], [78.513566617863, 30.411655137526814], [78.51348019176474, 30.411168650886612], [78.51334617139142, 30.410693069914444], [78.51316586552552, 30.410233038919532], [78.51294103495282, 30.40979305035703], [78.51267387526723, 30.409377400956753], [78.51236699542973, 30.40899014976322], [78.51202339229036, 30.40863507849689], [78.51164642132238, 30.40831565462356], [78.51151216835106, 30.408222999116923], [78.51104921117307, 30.407282984902007], [78.51081495879403, 30.4068602187971], [78.51054098174193, 30.406462045554065], [78.51022984011705, 30.406092185788996], [78.50909324011705, 30.404866585788994], [78.50880098621968, 30.40457639271475], [78.50594548621967, 30.40196559271475], [78.50551532509648, 30.401614105938705], [78.5050488288037, 30.401312505616353], [78.50455175542717, 30.40106451447944], [78.50395259996877, 30.400806101717123], [78.5027525490404, 30.399666831519266], [78.50229674105229, 30.398258537560746], [78.50214467705159, 30.39785033287044], [78.50195766044072, 30.397456912844564], [78.5016355851867, 30.396849163501273], [78.5007236140246, 30.39505020466325], [78.50064414043273, 30.39466639091391], [78.50052774391074, 30.39421253241234], [78.50036937441368, 30.393771562127423], [78.50017042265185, 30.393347352407783], [78.4999326357057, 30.39294362842035], [78.49977391222895, 30.392724106665277], [78.49978151805666, 30.392683817292376], [78.49982735776192, 30.392394850008987], [78.50008475776193, 30.390395850008986], [78.50012496635935, 30.38984294968328], [78.50010372087486, 30.389288996498564], [78.50007102896355, 30.389071602774273], [78.50429109388298, 30.390147201328368], [78.50476749110395, 30.39024423154971], [78.50525105984983, 30.390294535068563], [78.50573722809078, 30.390297636276884], [78.50622139921934, 30.39025350585347], [78.50669899551028, 30.390162561041187], [78.50716550140193, 30.39002566170205], [78.50761650618976, 30.38984410218743], [78.50804774572858, 30.389619599100225], [78.50845514274899, 30.389354275064832], [78.5088348454071, 30.3890506386582], [78.5091832637027, 30.388711560691814], [78.50949710342198, 30.38834024706885], [78.5113291609637, 30.3859456], [78.51552345239601, 30.3859456], [78.52390509127952, 30.386289887163304], [78.52442509537349, 30.38628418054773], [78.52494169417704, 30.38622449387092], [78.52544929939658, 30.38611147279188], [78.52594242002641, 30.385946339913083], [78.52641572174744, 30.385730881554963], [78.52686408463113, 30.385467428432484], [78.52728265852413, 30.385158830442666], [78.52766691551466, 30.384808425835903], [78.5315098980924, 30.38091919868488], [78.53556615006198, 30.380802533164786], [78.53606345123008, 30.38076333505245], [78.53655437150387, 30.3806747786943], [78.53703402436226, 30.38053774556241], [78.5374976354377, 30.38035359965686], [78.5379405900393, 30.380124173928756], [78.53835847908655, 30.379851752035385], [78.53874714299639, 30.37953904560919], [78.54702821348347, 30.37216648379259], [78.54885570523417, 30.37198453492807], [78.55015189428443, 30.372867426732366], [78.54990332715434, 30.37328905627675], [78.54969712197472, 30.373733118298684], [78.54953533611298, 30.374195218926655], [78.54909833611299, 30.375671518926655], [78.54897515115293, 30.3761864249663], [78.54890710229422, 30.376711469837595], [78.54887300229421, 30.377159769837593], [78.5488615480422, 30.377710673326686], [78.54891078315696, 30.378259491837355], [78.54894601868523, 30.378433553770023], [78.54895716351227, 30.37858978630303], [78.54899116699578, 30.378780933798488], [78.54898739061836, 30.378843952997244], [78.54855951620061, 30.379004117524026], [78.54812746782075, 30.37921516195574], [78.54771768945751, 30.379466731524097], [78.54742188945752, 30.379668531524096], [78.54703645828073, 30.379959727890306], [78.54668092648447, 30.380286759475318], [78.54635861263833, 30.380646573733415], [78.54607252525217, 30.3810358121221], [78.54582533469446, 30.381450841451088], [78.54579828366272, 30.38150822314145], [78.54575162122185, 30.38153806188395], [78.54536262602696, 30.381845028232576], [78.54500592571604, 30.382188991150677], [78.54499119136572, 30.382206327948865], [78.54494350466386, 30.38224011304105], [78.54457127619378, 30.382563322925368], [78.54447588478573, 30.382664265046404], [78.54439010477898, 30.382706304807414], [78.54396416252888, 30.38294141417284], [78.54356308677961, 30.383216807450683], [78.54319067496793, 30.383529877181985], [78.54285045313675, 30.38387765918227], [78.5426645503947, 30.38410893259504], [78.54255086563275, 30.384204611493487], [78.5421850729028, 30.384585209941175], [78.5420531192976, 30.384737876686643], [78.54190505609708, 30.384837807887], [78.54150367929732, 30.385139093793494], [78.54144780760942, 30.3851905541757], [78.54107166220754, 30.38540502188483], [78.54067485654377, 30.385685576675964], [78.54030716107786, 30.386003327789222], [78.54001743592852, 30.38630760696375], [78.53990670287583, 30.38631697917783], [78.53942601633678, 30.386405558160856], [78.53895627534905, 30.386540647721937], [78.53864337534904, 30.386647447721938], [78.5381873781656, 30.386828525979872], [78.5377513236293, 30.387053424197227], [78.5373394104703, 30.387319976849156], [78.53695560496362, 30.387625617323984], [78.53660360273823, 30.387967402636882], [78.53628679319208, 30.388342041767604], [78.53600822685598, 30.388745927349426], [78.53577058602033, 30.389175170404155], [78.53568458602034, 30.389350270404154], [78.53549543087658, 30.389786726141505], [78.5353486075635, 30.390239181878357], [78.53524560479046, 30.390702823071805], [78.53509088745689, 30.391052688068587], [78.53493876474379, 30.391512585245458], [78.53483185878706, 30.39198504460832], [78.53477117299207, 30.392465631715325], [78.53475727694774, 30.392949835838696], [78.53479030108053, 30.393433112301796], [78.53479810756185, 30.393479951849905], [78.53472635469808, 30.393623414485027], [78.5345468646881, 30.39409669228728], [78.53442472983407, 30.39455357723236], [78.53421180310825, 30.394859866965422], [78.53396673248277, 30.395301736299945], [78.5337675097578, 30.395766083611907], [78.53361616946052, 30.396248166835722], [78.53342006946052, 30.39700466683572], [78.53332402551138, 30.397462325318603], [78.53327115754935, 30.3979269549622], [78.53326192801205, 30.39839449163751], [78.53326882801205, 30.39864959163751], [78.53329018080503, 30.398995306124416], [78.53335898080502, 30.399707306124416], [78.5334239828445, 30.400161307605558], [78.53353031146159, 30.40060744305046], [78.53367707203874, 30.401041958807376], [78.53386302977584, 30.401461198989164], [78.53408662007946, 30.401861636232862], [78.53419559939577, 30.40202058901694], [78.53410894972637, 30.40202438646744], [78.5335956399406, 30.402100724373977], [78.53309300750236, 30.402229856260785], [78.53260646705806, 30.40241039104474], [78.53229696705806, 30.40254389104474], [78.53180939844698, 30.402786498887597], [78.53152729844699, 30.402946598887596], [78.5311022552317, 30.40321700356079], [78.53070657892619, 30.40352880587542], [78.53014597892619, 30.40401830587542], [78.52978848881857, 30.404363215301867], [78.52946698753317, 30.404741895395055], [78.52918464843798, 30.4051506084054], [78.52914115199422, 30.405229265620473], [78.52884874264493, 30.40546008069271], [78.52862482964593, 30.405616474709447], [78.52821626849685, 30.405934538335924], [78.52784279058126, 30.406293148053596], [78.52750840087742, 30.406688458322876], [78.52721668520238, 30.40711623004701], [78.52697077175964, 30.407571876029888], [78.52693406458727, 30.40766084617798], [78.52660862371654, 30.407961720100204], [78.52628121184478, 30.40833156698068], [78.52605660512893, 30.408447633067485], [78.52564541119804, 30.40871410321734], [78.52526227370184, 30.409019541342936], [78.52491087209039, 30.409361014177914], [78.52459458103907, 30.40973524239761], [78.52431643804002, 30.41013863211195], [78.5241178963152, 30.41049725742059], [78.52399348677199, 30.410601606208676], [78.52366721555634, 30.410931383057644], [78.52337291257957, 30.411289979535795], [78.52311311126854, 30.411674308763235], [78.5228900480519, 30.412081062346704], [78.52270564310851, 30.412506738859005], [78.52256148383795, 30.41294767398007], [78.52245881119596, 30.413400072040265], [78.52241451119596, 30.413648072040264], [78.52235496117996, 30.41409919409417], [78.52233667055367, 30.4145538618464], [78.52235979080541, 30.415008309605646], [78.52242413044652, 30.415458773502657], [78.52246393044652, 30.41566867350266], [78.52258321743584, 30.416160365804327], [78.52275158483256, 30.416637485417276], [78.52296730861717, 30.41709514681405], [78.52304738670817, 30.417228220913984], [78.52306533177125, 30.417569685636426], [78.52313584135713, 30.418042276066714], [78.52313827976235, 30.418052082701788], [78.52313716100149, 30.418362609762355], [78.52318256480287, 30.41884629108974], [78.52327469402441, 30.41932328305841], [78.5234126789326, 30.41978908268996], [78.52359521689952, 30.42023929266572], [78.52382058470006, 30.42066966283908], [78.52410628470007, 30.421156162839083], [78.52435461837413, 30.42153805570598], [78.52436007969285, 30.421544981711772], [78.52447879427334, 30.421855409363197], [78.52471923992493, 30.42232731206424], [78.52500825310628, 30.42277113370818], [78.52516180059149, 30.422959779043726], [78.52523145692741, 30.42318415624791], [78.52541508611023, 30.42362311201463], [78.52563960902513, 30.424042625187973], [78.52586785275643, 30.42438602757557], [78.52589837015395, 30.42459886420905], [78.52600580747465, 30.42504798451052], [78.52615422234891, 30.425485277145008], [78.52634234878701, 30.42590701197444], [78.52656858205674, 30.42630959156998], [78.52697788205673, 30.42696509156998], [78.52724985056118, 30.427357599382116], [78.52755802235242, 30.427722372458266], [78.52787880216785, 30.428035777125878], [78.5281214302972, 30.428375762217243], [78.528314188044, 30.428660313410887], [78.52860031892926, 30.429042113753507], [78.5289215384394, 30.429394903225326], [78.52927492164741, 30.42971546943288], [78.52965725075342, 30.430000893397924], [78.53006504438505, 30.43024857613677], [78.53049458929772, 30.43045626232584], [78.53061834016897, 30.43050896786408], [78.53064756715675, 30.43055469817453], [78.53094678965522, 30.430935793156085], [78.53128149407, 30.431286136478118], [78.53164853729247, 30.431602438171755], [78.53204447253002, 30.431881727942823], [78.5324655816738, 30.432121383065002], [78.53301788167381, 30.432401183065], [78.53345041527619, 30.432595119742555], [78.5338993704787, 30.432747224897724], [78.5343607121303, 30.432856131429133], [78.53483029375215, 30.432920860499028], [78.53525754240422, 30.432938875838527], [78.53550099441482, 30.433035440005355], [78.53563789359366, 30.433078484805534], [78.53587564767705, 30.433213845933153], [78.53633039436414, 30.433415836510868], [78.53680296594779, 30.433571627528718], [78.53728868217839, 30.43367967606522], [78.53778273262454, 30.433738912030396], [78.5382802243145, 30.433748748763698], [78.53876992431451, 30.4337340487637], [78.53925906694833, 30.43369527828309], [78.53974205405504, 30.433608750130762], [78.54021423420477, 30.433475297620124], [78.54067106004455, 30.433296205971804], [78.54110813209182, 30.433073199936274], [78.54152124110384, 30.43280842718357], [78.541906408615, 30.432504437620036], [78.54225992525161, 30.43216415883135], [78.5425783864552, 30.431790867888257], [78.5428587252703, 30.431388159786604], [78.54309824188088, 30.43095991282555], [78.54329462961103, 30.430510251257438], [78.54344599713956, 30.430043505568978], [78.54355088671441, 30.429564170776295], [78.54360828819166, 30.429076863135478], [78.5436176487637, 30.428586275685493], [78.54357887828309, 30.42809713305167], [78.54349235013076, 30.427614145944965], [78.54335889762012, 30.42714196579524], [78.5431798059718, 30.426685139955456], [78.54295679993628, 30.426248067908183], [78.54269202718356, 30.42583495889616], [78.54238803762003, 30.425449791385], [78.54204775883134, 30.42509627474839], [78.54167446788826, 30.424777813544797], [78.5412717597866, 30.42449747472969], [78.54084351282555, 30.42425795811912], [78.54039385125743, 30.42406157038897], [78.53992710556898, 30.423910202860444], [78.53968835498955, 30.42385795869383], [78.53954635943947, 30.423799240867588], [78.53903340469138, 30.423648875724563], [78.53884824822632, 30.423605196735945], [78.53840639831762, 30.4234299389174], [78.53816469700847, 30.42312976314363], [78.53782053882705, 30.42277921045557], [78.53744364116612, 30.422464122857985], [78.53703764232499, 30.4221875419802], [78.5366064615248, 30.421952137735328], [78.53615426107527, 30.421760182546837], [78.53568540619466, 30.421613529412227], [78.53555032558434, 30.421585463294914], [78.5354211735373, 30.421190061520516], [78.5352441735373, 30.420719261520517], [78.53502931451528, 30.42022914085257], [78.53489984181019, 30.419972152432752], [78.53483465027043, 30.41978643905241], [78.53472866167412, 30.41956330690248], [78.53465053282378, 30.419169822833567], [78.53450337485152, 30.41868850223711], [78.53430857278416, 30.418224414810094], [78.5340681005509, 30.417782263150137], [78.53378439485675, 30.417366527579755], [78.53347288314806, 30.416996337888335], [78.53345998104625, 30.416961278125854], [78.53335914953215, 30.416752632115564], [78.53327725889189, 30.416380633691727], [78.5332291851453, 30.416235568015], [78.53325708587283, 30.415961355088857], [78.5332614486988, 30.415887975807067], [78.53333508502244, 30.41583085875767], [78.53369149326956, 30.415493524073675], [78.53401311635676, 30.415122875834218], [78.53429685613355, 30.414722484442315], [78.53450001028624, 30.41436628620105], [78.53483454976927, 30.414059703285208], [78.53514129670361, 30.413722226715596], [78.53541601827108, 30.413358204494934], [78.53552760825268, 30.41317832264998], [78.5359626238773, 30.41288452924461], [78.5363272238773, 30.412608729244614], [78.53669504421894, 30.41230171014868], [78.53703179008782, 30.41196089531803], [78.5372628725158, 30.41167719199442], [78.53775087243221, 30.411461254944747], [78.53806697209771, 30.411300513889323], [78.53816384190897, 30.41148432961748], [78.53823641418514, 30.41159405393295], [78.53825296548631, 30.4119516475671], [78.53832591346944, 30.412446552035938], [78.53844794971795, 30.412931690156025], [78.53861785264002, 30.413402205659047], [78.53883392149488, 30.413853388650164], [78.53909399341738, 30.414280722754395], [78.53939546506842, 30.41467993032588], [78.53973531869457, 30.41504701526743], [78.53976858567792, 30.41507641749637], [78.53991725536049, 30.415384594792197], [78.54019126611266, 30.415827788530727], [78.54071106611265, 30.416578088530727], [78.54087928767483, 30.416806755199953], [78.54164318767484, 30.417785655199953], [78.54198655527581, 30.4181810831941], [78.54236939991804, 30.418538426989155], [78.54265161513226, 30.418751268286655], [78.54272935532751, 30.418861260601492], [78.54304775657218, 30.41922968884851], [78.54340048638092, 30.41956539766256], [78.54378419920003, 30.419865202929792], [78.54419525560971, 30.42012626107249], [78.54430510649706, 30.420181839888304], [78.5444724724162, 30.42032548102254], [78.54487821520324, 30.42060918502235], [78.54531002632966, 30.420851371561728], [78.54558582632966, 30.42098857156173], [78.54588915675497, 30.421127048607122], [78.54652565675497, 30.42139234860712], [78.54698728329164, 30.42155867541502], [78.54746298984844, 30.421678954000857], [78.54794819511116, 30.42175202601609], [78.5484382262879, 30.421777187737273], [78.54892836411055, 30.421754196843274], [78.54941388828392, 30.421683274748972], [78.54989012294482, 30.421565104472904], [78.55035248169312, 30.42140082405943], [78.55079651176135, 30.42119201561873], [78.55121793689719, 30.420940690090237], [78.55161269854622, 30.420649267876183], [78.55197699493796, 30.42032055553179], [78.55230731769902, 30.419957718736633], [78.55260048564062, 30.419564251807394], [78.55285367539524, 30.419143944045693], [78.55306444860712, 30.418700843245034], [78.55323077541503, 30.41823921670836], [78.55335105400086, 30.417763510151563], [78.5534241260161, 30.417278304888832], [78.55344928773728, 30.416788273712093], [78.55342629684328, 30.416298135889452], [78.55335537474897, 30.415812611716078], [78.55323720447291, 30.415336377055176], [78.55307292405944, 30.414874018306868], [78.55286411561873, 30.41442998823865], [78.55261279009024, 30.414008563102808], [78.55232136787619, 30.413613801453778], [78.55199265553179, 30.413249505062037], [78.55162981873664, 30.412919182300982], [78.5512363518074, 30.41262601435938], [78.55081604404569, 30.41237282460476], [78.55071314442695, 30.412323877540995], [78.55070184068556, 30.412312379338303], [78.55029753267353, 30.411979293985315], [78.54986059466096, 30.411690337251287], [78.54983105861554, 30.411674980098642], [78.54969404580368, 30.41151589998573], [78.54930803167787, 30.411153507537197], [78.54907288788755, 30.41097552698368], [78.54904294460692, 30.410848308445786], [78.54888518834976, 30.410386060081542], [78.54868308379065, 30.409941409281352], [78.5484385594969, 30.40951859909145], [78.54821360642671, 30.409204866182407], [78.5481559595339, 30.408897216660545], [78.5480158343376, 30.408418866706377], [78.54782877787444, 30.40795684546349], [78.54759664913959, 30.407515744568286], [78.54732175506325, 30.40709994774761], [78.54728207964752, 30.407045989182215], [78.5472424072777, 30.406834471200145], [78.54706075655918, 30.406143140207895], [78.54700775655917, 30.405987640207893], [78.54680775148383, 30.405489996201222], [78.54655559343267, 30.405016638086497], [78.54619179319114, 30.40441400370822], [78.54569878485879, 30.403538040185577], [78.54542748309777, 30.403108605051578], [78.54511401085644, 30.402708912252344], [78.54476160340883, 30.4023430869242], [78.54467027314415, 30.402257446085848], [78.54468059347741, 30.402049676251764], [78.54465833033012, 30.401570218243354], [78.54462743033012, 30.401243918243352], [78.5445556999945, 30.400750331578795], [78.54443515043825, 30.400266347239207], [78.54426698124054, 30.39979678131474], [78.54405286583986, 30.399346306419027], [78.5438495085516, 30.39900973000945], [78.54376260741124, 30.398663543488972], [78.54377403910966, 30.398635216895013], [78.54390806451046, 30.398185620352777], [78.54394138920782, 30.398017647367997], [78.54402992953408, 30.397936532389952], [78.54435823830447, 30.39757019950288], [78.5446489604034, 30.39717337826597], [78.54489928179872, 30.39674990969344], [78.54510677951517, 30.39630389273127], [78.54526944508744, 30.395839644581606], [78.5453019708206, 30.39570591862659], [78.54566534914758, 30.395446100638363], [78.54603765827324, 30.39511969634938], [78.54632635147753, 30.394811006204886], [78.54643192015146, 30.394757088424036], [78.54684462383376, 30.394492384243875], [78.54722941770227, 30.39418853179425], [78.54758260169254, 30.39384845283077], [78.5479007796914, 30.393475417452528], [78.548180892193, 30.393073012657783], [78.54836390328487, 30.392745834164735], [78.54863784416054, 30.392457734034128], [78.54888903637358, 30.392136976344137], [78.54901878732048, 30.392114253122987], [78.549493489929, 30.39198186553169], [78.54995285399824, 30.3918033895031], [78.55039241691571, 30.391580558889284], [78.55080790843247, 30.391315538436544], [78.55119529214748, 30.39101090275541], [78.55155080472028, 30.390669611308905], [78.55177175058479, 30.390411096349336], [78.55198186827869, 30.390378351342793], [78.55247996164148, 30.390247093498022], [78.55296190769414, 30.39006528694646], [78.55342259153127, 30.38983486120555], [78.55385712390388, 30.389558261789393], [78.55399472390388, 30.389460361789393], [78.55437666680119, 30.389159611736783], [78.55472759771699, 30.388823191667115], [78.55504419921753, 30.388454281839657], [78.55532347839322, 30.38805636964712], [78.5555627951513, 30.387633216648496], [78.55566832654466, 30.38739526952421], [78.5558598451577, 30.38731266673753], [78.55628358536283, 30.387078960138872], [78.55668274861922, 30.38680538523054], [78.55705359597202, 30.38649450458362], [78.55739265370099, 30.386149230211355], [78.55769674585866, 30.38577279629238], [78.55796302401944, 30.38536872887622], [78.55815022401944, 30.38505232887622], [78.55816400172877, 30.38502626963761], [78.55824521430945, 30.384964734066156], [78.55859976481524, 30.384637790066744], [78.55892116664911, 30.384278207946664], [78.55920642950848, 30.38388933323552], [78.55945289932549, 30.383474783999358], [78.55965828296037, 30.3830384171784], [78.55982066953656, 30.382584292702326], [78.55993854821952, 30.382116635716912], [78.56001082227331, 30.381639797273568], [78.56004602227331, 30.381296497273567], [78.56007209741476, 30.380791584525078], [78.56004704922333, 30.38028661978899], [78.55997113380855, 30.379786766164028], [78.55984512738063, 30.37929713448949], [78.55967031831393, 30.378822731088583], [78.5595653382007, 30.37857691729833], [78.55989945170114, 30.378636257957595], [78.56727411107528, 30.379943634657508], [78.56778044738166, 30.380006953166117], [78.56829060044875, 30.38001833459151], [78.56879925681422, 30.37997766039128], [78.56930111860456, 30.379885354204607], [78.57125431303436, 30.379421955526144], [78.57500214697083, 30.37853278622192], [78.57895395393221, 30.38170699500567], [78.57933976921045, 30.381987694453798], [78.57975058298868, 30.382230341622996], [78.5801826544688, 30.382432727010755], [78.5824843544688, 30.383379727010755], [78.5838592351191, 30.383945397168077], [78.58385638043174, 30.383948921860974], [78.58357588220417, 30.384378894527476], [78.58334095189909, 30.38483536303829], [78.58315406620581, 30.385313515197396], [78.58301719531629, 30.385808310214763], [78.58293178215492, 30.38631453184752], [78.58289872716689, 30.3868268433908], [78.5829183788255, 30.387339843938484], [78.58299052995842, 30.38784812532082], [78.58322252995842, 30.389039225320822], [78.58335618832315, 30.389569186165556], [78.58354689217697, 30.390081392272073], [78.58379236281434, 30.390569723329456], [78.58562396281434, 30.393765223329453], [78.58587312023661, 30.39415662557611], [78.5861574861643, 30.394523246850643], [78.58647461192078, 30.394861930175207], [78.5868217667344, 30.395169759145798], [78.58719596125314, 30.395444083045437], [78.58728429009963, 30.395497002547373], [78.58727921539594, 30.395510166204932], [78.58715301791563, 30.395957512923314], [78.58706890668935, 30.396414645499373], [78.58702760858911, 30.39687761348682], [78.58702948050467, 30.397342416010922], [78.58706778050467, 30.39809981601092], [78.5871181198511, 30.398598286930223], [78.58721809117507, 30.399089217721244], [78.5873666907353, 30.399567679295345], [78.58756242654874, 30.400028867758476], [78.58780333337063, 30.400468152643665], [78.58808699242606, 30.40088112340227], [78.5884105556952, 30.40126363368717], [78.58877077450826, 30.401611842983293], [78.58916403216307, 30.401922255167538], [78.58958638023782, 30.402191753610843], [78.5900335782344, 30.402417632470065], [78.5907279782344, 30.402725732470067], [78.59122530722327, 30.402915399144995], [78.5917399803422, 30.403051123687344], [78.59226616511839, 30.403131368014638], [78.5927978986245, 30.40315522276744], [78.5973525559844, 30.40311687244608], [78.5977718674286, 30.40433815357717], [78.5979408779021, 30.404765401866676], [78.59814839423113, 30.40517533187805], [78.59839266410098, 30.405564482069774], [78.60008056410099, 30.407997582069775], [78.60038392467044, 30.408391505628483], [78.60072490836541, 30.40875335300649], [78.60110014349267, 30.409079546207632], [78.60150591967617, 30.40936685978911], [78.60193822454575, 30.4096124527551], [78.60239278341197, 30.409813896648895], [78.60286510153483, 30.40996919956584], [78.60335050856843, 30.410076825849536], [78.60667635661417, 30.410642437976993], [78.60691226694672, 30.4108812982669], [78.60726996046596, 30.41120989147657], [78.6076578490506, 30.41150222792153], [78.60907021974099, 30.41246279028761], [78.60952042833144, 30.41410206424555], [78.60966820078978, 30.414554564203623], [78.6098583343326, 30.414990960981104], [78.6109062343326, 30.417113960981105], [78.61116833005983, 30.417580301340628], [78.6114787476872, 30.418015971396702], [78.61183393395727, 30.418415984164877], [78.61273033395727, 30.419322784164876], [78.61307202352312, 30.41963772213772], [78.61344147556221, 30.419919578265826], [78.61383549892982, 30.420165918014803], [78.61425069024615, 30.420374613623224], [78.61468346329316, 30.42054386248122], [78.6151300799904, 30.42067220270052], [78.61558668268283, 30.420758525741526], [78.6160493274613, 30.420802085988328], [78.61651401822807, 30.420802507188967], [78.61970344517229, 30.420657034187208], [78.62062613057353, 30.420724541539865], [78.62130044559706, 30.421051313151075], [78.62170645091899, 30.421226340668227], [78.62212633065498, 30.421364817960647], [78.62255680176612, 30.42146566227464], [78.62374100176612, 30.42168836227464], [78.62425924768611, 30.421758001168786], [78.62478193246821, 30.421773134831067], [78.62530333943766, 30.421733597742552], [78.62581776589536, 30.421639822325773], [78.62716086589536, 30.421321622325774], [78.627497337131, 30.421229398637685], [78.62816035063808, 30.421022548097465], [78.62820052320377, 30.421076993703227], [78.62855236636314, 30.42146226692834], [78.62894244282784, 30.421808777272304], [78.62929714282784, 30.422092177272305], [78.629702330398, 30.42238400103558], [78.6301346047562, 30.422633954941485], [78.63058965460415, 30.422839546068978], [78.63106294149173, 30.422998723950215], [78.63154974508126, 30.42310990102093], [78.63204521022593, 30.423171968454046], [78.63254439539269, 30.42318430721859], [78.63342234250018, 30.423162141581592], [78.63353126550643, 30.42333580441621], [78.63406679676349, 30.424101289413375], [78.63405680663566, 30.424208560705022], [78.63398710663566, 30.42609576070502], [78.63399477535867, 30.426612912271562], [78.63405582648376, 30.427126504826234], [78.63416960675275, 30.427631042835184], [78.63433489869605, 30.42812112764985], [78.63454993365978, 30.428591515273478], [78.63528373365979, 30.42999921527348], [78.63552434470193, 30.4304114993384], [78.63580317582189, 30.430798959052865], [78.63611768550942, 30.431158062770805], [78.63646500704867, 30.43148553730746], [78.63793930704867, 30.43274823730746], [78.6383680152075, 30.433076986398895], [78.63882969011073, 30.433357562474708], [78.63931894185801, 30.43358668990292], [78.641563841858, 30.434493589902917], [78.6420140610156, 30.43465093895318], [78.64247722368489, 30.43476467705266], [78.64294911590049, 30.434833769384767], [78.6434254442735, 30.434857587330843], [78.64390187505383, 30.434835914189488], [78.64437407355962, 30.434768947148157], [78.64483774361528, 30.434657295489096], [78.64589734361529, 30.434347995489098], [78.64635905638198, 30.434188358045045], [78.64680298632308, 30.43398442423258], [78.64722489545622, 30.433738140908233], [78.64746171765469, 30.433566873888584], [78.64751649081782, 30.433590920290865], [78.64765319036601, 30.433873034288336], [78.64791491152938, 30.43429876056617], [78.64821782283231, 30.434696234557197], [78.64855889830199, 30.435061485642034], [78.64893473071956, 30.435390865096306], [78.64934156565701, 30.43568108254006], [78.64977533898252, 30.43592923880748], [78.65023171745968, 30.436132854908465], [78.65070614203486, 30.436289896792843], [78.65119387338058, 30.43639879566979], [78.65166607338057, 30.43647969566979], [78.6521865879797, 30.436541003560027], [78.65271066054896, 30.436547487961608], [78.65323253270252, 30.43649907762546], [78.65374647023222, 30.43639630447294], [78.65424682611366, 30.436240297751212], [78.65508552611367, 30.43592969775121], [78.65555851687364, 30.4357262625359], [78.65600807843393, 30.43547526343361], [78.65606011948772, 30.435438717888623], [78.65618803826685, 30.435484899694348], [78.65667918113449, 30.43563419842748], [78.6571830433706, 30.435732352771115], [78.65769431403686, 30.435778328133612], [78.65820760410676, 30.435771639913632], [78.65929020410677, 30.43570183991363], [78.65978164735152, 30.435645636062695], [78.66026513231223, 30.435541148606774], [78.6607359271151, 30.435389400165995], [78.66118942408505, 30.435191875904394], [78.6613028813489, 30.435128449970502], [78.66135405154895, 30.43519673225531], [78.66423115154895, 30.43867673225531], [78.66443108311401, 30.4389041683731], [78.66531465883556, 30.43984993420422], [78.66531089510681, 30.44017161937415], [78.66535328230798, 30.44066050906593], [78.66544338951385, 30.441142889099716], [78.66558034877652, 30.44161411300183], [78.6657628408506, 30.442069641758817], [78.6659891079009, 30.442505087539022], [78.6669453079009, 30.44414338753902], [78.66733526583556, 30.4447162492128], [78.66817276583556, 30.445779849212798], [78.66851791568891, 30.44617383245464], [78.66890238758118, 30.446529546637894], [78.66932196229915, 30.4468430881378], [78.66977203540944, 30.447111016134695], [78.67024766778783, 30.4473303903737], [78.67074363982148, 30.447498803431248], [78.67125450868917, 30.447614407134253], [78.67262820868916, 30.447850407134254], [78.67316219785546, 30.447912818421997], [78.67369980119769, 30.44791753488056], [78.67423480316968, 30.447864501980217], [78.67476101830124, 30.44775433286529], [78.67527236271194, 30.44758830126526], [78.67572487238272, 30.447413962089914], [78.6760145608901, 30.447535128670093], [78.67647641332057, 30.447677714201966], [78.67694987558104, 30.447775037320252], [78.67743052291476, 30.447826188488634], [78.67791386341666, 30.44783068967222], [78.6783953800126, 30.44778849880506], [78.67932808001261, 30.44766109880506], [78.67973508574241, 30.44758824998865], [78.680134680769, 30.447482021796255], [78.68052413249194, 30.44734314066135], [78.68096919863818, 30.44716335582036], [78.68127695178063, 30.447136591399595], [78.68135568160166, 30.447441295686623], [78.68152819658019, 30.44790988376646], [78.6817465894548, 30.448358928039003], [78.68200868209547, 30.44878394998443], [78.6823118605348, 30.449180710668365], [78.68265310103828, 30.449545253018652], [78.68302900026147, 30.44987394129103], [78.68343580919287, 30.450163497330017], [78.68399680919288, 30.450521997330018], [78.68444202072739, 30.450775363031767], [78.68491081932873, 30.450981846349872], [78.68539828434636, 30.451139279973585], [78.68542447172501, 30.451144858684675], [78.68562212325374, 30.451500625022664], [78.68589512352668, 30.451896798129713], [78.68620493759764, 30.45226489800912], [78.6865486968079, 30.452601516316907], [78.68692321819084, 30.452903536206147], [78.68732503394392, 30.453168161186742], [78.68775042353808, 30.453392941018933], [78.68819544816719, 30.45357579440081], [78.68865598721862, 30.453715028239657], [78.6891277764272, 30.45380935332882], [78.68960644735927, 30.453857896284827], [78.69008756786126, 30.453860207634317], [78.69056668309837, 30.453816265975835], [78.69103935680309, 30.453726478177988], [78.69168015680309, 30.453572478177986], [78.69207240234907, 30.453455994536256], [78.69208639024396, 30.453463356865846], [78.69222305073748, 30.453696496145888], [78.69248887299722, 30.454103286376313], [78.69279292842914, 30.454482351093286], [78.69313234505013, 30.454830109806686], [78.6935039168697, 30.455143277730073], [78.6962608168697, 30.457246477730074], [78.69668594739527, 30.457537424257296], [78.69713875822293, 30.457783082963264], [78.69761444256935, 30.457980846074236], [78.69810795083878, 30.458128614248995], [78.69861404422687, 30.458224818864263], [78.69879714236511, 30.458240378204888], [78.69973737561715, 30.462392662953132], [78.6996225373938, 30.462579339843323], [78.6994104858235, 30.4630128313186], [78.69924121178036, 30.46346474616226], [78.69911629209085, 30.463930874683996], [78.69903689041053, 30.46440687478984], [78.6990037463842, 30.46488831242975], [78.69901716875609, 30.46537070290181], [78.69907703249372, 30.465849552628256], [78.69918277995266, 30.466320401014183], [78.69933342607112, 30.466778861999], [78.69952756754597, 30.467220664913597], [78.6997633959049, 30.467641694262607], [78.70003871435271, 30.468038028061184], [78.700350958235, 30.46840597436919], [78.70069721892845, 30.468742105682477], [78.70095265163424, 30.46894614264193], [78.70102313866778, 30.47167508911284], [78.70103884466467, 30.473262662984443], [78.70104569018295, 30.473479379561184], [78.7010789829994, 30.47410387540668], [78.70077475871365, 30.474876383460696], [78.70061757926268, 30.475341213573714], [78.70050671884532, 30.475819211880857], [78.70044324514674, 30.476305774829882], [78.7004277694756, 30.47679621638336], [78.70046044087647, 30.477285813149418], [78.70054094469448, 30.477769849872264], [78.70066850560566, 30.478243664844282], [78.70105480560566, 30.47944106484428], [78.70123746563966, 30.479921275872314], [78.70146844050286, 30.48038020716568], [78.70174529140267, 30.480813013009843], [78.70206509515548, 30.481215123540867], [78.7024244750517, 30.48158229299718], [78.70281963650943, 30.48191064454931], [78.70326483650943, 30.482243444549308], [78.70370730912651, 30.48253886570925], [78.70417866690616, 30.482785599416278], [78.70467357302851, 30.48298085209531], [78.70518642405405, 30.483122413051163], [78.70605012405404, 30.483312013051165], [78.70658631201944, 30.48339949946012], [78.70712882670848, 30.48342829560867], [78.7075743423547, 30.48342770514769], [78.70750977966324, 30.483691645080484], [78.70744155196978, 30.48415500487167], [78.70741697943558, 30.484622715791794], [78.70743627766724, 30.485090674008408], [78.70749927733642, 30.48555477351921], [78.7076054256656, 30.486010942179302], [78.70775379127828, 30.48645517743141], [78.70794307237117, 30.486883581425456], [78.70817160813658, 30.487292395219463], [78.70846067826382, 30.48775697567755], [78.70841084106159, 30.488014679519956], [78.70836538406452, 30.48850956432413], [78.70836927921847, 30.48900651717477], [78.70842248804286, 30.489500628628786], [78.70852448488277, 30.48998701731351], [78.70867426210205, 30.490460878150223], [78.70887034003769, 30.49091752982397], [78.70911078161768, 30.49135246103071], [78.70939321149744, 30.491761375044902], [78.70971483952611, 30.492140232167245], [78.71007248831073, 30.492485289633255], [78.71087718831072, 30.493187889633255], [78.71124407287668, 30.493479097189507], [78.71163659835814, 30.493734694278622], [78.71205131985529, 30.49395243771792], [78.71248459767065, 30.494130416537622], [78.71293262925198, 30.494267068752002], [78.71339148256432, 30.494361195067743], [78.71341746786375, 30.49436402850925], [78.71358865261878, 30.49469619735979], [78.71384172352585, 30.495091262746676], [78.71413071013735, 30.49546086832332], [78.71445306796615, 30.49580175976371], [78.7148059586961, 30.496110935565845], [78.71518627517314, 30.496385673479523], [78.71559066876324, 30.496623554475395], [78.71601557883676, 30.49682248404418], [78.71787611512856, 30.49758928021814], [78.71864981472164, 30.497953568069157], [78.71967804097677, 30.49883957299696], [78.7198152848476, 30.498953630043555], [78.72073500736784, 30.499690622258925], [78.72337265942814, 30.503081386565878], [78.7236417286053, 30.50339905466676], [78.7239239549949, 30.503680917251124], [78.72395578297274, 30.50376009497522], [78.7242213794585, 30.50425298090293], [78.7248168794585, 30.50522368090293], [78.72511766263885, 30.505660229431236], [78.72546297615524, 30.506062477755716], [78.72584893806024, 30.506425903878924], [78.72627120944519, 30.506746422235036], [78.72687730944519, 30.507157722235036], [78.72725938667725, 30.507392686029206], [78.72766098356695, 30.50759246324016], [78.72807886820715, 30.50775544613287], [78.72850967761279, 30.5078803230797], [78.72894994478492, 30.50796608911597], [78.72972784478492, 30.508081689115972], [78.7302462776553, 30.508131309607446], [78.73076705966176, 30.508126734019985], [78.73122305966176, 30.508098934019984], [78.73170694253187, 30.50804060098814], [78.73208747581289, 30.50819121480541], [78.73260334614602, 30.508333864187026], [78.73313150899592, 30.508420553578873], [78.73366591222803, 30.50845028962092], [78.73420043220021, 30.508422731572566], [78.73526551495914, 30.508310420889504], [78.73538753608491, 30.508510688389165], [78.73549608333369, 30.50868100252401], [78.73601638333369, 30.50946210252401], [78.73632583311245, 30.509878165100275], [78.73667670852288, 30.510259942102326], [78.73706523600896, 30.510603327637124], [78.73748723707826, 30.510904628699922], [78.73793817324041, 30.511160604891405], [78.73841319481708, 30.511368503267153], [78.73856934295063, 30.511427397309546], [78.73943605410584, 30.51223466842143], [78.73994822232893, 30.512652056378904], [78.74126242232894, 30.513585656378904], [78.74164638758015, 30.51383284369672], [78.74205130361584, 30.514043968987174], [78.74247379293602, 30.514217271204533], [78.74291033145788, 30.514351304794214], [78.74416563145788, 30.514674804794215], [78.74462302751472, 30.514770135944506], [78.74467578666767, 30.514776069845297], [78.74468149596447, 30.514823660720687], [78.74475839848135, 30.515282770045623], [78.74487766495609, 30.51573273768596], [78.745038261609, 30.516169663405528], [78.74523879641801, 30.51658976001313], [78.74547753118458, 30.516989386189177], [78.74575239659993, 30.517365078047998], [78.74606101018158, 30.51771357916215], [78.74640069692417, 30.518031868788526], [78.74711709692417, 30.518643068788524], [78.74750150426866, 30.51894001308231], [78.74791291122195, 30.519198255679274], [78.74834743500881, 30.519415359338257], [78.74880097468207, 30.519589275079042], [78.74926924982641, 30.51971836152021], [78.74974784095619, 30.519801400370152], [78.75023223122557, 30.51983760792508], [78.75071784905761, 30.519826642465443], [78.75120011128989, 30.51976860748103], [78.75209401838951, 30.51961667428087], [78.75325864149744, 30.522719716353688], [78.75344917068894, 30.523161492427473], [78.75368127726504, 30.523582911470125], [78.75395281222086, 30.52398007168962], [78.754261261496, 30.524349295899086], [78.75460376925147, 30.52468716556274], [78.75497716431114, 30.524990552447097], [78.75686716431115, 30.526380752447096], [78.75726339216114, 30.526644101351003], [78.75768285618088, 30.526868598768438], [78.75812175855734, 30.527052212107375], [78.75963355855733, 30.527601712107376], [78.76013205994647, 30.527753995940316], [78.76064370632665, 30.52785355487959], [78.76116293724782, 30.527899306942537], [78.76168410983288, 30.527890754906718], [78.7635567121453, 30.527762175931286], [78.76391936107075, 30.52778348454314], [78.76726058273455, 30.5290458172407], [78.76769356589769, 30.529187222465247], [78.76813762076529, 30.529288638103342], [78.76858906221736, 30.529349222527472], [78.77042516221736, 30.52951092252747], [78.77090843219835, 30.529530000792718], [78.77139128457576, 30.529502298150916], [78.77186920151514, 30.52942807380333], [78.77233771136076, 30.529308022234094], [78.77279243047488, 30.529143266712218], [78.77288040930581, 30.52910137645602], [78.77332052745317, 30.529359589083473], [78.77380294559268, 30.52957771275182], [78.77430572346921, 30.52974360308574], [78.77482322383273, 30.529855400088334], [78.77534964436158, 30.52991185026837], [78.77601093041855, 30.529947499732348], [78.77948177493955, 30.53126330848234], [78.77994966949944, 30.53141482091786], [78.78043018572261, 30.531519632637437], [78.7809186744928, 30.53157672956112], [78.78141040955731, 30.5315855592617], [78.78190063325476, 30.53154603630958], [78.78238460254661, 30.53145854309935], [78.78285763490727, 30.53132392614999], [78.78331515362875, 30.531143487914612], [78.78375273210143, 30.530918974178878], [78.78415309419762, 30.53068800592365], [78.78462378851991, 30.530861725616706], [78.78486591971351, 30.530944116371973], [78.78604775486419, 30.53131281625013], [78.78598809709176, 30.531696434494272], [78.78595995361147, 30.532170035811124], [78.78597682499998, 30.532644172520374], [78.78603855935384, 30.53311457567976], [78.786144600841, 30.533577009962453], [78.7862939947052, 30.534027311790283], [78.7864853958623, 30.534461426820975], [78.78671708101079, 30.534875446451885], [78.78698696414786, 30.5352656430115], [78.78729261535084, 30.535628503321984], [78.78763128265535, 30.535960760330426], [78.78853228265537, 30.536764460330424], [78.78887521821478, 30.537044122038193], [78.78924153713155, 30.53729236772281], [78.78962837016923, 30.53750725297047], [78.79003268741214, 30.537687094666953], [78.79096662302277, 30.538053917034258], [78.7910087783087, 30.53810350868782], [78.79114922573707, 30.53833544907508], [78.79145272714231, 30.53873849694126], [78.79179530231814, 30.539108906085744], [78.7921734630177, 30.539442904844304], [78.79351622815688, 30.54051326811253], [78.79361013156897, 30.540763556914992], [78.7938021320566, 30.54120846678725], [78.79403629830082, 30.541632701570997], [78.79431043092818, 30.542032276700734], [78.79462195518651, 30.542403439223285], [78.79496794512809, 30.542742703046894], [78.79534515109106, 30.543046881683843], [78.79575003022151, 30.543313118179093], [78.7961787797492, 30.543538911943827], [78.79618264816052, 30.54354049201804], [78.79620050029482, 30.54359609190358], [78.79638370682879, 30.54402469763773], [78.79660603014582, 30.544434380261404], [78.79741033014582, 30.5457645802614], [78.79767868450126, 30.54616369651071], [78.79798414355342, 30.54653518353336], [78.79832388109934, 30.54687560421492], [78.79869475378071, 30.547181808876477], [78.79909333016715, 30.547450964416473], [78.79951592250495, 30.547680580523433], [78.80016766791431, 30.5479950970581], [78.80017676728251, 30.548061015510633], [78.80026274221898, 30.5485226159198], [78.80039163810802, 30.548974116171443], [78.80044517743325, 30.54911132655687], [78.80032619740301, 30.549507303099432], [78.80022870283314, 30.55002282980539], [78.80018576623476, 30.5505457346], [78.80019786037928, 30.55107025982091], [78.80026485209909, 30.551590629963393], [78.80090585209908, 30.55510272996339], [78.80096301946847, 30.555373347009894], [78.80129391946848, 30.556750247009894], [78.80143854354162, 30.55724030940956], [78.80163242722088, 30.557713052888644], [78.80187354576134, 30.558163540543912], [78.8021593811401, 30.558587067891732], [78.80248694835225, 30.558979211997414], [78.80285282658356, 30.55933587766433], [78.8032531949343, 30.55965334020042], [78.80368387232132, 30.559928284315493], [78.8041403611414, 30.5601578387431], [78.8042581372301, 30.560209704641277], [78.80427528416496, 30.560302546579877], [78.80441857741431, 30.560792171881], [78.80461101742748, 30.561264646993724], [78.80612661742747, 30.564502246993726], [78.8063510938208, 30.564927275557], [78.80661534500939, 30.56532878550717], [78.80691692890078, 30.56570306626705], [78.80725305839015, 30.566046658899584], [78.8076206271176, 30.56635638807379], [78.80801623817571, 30.566629391409776], [78.80843623550224, 30.566863145931595], [78.80887673766786, 30.56705549138345], [78.80900928656015, 30.56709875965666], [78.80903437155244, 30.56719529586807], [78.80919769399803, 30.567643244015578], [78.80940294102213, 30.56807359901228], [78.809648246258, 30.568482447523756], [78.81022164625801, 30.569342347523758], [78.81047721199603, 30.569691820291034], [78.81076205206404, 30.570017874269972], [78.81079230151434, 30.570046980734602], [78.81081551177549, 30.57043454391024], [78.81088987548895, 30.570908168436418], [78.81100925879828, 30.571372493515575], [78.81117256409259, 30.571823250140078], [78.81137828994198, 30.572256294050753], [78.81162454490175, 30.572667643839218], [78.81190906490227, 30.573053517552992], [78.81222923406492, 30.573410367466778], [78.81258210875244, 30.573734912700274], [78.8129644446328, 30.574024169382614], [78.81337272650754, 30.574275478086072], [78.8138032006306, 30.574486528276893], [78.81405487569982, 30.574581234861345], [78.81421194630964, 30.574858241938028], [78.8144854347776, 30.575248563987433], [78.81479484399478, 30.575611073546856], [78.81513736270315, 30.5759424768944], [78.81550987881549, 30.576239762935778], [78.81590900769146, 30.576500230562786], [78.81633112289009, 30.57672151319527], [78.81697724781058, 30.57702188446878], [78.81717156737892, 30.577291201369203], [78.81749349250887, 30.577685748500116], [78.81749551901348, 30.57769734983521], [78.81718026491073, 30.58020450272518], [78.81714338245251, 30.58068058486215], [78.81715208299242, 30.581158014246956], [78.8172062871765, 30.58163243644637], [78.81730550063111, 30.58209952445445], [78.81731078500904, 30.58211631929912], [78.81718329186688, 30.582490791598993], [78.81707315660537, 30.58295586921662], [78.81700792956823, 30.583429337694838], [78.81698820674, 30.58390687091493], [78.81701416832973, 30.5843841056183], [78.81708557712435, 30.584856681273934], [78.81720178065603, 30.585320279920897], [78.81736171716402, 30.585770665621887], [78.81756392529584, 30.58620372316733], [78.8178065574599, 30.58661549567638], [78.81808739670701, 30.587002220751234], [78.81840387698692, 30.587360364854465], [78.81875310659439, 30.587686655595235], [78.81913189459102, 30.587978111629383], [78.81953677996114, 30.5882320699002], [78.81996406323523, 30.588446209970996], [78.82270737289431, 30.589660677927615], [78.82291781818445, 30.590062032175023], [78.82318407134292, 30.590468317134185], [78.82348849242848, 30.59084684852668], [78.8238282082149, 30.591194053648884], [78.82420001235302, 30.591506655464794], [78.82460039563324, 30.591781703535787], [78.82502557910664, 30.592016601867808], [78.82535775843743, 30.5921600081673], [78.82536626152188, 30.592187539351173], [78.8255530843376, 30.592633919679944], [78.82578218221465, 30.5930601500462], [78.82605140934753, 30.593462238237162], [78.826358244067, 30.59383641816356], [78.8266998124589, 30.594179185134028], [78.82707291528214, 30.59448732868121], [78.82747405793388, 30.594757962632045], [78.82773221859294, 30.59491450897116], [78.82784573880652, 30.595580746148492], [78.82795489483799, 30.59607111735073], [78.82811270756508, 30.596548059798355], [78.82831758384339, 30.597006758681914], [78.82856745541443, 30.597442583363605], [78.82885979978518, 30.597851134124312], [78.82919166569297, 30.59822828657947], [78.82955970289896, 30.59857023331538], [78.82996019600931, 30.598873522325643], [78.83038910198273, 30.599135091859715], [78.83084209094555, 30.59935230133177], [78.83131458990252, 30.599522957977822], [78.83180182890193, 30.599645338992033], [78.83229888918899, 30.5997182089187], [78.83280075286147, 30.599740832124382], [78.8333023535262, 30.599712980224243], [78.83379862744508, 30.599634934387623], [78.83428456465442, 30.599507482499583], [78.83454347926366, 30.599410906195356], [78.8347053383377, 30.599494372160105], [78.83471787408733, 30.59955557459176], [78.83486753399214, 30.60003507534652], [78.83506454980451, 30.60049714009371], [78.83530693309064, 30.600937105323617], [78.8355922375336, 30.60135053057169], [78.83591758362346, 30.601733243235113], [78.83627968771937, 30.602081380685895], [78.83667489519075, 30.60239142925545], [78.83709921730248, 30.602660259697224], [78.83710181761309, 30.602661729513997], [78.83721621304242, 30.602859842577693], [78.83747227267577, 30.60325841288752], [78.83776490392661, 30.60363096057404], [78.83809147984624, 30.60397414127923], [78.83844906876489, 30.60428487427227], [78.83943490241113, 30.605062719581053], [78.84033969007577, 30.606222158276637], [78.84068903905393, 30.606623775135922], [78.8410791036639, 30.60698597730358], [78.84150546305676, 30.60730465971339], [78.84188917529083, 30.607532253360024], [78.8426922419209, 30.610177049365124], [78.8426484229595, 30.610726533990253], [78.84263328464273, 30.611206740308095], [78.84266430545986, 30.611686182677143], [78.84274119899287, 30.61216043436234], [78.84286325527675, 30.612625116554703], [78.84302934735472, 30.613075938801234], [78.84323794168351, 30.613508738619082], [78.84348711229268, 30.61391951992812], [78.84377455856732, 30.614304489947123], [78.84409762648978, 30.614660094212848], [78.84445333314456, 30.614983049398734], [78.84483839425967, 30.615270373630143], [78.84524925453081, 30.615519414016283], [78.84568212044769, 30.615727871144593], [78.84613299531986, 30.615893820311427], [78.84667300982252, 30.616063597833985], [78.84869205922882, 30.61958253521163], [78.8489709956452, 30.62001540048051], [78.84929297471818, 30.620417280241078], [78.84965458117881, 30.62078391170865], [78.85005197942593, 30.62111140598123], [78.85048095421077, 30.62139628928954], [78.8522437583869, 30.622440323751757], [78.8522654203838, 30.622655444520003], [78.85237331300632, 30.623171932885214], [78.85253503265649, 30.62367417565932], [78.85300943265649, 30.624918275659322], [78.85322119466419, 30.625396769113387], [78.85348180359092, 30.625850511464055], [78.85359974456743, 30.62601362066983], [78.85359754925231, 30.62602490290144], [78.85353110028981, 30.626474580770907], [78.85350576487045, 30.626928435116955], [78.85352175239208, 30.627382714821604], [78.85357893071746, 30.627833665251263], [78.85367682726623, 30.628277559288893], [78.85381463292086, 30.628710728138714], [78.85382328264848, 30.62873417051384], [78.8535620628185, 30.629945458832836], [78.85348006829814, 30.63044926300746], [78.85344986563895, 30.63095880157039], [78.85347176960308, 30.63146876427892], [78.85354555191464, 30.63197383647004], [78.85367044363872, 30.63246875444808], [78.85384514319502, 30.632948360341253], [78.85406782992241, 30.63340765585525], [78.85433618305333, 30.633841854363833], [78.85464740590005, 30.634246430793475], [78.85484791649354, 30.63448123722918], [78.85467497799404, 30.63486711176433], [78.8545026822019, 30.635305884670494], [78.85437247266904, 30.635758933211743], [78.8542855067369, 30.636222230556676], [78.85425691127921, 30.636534773452418], [78.85413368288171, 30.63687810353361], [78.85405918256623, 30.636940979124148], [78.85370461711472, 30.63730835265488], [78.85338936515247, 30.637709969600213], [78.85011666515247, 30.642348669600214], [78.84985513866813, 30.642760663241663], [78.84963501965791, 30.64319618876783], [78.84945840484222, 30.643651097626268], [78.84932697654686, 30.64412105663063], [78.84931073131911, 30.644212907126903], [78.84906622642245, 30.644571383882585], [78.84883284632154, 30.644997115613634], [78.84864185654979, 30.64544347498164], [78.84849505786401, 30.645906253464474], [78.84839616092478, 30.646370173949872], [78.84828524835623, 30.64658134533555], [78.8481030409858, 30.64702837246239], [78.84796479160444, 30.647490887204338], [78.84793441502181, 30.647645604358758], [78.84789911098675, 30.647725221764556], [78.84748611098675, 30.648791521764554], [78.84733843624232, 30.649232729847824], [78.84723241220617, 30.649685754468177], [78.84716895692941, 30.650146672932483], [78.84714861986468, 30.65061149419564], [78.84717157710853, 30.651076193418625], [78.84722178078147, 30.6515980569609], [78.84708007181315, 30.651867258304502], [78.84688042298255, 30.652294219103528], [78.84672186465835, 30.65273808218747], [78.84660580582265, 30.653194903297006], [78.84653327779831, 30.65366062302511], [78.84650492508439, 30.654131102889796], [78.84652099962898, 30.654602162109512], [78.84658135859033, 30.655069614754435], [78.8466421302837, 30.655337956638245], [78.84630013605299, 30.65638879051134], [78.84621921279533, 30.656637247862207], [78.84609717225659, 30.657080076648928], [78.84601628536892, 30.657532236508764], [78.84597723478927, 30.657989911371168], [78.84598035009084, 30.658449238620893], [78.84602560498158, 30.658906341697133], [78.84619850498157, 30.660093441697132], [78.8462896426496, 30.66056144602841], [78.8464249436763, 30.66101864156732], [78.84660317772004, 30.66146087086789], [78.84682272403356, 30.66188411257761], [78.84693941749201, 30.66206461285844], [78.84686470502736, 30.662441156909974], [78.84681684328513, 30.66292898391817], [78.84670204328512, 30.66528138391817], [78.84670207804615, 30.665769527339908], [78.84674971262855, 30.666255341036663], [78.84684449300997, 30.66673419454317], [78.84698551580446, 30.667201523734246], [78.84827431580446, 30.670822923734246], [78.84847702482324, 30.67130961381827], [78.84872985387396, 30.671772253694726], [78.84902999192049, 30.67220569958202], [78.8490665974018, 30.672248190140323], [78.848995430244, 30.67235620225923], [78.84877287882134, 30.67277592379161], [78.8485911667031, 30.67321487254324], [78.84845193435214, 30.67366908576731], [78.84835643873194, 30.67413446291221], [78.84830554195901, 30.67460680264056], [78.84829970351984, 30.675081840758086], [78.84833897612278, 30.67555528870996], [78.84842300522214, 30.676022872297068], [78.84855103221902, 30.676480370262684], [78.84872190130974, 30.676923652401182], [78.84893406992029, 30.677348716844733], [78.8492476699203, 30.677908716844733], [78.84950189606997, 30.678315584000867], [78.849793946851, 30.678696212637742], [78.85012113338901, 30.67904709835596], [78.85030211840264, 30.67920723128339], [78.85028878124045, 30.679282961380128], [78.85025167242729, 30.679781565318823], [78.8502645454812, 30.680281382521585], [78.85032727168041, 30.680777415157234], [78.85043922380572, 30.681264703237666], [78.85059928241222, 30.681738374214383], [78.85121718241221, 30.683304074214384], [78.85140247903385, 30.683717650774597], [78.85162446169792, 30.684112750896077], [78.85182016791946, 30.684397250683908], [78.85186906690313, 30.684641895019425], [78.85200563717294, 30.68509598499007], [78.85218460915922, 30.685535095646006], [78.85222016845036, 30.685603083903953], [78.85220807707208, 30.685738625773766], [78.85218867048029, 30.686243765963805], [78.85222036874703, 30.686748283998448], [78.85230284786121, 30.687247022831027], [78.85243526474366, 30.6877348844883], [78.85261626586488, 30.688206882180577], [78.85284400108046, 30.688658191275305], [78.85311614254269, 30.689084198613184], [78.8534299084953, 30.689480549662612], [78.85348361341912, 30.689541758144433], [78.85359585677429, 30.689891695735152], [78.85380829197184, 30.690373003374567], [78.85407012465875, 30.69082932497277], [78.85437845597265, 30.691255608397007], [78.85472987224493, 30.691647134080064], [78.85661120117085, 30.69353336151905], [78.85867053028517, 30.695599388776518], [78.85895182265475, 30.695860714309603], [78.85913641856983, 30.696019448246933], [78.85932174644421, 30.696736567012895], [78.85943088814045, 30.69715882834373], [78.85956504234412, 30.697594737329574], [78.8597383594062, 30.698016608388425], [78.8599493972317, 30.698420931316917], [78.8611509972317, 30.700487431316915], [78.86133571103431, 30.700781150057125], [78.86253731103432, 30.702552350057125], [78.86276980109056, 30.702867706360124], [78.86417883158383, 30.7046299831784], [78.86493140534115, 30.706571112014387], [78.86512737642875, 30.707012149833922], [78.86536495545897, 30.707432239383696], [78.86564192896479, 30.707827466789762], [78.86682172896478, 30.709349066789763], [78.86735856409435, 30.71004141209618], [78.86746393124484, 30.71017267814213], [78.86891397918735, 30.711918124992664], [78.86969998542205, 30.71326966880872], [78.87021641743526, 30.71548981499777], [78.87033490889058, 30.715913705571765], [78.87049021935472, 30.71632553333119], [78.87068114533656, 30.716722107048383], [78.87131433268479, 30.71790148348316], [78.87171111964172, 30.71864055918846], [78.87194984360966, 30.719039520232574], [78.87222459313205, 30.719414582557448], [78.87253299262505, 30.719762503238485], [78.87287237555509, 30.720080274027566], [78.8732398074945, 30.72036514736344], [78.87420999273625, 30.72104756013583], [78.87544872450631, 30.723230594263768], [78.87570236781274, 30.723631921641534], [78.87599293169856, 30.724007382983466], [78.87631779645619, 30.724353593151267], [78.87667403312327, 30.72466743073358], [78.87705842989007, 30.724946066188444], [78.8771825086323, 30.725019138397407], [78.87763573324078, 30.725714869887252], [78.87791222817077, 30.726098359869585], [78.8782237072622, 30.726454020927996], [78.87856738571739, 30.726778673253268], [78.87894019085832, 30.72706941427164], [78.87933878959805, 30.72732364459544], [78.87975961824046, 30.727539091263075], [78.88019891434158, 30.72771382806058], [78.88073531434158, 30.72789832806058], [78.88123010490514, 30.728040489401085], [78.88149443017547, 30.72808770779771], [78.88188034615783, 30.729126397048745], [78.88206934284001, 30.729568662379346], [78.88229995792668, 30.729990722861185], [78.8825700575976, 30.730388673280583], [78.88287714269217, 30.730758831507863], [78.88321837183345, 30.73109777256714], [78.88366026564145, 30.73149636165211], [78.88370410881019, 30.73163452733418], [78.88389424631993, 30.73207922816226], [78.88412645932479, 30.732503478347265], [78.8843985751368, 30.732903308416116], [78.88470804771961, 30.733274977381182], [78.88488177921101, 30.733446737130897], [78.8849029363499, 30.733500461822786], [78.8851150343326, 30.73391900652857], [78.88536543283615, 30.734315826153118], [78.88565192669884, 30.734687426061154], [78.88597199288124, 30.735030533717577], [78.88727391951561, 30.736301052505073], [78.88727700274261, 30.736306591628367], [78.88786651866255, 30.73736537059175], [78.88821272713463, 30.73799676095779], [78.88848642417935, 30.738439550520827], [78.8888046742883, 30.738851484420355], [78.88916402797821, 30.739228097743236], [78.88956059024794, 30.739565308412768], [78.88999006279602, 30.739859461433948], [78.89042884808369, 30.74009710916757], [78.89056330055597, 30.74030015031899], [78.89084563579935, 30.74065269231764], [78.89130703579934, 30.741178292317638], [78.89168267994947, 30.741562445819607], [78.89209737613695, 30.74190407355952], [78.8925463357415, 30.742199230660198], [78.89302437449294, 30.742444508854742], [78.89336465782607, 30.742596597311888], [78.89336877426341, 30.742638124609854], [78.89346005678773, 30.743103502634415], [78.89359501976732, 30.743558138971647], [78.89377244902552, 30.74399794354566], [78.8939907483434, 30.744418959712572], [78.89424795381991, 30.744817399855933], [78.89479515381991, 30.745582799855935], [78.89510242466837, 30.74597051549264], [78.89544650594712, 30.74632596853153], [78.8958240292548, 30.746645679246743], [78.89623129880746, 30.746926517813748], [78.89666432761886, 30.747165734948908], [78.8971188765311, 30.747360988823743], [78.8972071833966, 30.747388958860693], [78.8974625842052, 30.74765290589256], [78.89783960561776, 30.747972389428156], [78.89824632350427, 30.748253094675444], [78.90128262350427, 30.750134194675447], [78.90181946888869, 30.750423070491557], [78.9026777688887, 30.750819470491557], [78.90302837928247, 30.750965507889802], [78.90338906338093, 30.751084510205068], [78.9048123856833, 30.751494870018984], [78.9049442300389, 30.751619510016805], [78.9052944517168, 30.751921191481646], [78.90567103688785, 30.752189240989853], [78.90607076700014, 30.752421367608807], [78.90649022568945, 30.752615587427236], [78.90708702568945, 30.752859087427236], [78.90755272460375, 30.753049050167963], [78.90804951029506, 30.75322181603416], [78.9085616960944, 30.753341439504112], [78.90908361427526, 30.753406596852887], [78.90954307346743, 30.753415307866458], [78.91192165574753, 30.754665428564135], [78.91413409364384, 30.755841894637474], [78.91645961343701, 30.75784033793749], [78.91656737040098, 30.75793034019146], [78.918472570401, 30.75947674019146], [78.91945126104088, 30.76027104343966], [78.92317357331619, 30.76401196867233], [78.92476752679218, 30.765786550592594], [78.92519743869329, 30.766265175188042], [78.9304511053661, 30.774165138181132], [78.93136803085318, 30.775630469139365], [78.93163538274374, 30.77601619827247], [78.93193772328179, 30.776375160939818], [78.93227238867796, 30.776704194479326], [78.93263643034268, 30.777000399921288], [78.9330266408651, 30.77726116752991], [78.93343958227202, 30.777484199796557], [78.93387161631841, 30.77766753168209], [78.93423040433706, 30.777781440522876], [78.93534572829992, 30.778809549901784], [78.93575366492672, 30.77914742795676], [78.93619505645329, 30.77944025451258], [78.93666494916245, 30.779684743190018], [78.93715806946953, 30.779878150103688], [78.93979848173896, 30.7807554386873], [78.94065177942213, 30.78240784960301], [78.94077217568568, 30.78264092322653], [78.94102525338452, 30.78307570779348], [78.94132074066029, 30.78348286035846], [78.94165564616596, 30.783858259137865], [78.94202657950653, 30.784198103805558], [78.94242978556146, 30.78449895396523], [78.94286118249939, 30.78475776397905], [78.94565998249938, 30.78625076397905], [78.94620035730627, 30.78649894664432], [78.94713955942144, 30.78686435698583], [78.94712518578494, 30.786973310892453], [78.94710722573562, 30.78743365899596], [78.94713171320682, 30.7878937060626], [78.94719844030678, 30.788349546422708], [78.94730684054127, 30.78879731012036], [78.94737320543955, 30.788991255202493], [78.94737155369093, 30.78901233915995], [78.9473827334879, 30.789514263485835], [78.9474441914748, 30.79001253643575], [78.94755530802482, 30.790502134361688], [78.94771496284747, 30.790978121078286], [78.94792154628358, 30.79143569763002], [78.9481446505019, 30.79182129563513], [78.94815121059592, 30.79195614493458], [78.94807158523741, 30.792182535565253], [78.94795560497829, 30.79265450293738], [78.94788599447365, 30.793135500856824], [78.94786341141644, 30.79362098476633], [78.94788806917552, 30.794106367724186], [78.94789660027669, 30.794163589963564], [78.94782145414908, 30.794594491370894], [78.94778566937673, 30.795095449440694], [78.94771337885341, 30.795420136274036], [78.94765381943596, 30.7959273488793], [78.94764630953519, 30.796437991173413], [78.94764659981593, 30.796441301023982], [78.94758943383393, 30.79667568750431], [78.94752006808437, 30.797170806722562], [78.94750049461952, 30.79767037806578], [78.94753090913852, 30.79816940672681], [78.94757994443644, 30.798609796561305], [78.94754621234065, 30.798744330455204], [78.94747325611615, 30.79924811503326], [78.94745190076786, 30.799756706677787], [78.947482367641, 30.800264833907352], [78.94749682773924, 30.800353456626908], [78.94744228703658, 30.800531531961067], [78.94734667719219, 30.800999012397888], [78.94734397615014, 30.801024333023445], [78.94729218284387, 30.801090857669877], [78.9470199081891, 30.801526335539595], [78.94679374227911, 30.801987446636616], [78.94661807080531, 30.802463902959598], [78.94661715888371, 30.802464670470876], [78.9462567829972, 30.802799616042197], [78.94593107016927, 30.8031683577798], [78.94564317407288, 30.803567325388784], [78.94539588222534, 30.80399265591609], [78.94519158899843, 30.80444023115308], [78.94492138899842, 30.805118731153083], [78.94479137751286, 30.805486287550384], [78.94469502101546, 30.805845621858555], [78.94460484030806, 30.806050435812082], [78.94443540665178, 30.80649040543785], [78.9443081663225, 30.806944377831375], [78.94427517704807, 30.807126763343167], [78.94411531062218, 30.807557364912938], [78.94399471077831, 30.80800617109862], [78.94395053611177, 30.80826423744062], [78.94380470216065, 30.80855818892703], [78.94362766126348, 30.80902857761726], [78.94349873873033, 30.809514363557362], [78.94341923724085, 30.810010638191343], [78.94331283724084, 30.810986838191344], [78.94328377234675, 30.81146758091346], [78.9433010956645, 30.811948889791005], [78.94333519160804, 30.81220502693888], [78.94267981474444, 30.81311044466427], [78.94243515658245, 30.813482227140753], [78.94222452808627, 30.81387429277638], [78.94204959810612, 30.814283535159436], [78.9419515467095, 30.814584546588993], [78.94177777909405, 30.814847452664072], [78.94176784154217, 30.8148547680778], [78.94147440291903, 30.815088240201362], [78.94106101661511, 30.81544325978621], [78.94087324045367, 30.81557228051449], [78.94067226560585, 30.815691767572012], [78.94008037759427, 30.815996753632483], [78.93975670894532, 30.816179056330814], [78.93934729899254, 30.816430127829573], [78.93770101241395, 30.817337150163933], [78.93712252212943, 30.81759735706518], [78.93668973275658, 30.81781789871445], [78.93659510645497, 30.817872062677505], [78.9349310030084, 30.81807433017135], [78.93454156594852, 30.818137342969987], [78.93415830892957, 30.818230862453696], [78.93045910892957, 30.819289762453693], [78.92999457243063, 30.819447779881692], [78.92954776121833, 30.81965056895179], [78.92912297832888, 30.81989617669438], [78.92872431465372, 30.820182237772645], [78.92835560954197, 30.820505997262025], [78.92802041382542, 30.820864337181646], [78.92772195562205, 30.821253806522197], [78.92746310924751, 30.821670654481025], [78.9272463675339, 30.82211086658441], [78.92707381782238, 30.822570203349155], [78.92694712186102, 30.823044241111116], [78.92686749980118, 30.82352841462751], [78.92683571844681, 30.824018061042697], [78.92685208386975, 30.824508464794032], [78.926916438462, 30.824994903025306], [78.9270281624537, 30.825472691070438], [78.9271861798817, 30.82593722756937], [78.92738896895179, 30.826384038781672], [78.92763457669439, 30.82680882167112], [78.92792063777264, 30.82720748534628], [78.92824439726202, 30.827576190458025], [78.92860273718165, 30.82791138617458], [78.9289922065222, 30.82820984437795], [78.92940905448103, 30.82846869075249], [78.92984926658441, 30.82868543246611], [78.93030860334916, 30.828857982177624], [78.93078264111112, 30.828984678138987], [78.9312668146275, 30.82906430019883], [78.9317564610427, 30.82909608155319], [78.93224686479404, 30.829079716130256], [78.9327333030253, 30.82901536153799], [78.93321109107043, 30.828903637546304], [78.93653013372008, 30.827953557998914], [78.9385053969916, 30.82771346982865], [78.93891289491366, 30.827646763588586], [78.9393134990414, 30.82754666058273], [78.93970447718611, 30.827413843530714], [78.9404310771861, 30.827133043530715], [78.94077795301443, 30.826983700136225], [78.94111256724342, 30.826808601285553], [78.94144643520396, 30.826617495730606], [78.94198767787057, 30.826374042934823], [78.94234938875739, 30.826193420770643], [78.9442747887574, 30.825132620770642], [78.94447589105468, 30.825015643669186], [78.9448260451381, 30.824800910954636], [78.94538742240573, 30.82451164636752], [78.9456523952628, 30.824364787473684], [78.9461246952628, 30.82408398747368], [78.94640102061908, 30.82390718179852], [78.94694592061909, 30.823532781798523], [78.94737199708098, 30.823204959798638], [78.94784725830412, 30.822796801520205], [78.94820475845783, 30.822533631922198], [78.94866999207196, 30.822145580769597], [78.94908487864214, 30.821704111465316], [78.94962977864213, 30.821048911465315], [78.94995672546297, 30.82060876901271], [78.95071972546297, 30.81945436901271], [78.95098466841443, 30.819004001352383], [78.95120116382921, 30.818528443225148], [78.95128307799187, 30.818283440146907], [78.95169073445213, 30.817888349924687], [78.95209033445214, 30.817451549924687], [78.95243776047383, 30.817027223585143], [78.95273662543251, 30.816567400337092], [78.95298333389087, 30.816077611995514], [78.95320133389086, 30.815578411995514], [78.95338510401591, 30.8150894049309], [78.95351684965318, 30.81458389285868], [78.95362584965319, 30.81405349285868], [78.95370254660362, 30.81355284174108], [78.9537282, 30.813047], [78.9537282, 30.8124854], [78.95370437949043, 30.81199791904748], [78.95370199561754, 30.811981760880098], [78.9537387215653, 30.811908822129475], [78.95391168098213, 30.811464226682947], [78.95404148228742, 30.811005171466135], [78.95412694387358, 30.810535835351786], [78.95416728776644, 30.81006049080175], [78.95416214670736, 30.809583464973883], [78.95413132631178, 30.809294411315662], [78.95414845030253, 30.809196449031468], [78.95422594111629, 30.80913122952912], [78.95459983155448, 30.808782368849744], [78.95493613396403, 30.808397143561496], [78.95523133065089, 30.807979583087505], [78.95548233388331, 30.80753405507414], [78.95568651818924, 30.80706521970581], [78.95582729375708, 30.806623349738917], [78.95595740087383, 30.806294519753383], [78.95610030677123, 30.806110537569364], [78.95637707103559, 30.805664509217504], [78.95657676247747, 30.80525146534432], [78.95667659074465, 30.805127639792946], [78.95693920563095, 30.80472948642959], [78.95716268808528, 30.80430812165667], [78.95734500448276, 30.803867379770235], [78.95748449579759, 30.803411271392385], [78.9575798926996, 30.802943946975798], [78.95763032710495, 30.80246965903582], [78.95763096747964, 30.802408733585445], [78.95768915734438, 30.802213870652167], [78.95785695734438, 30.80153247065217], [78.95794944602164, 30.801059933790974], [78.95799605302639, 30.80058069165205], [78.95799634613411, 30.80009918863576], [78.95795032262659, 30.7996198901094], [78.95785840931705, 30.79914724099627], [78.95772145859208, 30.79868562455426], [78.95766977978181, 30.798557998151527], [78.95767828911882, 30.7985329639644], [78.95779317732058, 30.798029396346166], [78.95785550270446, 30.797516663285435], [78.95786460018472, 30.797000236251968], [78.95786452787772, 30.796999394922217], [78.9578891761657, 30.796902397087592], [78.95796244594213, 30.796424312742076], [78.95796436719212, 30.796389607570575], [78.95797030482288, 30.796374347305424], [78.95810606735314, 30.795881445441143], [78.95819078616783, 30.79537725655306], [78.95822357550222, 30.7948670521117], [78.9582040925324, 30.794356166482313], [78.95819578060227, 30.79429735981446], [78.95820181849638, 30.79427282840692], [78.95827159482901, 30.793792102761145], [78.95829439323471, 30.793306874860253], [78.95826999852764, 30.79282172459346], [78.95825649306916, 30.792685524575283], [78.9582713334587, 30.7926461859007], [78.95839639817456, 30.792185906046846], [78.95847703604562, 30.791715803652927], [78.95851251327137, 30.79124015662679], [78.95850250701085, 30.79076329333216], [78.95844710832053, 30.79028955320073], [78.95834682132568, 30.78982324724357], [78.95804532132568, 30.78868784724357], [78.95789689287948, 30.788222021986737], [78.95770367997609, 30.787772919606965], [78.95746752991772, 30.787344833957263], [78.95745106918118, 30.78732087233284], [78.95755082350968, 30.78685529611737], [78.95760624004707, 30.786356815494617], [78.95761143796858, 30.785855290913474], [78.95756636497188, 30.785355768792996], [78.95747147458857, 30.78486327540316], [78.95732772162054, 30.784382766289756], [78.95713655253277, 30.7839190764109], [78.95689989089858, 30.78347687148693], [78.95676176988853, 30.783247271244885], [78.9567038674912, 30.782960545999117], [78.95655587571237, 30.78248144046914], [78.95636063992274, 30.78201956747588], [78.95629084586521, 30.78189188774278], [78.95627079697286, 30.78182161810598], [78.9560907789159, 30.781365642567977], [78.9558669737613, 30.780929487268935], [78.95560153290504, 30.780517344885872], [78.95529700797897, 30.78013317726425], [78.95495632632267, 30.779780677333537], [78.95458276284337, 30.77946323360777], [78.95417990853495, 30.779183897612445], [78.95375163595841, 30.778945354550753], [78.95168323595841, 30.777922754550755], [78.95128024269373, 30.77774515335568], [78.95010382217454, 30.77728744971902], [78.94894227856527, 30.776667832522847], [78.94774962057788, 30.77435825039699], [78.94750745524301, 30.773940172916685], [78.94722606894214, 30.773547420350017], [78.94690808906725, 30.773183659950686], [78.94655648469605, 30.77285228826346], [78.94617453886863, 30.772556399409556], [78.9457658179328, 30.772298756195855], [78.94533413824394, 30.772081764317736], [78.94488353053048, 30.77190744989631], [78.94133228740827, 30.770727533757906], [78.93976787170008, 30.769285450098216], [78.93940089555119, 30.76897831568627], [78.93900623847146, 30.76870767047517], [78.9387292334577, 30.768554405265114], [78.93332320487006, 30.760425334952565], [78.93287955459371, 30.75985292868405], [78.93220706388813, 30.759104239031604], [78.93052777320781, 30.75723464940741], [78.93035234033584, 30.757049094514194], [78.92635264033585, 30.753029394514193], [78.92595915303089, 30.752673816499566], [78.9247745413007, 30.751712388139158], [78.9229239399561, 30.750210304410803], [78.92023058656298, 30.74789576206251], [78.91979217209811, 30.74755928022722], [78.9193193008914, 30.747273238114325], [78.9166060008914, 30.745830438114325], [78.91658466038032, 30.74581915627182], [78.91398826038032, 30.74445455627182], [78.91373114113846, 30.74432867962048], [78.91243294113845, 30.74373857962048], [78.9119953524957, 30.7435640522817], [78.91154328023455, 30.743431484250333], [78.91108073773702, 30.74334205243149], [78.91067783764097, 30.74330295588564], [78.91058927801271, 30.743226986397733], [78.91019428419115, 30.742949480209305], [78.90977437030975, 30.742711358106412], [78.90933345046646, 30.742514839670932], [78.90831415046647, 30.742118339670935], [78.90788663661908, 30.741973889794934], [78.90652507214368, 30.741581335456512], [78.9062895756213, 30.741472572994123], [78.90455205746487, 30.740396116318546], [78.90450773909663, 30.74032686137965], [78.90421494309155, 30.73995291853838], [78.90388798837716, 30.73960844304739], [78.90352982490569, 30.73929654294024], [78.9032669517014, 30.739108302672484], [78.90322511596919, 30.73890976144476], [78.90307279936367, 30.738431226381678], [78.90287324844232, 30.73797038412591], [78.90262847624415, 30.737531883583245], [78.90234095199342, 30.737120148279722], [78.9020135761906, 30.73673933173775], [78.9016496513524, 30.73639327557604], [78.90059827896326, 30.735489599308146], [78.89966490610462, 30.734687322637384], [78.89928413382212, 30.734390748408995], [78.89887654100666, 30.734132268427484], [78.89867036031067, 30.734027899895], [78.89865367055997, 30.733989463444466], [78.89840603501239, 30.733547758275268], [78.89811499219914, 30.733133366067598], [78.89778352736758, 30.732750537272505], [78.8974150403766, 30.73240319859283], [78.89701331082412, 30.732094912706707], [78.89658245927943, 30.731828841724923], [78.89612690501818, 30.73160771475692], [78.89609993242325, 30.731596271452133], [78.8960144476129, 30.73144273953014], [78.8956567972574, 30.730800208371633], [78.89540198773179, 30.73039032708731], [78.89510884726727, 30.730006922301676], [78.89478010711876, 30.729653566282423], [78.8939918499049, 30.728884325087765], [78.89389126440602, 30.728639703208692], [78.89365638716495, 30.728199326735584], [78.89337877666189, 30.727784560337433], [78.8930611989941, 30.727399536725994], [78.8928244917796, 30.727164790626333], [78.89277864871197, 30.727020213383124], [78.89258965511408, 30.726577388215606], [78.89235894584453, 30.726154793916105], [78.89208866015694, 30.72575634899379], [78.89178130427763, 30.725385748032537], [78.89143972816655, 30.72504642743286], [78.89082705151317, 30.724493791885063], [78.89041635384217, 30.723388402951258], [78.89022297848936, 30.722937141257745], [78.88998627944214, 30.722507019525953], [78.88970853877422, 30.722102184665196], [78.88835783877421, 30.720326984665196], [78.88804015791617, 30.71994964391686], [78.88768684269988, 30.719605441177382], [78.88730133169034, 30.719297726326516], [78.88688737679122, 30.719029494133412], [78.88644900673029, 30.718803355110683], [78.88599048785066, 30.718621510108136], [78.88551628258955, 30.718485728893473], [78.88473867012965, 30.718304044396916], [78.88448326056384, 30.71795203777477], [78.88414856906029, 30.71757676439489], [78.88377787729848, 30.717237005465755], [78.88337493443287, 30.71693619728894], [78.88337474863602, 30.716936085748824], [78.8823533754937, 30.715136105736235], [78.88205497923374, 30.714671936345002], [78.88170725161741, 30.714243475078895], [78.88131442787738, 30.71385594048562], [78.8808812925055, 30.713514052636558], [78.87996154933148, 30.71286712000735], [78.87980587871431, 30.712577167502456], [78.87926978256475, 30.71027248500223], [78.87913332505101, 30.70979479058015], [78.87895013578967, 30.70933299591966], [78.87872202331748, 30.708891660090647], [78.87734872331747, 30.70653026009065], [78.87712478378106, 30.706179625213974], [78.87687246875515, 30.70584882185787], [78.87520965724917, 30.70384726796365], [78.87472445316142, 30.703221510158233], [78.87399156053958, 30.702276291126704], [78.87322519465886, 30.700299587985615], [78.87301798061141, 30.69983635677608], [78.8727648796447, 30.69939651508228], [78.87246849890944, 30.698984593639878], [78.87070262639334, 30.69677601390082], [78.86970854455274, 30.69531070285216], [78.86894039042798, 30.693989638855147], [78.86842605355578, 30.691999432987107], [78.86827475413843, 30.69151638810571], [78.86807539066757, 30.69105111605882], [78.86783000641041, 30.690608385398626], [78.86754111629914, 30.69019273365168], [78.86721168115544, 30.689808420813964], [78.86684507734525, 30.689459385690398], [78.86561744400888, 30.688403744383383], [78.86369316971484, 30.686473211223483], [78.86286642541369, 30.685644314122964], [78.86285040081182, 30.685591466192204], [78.86267102857921, 30.685153886483008], [78.86245111721948, 30.684735210721122], [78.86233378205283, 30.68455543956458], [78.8623389045151, 30.684418711055088], [78.86230514136749, 30.683904794710532], [78.86221869171203, 30.68339707784415], [78.86208047277947, 30.682900947331063], [78.86189195107241, 30.68242166711521], [78.86165512680589, 30.6819643223589], [78.86152072191935, 30.681734577464837], [78.86145707334187, 30.681312990196353], [78.8613614769647, 30.680837417672727], [78.8612202461329, 30.68037334683255], [78.86103471015565, 30.67992514565707], [78.86080661535613, 30.679497032757258], [78.86071044583097, 30.679352336133707], [78.86071273585753, 30.679345525892966], [78.86085480832186, 30.67883487232976], [78.86094202432173, 30.678312048252174], [78.860973403718, 30.677782929191633], [78.86094859386695, 30.677253461422996], [78.86086787358332, 30.676729595139918], [78.86056657358331, 30.675287095139918], [78.86044358736393, 30.674814788805318], [78.86027513957877, 30.674356723059457], [78.86011178444542, 30.674018585132213], [78.86013868288076, 30.67387458693159], [78.86018123088887, 30.673409759640485], [78.86026663088886, 30.671495659640485], [78.86026528235732, 30.671021530196604], [78.86021903052456, 30.670549660176302], [78.86012829128805, 30.670084292645154], [78.85999388057701, 30.669629612198193], [78.85981700701548, 30.66918970733197], [78.85959926105441, 30.66876853368069], [78.85891956105442, 30.667593933680692], [78.85864763165111, 30.66717398373333], [78.85833509568516, 30.666783311455486], [78.8579850823112, 30.666425828313617], [78.85760109591293, 30.666105113479823], [78.85718698101682, 30.66582437799667], [78.85709141805408, 30.66577271040242], [78.85673837786565, 30.664780702535896], [78.85675653005873, 30.664408740697827], [78.85683270860258, 30.664247369479018], [78.85701152637462, 30.66381787271886], [78.85714964998763, 30.663373614764385], [78.8572458836046, 30.66291844188124], [78.8572993940608, 30.66245629483358], [78.85730971807713, 30.66199117476599], [78.85727676627103, 30.661527108562673], [78.85720082393036, 30.661068113983752], [78.85670672393036, 30.65875571398375], [78.85657938723662, 30.658277141776885], [78.85640533326882, 30.657813513469886], [78.85637363682689, 30.657749251186303], [78.85672144056649, 30.656680566796084], [78.85684855900276, 30.65621459048483], [78.85693012316028, 30.655738522939522], [78.85696537190512, 30.655256806689557], [78.8569539763058, 30.654773936976483], [78.85693075840956, 30.654581762152887], [78.856970505526, 30.65449648955829], [78.85713149629099, 30.65404055519829], [78.85724769493382, 30.653571202407253], [78.85731801479184, 30.65309282046297], [78.85734179825019, 30.652609883081773], [78.85731882289149, 30.652126906581373], [78.85728595085537, 30.651785204148048], [78.85742745285154, 30.651523333782027], [78.85761760756128, 30.651069797334504], [78.85776228781826, 30.650599774200916], [78.8578497739579, 30.650168665705298], [78.8579439261482, 30.649990560464804], [78.85812473077885, 30.64955255427491], [78.85814011539698, 30.649502228195022], [78.85829173961221, 30.64931840011617], [78.85857241763797, 30.64889786066987], [78.85880918990475, 30.64845112531899], [78.85899963533484, 30.647982762085807], [78.85914180655836, 30.647497560145123], [78.85923424982576, 30.64700048085331], [78.85925571714482, 30.64674151968007], [78.86064830613157, 30.644767674679667], [78.86100077593952, 30.6446416327161], [78.86144271094581, 30.644459326816687], [78.86186521521198, 30.644235648172618], [78.8622644263394, 30.643972641582405], [78.86263669486782, 30.643672711368033], [78.86297861763762, 30.643338599395435], [78.8632870689004, 30.642973360009222], [78.86355922889352, 30.642580332110853], [78.8637926096175, 30.64216310863546], [78.86398507758057, 30.64172550370639], [78.86413487330222, 30.64127151776771], [78.86427217330221, 30.640777117767712], [78.86437652906389, 30.640318762331045], [78.86443737805948, 30.63985263227296], [78.86445418243295, 30.639382847807113], [78.86442679364718, 30.638913561449193], [78.86435545379697, 30.638448921312], [78.86434352542062, 30.638401494357243], [78.8643470747438, 30.63837271510357], [78.86453550357211, 30.638094777206177], [78.86476161080675, 30.63768256860079], [78.86494800140392, 30.63725094496705], [78.8650930273694, 30.636803722555662], [78.8651954064392, 30.636344855535732], [78.86525423341683, 30.63587840103354], [78.86526898817674, 30.635408483260974], [78.86523954026296, 30.63493925705083], [78.86516615004267, 30.634474871121373], [78.86504946640406, 30.63401943139496], [78.865045721607, 30.63400723210876], [78.86505690026902, 30.633912841867893], [78.8650910062204, 30.633401854808145], [78.86507266420278, 30.63289005937876], [78.86500206663935, 30.632382824743516], [78.86487995415783, 30.631885472219643], [78.86470760782065, 30.63140321945271], [78.86448683568563, 30.63094112567917], [78.86388853568562, 30.62983792567917], [78.86383426119393, 30.629749281755643], [78.8638437371815, 30.629705341167167], [78.8639174523881, 30.629271769565065], [78.86395278294769, 30.628833397557074], [78.86394945551726, 30.62839361670933], [78.86390749584024, 30.6279558294878], [78.86380539584023, 30.6272289294878], [78.86370284521358, 30.62670427701657], [78.86367219002186, 30.626605176185283], [78.8636813507477, 30.626558097098556], [78.86375407790649, 30.626042244158377], [78.8637727361218, 30.62552162398347], [78.8637371228449, 30.625001888291003], [78.86364762468426, 30.624488679196425], [78.8636292413844, 30.62442399285001], [78.86363932577247, 30.624348156469832], [78.86365634344725, 30.623862932854806], [78.86362621911543, 30.62337834634812], [78.86354923682723, 30.62289896624305], [78.86342612246882, 30.622429312740362], [78.8632580369178, 30.621973814326125], [78.86304656509692, 30.621536766014373], [78.86279370102945, 30.62112228884828], [78.86251913762257, 30.620757300077955], [78.86252049386489, 30.620722921788353], [78.86249640955693, 30.620264257439583], [78.86243033876313, 30.619809738255245], [78.86232283899687, 30.61936319952347], [78.86217481735424, 30.618928409192346], [78.86152311735424, 30.617268309192344], [78.8613328923595, 30.61684311844249], [78.86110392478176, 30.61643747503908], [78.86083820180977, 30.61605489952426], [78.86053802962898, 30.615698712236064], [78.86020601340643, 30.61537200449152], [78.85984503468065, 30.61507761175737], [78.85945822635311, 30.614818089041343], [78.85904894549806, 30.614595688717444], [78.85862074422674, 30.61441234097782], [78.85778407233653, 30.61409935777312], [78.85671020437978, 30.613463351136712], [78.85482424077118, 30.61017636478837], [78.85453153100441, 30.609724461162894], [78.85419192615866, 30.609306652064102], [78.85380936423599, 30.608927782337684], [78.85268996423598, 30.607932682337683], [78.85238847374448, 30.607691894486916], [78.85103211129773, 30.603224890322707], [78.85090069857857, 30.60284715338305], [78.85073951577711, 30.602481127970204], [78.8502814157771, 30.601544327970206], [78.85005920222444, 30.60113861807795], [78.84980044525429, 30.600755180716632], [78.84950735961286, 30.600397297793798], [78.84918245387153, 30.600068032492086], [78.84882850895545, 30.59977020305089], [78.84844855434116, 30.599506358644582], [78.84804584212677, 30.59927875756365], [78.84762381919667, 30.599089347885617], [78.84738431014563, 30.598994906808404], [78.84694740992423, 30.598435041723363], [78.8465505915533, 30.59798504910884], [78.8461027312351, 30.59758582572773], [78.84539646860317, 30.597028568347522], [78.84507968695758, 30.596479957422307], [78.84478928246402, 30.596033715057487], [78.84445307443465, 30.59562088194468], [78.84407487502497, 30.59524613906674], [78.84401238755932, 30.595196196940314], [78.84398465337175, 30.59513266851485], [78.84373140168996, 30.594684744159387], [78.84343345530914, 30.59426521990897], [78.84297999069555, 30.593691691141746], [78.84207332613448, 30.592544762471682], [78.84172170770955, 30.592145595386803], [78.84132967204367, 30.591786043005243], [78.84090165650825, 30.59147017502674], [78.84044250572344, 30.591201566696235], [78.83859190572345, 30.590247266696235], [78.83832469777354, 30.59011934986526], [78.83684839777354, 30.58946564986526], [78.83638516622857, 30.589287472630943], [78.83627190669434, 30.589256384168664], [78.83583389214861, 30.588702199008658], [78.83551381402056, 30.588344163370834], [78.83543973916348, 30.587894318808356], [78.83530851997219, 30.5874086223498], [78.83512915521987, 30.5869385714891], [78.83490346093538, 30.586488925388295], [78.83463372222393, 30.58606423661571], [78.8343226701309, 30.58566880505217], [78.8337460701309, 30.585007205052168], [78.8334048834533, 30.584652580476387], [78.833030489068, 30.58433321269], [78.8326265136127, 30.584052195305777], [78.83219687026737, 30.583812250448496], [78.83174572084855, 30.583615702386627], [78.8312774354952, 30.58346445501786], [78.83079655033653, 30.583359973426695], [78.83073444826209, 30.58335276960803], [78.83058917524164, 30.583133931461898], [78.83026851965852, 30.58274317726651], [78.82991004958757, 30.582386795375225], [78.82951742871974, 30.582068428137045], [78.82880702871974, 30.581549628137044], [78.82835893462433, 30.581257797199733], [78.82792810725158, 30.581038806156098], [78.82791135807429, 30.580814878648415], [78.82782432036419, 30.580322023022333], [78.82768844743234, 30.579840337671165], [78.82750510062895, 30.57937464873977], [78.82739119367187, 30.579153272122547], [78.82751103508927, 30.57820019727482], [78.82754844299284, 30.57770511412485], [78.82753656589962, 30.577208761819236], [78.82747552092091, 30.576716034524264], [78.82704892092092, 30.574273834524263], [78.82694043512885, 30.573793627001447], [78.82678525041621, 30.573326415981654], [78.826584871258, 30.572876730952988], [78.82634124027754, 30.57244893149365], [78.82605671941317, 30.572047165007017], [78.82573406701991, 30.571675326513617], [78.82537641112795, 30.57133702088996], [78.82493209811913, 30.570956393406036], [78.82432313262109, 30.570112398630798], [78.82400375985355, 30.569714284193186], [78.82364546552236, 30.569350802085903], [78.82325198296945, 30.569025739706298], [78.8228274121897, 30.568742484127256], [78.82237617710992, 30.56850398680473], [78.82228593080619, 30.568462033002422], [78.82212970841567, 30.568195020972787], [78.82182075736948, 30.567774620103364], [78.8214696819395, 30.567388700834044], [78.82108030446147, 30.567041464863035], [78.82065686428486, 30.56673669272391], [78.8201707337928, 30.56642395537091], [78.81968919299948, 30.565211164055366], [78.81964716911496, 30.56511814894516], [78.81968105352136, 30.564968873276474], [78.81974174051788, 30.56449863758626], [78.81975761371864, 30.564024767817873], [78.81972853038894, 30.563551525093864], [78.81965475205136, 30.563083164898288], [78.81953694213402, 30.56262389881063], [78.81941674213401, 30.562233298810632], [78.81925311314549, 30.561780411600868], [78.81904667689744, 30.561345365228465], [78.81879934813783, 30.560932194857653], [78.81851342090293, 30.56054473274725], [78.81819154723959, 30.56018657270552], [78.81783671260675, 30.55986103675668], [78.81745220818463, 30.55957114432831], [78.81711210818465, 30.55933954432831], [78.81668675055013, 30.559079929880234], [78.81623766310871, 30.558863945508485], [78.8157693067138, 30.558693736618476], [78.81528633362029, 30.558570993920846], [78.81479354127289, 30.558496936637354], [78.81466238064736, 30.558490444377593], [78.81426430482104, 30.55827441128178], [78.81424976407186, 30.558268172392797], [78.81410667156398, 30.55796250051134], [78.81408502212639, 30.557229239867045], [78.8140453984516, 30.55673161156668], [78.81395635066907, 30.55624041460684], [78.81381876642122, 30.555760545316645], [78.81363401716963, 30.55529678710921], [78.81306721716965, 30.55405778710921], [78.81284145783985, 30.553622157111057], [78.81257408831836, 30.55321075182518], [78.81226768327492, 30.552827532932593], [78.811925193277, 30.552476190689752], [78.81154991637685, 30.55216010839274], [78.81114546635244, 30.55188232979739], [78.81071573790821, 30.551645529809015], [78.81041662651593, 30.551517132476206], [78.81039481648892, 30.55139763326274], [78.81077242247515, 30.550614654097412], [78.81094918273278, 30.550201681942674], [78.81108816477771, 30.549774511975972], [78.81118824680141, 30.54933659214564], [78.81124862098108, 30.5488914571687], [78.8112688, 30.5484427], [78.8112688, 30.5483023], [78.8112444430243, 30.547809373540254], [78.81117160940211, 30.54732124955963], [78.81105100873614, 30.5468426837477], [78.81088381601337, 30.546378338670802], [78.81067166015747, 30.54593273834564], [78.8104166081584, 30.545510224162733], [78.81012114493434, 30.545114912589153], [78.80981934114449, 30.544784775399005], [78.8095969327175, 30.543173584489367], [78.80951026759458, 30.542709055063366], [78.80938013638169, 30.54225478168908], [78.80920770140266, 30.54181482190779], [78.80899450283589, 30.541393105412638], [78.80874244495762, 30.540993398948906], [78.80845377913298, 30.54061927266964], [78.80813108370701, 30.54027406824729], [78.807777240975, 30.539960869026093], [78.807026640975, 30.539357269026095], [78.8066394057956, 30.53907531479045], [78.80622696693682, 30.53883170965311], [78.80590761691985, 30.53868227219178], [78.80582635976712, 30.53845056697865], [78.80561954020013, 30.53800596110584], [78.80510504020013, 30.537028361105836], [78.8048666781985, 30.536622941689554], [78.80459127913082, 30.53624171118126], [78.8042812795226, 30.535888042424045], [78.80393942201906, 30.535565064415195], [78.80356873112032, 30.535275634623147], [78.8031724864229, 30.535022313706754], [78.80275419360419, 30.534807342860475], [78.80271121597102, 30.534790145626353], [78.80252864357918, 30.53441219899472], [78.80226499251518, 30.533982945330568], [78.80195948663594, 30.53358239976577], [78.80161522707773, 30.53321462816773], [78.80134902707773, 30.532957528167728], [78.8009648444109, 30.532622594257663], [78.80054856011351, 30.532328511906346], [78.80010449982976, 30.53207833694756], [78.79963727782638, 30.53187466896977], [78.79915174904546, 30.531719624303598], [78.79865295865629, 30.531614814030856], [78.79861432671879, 30.531610737438847], [78.79777270635107, 30.530620651740485], [78.79743612698023, 30.530262045233172], [78.7970659447814, 30.52993824060129], [78.79666574140505, 30.529652370775107], [78.79643198658692, 30.529517952723573], [78.79642018175183, 30.529305137221193], [78.79633912402714, 30.52879736549777], [78.79620634469323, 30.528300603858423], [78.7960232480375, 30.527820106103487], [78.79579177050832, 30.52736095402484], [78.79571773576997, 30.52724540903594], [78.79572873163518, 30.52716930251971], [78.79575169881647, 30.526694040237466], [78.79572938566282, 30.52621874680019], [78.79566199424367, 30.525747726498118], [78.79555013486039, 30.52528524492366], [78.79539482051928, 30.524835490341932], [78.79519745775775, 30.524402535761517], [78.79495983390662, 30.52399030204903], [78.7946841009039, 30.523602522421466], [78.79461790090389, 30.52351822242147], [78.79427309803141, 30.523123608459684], [78.79388888766195, 30.522767249663367], [78.79346949010362, 30.522453060408676], [78.7930195121735, 30.522184491865996], [78.79254389659478, 30.521964494091037], [78.79198942190223, 30.52174250422314], [78.79177514709414, 30.52165671430931], [78.79130943144831, 30.521496385974604], [78.79083020094609, 30.521382656631715], [78.79034210596818, 30.52131662989308], [78.78984988291477, 30.52129894647222], [78.78935830824429, 30.521329777966404], [78.78808459978617, 30.521472919059303], [78.78796619986181, 30.521435981557776], [78.78743026467296, 30.52123818334331], [78.78711291743626, 30.52102544576483], [78.7866756232322, 30.52076357783507], [78.78621394074408, 30.52054759099817], [78.7857326677954, 30.520379729798275], [78.78523680579457, 30.520261738655908], [78.78473150775999, 30.520194843739905], [78.7842220247697, 30.520179740224993], [78.78371365139202, 30.520216585067526], [78.78321167066412, 30.520304995374374], [78.78216377066411, 30.520545195374375], [78.78168606925887, 30.520679969457856], [78.78122408412504, 30.5208614423822], [78.78081146091871, 30.52107291539322], [78.77882882506046, 30.52032129151766], [78.77855042532694, 30.520231822078244], [78.77852357263808, 30.520172518541276], [78.77827919807757, 30.51974872294508], [78.77799457825233, 30.51935083704653], [78.77767243778965, 30.518982669753747], [78.77731586049676, 30.51864774548264], [78.77692825984008, 30.518349270418156], [78.77651334626849, 30.518090101821887], [78.77607509169374, 30.517872720679904], [78.77561769146786, 30.517699207952603], [78.77514552422159, 30.517571224653956], [78.7746631099484, 30.517489995950843], [78.77417506673517, 30.517456299434702], [78.77368606655385, 30.517470457677742], [78.77320079053732, 30.517532335145013], [78.77233479053731, 30.517686135145013], [78.77183755264038, 30.51780089265835], [78.77135460159342, 30.51796573530832], [78.77089096810067, 30.51817894599621], [78.77045148164335, 30.518438303793157], [78.77004072017276, 30.51874110707468], [78.76948498874403, 30.51919632203555], [78.76674061726544, 30.5181594827593], [78.76626075039208, 30.518005341997693], [78.76576780342815, 30.517900294954522], [78.76526678533767, 30.517845409040486], [78.76382528533767, 30.517760709040488], [78.76318949016711, 30.517763845093285], [78.76212826395265, 30.517836712342486], [78.76209900972043, 30.51781519422946], [78.76096115850257, 30.514783483646312], [78.76080551265987, 30.514414433122237], [78.75965541265987, 30.511966233122237], [78.75942730497137, 30.511536361485536], [78.75915848835379, 30.511130701076194], [78.75885150928266, 30.51075309467863], [78.758509275743, 30.51040711932413], [78.7581350296822, 30.51009605240598], [78.7577323162994, 30.509822840632992], [78.75730495046207, 30.509590072115607], [78.75685698056822, 30.509399951848962], [78.75639265019615, 30.509254280825175], [78.75591635790555, 30.509154438972693], [78.75532115790554, 30.509059638972694], [78.75524017901634, 30.509050281444463], [78.75500181597148, 30.508732691030225], [78.75466139948824, 30.508363133815763], [78.75428561191657, 30.5080296077781], [78.75359361191657, 30.507475007778098], [78.7531971331867, 30.507187956471007], [78.75277448665838, 30.506941048090773], [78.7523297228717, 30.50673664894643], [78.75186710433317, 30.506576717948985], [78.75165308160156, 30.50652549609658], [78.75158502690383, 30.506450679994266], [78.75121574521133, 30.506118038888022], [78.75081526357499, 30.505823703139374], [78.75038753905892, 30.505570581010087], [78.7499367979077, 30.505361173539914], [78.7487511979077, 30.504880473539913], [78.74827892521107, 30.504715978687894], [78.74779258263345, 30.504599484252292], [78.7472970355471, 30.5045321556437], [78.74679724140618, 30.504514666417677], [78.74629820015241, 30.504547191536474], [78.74592189988857, 30.504609906789693], [78.74466384589417, 30.50343813157857], [78.74429225552738, 30.503124350142233], [78.74389193754509, 30.502848155096096], [78.74352244961909, 30.502643109062788], [78.74285436391509, 30.501546611610834], [78.74258789261482, 30.50115272882311], [78.7422852065282, 30.500785943140063], [78.74145370652819, 30.499870743140065], [78.74109005629059, 30.49950955330193], [78.74069134031963, 30.4991874893813], [78.74026174831624, 30.498907935620625], [78.73980579442625, 30.498673829566297], [78.73932826980571, 30.49848763120093], [78.73883419227562, 30.498351297093933], [78.73832875359463, 30.498266259841884], [78.73781726490421, 30.49823341301485], [78.7360201649042, 30.49821031301485], [78.73543156779978, 30.498237468427437], [78.7345158532315, 30.49833402855649], [78.7342120907269, 30.498194559969267], [78.7337293369518, 30.498002608400288], [78.73322927160906, 30.497861784875248], [78.73271729333638, 30.497773609705842], [78.73219892938178, 30.49773903481925], [78.73213439987708, 30.49774144602552], [78.73194426980537, 30.49750499650954], [78.73159260833177, 30.497147761978194], [78.73100946267502, 30.49661196211705], [78.72826704057186, 30.493086513434125], [78.72788145125882, 30.492646567503176], [78.7274471151524, 30.492254669956445], [78.72613815493162, 30.49120577371686], [78.72466075902322, 30.489932727003037], [78.72430549703222, 30.489653552335696], [78.72392648348705, 30.489407588294196], [78.72352681340591, 30.48919684341673], [78.72238488579141, 30.48865917949598], [78.72230214594276, 30.48837938916185], [78.72211571993512, 30.487921284359793], [78.72188494705038, 30.487483838887], [78.72161208530584, 30.487071332966604], [78.72129980454088, 30.486687802798517], [78.72095116029371, 30.4863370010669], [78.72056956390415, 30.48602236022169], [78.72015874913515, 30.485746958893493], [78.71972273563942, 30.48551349177047], [78.71957674666929, 30.485444382450673], [78.71952548243462, 30.485237044175516], [78.71935167528999, 30.484753661039004], [78.7191291900043, 30.484290661602895], [78.71886037484902, 30.48385293269994], [78.7185480670948, 30.483445094439297], [78.71823826994462, 30.483116719369153], [78.71827552367213, 30.482800055913845], [78.71828171748696, 30.482273630840783], [78.7182325253269, 30.481749472608684], [78.7181284925593, 30.48123339228145], [78.7177529925593, 30.479772492281448], [78.71761396853287, 30.479321192023434], [78.71743298874986, 30.478885020129628], [78.71721166754705, 30.478467867246387], [78.71695197910607, 30.478073454370804], [78.71592767910607, 30.476667154370805], [78.71561600525128, 30.476281064145713], [78.71526759835655, 30.47592776697706], [78.71397449835655, 30.474740566977058], [78.71361782141503, 30.474442436958295], [78.7132349979234, 30.474178720969096], [78.71282933700714, 30.47395169856993], [78.71240434519837, 30.47376333214195], [78.71196369612544, 30.473615249924173], [78.71151119875799, 30.473508731938985], [78.71105809616643, 30.473445718551563], [78.71103728260364, 30.473055304496015], [78.71102225533534, 30.471536337015557], [78.71102083294012, 30.471456696089252], [78.71089953294012, 30.46676049608925], [78.71086183079493, 30.466263387483043], [78.71077481235652, 30.46577250439157], [78.71063934272189, 30.465292726947112], [78.71045676866737, 30.464828824874754], [78.71022890525965, 30.464385410073987], [78.7101054133511, 30.464194615897355], [78.71012581482361, 30.464044087065922], [78.71014244832853, 30.463534017881564], [78.7101070012568, 30.463024910082147], [78.71001984289211, 30.462522067496657], [78.70883366340807, 30.45728362802479], [78.7089671019151, 30.45704693342986], [78.70916477649054, 30.456598664206997], [78.70931763177735, 30.456133201216808], [78.70942420023921, 30.455655013286307], [78.70948345873138, 30.455168691412393], [78.70949483832365, 30.4546789046845], [78.70945822976259, 30.454190355457506], [78.70934962976258, 30.453317655457504], [78.70926219303922, 30.452820978207836], [78.70912516848118, 30.45233563529667], [78.70893995008572, 30.451866564281886], [78.70870842214232, 30.45141853718186], [78.70843294006323, 30.450996111928088], [78.70811630642096, 30.450603585995808], [78.70776174243684, 30.450244952684333], [78.70737285521045, 30.44992386049186], [78.70695360102327, 30.44964357599806], [78.70542580102327, 30.44873017599806], [78.70497799537283, 30.44849240433845], [78.70450841222917, 30.448301205661995], [78.70402188013287, 30.448158545990218], [78.70352340190396, 30.44806589223696], [78.70301810319994, 30.448024197124685], [78.70251117981054, 30.44803388938798], [78.7008263862014, 30.44815174841492], [78.70035218221437, 30.447789984903185], [78.69956964926251, 30.446455003854112], [78.6992937814811, 30.446034410605446], [78.69897705208635, 30.445643662343606], [78.69862266640142, 30.445286713467777], [78.69823421083373, 30.44496717632505], [78.69781561658029, 30.44468828465322], [78.6973711198436, 30.444452860855115], [78.6973078413682, 30.444427113067533], [78.69706934132206, 30.44413699132299], [78.6967148657777, 30.443784417227434], [78.69632695173865, 30.443469006221388], [78.69590947774647, 30.443193911927985], [78.69503577774647, 30.442678911927985], [78.69462037152253, 30.44245966283885], [78.69418622414334, 30.44228036267956], [78.69387878068156, 30.442186040293635], [78.69387381365127, 30.442179367573374], [78.69353013909858, 30.441804253818766], [78.69315012545832, 30.441466005152442], [78.6927377069741, 30.441168123429385], [78.6922971533737, 30.440913692589607], [78.69183302566496, 30.440705346730425], [78.69164308330775, 30.440642371547433], [78.69158981986219, 30.440329079687594], [78.69145759705341, 30.43984800601754], [78.69127808943296, 30.439382504394164], [78.69105308428458, 30.438937209626207], [78.69078482189222, 30.43851655533106], [78.69047597323456, 30.43812472979102], [78.69012961339098, 30.437765634252298], [78.68991643002096, 30.437584747205964], [78.68960005983163, 30.436795943347338], [78.68937956927711, 30.436320085633586], [78.68911044684472, 30.435869941473612], [78.68879565349104, 30.435450463473174], [78.68843865265625, 30.43506626684079], [78.68804337215849, 30.434721578609974], [78.68725777215849, 30.43410597860997], [78.68687196996314, 30.433832101354074], [78.68646200812887, 30.433595916300167], [78.68603155748816, 30.43339953826892], [78.68558447233195, 30.433244725645604], [78.68512475589802, 30.433132864635365], [78.68465652452565, 30.433064956851016], [78.68418397079762, 30.43304161034452], [78.68371132599943, 30.43306303416245], [78.683242822232, 30.43312903647415], [78.68295584828876, 30.43319762931538], [78.68264007921256, 30.432936591481496], [78.6822356274134, 30.432663910762283], [78.6818065299391, 30.432431937940564], [78.68135687069966, 30.43224288080405], [78.68089092930052, 30.432098538692944], [78.67964802930052, 30.431779038692945], [78.67915561345393, 30.431678536780257], [78.6786555960043, 30.431627974437642], [78.67815302860794, 30.431627862494423], [78.67765298868314, 30.431678202081557], [78.67716052811328, 30.43177848462021], [78.67569512811328, 30.432154484620213], [78.6752197131553, 30.432302051300006], [78.67476132755162, 30.432496159377113], [78.6743245147343, 30.43273488488871], [78.67391360431, 30.433015861632335], [78.67361377883368, 30.43326807508015], [78.67333872919212, 30.433062122083886], [78.67293960274449, 30.43281790625378], [78.67251939466104, 30.432612070252375], [78.67208372493563, 30.43244715107842], [78.6718417278562, 30.43218812113524], [78.6708141492417, 30.430945212102383], [78.67082264721874, 30.430670507757167], [78.67079290034187, 30.430200779844075], [78.67071911700366, 30.42973593018233], [78.67060195101064, 30.429280077882673], [78.67044244059029, 30.42883726232872], [78.67024199919119, 30.428411407383287], [78.67000240295816, 30.42800628661841], [78.66972577499355, 30.427625489877062], [78.66899127499356, 30.42670848987706], [78.6686628729798, 30.426337729918462], [78.66843762751341, 30.426129230273414], [78.66838459613575, 30.425852948151203], [78.66824498668967, 30.425381649408436], [78.66805977527753, 30.424926336290696], [78.66783075188098, 30.424491409186228], [78.66756012990399, 30.424081071461984], [78.66725052478132, 30.423699288840076], [78.66690492870164, 30.423349751070905], [78.66652668168935, 30.42303583627346], [78.66611943932482, 30.42276057828737], [78.66570417828441, 30.422535859048608], [78.66548183269924, 30.422391578412075], [78.66502402256063, 30.42215745893499], [78.66454458832595, 30.42197159643963], [78.66404860053105, 30.421835956623003], [78.66354130478352, 30.421751974022946], [78.66302806628488, 30.421720536846337], [78.66251431308761, 30.421741977575333], [78.66164621308762, 30.421823077575333], [78.66112601318471, 30.4218994401989], [78.66061670815733, 30.422030006574193], [78.66012392968025, 30.422213332954698], [78.65965312668477, 30.422447392196577], [78.65920950510682, 30.422729596173948], [78.65879797032197, 30.423056824397253], [78.65741127032196, 30.424283824397254], [78.65707360196815, 30.424612230599717], [78.65703487604809, 30.424657738133217], [78.65682541601917, 30.424602644356003], [78.65635595576317, 30.424525906016704], [78.65588132763345, 30.424494127987412], [78.65512882763346, 30.424479627987413], [78.65464673789027, 30.42449360345182], [78.65416823736778, 30.424553961417846], [78.65369777814651, 30.424660140300897], [78.65330785494885, 30.424788694473687], [78.65329701459855, 30.424782482446435], [78.65283230119594, 30.424575736510405], [78.65234898811114, 30.424417272348226], [78.65204871104145, 30.424351681480626], [78.65181284970689, 30.42407615582773], [78.6516704998042, 30.423916884051913], [78.6506201998042, 30.422791084051912], [78.6502760955989, 30.422456055964002], [78.64990143564293, 30.422155587261482], [78.64949967657189, 30.42189245008692], [78.64907452503947, 30.421669072159922], [78.6486299035196, 30.42148751437886], [78.64816991411753, 30.42134945180689], [78.64769880072352, 30.421256158217716], [78.64722090985846, 30.421208494343677], [78.64615690985846, 30.421153794343677], [78.6456255212397, 30.421154750543206], [78.64509723511509, 30.421212096415108], [78.64457801847175, 30.42132518423827], [78.64416593087526, 30.421462104060133], [78.64416376529074, 30.421454329870603], [78.64398951200455, 30.42100301611639], [78.64377245772297, 30.42057065544364], [78.64351463449356, 30.42016129558379], [78.64308728272208, 30.419550441660203], [78.64309444025596, 30.41916880552251], [78.64304684618787, 30.41863378992643], [78.64289794618787, 30.417595689926433], [78.64280411981625, 30.41711231574464], [78.64266320383895, 30.41664051422389], [78.64247656488162, 30.416184860970585], [78.64224601299863, 30.41574977498266], [78.64197378411892, 30.41533947579342], [78.64166251836157, 30.41495794254985], [78.64131523443159, 30.4146088754222], [78.64093530034387, 30.414295659719155], [78.64013350034386, 30.413698459719154], [78.63972590588203, 30.413424918606403], [78.63929345317386, 30.413192663055586], [78.6388403103367, 30.413003931619887], [78.63837084490598, 30.412860543353176], [78.63788958173944, 30.41276388027736], [78.63740115940524, 30.41271487406205], [78.63691028547385, 30.412713997044797], [78.636421691145, 30.41276125767858], [78.63594008564691, 30.412856200450303], [78.63547011084722, 30.412997910271216], [78.6351876110093, 30.41311438705573], [78.63510625230711, 30.413116441128743], [78.63473277743994, 30.4128317173476], [78.63367867743995, 30.4121088173476], [78.63325157635302, 30.411846382433197], [78.63280034387, 30.411628032555665], [78.6323295155528, 30.411455962458128], [78.6310013155528, 30.411044762458125], [78.63047931768999, 30.410913484360847], [78.62994623278149, 30.410839078797068], [78.62940823855016, 30.41082240802521], [78.62781283855016, 30.41085890802521], [78.62734822744878, 30.410891234046414], [78.6268886397089, 30.410966649936697], [78.626438062869, 30.411084501362314], [78.62475063506625, 30.411610954215625], [78.62412585440295, 30.411308186848924], [78.62369130090825, 30.41112242199132], [78.62324114986151, 30.41097851453075], [78.62277942282797, 30.41087775010954], [78.62231024479055, 30.410821028938177], [78.62013704479055, 30.410662028938177], [78.61954438177193, 30.41065389281103], [78.61895113493264, 30.410680951401808], [78.61822567166857, 30.408039435754446], [78.61806797341943, 30.40756104140394], [78.61786294162118, 30.407100941573376], [78.61761265718167, 30.40666380590598], [78.61731966028664, 30.406254070977173], [78.61698692461893, 30.40587589526694], [78.61661782717793, 30.405533116954576], [78.61621611400582, 30.405229214964237], [78.61497311400582, 30.404383814964238], [78.61368460864011, 30.403507494199303], [78.61265963305327, 30.4024697017331], [78.61227620871914, 30.40211982470749], [78.61185857769274, 30.401811583764662], [78.6114112408363, 30.401548300856135], [78.61093901915555, 30.40133281341502], [78.6104470018431, 30.401167443776647], [78.60994049143157, 30.401053974150464], [78.60709906263514, 30.400570745041843], [78.6070046217018, 30.400434608875642], [78.60581023257139, 30.396955846422827], [78.60563174209139, 30.396507648973884], [78.60541088792029, 30.396078739613067], [78.60514972612035, 30.395673111311613], [78.60485068800142, 30.395294540303585], [78.60451655748645, 30.394946550930683], [78.60415044519426, 30.394632382832057], [78.60375575948099, 30.39435496078458], [78.60333617470967, 30.394116867474377], [78.60237417470967, 30.393630767474377], [78.60193948374727, 30.393436516162133], [78.60148828719416, 30.393284491573468], [78.60102467631668, 30.393176072205364], [78.60055285494921, 30.39311224116043], [78.6000771013755, 30.39309357723256], [78.59884272184497, 30.39310397073704], [78.59880979795311, 30.392722179560852], [78.59871895200466, 30.392236448976583], [78.59858060332643, 30.391762057966893], [78.59839610323739, 30.391303640140023], [78.59816725383986, 30.390865673086363], [78.59789629041745, 30.390452434643617], [78.597585859602, 30.3900679611131], [78.59723899352264, 30.389716007835208], [78.5968590801894, 30.389400012509167], [78.59542608018941, 30.388323312509165], [78.5949176234582, 30.387987703583768], [78.5943721244512, 30.387716424333384], [78.59382070281657, 30.38748294353478], [78.59461724108924, 30.38638016744568], [78.5948668175873, 30.38599921569092], [78.59508069573037, 30.38559713509233], [78.59525710107698, 30.385177261514293], [78.59545030107698, 30.384651561514293], [78.59559553052263, 30.384187973165645], [78.59569508501555, 30.383712479052303], [78.59574802473843, 30.38322956794803], [78.5957538499281, 30.382743798644707], [78.59571250559344, 30.382259756916262], [78.59562438203449, 30.381782012227916], [78.5954903111579, 30.38131507459939], [78.59531155862356, 30.380863352029266], [78.59508981189653, 30.38043110888249], [78.59482716431688, 30.38002242563376], [78.59452609533818, 30.379641160346925], [78.59241909533819, 30.377224260346924], [78.59209879123618, 30.37688951072732], [78.59174887725041, 30.376585846063346], [78.59137235777071, 30.376315873644412], [78.59097246562382, 30.376081911475577], [78.59055263431614, 30.375885968374988], [78.58628923886796, 30.374131870247755], [78.58465421301008, 30.373459163340943], [78.57935814606779, 30.369205204994334], [78.57894883802595, 30.368909166129495], [78.57851174850101, 30.368655937320323], [78.57805133881475, 30.368448103243722], [78.57757230831508, 30.368287785237857], [78.57707954641045, 30.368176619649912], [78.57657808266408, 30.368115741134062], [78.57607303545794, 30.36810577107022], [78.57556955974991, 30.368146811221663], [78.5750727944578, 30.368238442696352], [78.5689458944578, 30.36969204269635], [78.56800015059544, 30.36991642202554], [78.56164736862966, 30.368790203568246], [78.55989031548256, 30.368478139877386], [78.55770346937229, 30.366076814755544], [78.55728491727886, 30.365668046841343], [78.55682148284221, 30.365310967598717], [78.55298338284221, 30.362696667598716], [78.55255852663994, 30.362437260902794], [78.5521099819985, 30.362221385172024], [78.55164219479596, 30.36205118012025], [78.55115980163855, 30.361928332783354], [78.55066758390355, 30.361854060797743], [78.55017042034734, 30.361829100331367], [78.54967323874824, 30.36185369878701], [78.54442123874823, 30.36237659878701], [78.543903986272, 30.362455612205117], [78.54339782366769, 30.362588249539236], [78.54290829429137, 30.362773058181123], [78.54244075933646, 30.36300801415647], [78.54200033911947, 30.36329054429093], [78.54159185700361, 30.36361755439081], [78.53345802459694, 30.370859031482155], [78.52921854993802, 30.370980966835212], [78.52874348035807, 30.371017341550203], [78.52827403001258, 30.37109877003918], [78.52781446177785, 30.37122451288513], [78.52736894879493, 30.37139342827146], [78.52694153657522, 30.371603982350347], [78.5265361062649, 30.37185426317094], [78.52615633940187, 30.372141998040973], [78.52580568448535, 30.3724645741641], [78.52210716281178, 30.376207602039077], [78.5158313087205, 30.375949812836698], [78.5156261, 30.3759456], [78.508859, 30.3759456], [78.50835003644352, 30.375971571843852], [78.50784636037584, 30.37604921756073], [78.50735320435544, 30.37617773050967], [78.50687569165078, 30.376355775603372], [78.50641878301602, 30.37658150317808], [78.50598722515505, 30.376852568209273], [78.50558550140921, 30.377166154673485], [78.50521778518107, 30.37751900480324], [78.50488789657803, 30.37790745293115], [78.50356125510237, 30.379641480410502], [78.50231680611702, 30.379324298671634], [78.5019818844187, 30.37925106409788], [78.4953157844187, 30.378031264097878], [78.49473977124242, 30.377960106775827], [78.49415939281876, 30.37795617879231], [78.49335510910706, 30.377997477955923], [78.48567532527159, 30.378391777125994], [78.4853297744303, 30.378421563670802], [78.48395698028179, 30.37858803837707], [78.4839301005727, 30.378513000780732], [78.48389170467983, 30.37843189591436], [78.48385843255235, 30.378348557990837], [78.4837867869357, 30.378210274824674], [78.48372014771812, 30.378069510684746], [78.48367398704484, 30.377992559815993], [78.48363270658685, 30.37791288442624], [78.48354785184299, 30.377782289629888], [78.48346773621293, 30.377648735093203], [78.48341425531181, 30.377576679301125], [78.48336536407665, 30.377501433762575], [78.48295776407664, 30.376936833762574], [78.48293922350625, 30.37691364081714], [78.48292275121575, 30.376888935977256], [78.48278607055377, 30.376722057279313], [78.48265137967626, 30.376553568494657], [78.48263065507761, 30.376532304523312], [78.48261184060792, 30.376509333210763], [78.48245946112806, 30.376356655127108], [78.48230890403497, 30.376202179676525], [78.48228619499723, 30.376183049462874], [78.48226521954201, 30.376162032904027], [78.48221136627956, 30.37611312705018], [78.4816546345498, 30.37247597327859], [78.48159469438899, 30.372048978451126], [78.48219295326757, 30.371668113643302], [78.48229677139045, 30.371594622009038], [78.4824039485648, 30.371526121817816], [78.4837296485648, 30.370584121817814], [78.48391131667205, 30.370441117502036], [78.48409379156354, 30.370299144090794], [78.48487189156353, 30.369629944090793], [78.48500236322725, 30.36950609011324], [78.48513603554878, 30.369385697533193], [78.48518021353895, 30.369337260592065], [78.48522776006574, 30.36929212568465], [78.4853454636601, 30.36915607963842], [78.48546669177638, 30.369023164602922], [78.485505909387, 30.368970630698634], [78.48554880296972, 30.368921052753553], [78.48565260494472, 30.368774124836463], [78.48576022136278, 30.368629967389936], [78.48579410090677, 30.368573842452786], [78.48583192845682, 30.368520298932673], [78.48592082914273, 30.3683639041408], [78.48601379745759, 30.36820989259834], [78.48604201265651, 30.36815071714203], [78.4860744098738, 30.368093723700376], [78.48614755310827, 30.367929368201338], [78.48622497798439, 30.367766985778015], [78.48624725711042, 30.367705329694562], [78.48627391199207, 30.367645435209344], [78.48633059336584, 30.367474701836368], [78.48639172915928, 30.36730551236376], [78.48640785765225, 30.367241969434957], [78.48642851349719, 30.3671797507228], [78.48646818713769, 30.367004283731386], [78.48651244507727, 30.366829916596817], [78.48664644507727, 30.36616711659682], [78.48666502193035, 30.366044529983746], [78.48668953097928, 30.365922990345496], [78.48670175883073, 30.365802107213227], [78.4867199631781, 30.365681978724417], [78.48672643498931, 30.3655581615493], [78.48673891305268, 30.365434804850818], [78.48676861678743, 30.364861043677617], [78.48680367116029, 30.36482840365511], [78.48685862215928, 30.364771955691836], [78.48691721218984, 30.364719294575504], [78.48702966603888, 30.364596252268576], [78.48714593869822, 30.364476812132363], [78.48719509222522, 30.36441524984164], [78.4872482384367, 30.36435709947577], [78.48734809053457, 30.364223627246602], [78.48745209612879, 30.3640933655336], [78.48749497880846, 30.36402728179396], [78.48754216937381, 30.36396420219835], [78.4876284580904, 30.36382158545723], [78.48771919498856, 30.363681756659183], [78.48775539383716, 30.363611787893277], [78.48779617428553, 30.3635443865588], [78.48786806861328, 30.36339399878294], [78.48794466296951, 30.36324594952758], [78.48797382937242, 30.363172769572778], [78.48800780696573, 30.363101695611224], [78.48817640696572, 30.362699395611223], [78.48824544171198, 30.36250895494221], [78.48831772817445, 30.36231972462783], [78.48832902383293, 30.36227838358663], [78.48834362927597, 30.362238092711447], [78.48839366515126, 30.362041802478036], [78.48844705572041, 30.36184639804687], [78.48845424485657, 30.36180414890593], [78.48846483077405, 30.36176262045857], [78.48849538590562, 30.361562371042506], [78.48852936640097, 30.361362674346545], [78.48853237977949, 30.3613199239883], [78.48853884422324, 30.361277557910306], [78.48854962434838, 30.361075277823495], [78.4885638675193, 30.360873212050524], [78.48856267611971, 30.360830372184047], [78.48856495683359, 30.360787576484157], [78.4885610778873, 30.360701305475544], [78.4887380391126, 30.36060897445374], [78.48894071443044, 30.360505034074055], [78.48895551578173, 30.360495504155136], [78.48897112306061, 30.36048736092486], [78.489161762405, 30.36036271130666], [78.489353273847, 30.360239405773246], [78.48936706983032, 30.360228470957374], [78.48938180377976, 30.360218837158122], [78.48955930734479, 30.36007610183829], [78.48973781055078, 30.359934618651078], [78.48975046830326, 30.35992238424653], [78.48976418702729, 30.359911352657033], [78.48992684535631, 30.35975190625488], [78.4900906212431, 30.35959360797415], [78.49010201886372, 30.359580191804866], [78.49011459024345, 30.359567868665433], [78.49026083684704, 30.35939324673792], [78.49040830816413, 30.359219657861708], [78.49041833588761, 30.35920518913268], [78.49042963885375, 30.35919169312192], [78.49055806529813, 30.359003577372675], [78.49068781181515, 30.358816369657745], [78.49069637306889, 30.35880098771094], [78.49070629876786, 30.358786448802626], [78.49081566823627, 30.35858665088884], [78.49092644042322, 30.358387627248128], [78.49093345275776, 30.35837148021994], [78.49094190559954, 30.358356038431868], [78.49103116480394, 30.35814648251702], [78.49112189586438, 30.35793755965664], [78.49141709586439, 30.35715475965664], [78.49147164821275, 30.35698535046214], [78.49153075011365, 30.356817474319435], [78.49154681205289, 30.35675193345998], [78.49156749579592, 30.356687701280215], [78.49160518045504, 30.35651376077198], [78.49164754302467, 30.356340899999598], [78.49165710349365, 30.356274100391992], [78.49167139178424, 30.35620815014634], [78.49169184583022, 30.356031353466705], [78.49171706109391, 30.355855172808226], [78.49172002802011, 30.355787757769054], [78.49172778325418, 30.35572072459458], [78.49173080970337, 30.35554277439253], [78.49173863482437, 30.355364970563695], [78.49173497963466, 30.355297589336654], [78.49173612712508, 30.355230118799458], [78.49172169683118, 30.355052728832405], [78.49171205644923, 30.354875014181587], [78.49170181434508, 30.354808315684863], [78.4916963430409, 30.35474105756297], [78.49166459497546, 30.35456593619295], [78.49163758193276, 30.35439002220971], [78.49162085155126, 30.354324648786374], [78.49160881414412, 30.35425825081217], [78.49156005405837, 30.354087084553978], [78.4915159285053, 30.353914665385865], [78.4914928709691, 30.353851246617477], [78.49147438338584, 30.35378634824], [78.49140908086608, 30.353620785518256], [78.49134826775581, 30.35345352165613], [78.49070656775581, 30.351926421656135], [78.49063525084317, 30.3517776054195], [78.49056875627255, 30.351626572818713], [78.49052928044169, 30.35155647811943], [78.490494514349, 30.35148393208671], [78.49040895430484, 30.351342822720774], [78.49032797614012, 30.35119903499089], [78.49028181991419, 30.35113314712478], [78.49024011047507, 30.35106435809404], [78.49014113128936, 30.3509323145591], [78.49004644939457, 30.350797156454597], [78.4899940572833, 30.35073610995788], [78.48994580618242, 30.350671740405037], [78.48983436107878, 30.350550034352448], [78.48972688729236, 30.350424807519826], [78.48877131931278, 30.34941607965048], [78.48810063060893, 30.348215190837827], [78.488076188937, 30.348176069268703], [78.48805494107796, 30.348135125148527], [78.48719884107796, 30.346666525148528], [78.4871519563273, 30.34659447208531], [78.48801351245406, 30.345745173870917], [78.48817853603231, 30.345565699537186], [78.488343669358, 30.345386326179348], [78.4883445909128, 30.345385103592317], [78.48834562717538, 30.345383976586486], [78.48849226455837, 30.345189191332373], [78.48863902105903, 30.34499449580905], [78.48918897197139, 30.344185132453088], [78.4905192291687, 30.34245988644596], [78.49056911443883, 30.34238816879064], [78.4906234328033, 30.342319747467222], [78.4909780328033, 30.341825047467225], [78.49099162437014, 30.341803973950064], [78.49100701846861, 30.341784178860873], [78.49112457014171, 30.341597843558276], [78.49124398311827, 30.341412695558823], [78.49125544367217, 30.341390391309776], [78.49126882338574, 30.341369182653956], [78.49136754496158, 30.341172222528588], [78.4914682352549, 30.340976261548228], [78.49147745442441, 30.340952941369494], [78.49148869089919, 30.34093052339791], [78.49190216788881, 30.33999343223657], [78.49236186772427, 30.338981916954367], [78.49240007513778, 30.338885552216258], [78.49244368430283, 30.338791508556877], [78.49249044733801, 30.33865762018404], [78.4925427184755, 30.338525784657588], [78.49257129651374, 30.338426138960873], [78.49260547779828, 30.338328273701517], [78.4926388923013, 30.338190446458572], [78.49267798959761, 30.33805412228903], [78.49269666303856, 30.337952155275985], [78.49272108725799, 30.337851410912847], [78.49274083142882, 30.33771097215183], [78.49276637835573, 30.33757147221514], [78.49277496736393, 30.33746816588376], [78.49278939929968, 30.337365512640215], [78.49290079929968, 30.336139112640215], [78.49290462299619, 30.336047026014345], [78.4929140830521, 30.335955346820153], [78.49291479561404, 30.335802037415494], [78.49292115604104, 30.335648858349593], [78.49291593525768, 30.335556840358304], [78.4929163636284, 30.335464675376763], [78.49290204580973, 30.335312034355614], [78.49289336143553, 30.335158969457808], [78.4928791464513, 30.335067906284372], [78.49287053901136, 30.334976143114915], [78.49284132870055, 30.334825640493772], [78.4928176831604, 30.334674163862687], [78.49279461087336, 30.33458493249548], [78.49277705051713, 30.334494454867357], [78.49273322902539, 30.334347540068535], [78.49269485003879, 30.33419911050713], [78.49266314264767, 30.334112570292938], [78.49263679849099, 30.334024249555227], [78.49257878784321, 30.33388233744852], [78.49252604502081, 30.33373838441464], [78.49248600788519, 30.33365536878316], [78.49245113363664, 30.333570055512727], [78.4924343333995, 30.333538270001974], [78.4925290132833, 30.333457174520802], [78.49258302400894, 30.333400841225135], [78.49264068369777, 30.333348248840267], [78.49275272659322, 30.333223841087804], [78.49286859593403, 30.333102989131884], [78.49309359593403, 30.332843989131884], [78.49319978010838, 30.332708903711975], [78.4933098945418, 30.33257700238143], [78.49335131898704, 30.33251611892858], [78.49339682716248, 30.332458224322096], [78.4934892593444, 30.332313381506395], [78.49358591495556, 30.33217132221483], [78.4936211723088, 30.332106671626846], [78.49366078668622, 30.332044595217432], [78.49373857670335, 30.331891389921278], [78.49382084264577, 30.331740540777485], [78.49384959335949, 30.33167274567477], [78.4938829324307, 30.331607085292287], [78.49394533112262, 30.331446992966473], [78.49401241513034, 30.331288806730125], [78.49403438231941, 30.33121852001663], [78.49406112501096, 30.331149908006406], [78.49410753144412, 30.33098447042775], [78.49415878746154, 30.33082047051857], [78.49417375956995, 30.330748369093687], [78.49419364833507, 30.330677466226966], [78.49422361559023, 30.33050827664944], [78.49425854999377, 30.330340042476557], [78.49426638283188, 30.330266820716613], [78.49427922613096, 30.330194309826574], [78.49429246560702, 30.33002299763849], [78.49431074195934, 30.32985214938876], [78.49431136009268, 30.32977851245908], [78.49431703423765, 30.329705091865478], [78.49431341843125, 30.329533306896835], [78.49431486072106, 30.32936148993232], [78.49429256072106, 30.32881378993232], [78.49429065388642, 30.32879260820831], [78.49429065166854, 30.32877134082822], [78.49426866102617, 30.328548304540792], [78.49424856661304, 30.328325089426027], [78.4942445927883, 30.328304196600243], [78.49424250601332, 30.32828303184584], [78.49398920822259, 30.326576662903655], [78.493882068266, 30.32538442762341], [78.49386658029282, 30.32431031115402], [78.49386338598846, 30.32426007926395], [78.49386411835154, 30.324209751239913], [78.49384782220105, 30.324015331622565], [78.49383544048617, 30.32382062352008], [78.49382733797704, 30.323770946606896], [78.4938231338046, 30.32372078914189], [78.4937741335452, 30.32335373509638], [78.49386563871936, 30.323181299015005], [78.49397908977716, 30.3229683412414], [78.49398063650514, 30.32296459249837], [78.49398253742477, 30.322961010327898], [78.49407420715539, 30.322737809038337], [78.49416623840362, 30.32251475656573], [78.49416741024258, 30.322510874268158], [78.4941689508947, 30.32250712302402], [78.49423830165964, 30.322276011300705], [78.49430802678549, 30.32204501225107], [78.49430881245002, 30.32204103378756], [78.49430997799726, 30.32203714959633], [78.49435634190863, 30.321800353177796], [78.49440308942314, 30.321563632191953], [78.49440348134688, 30.321559595877115], [78.49440426056435, 30.32155561614585], [78.49442719111268, 30.32131541551245], [78.4944505108114, 30.321075252341505], [78.49445050521987, 30.321071197047395], [78.49445089060333, 30.321067160102942], [78.49445016695562, 30.320825868513708], [78.49444983425639, 30.320584576064654], [78.49444943120345, 30.320580540845974], [78.49444941904143, 30.320576485566313], [78.49442504816652, 30.320336426790057], [78.49440106627367, 30.320096328842183], [78.49440026964096, 30.320092352560323], [78.49439986005058, 30.320088317999982], [78.49435207665346, 30.31985180393642], [78.49430467652562, 30.31961521276174], [78.49430349398511, 30.319611333710363], [78.49430269091097, 30.319607358724475], [78.49423195517177, 30.31937666713261], [78.49416159329816, 30.31914586123419], [78.49416003623841, 30.319142116770806], [78.49415884741452, 30.31913823964053], [78.4940658405578, 30.31891559220826], [78.49397319456102, 30.31869279437132], [78.4939712779773, 30.318689220556983], [78.49396971485274, 30.318685478621376], [78.49346471485273, 30.317625978621376], [78.49346156937905, 30.317620136069124], [78.49430056605641, 30.31697329909107], [78.49441611254026, 30.316874810096348], [78.49453526515866, 30.316780715858904], [78.49460272024561, 30.316715750255707], [78.4946739938551, 30.316654998375466], [78.49477933034146, 30.31654565809623], [78.49488868635933, 30.31644033794936], [78.49494944888895, 30.316369073418592], [78.49501442457097, 30.31630162803986], [78.49510853661184, 30.31618248948281], [78.495207042871, 30.316066957717062], [78.495676242871, 30.31545855771706], [78.49571515518923, 30.315402626535843], [78.49575793389751, 30.315349594020905], [78.49585520041367, 30.31520133051482], [78.49595646874641, 30.31505577101776], [78.49598971147668, 30.314996295086434], [78.49602708609842, 30.314939324890773], [78.49610935188483, 30.314782241528253], [78.49619586525723, 30.31462745690755], [78.49622311825404, 30.314565009011567], [78.496254728851, 30.314504649789598], [78.49632120164307, 30.314340259369523], [78.49639212688416, 30.314177740285462], [78.49641312768615, 30.31411292183235], [78.49643866983112, 30.314049754876212], [78.49648870945968, 30.31387964056788], [78.49654336352046, 30.3137109521684], [78.49655790987842, 30.31364438739538], [78.4965771375866, 30.313579021037313], [78.49661026214265, 30.313404821134448], [78.49664811867464, 30.3132315879811], [78.49665607049921, 30.313163917943232], [78.49666879859723, 30.313096981697093], [78.49668468907318, 30.312920373840036], [78.4967053834973, 30.312744264262744], [78.49670666420806, 30.31267614065957], [78.49671277011738, 30.31260827915791], [78.49671153404681, 30.312461835055107], [78.49751016976597, 30.31083734762298], [78.49758277622522, 30.31066930094388], [78.49765955069446, 30.31050311711479], [78.49897895069446, 30.307234817114793], [78.49905043446773, 30.3070292114119], [78.49912419139555, 30.30682441016479], [78.49913098231308, 30.3067975351083], [78.4991400852762, 30.306771352646944], [78.49919107195271, 30.306559730355904], [78.499244399688, 30.306348685840398], [78.49924852368919, 30.30632127456848], [78.4992550164891, 30.306294325936275], [78.49928501503906, 30.306078725095965], [78.4993174000068, 30.30586346978559], [78.49931881737533, 30.305835786283538], [78.49932263748275, 30.305808331010777], [78.49933135900368, 30.305590827975376], [78.49934248931898, 30.305373434896214], [78.49934118640478, 30.305345745771472], [78.49934229703003, 30.30531804826726], [78.49932965752893, 30.30510073771046], [78.49931942600075, 30.30488330047614], [78.49928322600076, 30.304507800476138], [78.49928251256651, 30.30450292143151], [78.49928227109446, 30.304497996418398], [78.49924701733197, 30.304260176101256], [78.49921223216447, 30.304022286787763], [78.49921104393562, 30.30401750116596], [78.49921032089061, 30.304012623536426], [78.49915192641605, 30.303779403857398], [78.49909399151957, 30.303546069593317], [78.49909233993944, 30.303541423482464], [78.49909114228477, 30.303536640210773], [78.4990101694699, 30.303310267208623], [78.49892964278814, 30.303083735124705], [78.49892754376226, 30.303079273269194], [78.49892588303206, 30.303074630421065], [78.49882311169038, 30.30285728419326], [78.49872076873828, 30.3026397359156], [78.49871824248147, 30.30263550128566], [78.49871613466944, 30.302631043574138], [78.49859255454355, 30.302424817279814], [78.49846938094127, 30.302218347921105], [78.49846645178279, 30.302214381298572], [78.49846391718829, 30.302210151653817], [78.49838800940911, 30.302107781133266], [78.49838488014058, 30.302009060213663], [78.49838488614367, 30.301842942098258], [78.49837711137529, 30.301763974295167], [78.49837459740364, 30.30168466451698], [78.49836652474056, 30.301622851097168], [78.49849283787184, 30.30155152308269], [78.49863491951602, 30.301477562585525], [78.49944671951602, 30.301002962585525], [78.4995472107409, 30.300937392684823], [78.49965086492007, 30.300876946764223], [78.49975255492251, 30.300803406880465], [78.49985765539877, 30.300734829471843], [78.49995123575681, 30.300659725445627], [78.50004846607646, 30.300589410702447], [78.5001424582446, 30.300506257570124], [78.5002403308719, 30.3004277087323], [78.5003260991331, 30.30034379387337], [78.5004159692121, 30.300264287477052], [78.50050135835001, 30.30017232190627], [78.5005910605614, 30.300084558107514], [78.50066819073048, 30.29999264056187], [78.50074983507088, 30.29990470820244], [78.50082579883451, 30.299804815871884], [78.50090646674865, 30.299708682325587], [78.50097421601984, 30.29960964730955], [78.50104684834209, 30.29951413582359], [78.50111265515888, 30.299407278750962], [78.50118351189963, 30.299303701275768], [78.50124122781055, 30.29919850255046], [78.50130414862552, 30.29909633176601], [78.50135916473975, 30.29898353904355], [78.50141952791809, 30.29887351514696], [78.50146665463289, 30.29876316583376], [78.50151925797884, 30.298655319711177], [78.5015629535554, 30.298537677594137], [78.50161224184075, 30.29842226686674], [78.50164832550338, 30.298307829689954], [78.50169010478136, 30.29819534684626], [78.50172205900788, 30.29807398829277], [78.5017597977272, 30.297954302202726], [78.50178449083236, 30.29783687925463], [78.50181504368497, 30.297720842961393], [78.50183494882477, 30.297596936720712], [78.50186077453358, 30.29747412791045], [78.50187383927312, 30.297354850038378], [78.50189287145975, 30.29723637778838], [78.50190053581547, 30.29711111714522], [78.50191419979805, 30.296986368330835], [78.50191551035137, 30.296866384245895], [78.50192283858166, 30.29674661699167], [78.50191818834138, 30.296621208274576], [78.50191955900611, 30.29649572085527], [78.50190910275185, 30.296376186069782], [78.50190465645096, 30.296256277235468], [78.50188773639903, 30.29613192819875], [78.50187680054565, 30.296006910687158], [78.5018546781833, 30.295888976386674], [78.5018385001715, 30.29577008075967], [78.50174740788415, 30.295281498770212], [78.50178330168092, 30.29481600109347], [78.50178487451238, 30.294759578644136], [78.50179070503829, 30.29470343622216], [78.5017917079888, 30.294514440189108], [78.50179697446815, 30.29432551488441], [78.50179300935888, 30.294269209960135], [78.50179330888955, 30.2942127663878], [78.50177578215988, 30.29402458211599], [78.5017625053616, 30.293836050333002], [78.50175304049775, 30.293780405181003], [78.50174780614854, 30.293724204040757], [78.50171191853067, 30.29353864384751], [78.50168022631759, 30.29335232125045], [78.50166535285098, 30.29329787176398], [78.50165463503154, 30.2932424543035], [78.50160073214285, 30.293061305234914], [78.5015509297283, 30.29287898621225], [78.50153079089853, 30.2928262567696], [78.50151469282733, 30.292772156689356], [78.50144329378207, 30.292597163309974], [78.50137586079056, 30.29242060369357], [78.50135065054562, 30.292370102108187], [78.50132932725585, 30.292317840421433], [78.50115602725585, 30.291946340421433], [78.50111982481849, 30.29187773720271], [78.50108830815483, 30.291806859011615], [78.50100538258441, 30.291660870433862], [78.50092702348886, 30.291512380813753], [78.50088427108487, 30.291447656397754], [78.50084595890492, 30.291380208677673], [78.50074912326082, 30.291243051202034], [78.50065658695785, 30.291102957134562], [78.50060769631618, 30.291042734852663], [78.50056295758722, 30.290979367162144], [78.50045314444964, 30.29085236169011], [78.50034732211442, 30.290722012357705], [78.50029276407876, 30.290666872183508], [78.50024202965915, 30.290608194787943], [78.49984322965913, 30.290190294787944], [78.49983012386826, 30.290177846017862], [78.49981820292639, 30.29016425834788], [78.49965227118928, 30.290008909466824], [78.49948746583206, 30.289852366147937], [78.49947320295628, 30.289841261914212], [78.49946000759248, 30.289828908129223], [78.49927964800865, 30.28969057144962], [78.49910029230612, 30.28955093567966], [78.49908500970483, 30.289541282922197], [78.49907066699757, 30.28953028199584], [78.49887761652862, 30.289410289775745], [78.49868543777404, 30.2892889063233], [78.49866928262692, 30.289280798003354], [78.4986539307044, 30.28927125588064], [78.49800043070441, 30.28890825588064], [78.49797242278328, 30.28889445096217], [78.49794569922102, 30.288878299472007], [78.49731430050805, 30.28853781576322], [78.49614216669436, 30.28773493359378], [78.49602006047967, 30.287659820217183], [78.49590112246443, 30.287579784627983], [78.49533638207748, 30.287238777437977], [78.49547174267943, 30.287232749474665], [78.49553067903004, 30.28722721742412], [78.49558986367133, 30.287226088155084], [78.49577483597876, 30.287204299673586], [78.49596027202244, 30.287186893750835], [78.4960183823427, 30.28717561156607], [78.49607717130598, 30.287168686625485], [78.49625911727651, 30.28712887260488], [78.49644195431623, 30.287093374585677], [78.49649867897189, 30.287076450920306], [78.4965565060874, 30.287063796999135], [78.49673367348201, 30.287006340870157], [78.49691215069696, 30.28695309261988], [78.49696694339858, 30.286930690458064], [78.4970232517596, 30.28691242942047], [78.49719393435929, 30.286837884517094], [78.49736633291649, 30.286767398845456], [78.49741866598049, 30.286739733932222], [78.49747291330661, 30.28671604164202], [78.4982789133066, 30.286315841642022], [78.49828821836984, 30.28631063736045], [78.49829797046907, 30.28630632861242], [78.49850232040559, 30.286190891018936], [78.49870716024193, 30.286076324985444], [78.49871591038998, 30.2860702337082], [78.49872519319898, 30.286064989835115], [78.4989172442721, 30.285930078308656], [78.49910986831347, 30.285795986127084], [78.49911797927751, 30.285789066516568], [78.49912670339789, 30.285782938019718], [78.4993046060511, 30.285629851831697], [78.49948315922235, 30.28547752488339], [78.49949055288948, 30.285469843579165], [78.49949863430307, 30.285462889479394], [78.49966067523583, 30.285293102934066], [78.49982343797306, 30.28512400821023], [78.49983004313818, 30.285115639187485], [78.49983740401659, 30.285107926456547], [78.49998202268618, 30.2849230746912], [78.50012742749523, 30.284738840666414], [78.50013318054701, 30.284729864523378], [78.50013975000093, 30.284721467439123], [78.50026555365064, 30.284523330677164], [78.50039220020355, 30.284325731625948], [78.50039704573693, 30.284316234807832], [78.50040276049896, 30.284307234238728], [78.50079616049896, 30.283614734238725], [78.50086693736735, 30.283474545861942], [78.50094262567914, 30.283336947077434], [78.50097744698287, 30.283255658477245], [78.50101730257583, 30.283176716147512], [78.50107399777035, 30.283030265470114], [78.50113583458298, 30.282885910509215], [78.50116252053654, 30.282801600251062], [78.50119444651244, 30.28271913151915], [78.50123651402751, 30.282567828940955], [78.50128390381852, 30.28241810802111], [78.50130219742148, 30.282331588059172], [78.50132588631585, 30.282246387143754], [78.50135292101835, 30.282091689790988], [78.50138540739809, 30.28193804480681], [78.50139513247308, 30.281850148375707], [78.50141035614891, 30.281763035808083], [78.50142209767981, 30.281606433500873], [78.50143936778674, 30.2814503441375], [78.50144043067603, 30.28136191772769], [78.50144704252092, 30.281273732449726], [78.50144337780283, 30.28111673335446], [78.50144526531645, 30.280959702837226], [78.50140796531645, 30.279953902837228], [78.50140481366171, 30.279917412305622], [78.5014047177578, 30.279880786049645], [78.50138370905638, 30.279673058678707], [78.50136574319073, 30.27946504604993], [78.50135903001451, 30.279429040146425], [78.50135534457154, 30.279392599656074], [78.50131407618986, 30.27918793176182], [78.50127580803178, 30.278982681733694], [78.50126559798566, 30.278947507214845], [78.50125835849643, 30.278911603431943], [78.50119722787166, 30.278711966078603], [78.50113902596433, 30.278511455320583], [78.50112541737657, 30.278477450936027], [78.50111469356138, 30.27844242963384], [78.50103428941505, 30.278249745438533], [78.50095671427447, 30.27805590497855], [78.50093983820321, 30.278023398209218], [78.50092573333825, 30.27798959666191], [78.50082683000605, 30.277805721278153], [78.5007306287234, 30.27762041790642], [78.50071064769449, 30.277589721810337], [78.50069329761729, 30.27755746554522], [78.50057684759219, 30.277384169793212], [78.5004629466386, 30.277209188082757], [78.50044005308031, 30.277180598280154], [78.50041962488156, 30.27715019794265], [78.50028674964096, 30.276989150755327], [78.50015624594488, 30.276826175875563], [78.50013066033462, 30.276799967701773], [78.50010735074909, 30.276771716063845], [78.49995932995434, 30.27662446841385], [78.49981348033756, 30.27647506990177], [78.4997854490788, 30.27645149575588], [78.4997594825905, 30.2764256648962], [78.49959774176273, 30.276293634858874], [78.49943795083684, 30.276159251503845], [78.49940774388584, 30.27613853841771], [78.49937937056632, 30.27611537710163], [78.49777457056632, 30.274931677101627], [78.49774400974093, 30.274911372557472], [78.4977152491026, 30.274888589575855], [78.49642341095571, 30.273964668595372], [78.49530479408186, 30.27155747500375], [78.49502700729717, 30.27035058914014], [78.49552323345507, 30.26901121695912], [78.49697658070775, 30.26707129123208], [78.4970341509714, 30.26698602713949], [78.49709648815414, 30.266904183530276], [78.49717135841603, 30.266782816879157], [78.49722898387213, 30.266697471044118], [78.49825699810886, 30.267914207662805], [78.49841897840074, 30.26808786900912], [78.49858041122715, 30.26826203938741], [78.49991781122715, 30.26956993938741], [78.50006508825157, 30.26970046184028], [78.50020980000822, 30.269833822779418], [78.50024862764569, 30.269863121372634], [78.5002850306193, 30.269895383060607], [78.50044439190206, 30.270010841339346], [78.50060147849003, 30.27012937587663], [78.50064299092618, 30.27015472761515], [78.50068238080787, 30.270183265838874], [78.50085229161279, 30.270282548017207], [78.50102024020231, 30.270385114600177], [78.50106403764964, 30.270406275332864], [78.50110603509337, 30.270430815253683], [78.50128485908665, 30.270512965190044], [78.50146205224084, 30.270598576046353], [78.50252465224084, 30.271049076046353], [78.50268739022621, 30.271108831086543], [78.50284833851399, 30.2711732513112], [78.50291757881779, 30.271193353016127], [78.50298525971415, 30.271218204464745], [78.50315307108986, 30.27126172065614], [78.50331955865379, 30.27131005498889], [78.50339043585831, 30.27132327316205], [78.50346022672052, 30.27134137105622], [78.50363149537111, 30.27136822931408], [78.5038019188451, 30.271400012268913], [78.50387375036405, 30.271406219612057], [78.50394497906801, 30.27141738965918], [78.50411805558285, 30.27142733132383], [78.50429077369559, 30.271442256813483], [78.50436286775218, 30.2714413935465], [78.50443484832653, 30.271445528172922], [78.50460806588418, 30.271438457500697], [78.5047814152658, 30.271436381784543], [78.50485307755481, 30.271428456221166], [78.5049251167873, 30.271425515608176], [78.50509680720808, 30.271401500693504], [78.50526911840922, 30.27138244376183], [78.50635071840922, 30.271208743761832], [78.50644825771256, 30.271188124925033], [78.50654683286386, 30.271173225539677], [78.50668815209963, 30.271137413642023], [78.50683078627796, 30.271107262197997], [78.50692583490351, 30.271077182122937], [78.50702247499333, 30.271052692427766], [78.50715960355852, 30.27100320126684], [78.50729859555601, 30.270959214415974], [78.50739023813351, 30.270919962790227], [78.507484012465, 30.270886118634387], [78.50761562973663, 30.27082342483709], [78.50774964098429, 30.27076602619683], [78.50783699494559, 30.27071798103503], [78.50792700042071, 30.270675108356222], [78.50805183885248, 30.270599815698116], [78.50817957874877, 30.27052955804873], [78.50826180282753, 30.270473182052008], [78.50834717264428, 30.270421693737603], [78.5084640299738, 30.270334527328174], [78.50858426831374, 30.270252087289197], [78.50866057064712, 30.27018792338923], [78.50874048264751, 30.27012831529984], [78.50884823347488, 30.270030114599216], [78.50895981229746, 30.269936286113335], [78.50902945805225, 30.269864952243587], [78.50910314264007, 30.26979779843766], [78.50920074926594, 30.26968950917223], [78.50930259400609, 30.2695851958591], [78.50936491245557, 30.269507379003773], [78.50943166000799, 30.269433326209132], [78.50951818242713, 30.2693159912638], [78.50960931226439, 30.26920219771756], [78.50966370324795, 30.26911864729531], [78.5097228709494, 30.26903840868105], [78.5102812709494, 30.268197708681047], [78.5103111915632, 30.268147476419202], [78.51034478254279, 30.268099620705122], [78.51104718064838, 30.266986531816734], [78.51165893891734, 30.266108563819493], [78.5116882636714, 30.266061736040353], [78.51172106324292, 30.266017272907217], [78.51181842122185, 30.265853891534196], [78.51191936348349, 30.265692700005566], [78.51194395710583, 30.265643223386473], [78.5119722405893, 30.265595759435246], [78.51205311558806, 30.265423622037357], [78.51213777225236, 30.26525331261832], [78.51215739789296, 30.265201663646174], [78.51218089290298, 30.265151655980645], [78.51224450605095, 30.26497242033548], [78.51231206182813, 30.2647946331985], [78.51232653048139, 30.264741309280968], [78.51234501074809, 30.264689239502452], [78.51239074941596, 30.26450463174718], [78.51244055370688, 30.264321079079643], [78.5124497260317, 30.264266593755405], [78.5124630135801, 30.26421296332414], [78.5127411135801, 30.26279586332414], [78.51274303989851, 30.26278264348259], [78.51274618344655, 30.262769659145178], [78.51300777377922, 30.261397979174635], [78.51323238164021, 30.260647099789722], [78.51328478861691, 30.26043439100468], [78.51333943036114, 30.26022224530345], [78.51334346619014, 30.260196231200464], [78.51334976386457, 30.260170670277837], [78.51338106938056, 30.25995384896148], [78.51341465409484, 30.259737368972537], [78.51341612066224, 30.259711084554144], [78.5134198826031, 30.259685029434316], [78.51342978516911, 30.259466183694176], [78.51344198941433, 30.259247454238427], [78.51345094630507, 30.257900754830395], [78.51365096066908, 30.25670164837001], [78.51366804556508, 30.256555272732985], [78.5136859083603, 30.256441269931187], [78.51369970305785, 30.256425618666643], [78.51375582612198, 30.25634770837408], [78.51381650375883, 30.25627329038971], [78.51389914270473, 30.256148755642865], [78.51398650085747, 30.256027484658393], [78.51403471712959, 30.255944448502976], [78.51408780834906, 30.255864441413053], [78.51415784282605, 30.255732406301963], [78.51423289369035, 30.255603156674045], [78.51427273882149, 30.255515794339196], [78.514317732326, 30.255430968655876], [78.51437448786383, 30.255292704750783], [78.51443650865879, 30.255156721224044], [78.51446759891847, 30.255065874057], [78.5145040613961, 30.25497704669779], [78.51454699140793, 30.25483388555561], [78.51459538483935, 30.254692477725825], [78.51461742081143, 30.2545990206343], [78.5146450011085, 30.25450704705539], [78.5146736921548, 30.2543603673964], [78.51470799216757, 30.254214897098056], [78.51472076163357, 30.254119730124994], [78.51473919413678, 30.254025496082168], [78.51475336990715, 30.253876710511314], [78.5147732461733, 30.25372857870325], [78.51477662615628, 30.253632618358804], [78.51478573335056, 30.253537031377228], [78.51478560759718, 30.2534975483982], [78.51564789436395, 30.253007830201447], [78.51642133002905, 30.252788643057627], [78.5178870198618, 30.25274242335976], [78.51788555254537, 30.253062477284406], [78.51789348153578, 30.253240527893002], [78.51789662307935, 30.25341872727261], [78.5179043909519, 30.253485505888882], [78.51790738183995, 30.253552668214848], [78.51793272466162, 30.253729084284302], [78.51795331767138, 30.253906117659902], [78.51796759358851, 30.253971813334267], [78.51797715313374, 30.25403835909695], [78.51801966572138, 30.25421144164371], [78.51805751187544, 30.25438560408748], [78.51807815835227, 30.254449584134704], [78.51809419449103, 30.254514872462003], [78.51815346742521, 30.254682954606707], [78.51820820224438, 30.25485256883893], [78.51823502044402, 30.254914217096058], [78.51825737873955, 30.25497761922582], [78.5183328411896, 30.25513908224574], [78.51840393754759, 30.255302514788433], [78.51843666919612, 30.255361237549096], [78.51846513432581, 30.255422142884097], [78.51855605954698, 30.25557543180182], [78.51864283274708, 30.25573110871052], [78.51868116262088, 30.255786340442494], [78.51871546044993, 30.25584416243101], [78.51882097278259, 30.25598780099043], [78.51892258715148, 30.256134223011436], [78.5189661461129, 30.256185431802916], [78.51900594633447, 30.256239613587617], [78.51912502963731, 30.25637221847106], [78.51924050657297, 30.256507975480094], [78.51928887512534, 30.256554668162373], [78.51933379444161, 30.25660468794311], [78.5194653018773, 30.25672498209302], [78.51959352927372, 30.25684876667591], [78.5196462416015, 30.256890493572993], [78.51969584741484, 30.25693586963187], [78.51983851249481, 30.257042694549767], [78.51997825545214, 30.25715331459337], [78.52070865545214, 30.25767531459337], [78.52072248583262, 30.257684207186276], [78.52073544476151, 30.257694327650334], [78.52092881702697, 30.257816873045844], [78.52112137998482, 30.25794068626955], [78.52113601539472, 30.25794818042782], [78.52114990390182, 30.257956981961954], [78.52135435657637, 30.2580599834715], [78.52155812810888, 30.258164326030137], [78.52157342760125, 30.25817034958097], [78.52158811193259, 30.258177747421552], [78.52180167602516, 30.258260213084228], [78.52201469370115, 30.258344080101985], [78.5220305099335, 30.258348575035274], [78.52204584867096, 30.258354497937077], [78.52226646744245, 30.258415633563406], [78.52248667978539, 30.25847821735512], [78.52250286043879, 30.258481140382216], [78.5225187058619, 30.258485531304437], [78.5236262058619, 30.25873463130444], [78.52374345883261, 30.258755018419308], [78.52385953109156, 30.258781307662137], [78.52398502518851, 30.258797020263835], [78.52410962963219, 30.25881868560068], [78.52422831628442, 30.25882748174513], [78.52434640642018, 30.258842267327182], [78.52447283633305, 30.258845603695896], [78.52459896434664, 30.258854951336982], [78.52471794166317, 30.258852071799343], [78.52483691240307, 30.25885521132737], [78.52579691240308, 30.258833411327366], [78.52587684847694, 30.25882766269175], [78.52595698970919, 30.258827209255976], [78.52612142518429, 30.258810073857287], [78.52628632519946, 30.258798215004898], [78.52636531289446, 30.258784658945164], [78.5264450237803, 30.2587763524784], [78.52660698789091, 30.25874318209629], [78.5267699314966, 30.258715217319597], [78.52684721011799, 30.258693984388024], [78.52692572299806, 30.258677904886078], [78.52708365594128, 30.258629018969444], [78.52724307390146, 30.25858521758455], [78.52731789921394, 30.25855651226587], [78.52739445796622, 30.258532814583134], [78.52754683876135, 30.258468683930115], [78.52770119579405, 30.258409467768264], [78.52777284718898, 30.258373566510368], [78.52784671451082, 30.258342478868503], [78.52799207564756, 30.25826372109232], [78.5281398852101, 30.258189660437544], [78.52820767264532, 30.2581469089892], [78.52827813715408, 30.258108730779167], [78.52841507872519, 30.258016104360287], [78.52855491733072, 30.257927912457152], [78.5286181879762, 30.257878722538162], [78.52868457106013, 30.257833821437004], [78.52917627106012, 30.257464821437004], [78.52935294009063, 30.257318152285965], [78.52953052908249, 30.257172598389815], [78.52954167826604, 30.25716146343181], [78.52955380204824, 30.257151398369263], [78.52971524427821, 30.256988118877246], [78.52987771135399, 30.256825859097628], [78.5298877154344, 30.256813684946447], [78.52989879428867, 30.256802480011416], [78.53004345494163, 30.256624162648638], [78.53018923545409, 30.25644675963648], [78.53019799808663, 30.2564336635358], [78.5302079253175, 30.256421426637992], [78.53033441123152, 30.25622978869912], [78.53046210123543, 30.256038950941416], [78.5304695380312, 30.2560250590138], [78.53047821803396, 30.256011908001277], [78.53058531108127, 30.255808795063373], [78.53069368085134, 30.25560636043311], [78.53069972018983, 30.2555918064656], [78.53070706937145, 30.25557786798961], [78.53079373818731, 30.25536523614126], [78.53088174406356, 30.255153154194623], [78.53088632778274, 30.25513807834968], [78.53089227536644, 30.255123486645576], [78.53095768528253, 30.25490338364831], [78.53102447972053, 30.25468369684979], [78.53102756367662, 30.254668244316182], [78.53103205238399, 30.25465313990991], [78.53107557346712, 30.254427685475594], [78.53112051319985, 30.254202509529467], [78.53119931319985, 30.253673609529468], [78.53120154390619, 30.25365110805497], [78.53120355102708, 30.25364055520691], [78.531321162077, 30.253537858321366], [78.53138506139658, 30.253476281378738], [78.53145269316694, 30.25341882890709], [78.53156162414334, 30.25330613568392], [78.53167448414062, 30.253197377505828], [78.53173204017165, 30.253129833844476], [78.53179371494961, 30.253066028949416], [78.53189107552616, 30.252943201272057], [78.53199273190606, 30.252823904580186], [78.53204339035254, 30.252751044682437], [78.53209851417623, 30.252681501840037], [78.53218336671726, 30.252549722606283], [78.53227284047335, 30.25242103629288], [78.53231611346675, 30.25234356183939], [78.53236415546361, 30.25226895078523], [78.53271713596297, 30.251656706034662], [78.53319942303843, 30.25098113272232], [78.53328817564525, 30.250842940857357], [78.53338136865668, 30.25070770373428], [78.53342068360325, 30.250636619910946], [78.53346458045593, 30.25056827050519], [78.53353936052328, 30.250422044795116], [78.5336188492288, 30.25027832436327], [78.53365100743008, 30.250203729289343], [78.53368799349411, 30.250131406360683], [78.53374397778884, 30.249988992479267], [78.53560819004402, 30.249073924403945], [78.53577241084264, 30.248983056018425], [78.53593868568001, 30.248896003088376], [78.53598698453843, 30.248864325836415], [78.53603752360642, 30.248836361025912], [78.53619204697767, 30.24872983374347], [78.53634898847704, 30.248626902212976], [78.53639394984965, 30.24859064337963], [78.53644150452742, 30.24855785953244], [78.53658484232676, 30.248436699269057], [78.53673093905569, 30.24831888042501], [78.53781033905568, 30.24735728042501], [78.53794645949215, 30.247223472108697], [78.53808546575843, 30.24709266424731], [78.53812134658638, 30.247051555618903], [78.53816025902309, 30.24701330414268], [78.53828260849407, 30.246866798013883], [78.53840812399453, 30.246722995031572], [78.5384398026963, 30.246678567416293], [78.53847477845866, 30.246636686045616], [78.53858217867156, 30.246478893038834], [78.53869299462364, 30.246323479836537], [78.53872016611606, 30.246276161096493], [78.53875086836831, 30.24623105317198], [78.53884228500043, 30.24606349292013], [78.53893733418587, 30.24589796621194], [78.53895973679255, 30.2458482120526], [78.5389858698553, 30.245800311988077], [78.53906042251472, 30.245624598187543], [78.53913878955767, 30.245450552086588], [78.53936498891876, 30.244874186202814], [78.53982285135032, 30.243986176790422], [78.53982290189442, 30.243986065693363], [78.5398229630795, 30.24398596008233], [78.5401695630795, 30.24331366008233], [78.54023064165357, 30.243179390663993], [78.54029693189035, 30.243047616336305], [78.5403321694796, 30.24295620139745], [78.54037273617887, 30.242867023364084], [78.54042035993848, 30.242727413742532], [78.54047341482689, 30.24258977636481], [78.54073131482689, 30.24180847636481], [78.54078449062091, 30.241616145300075], [78.5408411842867, 30.24142482166969], [78.54084984515703, 30.241379765049462], [78.54086207178511, 30.24133554266516], [78.54089613978219, 30.241138925587833], [78.54093380745736, 30.240942966282], [78.54093801030216, 30.240897277708022], [78.54094584350405, 30.240852069847413], [78.54096047561073, 30.240653060287435], [78.54096081002186, 30.240649424947975], [78.54209678763637, 30.240255201983206], [78.54254656783884, 30.240174853748307], [78.54263805695595, 30.240192322378483], [78.54270031600075, 30.24021098797141], [78.54279279243946, 30.240233833345822], [78.54288373010192, 30.24026219078568], [78.543030834253, 30.24029263918255], [78.54317667228756, 30.240328667002707], [78.54327094266522, 30.240342338094326], [78.54336422195313, 30.240361645535735], [78.54351360222236, 30.24037752858704], [78.54366226935078, 30.24039908829629], [78.54375742579207, 30.24040345344503], [78.54385214837494, 30.24041352494678], [78.54400236614858, 30.240414689690038], [78.5441524306252, 30.24042157365661], [78.54424755672164, 30.240416590823706], [78.54434281036917, 30.240417329391725], [78.544492418968, 30.240403764609823], [78.54464243558986, 30.24039590653735], [78.54473661522509, 30.240381623710206], [78.54483148259261, 30.240373022231683], [78.54671368259261, 30.240108722231685], [78.5469503099606, 30.240063558515182], [78.54718701725167, 30.240018815578406], [78.54763105867119, 30.239912076341447], [78.54780787416381, 30.239889837217135], [78.54801114743769, 30.23986764230461], [78.54805121317658, 30.239859231038484], [78.54809183228451, 30.23985412213441], [78.54829123709243, 30.23980884122693], [78.54849135606804, 30.239766828923972], [78.54853040443119, 30.23975453103124], [78.54857032718687, 30.23974546535913], [78.54876433350098, 30.239680857402583], [78.54895937092333, 30.239619432310608], [78.5489970258537, 30.23960336622669], [78.54903586777908, 30.239590431093937], [78.54911155483968, 30.23956102646629], [78.54911270141898, 30.239561006030677], [78.54918025139237, 30.23955647959909], [78.54924795225324, 30.23955676407059], [78.54942492297353, 30.239540084490148], [78.54960228025034, 30.239528200020928], [78.54966906128425, 30.23951707433013], [78.54973646403006, 30.23951072158704], [78.54991094770321, 30.239476776159407], [78.55008628607455, 30.23944756486407], [78.55015165503113, 30.239429947060543], [78.55021811053659, 30.23941701828325], [78.55038842678935, 30.239366133921468], [78.55056005765094, 30.23931987712074], [78.55062338499145, 30.239295936873543], [78.55068825325367, 30.239276556573255], [78.55201327010202, 30.238808728897848], [78.55479307794283, 30.238402971022115], [78.55503151934546, 30.238356116786196], [78.55527000449958, 30.238309485742864], [78.55527224850422, 30.238308813001396], [78.55527454722181, 30.238308361298568], [78.55550724794779, 30.23823836133355], [78.55574001408709, 30.23816857919925], [78.55574218134603, 30.238167689746305], [78.55574442472007, 30.238167014904818], [78.55596914373226, 30.238074543348972], [78.55619394919353, 30.23798228216346], [78.55619601883491, 30.23798118456494], [78.55619818526043, 30.237980293083904], [78.55641275838902, 30.237866240490334], [78.55662743817564, 30.237752388777796], [78.55801643817564, 30.236925988777795], [78.55816797062558, 30.2368254500594], [78.55832200991024, 30.23672879595367], [78.55837231010916, 30.236689874941295], [78.55842530629758, 30.236654713041222], [78.55856625455982, 30.23653980566672], [78.55871007834403, 30.236428518486854], [78.55875632140733, 30.23638485460823], [78.55880561593582, 30.236344667487387], [78.55893462260148, 30.236216498077617], [78.55906684578366, 30.236091649579983], [78.55910858636548, 30.23604366334199], [78.55915370450064, 30.235998838024454], [78.55926952716483, 30.235858640921098], [78.55938887636363, 30.23572143346478], [78.56016887636362, 30.23473043346478], [78.56016958696844, 30.23472943329561], [78.56017039173136, 30.234728507199417], [78.56031168146131, 30.234529436721203], [78.5604530687534, 30.234330435524814], [78.56045367790273, 30.23432937052031], [78.56045438801722, 30.23432837000293], [78.5605754850792, 30.234116409288728], [78.56069668602494, 30.23390450795891], [78.56069718785237, 30.233903388375577], [78.56069779647959, 30.233902323072613], [78.56079753464192, 30.233679513421976], [78.56089738201074, 30.23345675268236], [78.56089777168337, 30.23345558930246], [78.56089827296194, 30.2334544694733], [78.56127877296194, 30.232478669473302], [78.56128059776944, 30.232473212572785], [78.56128293658018, 30.232467955420443], [78.5613584003807, 30.23224055180744], [78.56143438676614, 30.23201332227998], [78.56143566791692, 30.232007712793425], [78.56143748017459, 30.232002251712256], [78.56149029114454, 30.231768546363455], [78.56154363924618, 30.2315349630405], [78.56154436440204, 30.231529254990537], [78.56154563265365, 30.23152364257354], [78.56167728796561, 30.230770913301228], [78.56189146791448, 30.230353226060352], [78.56189153777616, 30.23035307158667], [78.56189162243253, 30.230352924698796], [78.5619020732226, 30.23033254048449], [78.56215667607239, 30.230255641339213], [78.56228186264333, 30.230211018387966], [78.5624089306676, 30.230172074806756], [78.5630429306676, 30.229943174806756], [78.56322688636843, 30.22986635963484], [78.5634122255095, 30.22979294524127], [78.56345319635392, 30.229771858402408], [78.56349571700723, 30.22975410287062], [78.56367125770745, 30.229659626773085], [78.56384850852113, 30.229568399477213], [78.56466450852113, 30.229096399477214], [78.56484629579121, 30.22897898075061], [78.5650294310962, 30.228863675812587], [78.56505233050359, 30.22884590029039], [78.56507668137714, 30.228830171749212], [78.56524608424367, 30.228695500157787], [78.56541703584219, 30.22856280004539], [78.56543808267686, 30.228542865582714], [78.56546077462761, 30.228524825975818], [78.56561616164886, 30.228374198480275], [78.56577328318306, 30.228225381168464], [78.56579227475238, 30.228203479745204], [78.56581308924459, 30.22818330280375], [78.56595296395871, 30.22801817002906], [78.56609474226222, 30.22785466871006], [78.56649794226222, 30.227340768710057], [78.56653018212086, 30.22729524284753], [78.56656578023426, 30.227252291864097], [78.56667190961134, 30.227095109642242], [78.56678151725299, 30.22694033283379], [78.56680913955309, 30.226891866131908], [78.56684035631922, 30.226845632744002], [78.56693056810239, 30.226678804899574], [78.56702447717319, 30.226514029956057], [78.56704721589684, 30.226463089175745], [78.56707375068125, 30.22641401863607], [78.56714717608182, 30.226239151812234], [78.56722448218598, 30.226065965606605], [78.56724211834684, 30.226013041335417], [78.56726371560504, 30.225961606220107], [78.56759981560504, 30.225036406220106], [78.56764299485569, 30.22489650358542], [78.5676916806227, 30.22475842067169], [78.56771530588709, 30.224662212724546], [78.56774452162453, 30.22456755247499], [78.5677737800991, 30.22442409120314], [78.56780869693853, 30.22428190115664], [78.56782277841295, 30.224183840796176], [78.56784257514167, 30.224086772718586], [78.5678576310651, 30.223941134419757], [78.56787844270862, 30.223796206608657], [78.56788284478078, 30.223697238210015], [78.56789303184748, 30.22359869712277], [78.56789374022294, 30.223452284373508], [78.56790024624311, 30.223306014531737], [78.56789624624312, 30.22244341453174], [78.56789468828947, 30.222414443492912], [78.56789564136355, 30.222385446252392], [78.56787063628691, 30.22084505018156], [78.56803905878536, 30.219272744123753], [78.56804874845024, 30.219104776559725], [78.5680636180613, 30.218937188115117], [78.56806287062632, 30.21885997268403], [78.56806731782305, 30.218782881803115], [78.56806049712925, 30.218614773295542], [78.56805886859898, 30.21844653435838], [78.56799686859898, 30.217392734358384], [78.56798317424979, 30.217266256289097], [78.56797547496704, 30.217139272202296], [78.56795678060868, 30.217022490285817], [78.5679440495285, 30.216904908762313], [78.56791802410264, 30.216780382000245], [78.56789791527702, 30.21665476403841], [78.56786786430762, 30.21654037682636], [78.56784366952637, 30.216424609354064], [78.56780556366296, 30.216303233160286], [78.56777323895341, 30.216180191092782], [78.56722483895341, 30.214444291092782], [78.56722155895648, 30.214435445325297], [78.56721912741197, 30.214426329757664], [78.56713627042288, 30.214205432141327], [78.56705424669737, 30.213984223762306], [78.56705011545766, 30.213975742085474], [78.56704680213986, 30.213966908744887], [78.5669426923772, 30.213755196216155], [78.56683938140557, 30.213543092746878], [78.56683443870924, 30.213535056843988], [78.56683027552715, 30.213526590800235], [78.56670591562414, 30.21332610226533], [78.56658231234825, 30.21312514637932], [78.56657660579614, 30.213117633640493], [78.5665716328435, 30.213109616426223], [78.5664282204546, 30.21292228270053], [78.56628551524093, 30.212734409711626], [78.56627909979024, 30.212727492488572], [78.56627336495933, 30.21272000131401], [78.56487586495932, 30.21106910131401], [78.56482999431213, 30.21102001539491], [78.56478773800697, 30.21096778562928], [78.56466256426117, 30.21084084944802], [78.56454084435741, 30.210710597670115], [78.56449038332852, 30.2106662442228], [78.56444321108674, 30.210618407799956], [78.5643061981653, 30.210504352023754], [78.5641722974693, 30.210386658080605], [78.56411773202592, 30.210347464252965], [78.56406609814206, 30.21030448186386], [78.56384862590669, 30.21014082465791], [78.56439924074982, 30.208552458543053], [78.56508942246121, 30.20679798590738], [78.56513137578193, 30.206673764576305], [78.56517896471895, 30.206551591284512], [78.56572866471896, 30.204905791284514], [78.56576858614565, 30.204763355140127], [78.56581403186405, 30.204622584183653], [78.56589205324214, 30.204333009556322], [78.56607356479094, 30.204126797138287], [78.56614484797007, 30.20403731745921], [78.56622072208573, 30.203951696064827], [78.56680825245402, 30.20321921706406], [78.56697410660891, 30.203080064209676], [78.57031358725568, 30.202164906075343], [78.57042281720429, 30.20212912463343], [78.5705337656097, 30.202099092240754], [78.57287946560969, 30.201338792240755], [78.57290300171353, 30.20132986519916], [78.57292723209927, 30.201323044007072], [78.5731323430607, 30.201242878000283], [78.57333825003413, 30.201164779257653], [78.57336079780212, 30.2011535882606], [78.57338424291817, 30.20114442492131], [78.57490414291817, 30.20046262492131], [78.57496132818522, 30.20043352194488], [78.57502047196729, 30.200408639198756], [78.575179877676, 30.200322296781344], [78.57534144537307, 30.2002400710417], [78.57539550268694, 30.200205503067686], [78.57545192273987, 30.200174943034423], [78.57638712273987, 30.199607343034423], [78.5764674669894, 30.199553012781067], [78.57655089454303, 30.199503547458143], [78.57667058340552, 30.199415661739593], [78.57679358972933, 30.19933248261007], [78.57686822180328, 30.199270538858148], [78.57694639918093, 30.199213134394054], [78.57790009918092, 30.19843803439405], [78.5780334464142, 30.19831832878578], [78.57816991721945, 30.19820219680665], [78.57870173432688, 30.19770262754595], [78.57920982493819, 30.197417483127488], [78.57930507905914, 30.197357697936194], [78.57940337761076, 30.197303062678134], [78.57976837761076, 30.197076062678136], [78.57995129057997, 30.196949451575634], [78.58013535601047, 30.19682452182527], [78.58015297552632, 30.196809846639333], [78.58017182982576, 30.196796795822603], [78.58034145196042, 30.19665286578134], [78.58042156888781, 30.196586136887287], [78.58049358294231, 30.196590243876365], [78.58173611706893, 30.19668517171217], [78.58176368995966, 30.19668592086073], [78.58179109299503, 30.196689067156676], [78.5820088788898, 30.196692582582774], [78.58222661280477, 30.19669849835891], [78.58225412635387, 30.19669654128422], [78.58228170582709, 30.196696986462726], [78.58249878759537, 30.196679138210467], [78.58271605290938, 30.196663683844832], [78.58274324214634, 30.19665903939459], [78.58277073245199, 30.196656779168343], [78.58340313245199, 30.196573379168342], [78.5835274512138, 30.19655073006165], [78.5836527074841, 30.196534026668814], [78.58376867129749, 30.1965067832001], [78.58388586327602, 30.19648543249175], [78.5840073634083, 30.196450707077183], [78.58413037931668, 30.19642180685432], [78.58424311440571, 30.196383328128988], [78.58435764933745, 30.19635059340753], [78.58447516072759, 30.196304126109798], [78.5845947515635, 30.196263307381862], [78.58470317222759, 30.196213963971086], [78.5848139470786, 30.196170160489764], [78.58492633802767, 30.19611239881433], [78.58504135206599, 30.196060054688008], [78.5851444141549, 30.19600032179581], [78.58525036210278, 30.19594587140609], [78.58535655022452, 30.195877371629454], [78.58546587981718, 30.1958140062073], [78.58556259078664, 30.195744459094115], [78.58566269149476, 30.195679886182987], [78.58576165413947, 30.195601307995442], [78.58586424638276, 30.19552753152112], [78.58595367485333, 30.195448839963614], [78.58604696429707, 30.195374766403564], [78.58613774840028, 30.195286866556124], [78.58623261527492, 30.195203389537294], [78.58631390000164, 30.195116311378072], [78.58639947975256, 30.195033450538084], [78.58648121101375, 30.19493707555432], [78.58656743889986, 30.19484470192032], [78.58663979706625, 30.19475007576977], [78.5867168429447, 30.194659225644923], [78.58678873424725, 30.194555303668526], [78.58686549272305, 30.19445492302803], [78.58692822748037, 30.194353660187776], [78.58699599749247, 30.194255695714364], [78.5870573564838, 30.194145227570782], [78.58706152117581, 30.194138505164254], [78.58709706197367, 30.194108995925376], [78.58722021038213, 30.194014015486026], [78.58728571253324, 30.193952360881582], [78.58735492094414, 30.19389489769411], [78.58746426044824, 30.19378430073567], [78.5875775061524, 30.19367770699827], [78.58763664968475, 30.193609928944046], [78.5876998924609, 30.19354595884702], [78.5880280924609, 30.193179658847022], [78.58802828361063, 30.193179423195854], [78.58802849691168, 30.19317920738942], [78.58822959691167, 30.19295470738942], [78.5883174899611, 30.192846325160605], [78.58840989421516, 30.192741762502177], [78.58847192968139, 30.192655883240416], [78.58853865911023, 30.192573598187465], [78.58861550561441, 30.192457122823413], [78.58869721598403, 30.192344006461962], [78.58875053509286, 30.192252460193362], [78.5888088778557, 30.192164030737604], [78.5888739377409, 30.192040583959617], [78.58894416731043, 30.191920003267665], [78.5889882565697, 30.19182367163282], [78.58903765079384, 30.191729949398265], [78.58909029749775, 30.19160072006637], [78.5891483699181, 30.191473836301824], [78.5895209699181, 30.190541336301827], [78.58958411106774, 30.190357624914586], [78.58965099666365, 30.190175243458302], [78.58974599666365, 30.1898707434583], [78.58974608867489, 30.189870388054338], [78.58974621502824, 30.189870043361765], [78.58991101502825, 30.189341543361767], [78.5899140269454, 30.189329902449803], [78.58991811107998, 30.18931859305915], [78.58997547412085, 30.189092412131853], [78.59003392317356, 30.188866509411184], [78.59003577957859, 30.188854629333978], [78.59003873553284, 30.18884297408585], [78.59007365274736, 30.18861225971984], [78.59010967801318, 30.18838171577399], [78.59011036102791, 30.18836971094305], [78.59011216033434, 30.188357822083983], [78.59024847094352, 30.187014366467398], [78.59083909942595, 30.184758735926565], [78.59138690377753, 30.183065968625762], [78.5914468249803, 30.18284419617144], [78.5915081317158, 30.182622802727657], [78.59178803171581, 30.181377302727658], [78.59181044673193, 30.181248246905515], [78.5918387453138, 30.181120352306646], [78.59185240452467, 30.181006672355235], [78.59187199767351, 30.180893863606013], [78.59188165507257, 30.18076323216719], [78.59189728152619, 30.18063317966966], [78.59191457192799, 30.18038831235895], [78.59197176901225, 30.180322910965945], [78.5934165997183, 30.179169879876003], [78.59342166479361, 30.179165413825626], [78.59342713255654, 30.179161450978047], [78.59360567340339, 30.179003167132198], [78.59378464065881, 30.178845365573565], [78.59378924359487, 30.178840424564292], [78.5937942966021, 30.17883594486437], [78.5945629966021, 30.17808394486437], [78.59470368318263, 30.177932105894385], [78.59484668453166, 30.177782444940494], [78.59487037557575, 30.177752199600715], [78.59489648747399, 30.177724017781827], [78.59502161378883, 30.17755912026133], [78.59513470723503, 30.17741473870964], [78.59764977502324, 30.17651873182806], [78.5978028567574, 30.176455569741144], [78.59795787694236, 30.176397327069072], [78.5980295287453, 30.17636204404469], [78.59810335896552, 30.176331581424105], [78.59824951260214, 30.176253718846084], [78.59839807754238, 30.17618056199317], [78.59846592598119, 30.17613842576136], [78.59853641482972, 30.176100873199573], [78.59867423282951, 30.176009059989564], [78.59881491176333, 30.17592169349637], [78.59887830342029, 30.175873109852173], [78.59894477205117, 30.175828829000793], [78.59907292715141, 30.175723949370198], [78.5992043652638, 30.175623214623812], [78.6003363652638, 30.174663914623814], [78.60045481492057, 30.174553103521646], [78.60057688734683, 30.174446296479093], [78.60147168734683, 30.173582296479093], [78.60153934602536, 30.17351022401015], [78.60161111283085, 30.173442241194923], [78.60170716549065, 30.17333145665224], [78.6018075209889, 30.173224554349563], [78.60186778953505, 30.17314619721913], [78.60193254728267, 30.173071507382634], [78.60258344822267, 30.172241785773267], [78.60343425704828, 30.17138037522064], [78.6034850047756, 30.171323682207724], [78.60353947439876, 30.17127055509894], [78.60364855089814, 30.171140976046775], [78.60376151799721, 30.171014774430592], [78.60380646447328, 30.17095338026304], [78.60385546444313, 30.170895170018987], [78.6039513147413, 30.17075552355871], [78.6040513679513, 30.17061885692592], [78.60409008031709, 30.170553352862967], [78.604133138737, 30.170490620080276], [78.60421483974298, 30.170342251083948], [78.60430101549703, 30.17019643560862], [78.60433312093129, 30.170127452490185], [78.60436982312514, 30.170060801319867], [78.60443658801375, 30.16990513866174], [78.60450805639204, 30.169751578626904], [78.60453324570183, 30.169679780798273], [78.6045632382075, 30.169609853127383], [78.60488723820751, 30.168738753127386], [78.60491738001096, 30.16864367573579], [78.60495300979962, 30.1685505158902], [78.6049914784431, 30.16840994434474], [78.60503552129113, 30.168271018380434], [78.60505619873952, 30.168173444399073], [78.60508252569934, 30.168077240813624], [78.6051070306849, 30.16793357557207], [78.60513724432883, 30.167791001620323], [78.60514825828702, 30.167691870740086], [78.60516502887502, 30.16759354990778], [78.60517533420624, 30.16744817454494], [78.60519142767217, 30.167303325670847], [78.60519267206975, 30.167203592576186], [78.60519972477596, 30.16710410138051], [78.60519573120685, 30.166958415940794], [78.60519754950593, 30.166812687118], [78.60518901235865, 30.16671331229315], [78.60518627926167, 30.166613608888685], [78.60510017926167, 30.165490208888684], [78.60509380868011, 30.165439746646804], [78.60509138164387, 30.165388941807922], [78.60506309212346, 30.16519643662892], [78.6050387218198, 30.165003396143135], [78.6050274357497, 30.164953801316997], [78.60502004065528, 30.16490347900838], [78.60488534065527, 30.16422147900838], [78.60486123695009, 30.164124696685203], [78.60484281278214, 30.164026674459567], [78.60481035726157, 30.16391546957897], [78.60522018495854, 30.163338006561062], [78.60525081681284, 30.16329001843542], [78.60528497732993, 30.163244474722582], [78.6053827643644, 30.163083308269602], [78.60548419339776, 30.16292440867614], [78.60550997409246, 30.162873649179698], [78.60553950605284, 30.162824976456065], [78.60604340605283, 30.161894376456065], [78.60605715253477, 30.161865713709265], [78.60607329568344, 30.1618383290866], [78.60616321625591, 30.161644560573727], [78.60625559112991, 30.161451950010814], [78.60626646197828, 30.161422077892194], [78.60627984323091, 30.161393242828634], [78.60635033817567, 30.16119159360684], [78.60642338910287, 30.16099085619535], [78.60643127962553, 30.160960062389563], [78.60644177011325, 30.16093005458271], [78.60667767011326, 30.16013145458271], [78.60671574638991, 30.15997459585855], [78.60675907173949, 30.15981910509898], [78.60677358836715, 30.15973631051268], [78.60679341688612, 30.159654625104842], [78.60681593497154, 30.15949478957044], [78.60684381093809, 30.159335800914626], [78.60685014237565, 30.15925198212845], [78.60686186884477, 30.159168746523566], [78.60686861187743, 30.159007473482916], [78.60688077000023, 30.158846518078104], [78.60687885527246, 30.15876248231282], [78.60688236675946, 30.158678498115222], [78.60687326980032, 30.15851734071543], [78.60686959298992, 30.158355968650593], [78.60680435901372, 30.157449841912722], [78.60681593948686, 30.15648554166321], [78.60681548746413, 30.15647335637124], [78.60681617267811, 30.156461181965756], [78.60680639373916, 30.156228214512073], [78.60679774996832, 30.155995202181007], [78.60679610575473, 30.155983119870537], [78.6067955943688, 30.15597093692542], [78.6066911943688, 30.15482733692542], [78.60667887657469, 30.154740007710437], [78.60667207366338, 30.15465207682704], [78.60654757366338, 30.153671576827044], [78.60654635704502, 30.153664711356335], [78.60654579985497, 30.153657761220714], [78.60650355086209, 30.153423152784068], [78.6064619556051, 30.15318842755975], [78.60646007191131, 30.153181714397753], [78.60645883617185, 30.153174852342968], [78.60639379497073, 30.152945514733343], [78.60632939291165, 30.152715996825467], [78.60632686028342, 30.15270950062345], [78.6063249578954, 30.15270279273499], [78.60623775086883, 30.152480934601293], [78.60615116223423, 30.152258834390423], [78.60614800506215, 30.152252617710374], [78.6061454543466, 30.15224612858886], [78.60603692134612, 30.152033886546576], [78.60592898003168, 30.15182134297878], [78.60592522872103, 30.151815465690685], [78.60592205424275, 30.15180925782995], [78.6052058207015, 30.150563492321176], [78.60459720497447, 30.149489673725864], [78.60458255721686, 30.149466553388304], [78.60456997955737, 30.149442244762557], [78.60445128855024, 30.149259356084574], [78.60433460495997, 30.14907518018094], [78.60431776154604, 30.149053606905554], [78.60430286178936, 30.149030648158586], [78.60416681608642, 30.148860273892375], [78.60403264196438, 30.1486884218382], [78.6040137651053, 30.148668603387275], [78.60399668674432, 30.148647215624514], [78.60384459654045, 30.148490996567926], [78.60369422405638, 30.148333123391907], [78.60367349554662, 30.148315250627952], [78.6036544030553, 30.14829563982525], [78.60348773306227, 30.148155080453073], [78.60332261038545, 30.148012706560323], [78.60330022985192, 30.14799695160787], [78.60327930710136, 30.147979306627935], [78.60309966244238, 30.147855760603775], [78.60292137979437, 30.147730257132693], [78.60289756277378, 30.147716771720503], [78.60287501126156, 30.147701262494184], [78.60283289403054, 30.14767801996156], [78.60282987856863, 30.147551584677057], [78.60281377730956, 30.147331207557404], [78.60279982793188, 30.14711068377083], [78.60255652793188, 30.14495248377083], [78.60251790287066, 30.14471517237295], [78.60247974397285, 30.144477785570185], [78.60239104397284, 30.144058485570184], [78.60226605933738, 30.143583993729067], [78.60209516820372, 30.143124037332406], [78.60188001634691, 30.142683046011744], [78.60162267579693, 30.142265266754567], [78.60132562488396, 30.141874723003504], [78.60099172437067, 30.14151517590837], [78.60062418990155, 30.141190088104242], [78.60022656103443, 30.140902590364384], [78.59980266715267, 30.140655451449188], [78.5993565905861, 30.140451051441513], [78.59889262729587, 30.140291358825166], [78.59841524550212, 30.140177911527342], [78.59792904265248, 30.140111802107533], [78.59743870114617, 30.140093667235593], [78.59694894323995, 30.14012368156025], [78.59646448557018, 30.140201556027154], [78.59598999372906, 30.140326540662617], [78.59553003733241, 30.140497431796273], [78.59508904601174, 30.140712583653087], [78.59467126675456, 30.140969924203066], [78.59428072300351, 30.141266975116036], [78.59392117590836, 30.14160087562932], [78.59359608810423, 30.141968410098446], [78.59330859036437, 30.142366038965566], [78.59306145144919, 30.142789932847318], [78.59285705144151, 30.143236009413897], [78.59269735882516, 30.14369997270412], [78.59258391152734, 30.144177354497874], [78.59251780210754, 30.144663557347517], [78.59249966723559, 30.145153898853827], [78.59252968156025, 30.145643656760047], [78.59260755602715, 30.146128114429814], [78.59264643746712, 30.14631191361561], [78.59283799499235, 30.148011130430028], [78.59286652143138, 30.149207215322942], [78.59286708388647, 30.14921491361754], [78.59286691286681, 30.14922263053696], [78.59288495990829, 30.149459581825187], [78.59290227609847, 30.14969658764559], [78.59290359041, 30.14970419374044], [78.59290417660422, 30.149711890263756], [78.5929453620323, 30.149945931649363], [78.5929858254727, 30.150180098936517], [78.59298787898312, 30.15018753958087], [78.59298921674586, 30.15019514158626], [78.59305314392222, 30.15042401912091], [78.59311636492791, 30.150653092717686], [78.59311913786081, 30.150660296254095], [78.59312121430868, 30.15066773053006], [78.5932072675792, 30.15088923999666], [78.59329263729778, 30.15111101380042], [78.59329610294832, 30.151117910854936], [78.59329889808397, 30.15112510580529], [78.59398829808397, 30.15267040580529], [78.59402681483854, 30.152746473043788], [78.59406038105922, 30.152824850808457], [78.59413758367954, 30.15296523186546], [78.59420995687984, 30.153108162638016], [78.594255744059, 30.153180088289975], [78.59429683101342, 30.15325479857918], [78.59438742163184, 30.15338693648303], [78.59447345600094, 30.15352208519064], [78.59452607264893, 30.15358917657242], [78.59457428464744, 30.153659499885528], [78.59517158464743, 30.15444509988553], [78.59528878227901, 30.15458448076832], [78.59540241325568, 30.154726784375484], [78.59544660206494, 30.15477217279576], [78.5954873699311, 30.154820657232687], [78.5956176649397, 30.154947879581815], [78.5957446969447, 30.15507836017475], [78.59579312181583, 30.15511919877658], [78.59583844567952, 30.15516345379811], [78.59598058325291, 30.155277292392732], [78.59611979289865, 30.155394693372063], [78.59617198747382, 30.155430588857527], [78.59622143084131, 30.15547018826347], [78.59637404211688, 30.155569546775634], [78.59652408873845, 30.155672737505814], [78.59657955035527, 30.155703344181685], [78.59663263706, 30.1557379066082], [78.59665143714567, 30.155747668882533], [78.59674914274825, 30.15591761103505], [78.596813564218, 30.156623285295552], [78.59680256051313, 30.157539558336794], [78.59681033176658, 30.15774904999452], [78.59681387459739, 30.157904541810137], [78.59628411504146, 30.15865099343894], [78.59626860077343, 30.158675298224285], [78.59625104129428, 30.158698169162175], [78.59613662952567, 30.158882045512748], [78.59602010660224, 30.15906459132386], [78.59600704932521, 30.159090299739205], [78.59599181614368, 30.159114781677214], [78.59538561614369, 30.160204881677213], [78.59537340905801, 30.16022961805329], [78.59535909521956, 30.160253198029256], [78.5952648642792, 30.160449572638832], [78.5951684744004, 30.160644896597084], [78.59515875068405, 30.160670710364304], [78.59514681701242, 30.160695579797828], [78.59507228789745, 30.160900245057327], [78.59499550725809, 30.16110407633757], [78.59498836055572, 30.16113071889539], [78.59497892197876, 30.161156638280087], [78.59465142197875, 30.162214838280086], [78.59459940753959, 30.162417653921622], [78.59454447790107, 30.162619699513815], [78.59453847846285, 30.162655229679167], [78.59452952703953, 30.162690133230804], [78.5944976424733, 30.162897070566174], [78.59446278126717, 30.163103527299704], [78.59446029328309, 30.163139474425268], [78.59445480610962, 30.16317508729979], [78.59444335848212, 30.163384153409766], [78.59442890144088, 30.163593032992992], [78.59442994887158, 30.163629050888392], [78.59442797879247, 30.163665030114256], [78.59443707835065, 30.1638742115775], [78.59444316470343, 30.16408350238626], [78.59444773746158, 30.164119244179464], [78.59444930344976, 30.16415524325706], [78.59447886255997, 30.164362525541996], [78.59450543369184, 30.16457021199113], [78.59464723369184, 30.16536601199113], [78.59467994951535, 30.16550867666851], [78.59470698721786, 30.16565252554043], [78.59473475520927, 30.165747669174415], [78.59475690872168, 30.165844274528048], [78.59479745505658, 30.16596516900667], [78.59427747067761, 30.166628007618897], [78.59374744252031, 30.167139791624162], [78.59343487376404, 30.16740467431664], [78.59103352497675, 30.16826016817194], [78.59081078650436, 30.168352070885415], [78.59058788698133, 30.168443582306075], [78.59058400413923, 30.16844564212392], [78.59057994103448, 30.168447318575897], [78.59036728315077, 30.16856061094032], [78.59015442663673, 30.168673529682778], [78.58919362663674, 30.169245329682777], [78.58913967967182, 30.16928113208185], [78.58908328762546, 30.169312944405174], [78.58893535817467, 30.16941673192124], [78.58878479230648, 30.169516656343433], [78.58873461435972, 30.169557574071387], [78.58868161200942, 30.169594760596816], [78.58854456783496, 30.16971254796931], [78.58840452128862, 30.16982674926398], [78.58835859560106, 30.16987238826075], [78.58830949338846, 30.169914590861687], [78.58818465430062, 30.17004524373382], [78.58805647580097, 30.170172622080077], [78.58801524466205, 30.17022254281722], [78.58797051546834, 30.170269355059506], [78.58785908373586, 30.170411615172565], [78.58774400771182, 30.17055094384743], [78.58770786819998, 30.170604665560948], [78.58766794279171, 30.170655636617113], [78.5872456666345, 30.171252945686007], [78.58698172345007, 30.171511154707346], [78.5853841002817, 30.172786120123998], [78.58523318410388, 30.172919188086766], [78.58507993966495, 30.173049567982268], [78.5850492291281, 30.173081387489265], [78.58501605934119, 30.173110634426436], [78.58487891280743, 30.17325785400251], [78.58473918574661, 30.173402626665116], [78.58375758574662, 30.174525026665115], [78.5837208776063, 30.17457140901206], [78.58368081767848, 30.174614929258336], [78.58356869107074, 30.174763703381398], [78.58345307845401, 30.174909784998537], [78.58342109333846, 30.17495954202869], [78.5833854920402, 30.175006779272703], [78.5832884877668, 30.17516582733718], [78.5831877503588, 30.175322537549444], [78.58316079630211, 30.175375190075503], [78.58312999649343, 30.17542568939668], [78.58304904875857, 30.175593479682743], [78.5829641567156, 30.175759309285148], [78.58294249330011, 30.175814350234425], [78.58291679159996, 30.17586762529677], [78.58239159159994, 30.177108425296773], [78.58236113023854, 30.17719153343197], [78.58232551442158, 30.177272566575073], [78.58227674667886, 30.177421758213928], [78.58222273063944, 30.177569130888674], [78.58220056197956, 30.177654824571054], [78.58217306029947, 30.177738958477917], [78.58213915072459, 30.177892211792802], [78.58209983983527, 30.17804416932569], [78.58208617737323, 30.178131623278286], [78.5820670546862, 30.178218047693356], [78.58204832984687, 30.17837388677119], [78.58202410269305, 30.17852896572799], [78.58201907800584, 30.17861733772136], [78.58200851847381, 30.178705220330343], [78.58194868114535, 30.179552638792295], [78.58180189091252, 30.180205826484283], [78.58128109622247, 30.18181513137424], [78.58124400088721, 30.181952423737616], [78.58120126956877, 30.18208806772513], [78.58047626956876, 30.184856867725127], [78.58044707873036, 30.18499585991345], [78.58041216446716, 30.185133525914154], [78.58039668300268, 30.185235819190193], [78.58037541883914, 30.185337068513054], [78.58035999217942, 30.18547825261852], [78.58033873966566, 30.18561867791602], [78.58025167179403, 30.186476804967683], [78.58014708287766, 30.18655423372415], [78.58012038931767, 30.18655271138021], [78.58008726440518, 30.18655245030783], [78.58005428105304, 30.186549380052565], [78.57888878105304, 30.186498380052566], [78.57866745438842, 30.186499565763576], [78.5784461265539, 30.186498623414394], [78.57842217179738, 30.18650087981342], [78.57839811135096, 30.186501008712195], [78.5781779666549, 30.18652388252041], [78.57795761220785, 30.18654463863033], [78.57694641220785, 30.18669023863033], [78.5769460088888, 30.186690317071832], [78.57694559982956, 30.18669035567058], [78.57670518399229, 30.18673715509253], [78.57646476047178, 30.186783915049634], [78.57646436678343, 30.186784032645598], [78.57646396347727, 30.1867841111533], [78.5762292924499, 30.18685425009717], [78.57599460991521, 30.186924350517177], [78.57599422964901, 30.186924506135085], [78.57599383597996, 30.186924623795676], [78.5757671697792, 30.18701742678325], [78.575540488345, 30.187110192562642], [78.57554012516307, 30.18711038470383], [78.57553974492244, 30.18711054038415], [78.57532326647458, 30.187225113667626], [78.57510676920013, 30.187339651425532], [78.57510642660016, 30.18733987823956], [78.57510606344982, 30.18734007044034], [78.57490185755518, 30.18747531061742], [78.57469762943305, 30.18761051729157], [78.57469731071444, 30.18761077659411], [78.57469696815176, 30.187611003464333], [78.57450700142927, 30.187765608093063], [78.57431700928338, 30.18792018157439], [78.57431671751556, 30.187920470868214], [78.5743163988396, 30.187920730223002], [78.57414250073663, 30.188093210408635], [78.57396857433123, 30.188265662037672], [78.5739683123242, 30.18826597853661], [78.57396802060386, 30.188266267878344], [78.57376122060386, 30.188492567878342], [78.57373390631085, 30.18852557399348], [78.57370400941542, 30.188556260307607], [78.57357754456966, 30.1887145187936], [78.5734483885174, 30.188870588713847], [78.5734244409152, 30.188906113164418], [78.57339769576626, 30.18893958212374], [78.57328735192739, 30.189109474274616], [78.57317411532425, 30.189277452182225], [78.57315376504138, 30.18931515284827], [78.57313042920929, 30.189351082128496], [78.57311774525628, 30.1893755744866], [78.57307632789853, 30.18939867127591], [78.57296995677325, 30.18947252308937], [78.57286027567254, 30.189541363214314], [78.57276854917424, 30.189612357244464], [78.57267327054015, 30.18967850771427], [78.57257465036452, 30.18976243010453], [78.57247224492042, 30.189841689373342], [78.57238791874215, 30.189921332316835], [78.57229958278054, 30.18999650319335], [78.57145396335824, 30.19079084670681], [78.57090552060095, 30.191236582243327], [78.57052845025322, 30.191465437172084], [78.56953848131131, 30.1919095195621], [78.56755976715274, 30.192550870278204], [78.56392301274433, 30.193547493924658], [78.56381007762266, 30.193584489103614], [78.56369541434488, 30.193615719180407], [78.56357707021976, 30.193660817445423], [78.56345671721708, 30.193700242566738], [78.56334795207059, 30.193748129181444], [78.56323690201059, 30.19379044784349], [78.56232520201058, 30.19419014784349], [78.56212711804933, 30.194288847187842], [78.56192809356521, 30.194385635982343], [78.56190757582296, 30.194398238547265], [78.5618860239424, 30.194408977208113], [78.56169856803733, 30.194526616911407], [78.56150998887108, 30.194642447452363], [78.5614908051947, 30.19465700042294], [78.56147040966522, 30.19466979982787], [78.56129538711902, 30.194805246955465], [78.56111906939122, 30.194939003731438], [78.56000286939123, 30.19587550373144], [78.56000224198634, 30.195876084905898], [78.56000156081421, 30.19587660201815], [78.55982225875013, 30.19604280604943], [78.55964289989393, 30.19620894882049], [78.55964233247522, 30.196209588692877], [78.559641705269, 30.196210170081624], [78.5594795574265, 30.19639314848274], [78.55931734708226, 30.196576071461024], [78.55931684511437, 30.196576763868904], [78.55931627791428, 30.196577403935173], [78.55849165352782, 30.197605470021962], [78.55833943520906, 30.19777840286171], [78.55833937311031, 30.19777848081244], [78.55833930367298, 30.19777855230379], [78.55761450367298, 30.19860205230379], [78.55751193238694, 30.198730817543524], [78.55740525351057, 30.198856200847892], [78.5573591530892, 30.198922612573696], [78.55730878232427, 30.198985846680156], [78.55721932614752, 30.199124045624295], [78.55712545067209, 30.199259281532086], [78.55708608172435, 30.199329892098643], [78.55704215153465, 30.199397758914035], [78.55696667197908, 30.199544060631236], [78.55688650397674, 30.199687846746695], [78.55685424564703, 30.199761976135814], [78.5568171791044, 30.199833822065443], [78.55675640307956, 30.199986817589853], [78.55669071461182, 30.200137769174425], [78.55666587756551, 30.200214703479567], [78.55663603164099, 30.20028983660786], [78.55659054445307, 30.200448052509245], [78.55653996813595, 30.200604715816347], [78.55619686133356, 30.20187814916075], [78.55573557555266, 30.20325923727825], [78.55505577753878, 30.20498731409262], [78.55502289032616, 30.205084691207425], [78.55498450175537, 30.205180033689242], [78.55373110175537, 30.208795733689243], [78.553721324278, 30.20882915571294], [78.55370876874922, 30.208861636313795], [78.55365245895284, 30.209064555749226], [78.55359333069258, 30.209266671902437], [78.5535868762276, 30.20930089135041], [78.55357756481276, 30.20933444620524], [78.55354141574622, 30.209541907853218], [78.55350238305203, 30.20974884634501], [78.5534993137595, 30.20978353366512], [78.55349333613258, 30.209817839622474], [78.55347769593111, 30.210027845514617], [78.55345913470926, 30.210237613413497], [78.55345948014813, 30.21027243454789], [78.55345689387694, 30.210307161222648], [78.55342579387694, 30.21153856122265], [78.55343026233362, 30.211725984989645], [78.55343038710579, 30.21191346197458], [78.55343610735551, 30.211971147043844], [78.55343748900466, 30.212029098571254], [78.55346030668616, 30.21221518185604], [78.55347880681548, 30.212401743858436], [78.55349015364618, 30.212458590475958], [78.5534972088853, 30.212516127525472], [78.5535381560448, 30.21269907824418], [78.55357485336496, 30.212882928570085], [78.55359171750047, 30.212938389271724], [78.55360437838374, 30.21299495773024], [78.55366306067776, 30.21317301396787], [78.55371760177347, 30.213352382037705], [78.55395310177347, 30.214009182037703], [78.55400803243921, 30.21414154716146], [78.55405751103874, 30.21427604538546], [78.55410201512342, 30.214368015008873], [78.55414117729579, 30.214462383167774], [78.55420881750631, 30.214588726770604], [78.55427124098411, 30.214717727597964], [78.55432454536884, 30.214804892199233], [78.5543727686618, 30.214894967385668], [78.55445246700492, 30.21501407270956], [78.55452723418877, 30.215136333791843], [78.55458882552338, 30.215217853928507], [78.55464564552011, 30.21530276866889], [78.55473663445707, 30.215413488664307], [78.55482302529823, 30.215527832560618], [78.55489231042435, 30.215602923148996], [78.55495717991734, 30.21568185966816], [78.5550585831751, 30.2157831280412], [78.55515576568241, 30.215888453557127], [78.55590406568241, 30.216623553557127], [78.55596608527576, 30.21667876765239], [78.55602438891326, 30.216737892200044], [78.55614922900658, 30.21684181476147], [78.55627055086951, 30.216949823804043], [78.55633768374938, 30.216998693045223], [78.55640150185793, 30.217051818136138], [78.55760537342486, 30.217957783243033], [78.5579919168993, 30.218414416246212], [78.5580506185792, 30.218600229970022], [78.55805177817516, 30.218619939360682], [78.55789474121464, 30.220085955876247], [78.55789117281861, 30.22014781299878], [78.5578830773733, 30.220209241826147], [78.55787704972532, 30.22039263277402], [78.55786648217695, 30.220575818196885], [78.55786899402199, 30.220637727224464], [78.55786695863645, 30.22069965374761], [78.55787406425158, 30.221137383324237], [78.55770694642986, 30.221216178707266], [78.55748515516052, 30.221320737573595], [78.55705655516053, 30.221549137573593], [78.5568737604804, 30.221658388735197], [78.55668956434478, 30.221765260129303], [78.55565976434478, 30.222432360129304], [78.55557951279317, 30.222490127647163], [78.55549601379828, 30.222543092876556], [78.55538051173562, 30.22263337468621], [78.55526153131979, 30.22271902042338], [78.55518732840815, 30.222784375802522], [78.55510942298416, 30.222845270322484], [78.55452802298416, 30.223347570322485], [78.55443352265931, 30.223437680865786], [78.55433498278515, 30.223523355334578], [78.55425607387171, 30.223606886703813], [78.5541729122796, 30.223686185227493], [78.55408769937748, 30.22378512451543], [78.5539980315661, 30.22388004503498], [78.55392769012657, 30.223970908603903], [78.55385270159479, 30.224057976544945], [78.55377759676207, 30.224164791738275], [78.5536976645637, 30.224268044171907], [78.55363656802467, 30.22436536487458], [78.5535704747337, 30.22445936372121], [78.5535062012711, 30.22457302613107], [78.55343677447635, 30.224683616101565], [78.5533855112308, 30.22478645668654], [78.55332894969527, 30.224886481178356], [78.55327612659134, 30.225005896173627], [78.55321787381824, 30.225122758639092], [78.55317693755926, 30.225230128695333], [78.55313045249765, 30.22533521554179], [78.55308958846777, 30.22545923309077], [78.55304307072235, 30.2255812426018], [78.55294303575475, 30.225888070284668], [78.55243323208553, 30.226882273939648], [78.55242725480603, 30.226895490517123], [78.55242008381724, 30.226908099351615], [78.55232617089926, 30.227119000775573], [78.55223103718681, 30.227329354345528], [78.55222638414068, 30.22734309315743], [78.55222048356406, 30.227356344156735], [78.5521476948167, 30.227575435109003], [78.55207363745468, 30.227794100502813], [78.55207035345332, 30.227808229236754], [78.5520657801146, 30.22782199478663], [78.55201481653344, 30.228047165301483], [78.5519625487346, 30.22827203665196], [78.55196066540468, 30.228286419240657], [78.55195746334769, 30.22830056677118], [78.55195066334768, 30.228339366771177], [78.55195051087189, 30.228340586048986], [78.55195024020855, 30.228341784643508], [78.55188385814473, 30.228721649537935], [78.55008632205717, 30.228984028977884], [78.54985019921945, 30.229030427610933], [78.54961398946341, 30.22907638171675], [78.54960947549547, 30.229077730327784], [78.54960485277819, 30.22907863870143], [78.54937441479733, 30.22914795799784], [78.54914384674633, 30.229216843426745], [78.5481236545872, 30.229577045734263], [78.54804239858102, 30.229578493969324], [78.54789719007819, 30.229588224193048], [78.54775170876049, 30.229592145004375], [78.54765254308778, 30.2296046176542], [78.54755281974965, 30.229611299979073], [78.54740926419417, 30.229635216271305], [78.54726486771548, 30.22965337786559], [78.54716740208606, 30.229675510391854], [78.54706881392545, 30.229691935135932], [78.54692829383573, 30.22972980716972], [78.54678637281313, 30.229762034640867], [78.54669154587434, 30.229793613895225], [78.54659504234905, 30.229819622879262], [78.54645891101038, 30.229871085926227], [78.54632083222091, 30.22991706890606], [78.5460536677284, 30.23002086303363], [78.5459018014664, 30.230052745324592], [78.54571008274831, 30.230088984421595], [78.54508428171933, 30.230239415262925], [78.54436201390513, 30.23034083667579], [78.54351454295652, 30.230179023368866], [78.5433389981929, 30.230154360730566], [78.54316419084014, 30.230124922672854], [78.54309616327197, 30.230120244362197], [78.5430286381771, 30.230110757625273], [78.54285152134818, 30.230103420140043], [78.54267467030643, 30.230091257951454], [78.54260651175501, 30.230093270035834], [78.54253838194907, 30.23009044759684], [78.5423613987867, 30.23010050592869], [78.54218420722817, 30.230105736737737], [78.54211657409756, 30.230114419839683], [78.54204849570786, 30.230118288880252], [78.54187335065672, 30.230145646161947], [78.54169752503292, 30.230168219593075], [78.53995042503291, 30.230480319593077], [78.53980646702358, 30.23051339859537], [78.53966132615793, 30.230540825916936], [78.53956749799923, 30.230568309447094], [78.53947221073625, 30.230590204773414], [78.53933218823326, 30.230637234843684], [78.5391904346082, 30.230678756387785], [78.5374776346082, 30.231273156387783], [78.53743083126857, 30.231292019636808], [78.5373827003127, 30.231307178326066], [78.53621070031271, 30.231740578326068], [78.53617818116528, 30.231754453381054], [78.53614461204496, 30.23176554960807], [78.53595259187001, 30.231850706331212], [78.5357593876525, 30.23193314143034], [78.53572838508691, 30.23195013710696], [78.53569606523148, 30.231964470251807], [78.5355133165045, 30.232068038190565], [78.53532912267093, 30.23216901366698], [78.53529993525878, 30.232188966287595], [78.53526917592616, 30.232206398314236], [78.53481407592616, 30.232494698314234], [78.53464498574117, 30.232613829138526], [78.53447407910856, 30.232730339082362], [78.53444448944077, 30.23275508683208], [78.53441295530637, 30.232777303895862], [78.53425635619932, 30.23291243480927], [78.53409769250062, 30.233045135505066], [78.53407067101887, 30.233072664382185], [78.53404146638294, 30.23309786535045], [78.53389886648904, 30.233247694968288], [78.53375397374221, 30.23339530843592], [78.53372978067807, 30.233425353322357], [78.53370318679731, 30.233453295495956], [78.53361934552532, 30.233560766759794], [78.53360462154545, 30.233569662029204], [78.53356408926787, 30.23359695010321], [78.53352153841999, 30.233620969467307], [78.5333606534116, 30.23373391187869], [78.53319759345536, 30.233843690860276], [78.53315993105079, 30.233874820392654], [78.5331199394062, 30.233902894809408], [78.53297089939531, 30.23403106286064], [78.53281938483914, 30.23415629589705], [78.53278495501706, 30.234190967093447], [78.53274790771727, 30.234222826190816], [78.5326121480406, 30.23436498555354], [78.53247363805256, 30.23450446658214], [78.53244277239104, 30.234542345539914], [78.5324090262217, 30.23457768249744], [78.53228785431915, 30.234732464099306], [78.53216368282615, 30.234884849841517], [78.53213667857835, 30.234925571765626], [78.53210655853356, 30.234964046269067], [78.53200114135679, 30.235129959478662], [78.5318925041982, 30.235293782376452], [78.53186962142978, 30.235336955092517], [78.53184341758204, 30.235378196611357], [78.53175477035622, 30.23555364359355], [78.5316627137671, 30.23572732594309], [78.53164417285163, 30.23577253367427], [78.53162213755833, 30.235816145030125], [78.53155111400464, 30.235999436134623], [78.53147652454037, 30.23618130527988], [78.53146250403697, 30.236228112651073], [78.53144484951005, 30.23627367384269], [78.53139213362415, 30.23646304387582], [78.531335729622, 30.23665134831765], [78.53132636455584, 30.23669930454819], [78.531313260818, 30.23674637679647], [78.53127936028258, 30.23694000202167], [78.53124168494405, 30.237132928284986], [78.53123706550582, 30.237181571530144], [78.53122863875322, 30.237229701503622], [78.53106953875321, 30.23850370150362], [78.53105422677783, 30.23870706539917], [78.531035545465, 30.238910147498615], [78.53102169381113, 30.239234775671957], [78.5309346927078, 30.239403531707044], [78.53036541406686, 30.24050762926254], [78.52895880995598, 30.241198075596056], [78.52887716572761, 30.241243251842196], [78.52879292468236, 30.241283378137123], [78.52866262086637, 30.241361966069167], [78.52852947639357, 30.24143563897409], [78.52845265335088, 30.241488600218073], [78.52837275101403, 30.241536790360247], [78.52741925101404, 30.242177690360244], [78.52741399812459, 30.24218160855748], [78.52740839535944, 30.24218500769579], [78.52721735459613, 30.2423282874734], [78.52702593933819, 30.242471066555662], [78.52702109579327, 30.242475480758955], [78.52701585318086, 30.242479412696458], [78.52622845318085, 30.24313271269646], [78.52617423785763, 30.243182382740464], [78.52611673711948, 30.24322820936658], [78.52599343171188, 30.24334803054412], [78.52593040326795, 30.24340577483849], [78.52584776601012, 30.243353475652125], [78.52572796784662, 30.24327077766878], [78.52564057728934, 30.243222350759993], [78.5255561528618, 30.243168920515753], [78.52542610929414, 30.243103504715705], [78.52529878217165, 30.24303294721912], [78.52520706575673, 30.24299331927168], [78.52511781077608, 30.242948421349602], [78.524981981534, 30.242896067043098], [78.52484835168244, 30.242838329540614], [78.524753192689, 30.242807882193272], [78.52465996672959, 30.242771948984938], [78.52451965992309, 30.242733160372627], [78.52438101427086, 30.242688798907896], [78.5242833291321, 30.242667825385272], [78.52418703001081, 30.242641202947095], [78.524043596871, 30.24261635358448], [78.52390127065163, 30.242585795382695], [78.52380200012885, 30.242574497671274], [78.52370355525885, 30.24255744239189], [78.5235583771253, 30.242546771591943], [78.52341374101808, 30.24253031094527], [78.52331384114065, 30.242528797848177], [78.52321419859987, 30.242521473979266], [78.52306867361744, 30.242525084507623], [78.52292312054708, 30.24252287994108], [78.52126212054708, 30.24257927994108], [78.52120991903317, 30.242583624209608], [78.52115753794256, 30.242583927634143], [78.51900414260773, 30.242702224660494], [78.51549180617268, 30.242812984198565], [78.51537147289045, 30.242822705495584], [78.51525080451988, 30.24282641315854], [78.5151270785448, 30.242842449243778], [78.51500272282242, 30.2428524954994], [78.51488392183158, 30.242873964709922], [78.51476419792671, 30.24288948208808], [78.51464263953723, 30.242917568221447], [78.5145198673269, 30.242939755093893], [78.51440374274593, 30.242972765457687], [78.5142861163134, 30.242999943110217], [78.51234041631339, 30.243551343110216], [78.51223614953676, 30.24358650351552], [78.51213013190147, 30.243615966641922], [78.5120038119087, 30.243664851436446], [78.51187546386724, 30.243708132424917], [78.51177514548603, 30.243753343454532], [78.51167252624602, 30.243793056253367], [78.51155160606628, 30.24385408717871], [78.51142811833446, 30.243909740065373], [78.51133271446955, 30.24396456631235], [78.51123448190415, 30.244014146327675], [78.50923388190417, 30.245150346327677], [78.5091980815252, 30.245173071221185], [78.50916055533783, 30.245192816427366], [78.50797575533782, 30.245892516427364], [78.50789604872453, 30.24594502748232], [78.50781333629293, 30.245992663695027], [78.50769129181002, 30.2460799222062], [78.50756600680121, 30.246162460501466], [78.50749183098044, 30.24622253131568], [78.5074141859972, 30.24627804538298], [78.50730128202153, 30.246376846171813], [78.50718469046201, 30.246471267100883], [78.50711675978755, 30.24653831915952], [78.50704493001622, 30.24660117645065], [78.50694225387485, 30.24671056801149], [78.50683547860498, 30.246815962249247], [78.50677444728635, 30.24688934980432], [78.5067091244869, 30.24695894496921], [78.50661766500714, 30.2470778738016], [78.50652173433123, 30.24719322634385], [78.50646819013336, 30.247272242633105], [78.50641000340009, 30.247347905432264], [78.50633064138677, 30.24747522618651], [78.50624647916962, 30.24759942612523], [78.5062009377524, 30.24768331017863], [78.50615044745537, 30.24776431193791], [78.50556684745537, 30.248811811937912], [78.50546432913468, 30.249019139451313], [78.50536064593047, 30.249225886875113], [78.50535559773265, 30.24923903196479], [78.50534935631835, 30.249251654263876], [78.50526765330102, 30.249468031992215], [78.50518473415138, 30.24968394660088], [78.50518099870611, 30.24969752320327], [78.5051760245476, 30.24971069648812], [78.50511592367882, 30.249934040594564], [78.50505456714002, 30.250157043013402], [78.50505218042167, 30.250170920378423], [78.50504852142281, 30.25018451778308], [78.50501060150684, 30.250412677341387], [78.50497139847585, 30.250640619935606], [78.50489408809328, 30.25127519474999], [78.50485549165094, 30.251333358586947], [78.50483870900435, 30.251364998697696], [78.50481933507359, 30.251395121855623], [78.50472378153573, 30.251581669996423], [78.504625567674, 30.251766831344124], [78.50461196711362, 30.251799964086096], [78.50459563905942, 30.251831841170098], [78.50451883055332, 30.252026856914984], [78.50443923860391, 30.25222075330221], [78.50442895111054, 30.252255059589082], [78.50441582618103, 30.25228838360532], [78.50409302618104, 30.253242883605317], [78.50407699726922, 30.253299256604244], [78.50405680329139, 30.25335427518552], [78.50400992763574, 30.253535137643468], [78.50395882813476, 30.253714852408056], [78.50394840192669, 30.253772525063596], [78.50393369795236, 30.253829258071413], [78.50390477563671, 30.254013844244938], [78.5038715373211, 30.254197702260747], [78.50386681422685, 30.25425611915383], [78.50385774186337, 30.254314020218178], [78.50376298683412, 30.25520174781551], [78.50352183933092, 30.256647451629988], [78.50350431698894, 30.25679757510569], [78.50348114590516, 30.25694693102746], [78.50347589051871, 30.257041120204622], [78.50346495394733, 30.25713481978603], [78.503462230654, 30.25728593786614], [78.50345381058567, 30.25743684576157], [78.50344696475662, 30.25846613976516], [78.50335855272127, 30.25876170722405], [78.50129982383183, 30.256998617852567], [78.5012696730966, 30.256975260744504], [78.50124156081644, 30.2569494863184], [78.50030354899387, 30.256170642564634], [78.50007603723638, 30.25598169889604], [78.49989478642469, 30.255845629699227], [78.4997145594961, 30.255708207221677], [78.49969861719043, 30.255698360895877], [78.49968363210948, 30.255687111247337], [78.49948991695622, 30.255569462947022], [78.49929708811149, 30.25545036752454], [78.49928025746367, 30.25544213123069], [78.4992642418816, 30.255432404547072], [78.49905992796968, 30.255334310160787], [78.49885635425592, 30.2552346887473], [78.49803965425592, 30.2548835887473], [78.49800843620216, 30.254871947582604], [78.49797831716182, 30.254857702337446], [78.49777862526852, 30.254786251435522], [78.49757990243737, 30.254712147994496], [78.49754769367335, 30.25470362278954], [78.49751632338626, 30.25469239832134], [78.49731058965102, 30.254640864703394], [78.49710556031715, 30.254586596334295], [78.4970726710309, 30.25458126919147], [78.49704035161007, 30.254573173597986], [78.49683055736126, 30.25454205356091], [78.4966211960692, 30.254508142897812], [78.49658794300254, 30.25450606512042], [78.49655498570164, 30.25450117636664], [78.4963431513723, 30.25449076961337], [78.49613147438599, 30.254477543234536], [78.49609817778419, 30.254478734832706], [78.4960649, 30.254477100000003], [78.4948633, 30.254477100000003], [78.49466347081548, 30.25448691697833], [78.49446349650809, 30.254493109914954], [78.49441851691155, 30.25449895079197], [78.49437321429836, 30.25450117636664], [78.49417530957821, 30.254530532758743], [78.49397690521562, 30.254556296784447], [78.49393271471419, 30.25456651830747], [78.49388784838993, 30.254573173597986], [78.49369377406455, 30.2546217866858], [78.49349885038947, 30.254666873678893], [78.4934558745619, 30.254681377409046], [78.49341187661373, 30.25469239832134], [78.49322350172501, 30.254759799934273], [78.49303393595895, 30.254823775682347], [78.49299258868587, 30.254842421940808], [78.49294988283818, 30.254857702337446], [78.49276902153963, 30.25494324336098], [78.49258663930418, 30.255025491742742], [78.49254731878237, 30.255048100955886], [78.49250631631588, 30.25506749367826], [78.49233471040064, 30.255170350305544], [78.49216126813646, 30.255270079224157], [78.49212435304413, 30.255296433652862], [78.49208544883491, 30.25531975193849], [78.49192475096127, 30.25543893360425], [78.49176191901267, 30.25555518261543], [78.49172776486245, 30.255585028452053], [78.49169133357918, 30.255612047733187], [78.49154309135554, 30.255746406652918], [78.49139243788318, 30.25587805621506], [78.49136137359807, 30.255911106027966], [78.49132776609407, 30.25594156609407], [78.49119340717432, 30.256089808317743], [78.49105638305323, 30.256235590573773], [78.49102870779933, 30.256271526075153], [78.49099824773319, 30.256305133579183], [78.49087906606731, 30.256465831452978], [78.49075699091455, 30.25662434244025], [78.49024199091454, 30.25736564244025], [78.49023596737241, 30.257375291041317], [78.49022906813514, 30.257384334220326], [78.49010605813511, 30.257583381626567], [78.4899821447771, 30.2577818679215], [78.4899770959683, 30.257792060472227], [78.48997111633923, 30.257801736349432], [78.48986820872385, 30.25801188237582], [78.48976434710123, 30.258221558538615], [78.48976032164845, 30.25823219687936], [78.48975531921481, 30.258242412270576], [78.48967350504063, 30.25846163309561], [78.48959069539762, 30.258680479830584], [78.48958773206824, 30.258691461508125], [78.48958375500611, 30.25870211803374], [78.48885063978706, 30.261005753191686], [78.48861575549981, 30.261552917860147], [78.48708511929225, 30.26359600876792], [78.48695672158703, 30.263786171416683], [78.48682711656875, 30.26397551328443], [78.48681945364036, 30.263989471283207], [78.48681054327152, 30.26400266793138], [78.48670140303575, 30.264204500070218], [78.4865909808491, 30.26440563371907], [78.48658472294296, 30.264420275604532], [78.48657714897766, 30.264434282076174], [78.48648831729074, 30.264645839952614], [78.48639814136249, 30.26485682835422], [78.4851305413625, 30.26827822835422], [78.48506271694289, 30.268493120918308], [78.48499317381437, 30.26870746344645], [78.48498888723, 30.268727040447597], [78.48498285525858, 30.268746151938902], [78.48493642058655, 30.26896665769291], [78.48488822156902, 30.269186784521082], [78.48488587450741, 30.269206687412247], [78.48488174483528, 30.269226298113196], [78.48485714710235, 30.2694502934653], [78.48483075637844, 30.26967408465269], [78.48483037144304, 30.26969412175841], [78.48482818384126, 30.269714042806978], [78.484825659937, 30.269939370559083], [78.48482133166385, 30.270164670874614], [78.48482291256182, 30.270184649226405], [78.48482268809815, 30.270204688772207], [78.48484226232912, 30.270429178896023], [78.4848600381904, 30.270653818573365], [78.48486356969683, 30.270673545768812], [78.48486531053298, 30.27069351082003], [78.48490679438866, 30.27091500135243], [78.48494650319307, 30.271136816989205], [78.48567710319307, 30.274311016989206], [78.48568555950378, 30.274340951964966], [78.48569142116149, 30.274371501153663], [78.48575223710684, 30.27457698780842], [78.48581049396662, 30.274783214583355], [78.48582184369857, 30.274812176550558], [78.48583067147494, 30.27484200409371], [78.48591133578917, 30.275040540269018], [78.48598952588499, 30.275240063834854], [78.48600365973411, 30.27526777387406], [78.48601536861278, 30.275296592515982], [78.48723058782434, 30.277911668300035], [78.48569238163505, 30.27766698357695], [78.48551018036189, 30.27764710685698], [78.4853285292551, 30.277622708838347], [78.4852664001427, 30.27762051236031], [78.4852045988793, 30.27761377033055], [78.48502132669593, 30.277611848170178], [78.48483815886475, 30.277605372556696], [78.48477611362847, 30.277609276373234], [78.48471394912062, 30.277608624391295], [78.48453137103824, 30.277624675301965], [78.48434845048911, 30.277636184457347], [78.48428708665858, 30.277646150972565], [78.48422515758438, 30.27765159531739], [78.48404503192967, 30.277685464720072], [78.48386412028755, 30.277714847804848], [78.48380402882995, 30.27773078103576], [78.48374293160028, 30.277742269275336], [78.48356699308184, 30.27779363098916], [78.48338983262465, 30.277840605028164], [78.48177783262466, 30.278353905028165], [78.48166890717266, 30.278394576943445], [78.48155802624059, 30.278429568051997], [78.48143920655859, 30.27848034536344], [78.4813181551499, 30.27852554501649], [78.48121374074863, 30.27857669764666], [78.48110682346687, 30.27862238849537], [78.48099355298093, 30.278684567665653], [78.48087751480865, 30.278741414782903], [78.48077861702578, 30.278802555500206], [78.4806766930663, 30.278858506061194], [78.48057006263323, 30.278931488270846], [78.48046015520826, 30.27899943538355], [78.48036772648346, 30.27906997536949], [78.48027177742975, 30.279135646808236], [78.48017281395889, 30.27921872919869], [78.48007009574985, 30.279297121939003], [78.47998502622224, 30.27937638185499], [78.47989597611617, 30.2794511417196], [78.47980563267987, 30.27954352416197], [78.47971109291923, 30.279631607564994], [78.47963420185495, 30.27971882409465], [78.47955290829762, 30.27980195240682], [78.47908710829762, 30.28032755240682], [78.47902604380829, 30.280403676170238], [78.47896058575627, 30.280476056710835], [78.47887261723646, 30.28059493967186], [78.47878007790474, 30.280710300371208], [78.4787267688912, 30.280792042944533], [78.47866872057122, 30.2808704909641], [78.47859282821177, 30.280997423893904], [78.47851204180807, 30.281121299540636], [78.47846700166528, 30.281207873698218], [78.47841692211438, 30.281291633699425], [78.47835383680017, 30.281425394164547], [78.47828558134174, 30.281556591768428], [78.47824924383093, 30.281647163753668], [78.4782076153425, 30.28173542908205], [78.47815794461955, 30.28187472889619], [78.47810287744382, 30.282011984952472], [78.47807559251504, 30.28210568250778], [78.47804281599424, 30.282197603119837], [78.47781701599423, 30.282944903119837], [78.47776575920729, 30.2831504840244], [78.47771175200782, 30.28335535956905], [78.47743005200783, 30.28468575956905], [78.47740641332945, 30.28483263852558], [78.47737711400012, 30.284978493810936], [78.47736745267697, 30.28507472058641], [78.47735208583325, 30.285170202488302], [78.47734295763685, 30.285318691178162], [78.47732809570978, 30.28546671596693], [78.47732791278189, 30.285563426359364], [78.4773219787967, 30.285659954703956], [78.4773274489918, 30.285808623099857], [78.47732716759548, 30.28595739183244], [78.47733646482456, 30.28605365446813], [78.47734002084542, 30.28615029963446], [78.47736003675105, 30.286297715978424], [78.47737433859547, 30.286445795930653], [78.47755303859546, 30.287666395930653], [78.47755686139998, 30.287685806274848], [78.47755891885589, 30.287705482203506], [78.47760426085237, 30.287926477667696], [78.47764785442722, 30.28814782466311], [78.4776535613703, 30.288166766840813], [78.47765753749728, 30.28818614635857], [78.47772432250322, 30.288401633376793], [78.47778940196247, 30.28861764160795], [78.47779693808313, 30.288635933195604], [78.4778027945889, 30.28865482966713], [78.47789037942799, 30.288862732980924], [78.47797631802105, 30.289071322171157], [78.4779856107424, 30.289088787010897], [78.47799329122554, 30.289107018452725], [78.47810083240788, 30.289305335839586], [78.47820680249914, 30.289504497160905], [78.4782177623271, 30.28952096705665], [78.47822719282046, 30.289538357890155], [78.47835365466571, 30.28972517944539], [78.47847863570524, 30.289912994865247], [78.47849115709077, 30.289928311203003], [78.47850224677344, 30.289944693944847], [78.47907624677345, 30.290708993944847], [78.4790897383412, 30.290725233331973], [78.47910172028335, 30.290742616460477], [78.47924648734326, 30.290913907307637], [78.47938980416455, 30.291086413378462], [78.47940482250496, 30.291101252163568], [78.47941845059538, 30.291117377151895], [78.47957931000147, 30.291273653533718], [78.4797388452647, 30.29143128143554], [78.47975524574301, 30.291444576713076], [78.47977038873566, 30.291459288268708], [78.47994579132347, 30.291599045157803], [78.4801200086173, 30.291740276848167], [78.48013763328794, 30.29175190057735], [78.48015414534753, 30.29176505701996], [78.48156014534753, 30.292776657019957], [78.4815869566661, 30.29279401668609], [78.48161218936315, 30.29281360024597], [78.48179284014962, 30.29292732115322], [78.48197202464502, 30.29304333868542], [78.4820004084046, 30.29305798679124], [78.48202743912384, 30.293075002814117], [78.48221836662556, 30.293170469250647], [78.48240806000534, 30.293268364974868], [78.4824377428548, 30.293280160451104], [78.48246631127564, 30.293294445063385], [78.48266567675628, 30.293370737635172], [78.4828640521696, 30.293449568762124], [78.4828947482469, 30.293458398011907], [78.48292457923982, 30.29346981364495], [78.48481067923981, 30.29408731364495], [78.4848236091061, 30.29409085466355], [78.48483615511653, 30.294095578843528], [78.48506020487562, 30.29415564961214], [78.48528392964536, 30.294216919663512], [78.4852971443313, 30.29421917628262], [78.48531009297989, 30.294222647990317], [78.48553895184294, 30.294260468785055], [78.48576760483215, 30.29429951494226], [78.48578097707315, 30.294300465429405], [78.48579420365728, 30.29430265123037], [78.48676935855157, 30.294414985250057], [78.4867142829294, 30.29448457205825], [78.48657985288746, 30.294649995042004], [78.48656206622582, 30.294676894434964], [78.48654205282195, 30.294702180920012], [78.48642678554114, 30.29488148416467], [78.4863092171045, 30.295059287039688], [78.48629415269217, 30.29508780030227], [78.48627671416715, 30.295114926682757], [78.48617957672077, 30.295304664703146], [78.48608000213798, 30.29549313513005], [78.48606780505335, 30.2955229876641], [78.48605310934985, 30.295551692698], [78.48597503722515, 30.2957500382123], [78.48589441545332, 30.295947361118813], [78.48588520316098, 30.295978265428197], [78.48587339180668, 30.296008272670257], [78.48581513688086, 30.29621331550258], [78.48575424435175, 30.296417590561404], [78.48574810557113, 30.296449249020714], [78.48573929231581, 30.2964802694848], [78.48570141561544, 30.296690034961138], [78.48566083875762, 30.29689929489123], [78.48557613875762, 30.297489894891232], [78.48556914751352, 30.297564566143407], [78.48555708448515, 30.297638587469596], [78.48554628893912, 30.297808711298085], [78.48553039821785, 30.297978435032277], [78.48553075970109, 30.298053431983835], [78.48552601011824, 30.29812827926053], [78.48553194160688, 30.298298642044685], [78.48553276323884, 30.298469106075917], [78.48554047396817, 30.298543706465075], [78.48554308357187, 30.298618658872233], [78.4855656849717, 30.298787619925566], [78.48558321104414, 30.29895718259177], [78.485598196761, 30.299030667975963], [78.48560814041937, 30.299105003680967], [78.48564719406664, 30.29927093581638], [78.48568125579384, 30.299437964136185], [78.48570337217754, 30.299509626810877], [78.48572055412774, 30.299582629920366], [78.48600255412774, 30.300562429920365], [78.48603244218106, 30.300649879894472], [78.48605692359456, 30.30073899473103], [78.48636842359456, 30.301687894731028], [78.48638384174257, 30.301728089298482], [78.48639595843618, 30.301769399203657], [78.48647167739092, 30.301957073732254], [78.48654415613231, 30.302146023251822], [78.48656343979424, 30.30218451302859], [78.48657954722147, 30.302224436371706], [78.48667329688948, 30.302403785440962], [78.48676394691738, 30.302584720957757], [78.48678691038107, 30.302621135266342], [78.48680685341854, 30.30265928756368], [78.48691773093923, 30.30282858394388], [78.48702567924434, 30.302999762950108], [78.48705210135901, 30.303033751100727], [78.48707568794444, 30.3030697649249], [78.48720262550663, 30.30322737819926], [78.48732683248781, 30.3033871521476], [78.48735645879418, 30.303418386815938], [78.48738346177575, 30.303451915333973], [78.48819816177576, 30.304367615333973], [78.48827746142067, 30.30444839002143], [78.48835237838574, 30.304533245381784], [78.48842564537406, 30.304601411315293], [78.48843939646326, 30.304693958167796], [78.48846951375694, 30.304845175341683], [78.48849409272917, 30.304997390844008], [78.48851740858096, 30.305085652457844], [78.48853524007374, 30.30517518334245], [78.48858003421941, 30.30532272035339], [78.48861941456539, 30.305471793735816], [78.48865126929594, 30.30555734499265], [78.48867779048652, 30.305644696969736], [78.48873683009208, 30.305787132955686], [78.48875718992261, 30.305841812717887], [78.48845521767949, 30.306589831425025], [78.48747083023403, 30.30859215237702], [78.48745793939112, 30.308621988060583], [78.4874425567851, 30.308650618765707], [78.48736065921952, 30.308847141717006], [78.48727621602367, 30.309042584364693], [78.48726631166205, 30.30907353990492], [78.48725380942736, 30.30910354050435], [78.48691682850907, 30.310038998223575], [78.4865003339436, 30.31036010090893], [78.48643011217057, 30.31041995622952], [78.4863563564566, 30.31047539855521], [78.48624350384982, 30.3105790165947], [78.4861269061449, 30.310678401624536], [78.48606288935622, 30.31074485166281], [78.48599492309444, 30.31080725634268], [78.48589277024782, 30.310921436922694], [78.48578647542904, 30.311031771960142], [78.48572928014138, 30.311104176765927], [78.48566775788403, 30.311172942808778], [78.48485255788403, 30.312179442808777], [78.48484572213533, 30.312188785159154], [78.48483804357942, 30.312197448111977], [78.48470086467869, 30.312386760417745], [78.48456281160519, 30.312575436192926], [78.48455692448296, 30.312585403577877], [78.48455013201925, 30.312594777446304], [78.48443216952327, 30.312796624045127], [78.48431327467299, 30.31299792286237], [78.48430839287343, 30.313008419290522], [78.48430255191707, 30.313018413799078], [78.4842049418693, 30.313230850797556], [78.48410635026448, 30.31344283403952], [78.48410252080198, 30.31345375842457], [78.48409768760459, 30.31346427732064], [78.48376858760459, 30.31428437732064], [78.48376450317409, 30.314296204004005], [78.48375933609898, 30.31430759936909], [78.48368442472402, 30.314528075368308], [78.48360841203711, 30.314748174101545], [78.48360550649194, 30.3147603441804], [78.48360148123882, 30.31477219113561], [78.48354854100953, 30.314998948081577], [78.48349446779295, 30.315225437525257], [78.4834927691151, 30.31523783379507], [78.48348992444934, 30.315250018247767], [78.48329619564237, 30.316313003927732], [78.48313533311259, 30.317098215321632], [78.48310503870734, 30.31729469415679], [78.48307108799642, 30.317490574305616], [78.48306766646756, 30.31753707733219], [78.48306056090794, 30.317583161487516], [78.48304967067212, 30.317781663594054], [78.48303508305516, 30.317979928278312], [78.48303623609557, 30.318026542748704], [78.4830336817883, 30.318073101462733], [78.48304230060076, 30.31827171515687], [78.48304721656454, 30.31847045497926], [78.48305293306984, 30.318516731970494], [78.48305495461426, 30.3185633168575], [78.48308299947114, 30.31876012938128], [78.48310737167226, 30.318957430368172], [78.48311759658937, 30.319002924207506], [78.4831241745169, 30.319049086629583], [78.4831713753309, 30.319242202570646], [78.48321496905172, 30.31943616460585], [78.48322960390907, 30.31948043716276], [78.4832406748707, 30.319525732550527], [78.48330657707223, 30.319713292096896], [78.48336897248133, 30.31990204721988], [78.48338787633725, 30.31994467212541], [78.48340333371357, 30.319988664259558], [78.48348730262829, 30.320168861109956], [78.48356789882389, 30.320350591506013], [78.48393153200843, 30.321072670421557], [78.48387283787147, 30.32126185976797], [78.48384739922179, 30.321360768403583], [78.4838163342914, 30.32145805670303], [78.48378632441849, 30.321598234839094], [78.48375061669007, 30.321737070930723], [78.48373499527607, 30.321837996717832], [78.4837136158527, 30.321937861443253], [78.48369749034558, 30.322080306065], [78.48367556287627, 30.322221973592526], [78.48366990914067, 30.322323944560974], [78.4836584211199, 30.322425423960127], [78.48365633527598, 30.322568763248036], [78.48364839923936, 30.322711897875678], [78.48365276763076, 30.322813931988954], [78.48365128164845, 30.32291604876009], [78.48366325555556, 30.323058902278664], [78.48366938737999, 30.323202125541506], [78.48368373582841, 30.32330324015547], [78.48369226619539, 30.32340501085811], [78.48379822538256, 30.32419873621355], [78.482862701632, 30.32396124872317], [78.48205057931803, 30.323637651679984], [78.48160782688849, 30.323484848461874], [78.48115271882378, 30.323374145314848], [78.48068924876156, 30.323306513674677], [78.4802214837172, 30.323282547018582], [78.47975352839516, 30.323302455657355], [78.47928948916959, 30.32336606488988], [78.47883343805036, 30.323472816536132], [78.47838937695057, 30.323621773835317], [78.47667277695058, 30.324288573835318], [78.47621655298389, 30.324492584695616], [78.47578297379454, 30.32474112005621], [78.47537637102488, 30.32503169694209], [78.47515638411274, 30.325224827904027], [78.47268342465395, 30.32561459746289], [78.4725306718782, 30.32559860323581], [78.47198183622871, 30.32560162049198], [78.47143663779224, 30.325664773788432], [78.47130356763607, 30.325695250639168], [78.4710805521912, 30.325546979728426], [78.47063071527693, 30.32530992251979], [78.47015912799749, 30.32511977834427], [78.4696226279975, 30.32493457834427], [78.46914082303834, 30.324794881408266], [78.46864744490948, 30.324704166059206], [78.46814745997987, 30.32466334544235], [78.46764590112288, 30.324672830460067], [78.46714781705508, 30.32473252563569], [78.46665822151564, 30.324841830074597], [78.46618204279783, 30.324999643512825], [78.46572407414044, 30.3252043773924], [78.46540641267805, 30.325386582303828], [78.46520211537924, 30.325458524930767], [78.4647801118128, 30.325652851111755], [78.46476709637375, 30.32566038107782], [78.46473435335975, 30.325643845638677], [78.46430012709949, 30.325473270871118], [78.46368962709948, 30.325265770871116], [78.46320997779698, 30.32512901918049], [78.46271909053134, 30.325040734579844], [78.46222184991512, 30.325001795552076], [78.46172320378047, 30.325012589563066], [78.46122811394517, 30.325073009206154], [78.46074150683982, 30.325182453270898], [78.46026822448692, 30.325339832725472], [78.45981297632, 30.325543581553166], [78.4594189771749, 30.325769491354404], [78.45937697359194, 30.32578264100238], [78.45947119396762, 30.325212925052035], [78.4595278010805, 30.324719405844576], [78.45953515772254, 30.324222705277652], [78.45949319127908, 30.323727726095278], [78.45940231598505, 30.32323935405032], [78.45924141598505, 30.32256335405032], [78.45910370445915, 30.322089811892848], [78.45892001321548, 30.321632139339304], [78.45869212925123, 30.321194788749835], [78.45842226948214, 30.320782014787124], [78.4581130591757, 30.320397833025897], [78.4577675064119, 30.320045980888356], [78.45738897281977, 30.31972988128554], [78.45698114087465, 30.319452609318326], [78.45684100474428, 30.319376340843405], [78.45685784469623, 30.319309100531644], [78.45693043850846, 30.31881053800739], [78.45695249044428, 30.31830720097886], [78.45692377660201, 30.317804200017207], [78.45684458852418, 30.31730664228137], [78.45671573023726, 30.31681957966316], [78.45653851008817, 30.316347957493498], [78.45631472746008, 30.31589656433058], [78.45604665450263, 30.315469983339856], [78.45555315450262, 30.31476608333986], [78.45525379474688, 30.31438059107164], [78.45491827602, 30.314026122827453], [78.45454979542026, 30.31370605627214], [78.45415186413372, 30.31342344126295], [78.45399561644534, 30.313334002331025], [78.4539367, 30.31326030588187], [78.4539367, 30.3131296], [78.45391262363337, 30.31263951429835], [78.45384062640203, 30.31215414838992], [78.45372140167866, 30.31167817661373], [78.45355609766256, 30.311216182838173], [78.45334630632175, 30.31077261631587], [78.45309404806152, 30.3103517488349], [78.45280175226682, 30.30995763357918], [78.45247223390594, 30.309594066094068], [78.45210866642083, 30.309264547733186], [78.4517145511651, 30.30897225193849], [78.45129368368413, 30.30871999367826], [78.45085011716183, 30.308510202337445], [78.45038812338628, 30.308344898321337], [78.44991215161008, 30.308225673597985], [78.44942678570165, 30.30815367636664], [78.4489367, 30.3081296], [78.44844661429836, 30.30815367636664], [78.44796124838993, 30.308225673597985], [78.44748527661373, 30.308344898321337], [78.44702328283817, 30.308510202337445], [78.44657971631588, 30.30871999367826], [78.44615884883491, 30.30897225193849], [78.44576473357918, 30.309264547733186], [78.44540116609407, 30.309594066094068], [78.44507164773319, 30.30995763357918], [78.4447793519385, 30.3103517488349], [78.44452709367826, 30.31077261631587], [78.44431730233745, 30.311216182838173], [78.44415199832135, 30.31167817661373], [78.44403277359798, 30.31215414838992], [78.44396077636664, 30.31263951429835], [78.44393670000001, 30.3131296], [78.44393670000001, 30.3139077], [78.44393764294983, 30.3140048010258], [78.44394056775384, 30.314155378859397], [78.44380007449502, 30.31501031896516], [78.44374641574693, 30.31546754544215], [78.44373503796018, 30.31592776914697], [78.44376603758899, 30.31638708857343], [78.44383915183668, 30.31684160988128], [78.44395376088366, 30.317287479905907], [78.44410889314172, 30.317720918823188], [78.44430323349074, 30.318138252192632], [78.44445343349075, 30.31842545219263], [78.44471290945899, 30.318865321848037], [78.44501590147128, 30.319276428807743], [78.44535924855631, 30.319654484188664], [78.44573936873746, 30.319995543919084], [78.44615229640196, 30.320296049885293], [78.4464651663676, 30.320478073931945], [78.44649233212655, 30.320615392304337], [78.44657124058766, 30.320870802957366], [78.4465545, 30.3212613], [78.4465545, 30.3221504], [78.44657736939249, 30.322628072393805], [78.44664576836632, 30.323101375156625], [78.44674025706671, 30.32348883032911], [78.44556396740099, 30.32309576115867], [78.44536159118378, 30.323032870336483], [78.44336836971576, 30.322459480510293], [78.44049893268269, 30.32154696170278], [78.43862423027463, 30.3206541601944], [78.43688190580873, 30.319513426235734], [78.43644843104185, 30.31925977131416], [78.4359916962969, 30.319050882430982], [78.43551630986656, 30.318888867201437], [78.43502706823243, 30.318775360302116], [78.43452890767024, 30.318711506977643], [78.43402685444458, 30.318697951485568], [78.43352597409563, 30.318734830596032], [78.43303132032965, 30.318821772211805], [78.43254788402886, 30.31895789912261], [78.43208054289525, 30.31914183785587], [78.4316340122362, 30.31937173253457], [78.43127522676188, 30.31957988324685], [78.43092235433451, 30.319269686423247], [78.43053837327626, 30.318964199576897], [78.43012629824467, 30.31869782045848], [78.42969009774755, 30.318473114444522], [78.42923397263415, 30.318292245576778], [78.42876231563866, 30.318156955721317], [78.42827966907576, 30.318068547793406], [78.42779068109571, 30.318027873209715], [78.42730006092007, 30.318035323688722], [78.42681253348931, 30.31809082747824], [78.42633279395912, 30.318193850046438], [78.42586546248342, 30.31834339922966], [78.42541503971978, 30.31853803478753], [78.42498586348565, 30.318775882273215], [78.42458206698277, 30.319054651085416], [78.4242075389922, 30.319371656528077], [78.42386588642324, 30.319723845665493], [78.4235603995769, 30.320107826723746], [78.42329402045848, 30.320519901755336], [78.42306931444452, 30.320956102252453], [78.42288844557679, 30.321412227365848], [78.42275315572132, 30.321883884361345], [78.4226647477934, 30.322366530924235], [78.42262407320972, 30.322855518904284], [78.42263152368872, 30.323346139079934], [78.42268702747825, 30.323833666510687], [78.42279005004644, 30.324313406040883], [78.42293959922966, 30.32478073751659], [78.42313423478753, 30.325231160280232], [78.42337208227322, 30.32566033651436], [78.42365085108541, 30.326064133017237], [78.42396785652808, 30.3264386610078], [78.4243200456655, 30.326780313576755], [78.42641864566549, 30.328625113576752], [78.42678235548169, 30.328915961106752], [78.42717154787772, 30.32917170784667], [78.4275828465766, 30.329390135171884], [78.4280126835273, 30.329569348206864], [78.42845732985792, 30.32970779226336], [78.42891292822387, 30.329804266327464], [78.42937552627077, 30.3298579334785], [78.43152132627077, 30.3300060334785], [78.43201653742933, 30.33001562126998], [78.43251026743275, 30.329976166219268], [78.43299767128843, 30.32988805550038], [78.43347396608249, 30.329752153747393], [78.43393447791472, 30.329569794569732], [78.43400889185381, 30.3295314174613], [78.43401886314345, 30.32953702213568], [78.43650796314346, 30.33072242213568], [78.43714251137989, 30.330973061005086], [78.44040401137988, 30.332010261005085], [78.44053700881621, 30.332050529663515], [78.44249515415709, 30.332613829143614], [78.443806735873, 30.33305210753036], [78.44369029993034, 30.33343902606294], [78.44364967049565, 30.33349612083131], [78.44349027049564, 30.33374272083131], [78.44325807457797, 30.33414110816227], [78.4431310680011, 30.334414103100162], [78.44299527675663, 30.33445961612312], [78.44255121399684, 30.33465831576116], [78.4421285634096, 30.33489923018974], [78.44173132619896, 30.33518007868853], [78.44154434199615, 30.335341692567923], [78.44149111624417, 30.33535371747965], [78.44102567268376, 30.335508120209767], [78.4405775928532, 30.335707374761622], [78.44028619285321, 30.33585447476162], [78.43986037714406, 30.336096289856314], [78.43946025793183, 30.336378598506883], [78.4390896730569, 30.336698692881498], [78.43875217707391, 30.3370535027174], [78.43845100715737, 30.337439624770063], [78.43834110715737, 30.337595724770065], [78.43806370122714, 30.33803692928895], [78.43783372803765, 30.338504612739303], [78.43765368616003, 30.338993693918578], [78.43752553168069, 30.339498859146044], [78.43745065694925, 30.340014619993926], [78.43743464567962, 30.340188115244022], [78.4373353152447, 30.34034776106589], [78.4372166152447, 30.340566861065888], [78.43700713580427, 30.341002594816736], [78.43684071943694, 30.34145652336869], [78.43671892210608, 30.34192440257082], [78.43664288259498, 30.3424018578361], [78.43661331185947, 30.342884425043017], [78.43663048638066, 30.34336759227433], [78.43669424557987, 30.343846842002666], [78.43680399331993, 30.34431769332861], [78.43695870347908, 30.34477574387631], [78.43703458173177, 30.344944540100286], [78.43703557524177, 30.344991845307103], [78.43709391274146, 30.345479041779296], [78.43719972293513, 30.34595817419242], [78.43735198681279, 30.34642462823941], [78.43754923799001, 30.34687391171281], [78.43778957683018, 30.347301697767165], [78.43807068873886, 30.347703866588915], [78.4383898664547, 30.348076545072466], [78.43874403612182, 30.348416144120293], [78.4391297868927, 30.34871939320792], [78.43954340377658, 30.34898337188086], [78.43998090341672, 30.349205537880188], [78.44043807245247, 30.349383751625883], [78.44091050809605, 30.34951629682215], [78.441393660534, 30.349601896986297], [78.44188287674419, 30.349639727741945], [78.4423734453071, 30.349629424758234], [78.4428606417793, 30.34957108725854], [78.44333977419242, 30.349465277064866], [78.44380622823941, 30.34931301318722], [78.44425551171281, 30.349115762009987], [78.44468329776717, 30.348875423169822], [78.44508546658892, 30.348594311261145], [78.44545814507246, 30.348275133545307], [78.4457977441203, 30.347920963878188], [78.44610099320792, 30.347535213107296], [78.44636497188087, 30.347121596223424], [78.44658713788019, 30.346684096583274], [78.44676535162588, 30.346226927547537], [78.44689789682215, 30.345754491903946], [78.44698349698629, 30.345271339466006], [78.44700645001205, 30.344974517684815], [78.44708254083275, 30.34471393555026], [78.44715644347085, 30.344327647656993], [78.44727557448557, 30.344250530923645], [78.44765696560577, 30.343939270893102], [78.44771086824656, 30.343925586118427], [78.44817597372004, 30.34394652062352], [78.44868110393256, 30.343918077337324], [78.44879110393255, 30.343906277337325], [78.44925263867808, 30.343834830204457], [78.44970549369432, 30.343720631481297], [78.44988620267615, 30.34365661346842], [78.45012287701397, 30.34363687037135], [78.45066013304567, 30.34353200704235], [78.4511827063036, 30.343369042164312], [78.4514840063036, 30.34325664216431], [78.4519273994364, 30.343066387774737], [78.45235039049051, 30.34283428268837], [78.45274904067129, 30.34256248821395], [78.45311963784073, 30.342253535238605], [78.4534587310839, 30.341910300660796], [78.45376316284316, 30.341535980601325], [78.45403009832054, 30.34113406064178], [78.4542570518748, 30.34070828336764], [78.45444191016706, 30.340262613518142], [78.45458295183977, 30.339801201067583], [78.45467886354555, 30.339328342581712], [78.45476246354555, 30.338782042581713], [78.4548124749751, 30.33829991455657], [78.45481556740926, 30.337815209478645], [78.45477171178551, 30.337332482578653], [78.45468132025651, 30.336856270496487], [78.45467133936916, 30.336822147942257], [78.45481371357396, 30.33668961741942], [78.45504501357397, 30.33645311741942], [78.45534664677977, 30.336115376571545], [78.45550295449222, 30.33590473118222], [78.455503495374, 30.3359048056442], [78.45591074379416, 30.336097232579174], [78.4563979517647, 30.33626852228723], [78.45690022946488, 30.336388642570896], [78.4574122183597, 30.336456311930426], [78.45799161835971, 30.336502611930428], [78.45845314033609, 30.336518100049993], [78.45891412289158, 30.336490943097708], [78.45937063398483, 30.336421372714135], [78.4598187797147, 30.33630998231354], [78.46025473753402, 30.336157722022254], [78.46067478885485, 30.335965890574375], [78.4606835347909, 30.335961397267234], [78.46108704824196, 30.336202904018645], [78.46192394824196, 30.336647404018645], [78.46236562849518, 30.33685502241221], [78.46282544592866, 30.337018591270166], [78.46329901964387, 30.33713655219452], [78.4637818376797, 30.33720778131566], [78.4642693, 30.3372316], [78.4652563, 30.3372316], [78.46573978553218, 30.337208169274124], [78.46621873969757, 30.33713809669607], [78.46668867359867, 30.337022039006378], [78.46714518287853, 30.336861083931414], [78.46758398899959, 30.336656739988875], [78.46790378214428, 30.336468220525408], [78.46834017955447, 30.336623645547224], [78.46883997363975, 30.336745536862967], [78.46934964691975, 30.33681542797947], [78.46951807297741, 30.33682104626869], [78.46952906941478, 30.33682397941409], [78.47001593084218, 30.336903530006097], [78.47050826178143, 30.33693471642023], [78.47100126964004, 30.336917235072534], [78.47149015523605, 30.33685125613508], [78.47221865523605, 30.33671605613508], [78.4726988084254, 30.33660217870192], [78.47316539773857, 30.33644152513711], [78.47361387831276, 30.33623566030377], [78.47403988167534, 30.335986589450165], [78.47443925829529, 30.3356967386774], [78.47476129159443, 30.33541054615825], [78.47826175322952, 30.334858829314495], [78.47876234874366, 30.334753435723897], [78.4792495549874, 30.33459744292347], [78.4797182718141, 30.334392483868797], [78.48016359262705, 30.334140704101415], [78.4805808557425, 30.33384473928897], [78.48070971210309, 30.333731883198887], [78.4814939275566, 30.333930960303938], [78.48213274182667, 30.334107379977926], [78.4822218709334, 30.334864709819477], [78.48222370445951, 30.33487563761433], [78.4822245069819, 30.33488668906131], [78.4822642970051, 30.335117568725376], [78.48230306445541, 30.33534862228922], [78.48230596026383, 30.33535931774688], [78.48230784215305, 30.335370237317058], [78.48237007074047, 30.335596105126733], [78.48243129872488, 30.335822246231313], [78.48243522892737, 30.335832606348582], [78.48243817205982, 30.335843288880625], [78.48259410539842, 30.33631712088568], [78.482548722837, 30.33641997448638], [78.48254664517006, 30.336422873025118], [78.4811780708313, 30.33819781355404], [78.481092393292, 30.33832098803452], [78.48100207894096, 30.33844080419095], [78.48064368147824, 30.33896825812671], [78.47966488754594, 30.339933126129083], [78.47957800657126, 30.340027615081567], [78.47948679673853, 30.34011793247912], [78.47870939673852, 30.340967232479123], [78.47870031365801, 30.340978189949436], [78.4786902574102, 30.340988261711185], [78.4785437627738, 30.34116704676567], [78.47839625376307, 30.341344995822126], [78.47838828843997, 30.34135679082682], [78.47837926782103, 30.34136779977492], [78.47825100259624, 30.341560082915663], [78.47812164593924, 30.34175163351035], [78.47811487508397, 30.341764152457067], [78.4781069769674, 30.34177599256934], [78.47799817641805, 30.34197992200523], [78.4778882178905, 30.342183229400558], [78.47788270671013, 30.342196351724922], [78.47787600715905, 30.342208908974694], [78.47778771909397, 30.34242252075395], [78.47769821765654, 30.342635626988404], [78.47769401922673, 30.342649226315338], [78.47768858276153, 30.342662379769347], [78.47762165744348, 30.342883616692742], [78.47755347504349, 30.3431044694378], [78.47755062979739, 30.34311841479838], [78.47754650877422, 30.34313203778165], [78.47732090877423, 30.34403563778165], [78.4773000473835, 30.34414093918546], [78.47727340301957, 30.34424492794066], [78.4772223595929, 30.344494501899103], [78.47700879166558, 30.345030369402703], [78.47693777563033, 30.345237588871843], [78.47686458203201, 30.34544404923707], [78.4768582554967, 30.345469622662772], [78.47684971467821, 30.3454945441311], [78.47679935166435, 30.34570772657058], [78.47674674716781, 30.345920366999884], [78.47674295773054, 30.345946437391564], [78.47673690076951, 30.3459720760027], [78.47670767580043, 30.346189168349046], [78.47667616701571, 30.3464059409989], [78.47667495117086, 30.34643225728423], [78.47667143639909, 30.346458366124534], [78.47666363092722, 30.346677277659236], [78.47665352130112, 30.34689609489106], [78.47665489075793, 30.346922403630124], [78.47665395202462, 30.3469487312569], [78.47666764122081, 30.347167353742492], [78.47667902811467, 30.34738610822644], [78.47668296968453, 30.347412156051355], [78.47668461603017, 30.347438448915508], [78.47671966806016, 30.347654676899136], [78.47675244181181, 30.347871261908757], [78.47675891753522, 30.347896797964804], [78.47676313310463, 30.347922802851603], [78.47681921039818, 30.348134553938834], [78.47687305537849, 30.34834688364283], [78.4771853553785, 30.34936568364283], [78.4772076482039, 30.349427419202787], [78.47722544618777, 30.349490597373094], [78.47729093479595, 30.34965806490612], [78.47735200724013, 30.349827192931365], [78.47738024386251, 30.349886446138687], [78.47740414868782, 30.349947575581396], [78.47748573663912, 30.350107817706345], [78.4775630924482, 30.350270145187622], [78.47759700093353, 30.350326345401673], [78.47762678238368, 30.350384837406693], [78.47772368394145, 30.350536310904204], [78.47781657813675, 30.350690274539236], [78.47785583192771, 30.350742880521107], [78.47789120319112, 30.350798171778578], [78.47867348910889, 30.351898116823673], [78.47931874445217, 30.353005022555646], [78.47924992900394, 30.353052139106016], [78.47919812959533, 30.353095640428588], [78.47914336937295, 30.353135350148396], [78.47901034501542, 30.3532533425685], [78.47887417906632, 30.353367695203673], [78.47882689296127, 30.35341606428539], [78.4787762886575, 30.353460950232442], [78.4786554701282, 30.35359141315393], [78.47853116837366, 30.35371856174683], [78.4784888509632, 30.35377133276698], [78.47844288992515, 30.35382096266509], [78.47833544077265, 30.353962639658583], [78.47822420030643, 30.354101359698884], [78.47818725913028, 30.35415802444381], [78.47814638398796, 30.354211920329806], [78.4780533390063, 30.354363446968442], [78.47795623113494, 30.354512402506288], [78.47792502195695, 30.35457241526336], [78.47788962636018, 30.354630058090564], [78.47781188162332, 30.354789975090085], [78.47772984154878, 30.354947731602113], [78.47770466493033, 30.355010514415778], [78.47767508975814, 30.355071349052146], [78.47761339399045, 30.355238116324315], [78.47754721180344, 30.35540315452919], [78.47737691180345, 30.355896654529186], [78.47737555074467, 30.35590133129706], [78.47737374663761, 30.35590585565739], [78.47730699841694, 30.356136885652152], [78.4772398007232, 30.356367785315765], [78.47723890462169, 30.356372572970855], [78.47723755266678, 30.356377252378525], [78.47719377075677, 30.356613712368656], [78.4771495287627, 30.35685008671483], [78.47714910624842, 30.356854939149382], [78.4771482194657, 30.356859728539156], [78.47712782550946, 30.357099341289054], [78.47710696529028, 30.357338913900247], [78.47710702043229, 30.357343784382554], [78.47710660736195, 30.357348637630103], [78.47710979776474, 30.35758909553841], [78.47711252021544, 30.357829559199008], [78.47711305248266, 30.357834400823762], [78.47711311710283, 30.357839271189558], [78.47715551710283, 30.35851837118956], [78.47717702922178, 30.358710605585436], [78.47719454121408, 30.358903245572048], [78.47720430269005, 30.358954323961658], [78.47721008599596, 30.35900600414814], [78.477250336794, 30.35919520432682], [78.47728664648182, 30.35938520022349], [78.47730136751127, 30.35943507586466], [78.4773121885131, 30.35948594033388], [78.47737079035302, 30.359670284193896], [78.47742554805421, 30.3598558062366], [78.47744508686563, 30.359903998799755], [78.47746084135117, 30.359953557698958], [78.47753722986516, 30.360131269908003], [78.4776099082332, 30.36031053141821], [78.47767352213714, 30.360447690458862], [78.47765394324324, 30.360489270018842], [78.47763632024854, 30.360538789285187], [78.47761493231444, 30.360586802657835], [78.47738203231444, 30.361187302657836], [78.47730684783144, 30.36141350063409], [78.47723103200528, 30.36163948778125], [78.47701253200528, 30.362415087781248], [78.47700242215168, 30.36245915566661], [78.47698881847856, 30.36250227327038], [78.47694758275318, 30.362698195362395], [78.4769028134806, 30.36289334034186], [78.47689707171683, 30.36293818696722], [78.47688775981332, 30.36298243034111], [78.47686592637244, 30.36318145082233], [78.4768641872642, 30.363195034302787], [78.47671534290322, 30.363300798342944], [78.47562664673242, 30.3639938863567], [78.4755074187705, 30.36407828643569], [78.47538493121395, 30.364157882156373], [78.47472593121395, 30.364633682156374], [78.47469950840939, 30.364654806858177], [78.47467139404938, 30.36467362175601], [78.47450793829267, 30.364807964770705], [78.47434268125471, 30.36494008570584], [78.47431845626609, 30.364963698574115], [78.47429232146682, 30.3649851785623], [78.47372372146681, 30.3655012785623], [78.47368241438018, 30.365542645558488], [78.47363813116998, 30.365580809691583], [78.47313793116999, 30.366056609691583], [78.47312895985235, 30.366066024053627], [78.47311915321163, 30.36607456481194], [78.47295972941836, 30.366243611854784], [78.47279942938725, 30.366411828229225], [78.47279142403775, 30.366422076601495], [78.47278250175945, 30.36643153745255], [78.47264041514306, 30.36661539675198], [78.4724973750884, 30.366798515269256], [78.47249041280303, 30.366809498954222], [78.47248246081345, 30.36681978878495], [78.47235907974542, 30.36701668967589], [78.47223467722141, 30.3672129468041], [78.47222882505073, 30.36722456002293], [78.47222191993195, 30.367235579736576], [78.4721184326402, 30.36744362595442], [78.47201386571035, 30.367651131631515], [78.47200918001394, 30.367663262542646], [78.47200338826606, 30.36767490601327], [78.47179298826606, 30.368155706013273], [78.47173634234849, 30.36830465608264], [78.47167460261534, 30.36845156792174], [78.47164918128429, 30.368533845530315], [78.47161857039518, 30.368614336662823], [78.47157679690308, 30.368768121767623], [78.47152975434192, 30.36892037773827], [78.47151252003744, 30.369004750883878], [78.47148994605875, 30.369087854821366], [78.47146344729362, 30.369244993927214], [78.47143155495012, 30.36940112772094], [78.4713845549501, 30.36970712772094], [78.47136150802608, 30.36992940482948], [78.47133651523013, 30.37015147156215], [78.47133621058506, 30.370173387151596], [78.47133395015372, 30.37019518798461], [78.47133280117347, 30.370418653761096], [78.47132969507076, 30.370642100904746], [78.47133153999606, 30.37066394082519], [78.47133142730462, 30.370685858242137], [78.47135218733338, 30.37090836058948], [78.47135433156235, 30.370933743617343], [78.47104921842316, 30.370696165557987], [78.47062194984075, 30.37042790467935], [78.47016982308104, 30.37020406604621], [78.46969744119849, 30.37002692853588], [78.46939974119849, 30.36993212853588], [78.46895052897368, 30.369811778447907], [78.46849207806255, 30.369733685370765], [78.46802835453803, 30.369698524890055], [78.46756337008654, 30.369706601180173], [78.46740107672927, 30.369724593434288], [78.46695418949116, 30.36975458131887], [78.46648491444971, 30.369831344267535], [78.46602505366076, 30.36995233876992], [78.46557876631894, 30.370116470495525], [78.4651500888543, 30.370322254960772], [78.4648557730849, 30.370499756401355], [78.46464352265146, 30.37046922852013], [78.46427707812367, 30.37043024286804], [78.46397667812367, 30.370409442868038], [78.46390081053441, 30.370404768876472], [78.4633858105344, 30.370376968876474], [78.4628610058843, 30.370376221761887], [78.46233901376331, 30.370430486894023], [78.46191721074382, 30.370519771627126], [78.46160148806885, 30.3703943454283], [78.46152742972453, 30.370368419226125], [78.46123283953968, 30.370173170217715], [78.46100753953968, 30.370041270217715], [78.46037204401651, 30.369727435024025], [78.46007164401651, 30.369604735024023], [78.4596022729909, 30.369439755838563], [78.45911882981115, 30.3693222399534], [78.45897912371335, 30.369302707460378], [78.45882773630672, 30.36922052041033], [78.45881276278281, 30.369213262292387], [78.4584620615312, 30.369007362858202], [78.45805672501179, 30.36881594210529], [78.45763587334305, 30.368661593566138], [78.45720288915561, 30.368545557830085], [78.45683548915561, 30.368464557830084], [78.45673248093668, 30.36844298201827], [78.4561720951542, 30.36833174843218], [78.45603406046332, 30.368303710135596], [78.45580099792501, 30.368238059795093], [78.45536124924726, 30.368155736389458], [78.45491590221101, 30.368113050794552], [78.4547085186016, 30.368111796408815], [78.4545786387839, 30.36807604945157], [78.454051282344, 30.367990043612068], [78.45388897236901, 30.367972411583075], [78.4534672166566, 30.367895703088408], [78.45332162799674, 30.367871437798055], [78.45303192799675, 30.367827537798057], [78.45260046177462, 30.367781201103536], [78.45235858699795, 30.367776322597162], [78.45235038893398, 30.367772904246173], [78.45186459702316, 30.367626080183506], [78.4513664241472, 30.367529256262618], [78.45086100250471, 30.367483429967752], [78.4505686025047, 30.36747182996775], [78.45012205890806, 30.367477170534684], [78.45006717482353, 30.367436023846494], [78.44963154512527, 30.36717395242087], [78.4491715550913, 30.366957471856416], [78.4490078550913, 30.366890371856414], [78.44881498695463, 30.366820860992192], [78.4485855046578, 30.366711238124033], [78.4480992868529, 30.366509675744258], [78.44759457432727, 30.366360342515417], [78.44735317432726, 30.366302542515417], [78.44728614348311, 30.36628867044795], [78.44684126883978, 30.366151137925392], [78.44629257840506, 30.366046715484885], [78.44582176286777, 30.36601072365679], [78.44570252879132, 30.365995512566148], [78.44547471486892, 30.365943909525715], [78.44501317013109, 30.365883741449327], [78.44454803023254, 30.36586675271134], [78.44430933023254, 30.36586915271134], [78.44383030792494, 30.365896993937003], [78.44357010792494, 30.365924693937], [78.4431313837417, 30.36599120047257], [78.4427558837417, 30.366065300472574], [78.44256434589882, 30.366107014742255], [78.44174894589882, 30.366301414742253], [78.44127780494833, 30.366438490893202], [78.44082236848261, 30.366621086873682], [78.4403870226038, 30.366847444184575], [78.4399759599307, 30.36711538288124], [78.43959313922156, 30.367422322567563], [78.43924224724907, 30.36776530724657], [78.43892666329475, 30.36814103378831], [78.4386494266046, 30.368545883740786], [78.43841320711948, 30.368975958177653], [78.43822027976219, 30.36942711524697], [78.43807250252863, 30.369895010059544], [78.43797129859433, 30.370375136532545], [78.43791764260854, 30.370862870785572], [78.43791205130769, 30.37135351567115], [78.43795457853909, 30.37184234601082], [78.43804481474226, 30.37232465410118], [78.4381818908932, 30.372795795051672], [78.43836448687368, 30.37325123151739], [78.43859084418457, 30.373686577396196], [78.43885878288124, 30.374097640069298], [78.43916572256757, 30.374480460778447], [78.43950870724657, 30.374831352750935], [78.43988443378831, 30.375146936705253], [78.4402892837408, 30.37542417339541], [78.44071935817766, 30.37566039288052], [78.44117051524698, 30.375853320237812], [78.44163841005954, 30.376001097471374], [78.44211853653255, 30.376102301405663], [78.44260627078557, 30.376155957391465], [78.44309691567115, 30.376161548692306], [78.44358574601083, 30.376119021460905], [78.44406805410118, 30.376028785257745], [78.44450725842306, 30.375924074293586], [78.44461140975024, 30.37593736122737], [78.4446568545846, 30.375951921754055], [78.44465882529181, 30.375952359905042], [78.44470157153405, 30.37597454081682], [78.44507100883546, 30.376196518077553], [78.44537410883545, 30.376360918077555], [78.44591169579395, 30.37661242896935], [78.4459997595168, 30.37664149778904], [78.4461965634754, 30.376740190310386], [78.44630386347539, 30.376788790310385], [78.44695036438607, 30.377029375716447], [78.44705226438607, 30.377059475716447], [78.44743691477301, 30.377156683799882], [78.4477271934322, 30.3772059641198], [78.44786375496011, 30.377235883125334], [78.44786976533862, 30.377237762418897], [78.44831638492374, 30.37735506809227], [78.44877192190246, 30.37743067057799], [78.44898652190247, 30.37745617057799], [78.44905413550136, 30.377463738668812], [78.44920169781008, 30.37747923975718], [78.44933621176666, 30.37749733989267], [78.44945341663312, 30.37750612385329], [78.44987027104146, 30.37762665682915], [78.45019217104146, 30.37770305682915], [78.45067026224818, 30.377792218234763], [78.45115475406921, 30.377834510474788], [78.45164106280572, 30.37782953342917], [78.45180785902593, 30.3778197], [78.451843, 30.3778197], [78.45207659549224, 30.377806832454542], [78.4522759833434, 30.37784309691159], [78.45240056850078, 30.377861169837526], [78.45244909386277, 30.37787736050222], [78.453152208879, 30.378056459655912], [78.453230008879, 30.37807035965591], [78.45371205967615, 30.378132487061805], [78.45391949970556, 30.37813890502206], [78.4541378869025, 30.378291544344457], [78.4545499422538, 30.378524890566176], [78.4549255422538, 30.378714690566177], [78.45530541539775, 30.37888714937487], [78.45569834325032, 30.37902733977702], [78.45610159031625, 30.379134285791462], [78.45632149031626, 30.37918288579146], [78.4567288928927, 30.379254281584213], [78.45726474606363, 30.379521492524866], [78.45748194606364, 30.379611792524866], [78.45789556090453, 30.379762755767384], [78.45832085305402, 30.37987674578797], [78.4584357790645, 30.379896921531063], [78.45865297028007, 30.37998320377094], [78.45872639168026, 30.380012449834418], [78.45884819327182, 30.380090644625323], [78.459282890268, 30.380313108942136], [78.45973721480574, 30.380492109124113], [78.46020683350399, 30.380625937854262], [78.4606872671048, 30.380713318664252], [78.46117393319695, 30.38075341810945], [78.4616621899232, 30.380745853718373], [78.46214738025478, 30.38069069764075], [78.46262487641036, 30.380588475959325], [78.4627268668427, 30.38055596330422], [78.4631074183924, 30.38051321739747], [78.46312923428775, 30.38050941962134], [78.4635320142531, 30.38064721112458], [78.46392901425311, 30.38076061112458], [78.46436419957286, 30.380864108363387], [78.46480689337115, 30.380928296694947], [78.46525355236331, 30.380952662361146], [78.46570060152753, 30.380937010341192], [78.46614446271913, 30.38088146591257], [78.46640196271912, 30.380837465912567], [78.46692664515473, 30.380718446166007], [78.46734652992828, 30.380574286865272], [78.46791548290952, 30.380416121780286], [78.46798137831411, 30.38039731590924], [78.4684239783141, 30.38026771590924], [78.46888377549553, 30.380103974853107], [78.46936556640665, 30.380048748250303], [78.46984522645, 30.379945356233208], [78.4703124426093, 30.379795447171155], [78.4707627153375, 30.37960046477036], [78.47119170826211, 30.37936228681793], [78.47159528994676, 30.379083207097754], [78.47196957367917, 30.37876591330009], [78.47231095490243, 30.378413461137665], [78.47242502194943, 30.378269857932217], [78.47250646490696, 30.378801928486656], [78.47252764884247, 30.378905910567543], [78.47254300682637, 30.37901091135099], [78.47257659583717, 30.379146168585518], [78.47260441684168, 30.379282728949295], [78.47263569079693, 30.379384133939148], [78.47266126670449, 30.379487123769575], [78.47270795150241, 30.379618437404922], [78.47274902379748, 30.37975161325776], [78.4727900865872, 30.37984946457118], [78.47282563410845, 30.379949451600133], [78.47307883410845, 30.38056425160013], [78.47311769164463, 30.380646841594093], [78.47315138433811, 30.380731669759523], [78.47322207883371, 30.380868711999792], [78.47328772609026, 30.38100824237292], [78.47333449175187, 30.381086625968997], [78.47337633681997, 30.38116774320207], [78.4734601233907, 30.381297196274115], [78.47353913090598, 30.381429620214085], [78.4735933543141, 30.381503042535346], [78.47364294876596, 30.38157966763282], [78.47373902050136, 30.381700284832867], [78.47383062738977, 30.381824327024674], [78.47389178634326, 30.3818920809739], [78.47394865255727, 30.381963475994326], [78.47442124025484, 30.3825004680858], [78.47416910514374, 30.3832410643044], [78.47375264580981, 30.38420931538143], [78.47368268937761, 30.384396813656732], [78.47360934953477, 30.384583014551403], [78.47296955079126, 30.386474769707174], [78.47224891844294, 30.388206817485973], [78.47223300803269, 30.388251064513323], [78.47221363903678, 30.388293910546697], [78.47111923903678, 30.3910703105467], [78.47111383938233, 30.39108626236582], [78.47110700560005, 30.391101654448995], [78.47011749339738, 30.393662337935293], [78.4672871226679, 30.400111535593165], [78.46722301060309, 30.400279579726526], [78.46715451464463, 30.40044588514203], [78.46624487687873, 30.40300429895981], [78.4651118451326, 30.405449509514057], [78.46255355180331, 30.409639747549576], [78.45912247516046, 30.41375819853282], [78.45729938448603, 30.413175925052766], [78.45550606495983, 30.41072729723922], [78.45306924473492, 30.405066599024323], [78.45280236832907, 30.40453589317766], [78.45155786832908, 30.402389193177658], [78.45129640163339, 30.401984467153866], [78.45099719183716, 30.401606788076958], [78.45066301761786, 30.401259663346572], [78.45029698235771, 30.400946316612714], [78.4499024853235, 30.400669657838602], [78.44948319009853, 30.400432256276666], [78.44904299055995, 30.400236316608616], [78.44858597471736, 30.400083658471193], [78.44811638674872, 30.399975699557693], [78.44703219956246, 30.39978090482123], [78.44653681813124, 30.39946391879267], [78.44613945156549, 30.399234637831015], [78.4457227423775, 30.399042743590368], [78.44529019875769, 30.398889851589548], [78.44484546220338, 30.39877724899541], [78.44312886220338, 30.39842554899541], [78.44267471974334, 30.39835407788044], [78.44221593241198, 30.398324621490893], [78.44175637886156, 30.398337428855207], [78.441299944222, 30.398392391698135], [78.44085048725553, 30.398489045356115], [78.44041180773421, 30.398626572705616], [78.439987614316, 30.398803811071208], [78.43949857695891, 30.399035096628243], [78.43945491947736, 30.399000977428468], [78.43838201947734, 30.398242177428468], [78.43800086494532, 30.39799772232622], [78.43759915778448, 30.39778875239724], [78.43718019258924, 30.397616981504836], [78.43674740549554, 30.397483818425066], [78.43611666356561, 30.397320613297484], [78.43602190082427, 30.39722722040271], [78.43561766266164, 30.39686971378429], [78.43517724965085, 30.396557855075464], [78.43470579206573, 30.396295277049404], [78.43420878181148, 30.396085038419493], [78.43365046663938, 30.395883644724822], [78.43360756886551, 30.395575235621013], [78.43350041902433, 30.395120891861993], [78.43335136417964, 30.39467852098467], [78.43316170354915, 30.394251978858883], [78.43293309028577, 30.393844983385154], [78.43266751706813, 30.39346108208808], [78.43236729873158, 30.39310362119479], [78.43153039873158, 30.39219672119479], [78.43124727556126, 30.391913559744026], [78.43002417556126, 30.390784559744027], [78.42963010820162, 30.390456582565697], [78.4292045261708, 30.390170683897473], [78.42875190417642, 30.38992986977074], [78.428277001233, 30.38973667218338], [78.4277848106242, 30.389593122477525], [78.42622581380701, 30.389223995112694], [78.42612859172831, 30.38917215487026], [78.42594027913151, 30.38872582042726], [78.42569135524656, 30.388273013066893], [78.42539702836265, 30.387848314006956], [78.42506044186273, 30.387456258992735], [78.42468519045838, 30.387101035134247], [78.42427528179869, 30.38678643618828], [78.42383509366886, 30.386515822041456], [78.42336932723597, 30.38629208282695], [78.42053692723597, 30.385107482826953], [78.42009849875912, 30.384947720083456], [78.41964708580294, 30.38482952530138], [78.41918662005985, 30.38475392792732], [78.41872111206976, 30.384721586395237], [78.41709031206976, 30.384684586395238], [78.41662200541136, 30.38469591092044], [78.41615681386676, 30.384751012626573], [78.41569882068958, 30.384849407854297], [78.41525204594922, 30.384990232932132], [78.41482041124438, 30.385172251757417], [78.41125841124439, 30.386875051757414], [78.41096949043089, 30.38702491070816], [78.40886422151205, 30.38820537879042], [78.40731924912852, 30.3886773682661], [78.40686499414194, 30.388840502180006], [78.40642858489821, 30.389046675016946], [78.40601408803789, 30.389293965573764], [78.40562680095779, 30.38957901335944], [78.40548573449757, 30.389528559751362], [78.40500181891792, 30.38938261551534], [78.40450564141443, 30.38928627293232], [78.40400227240536, 30.38924051652333], [78.40349685579862, 30.3892458138713], [78.40299455642648, 30.389302110842845], [78.40250050726628, 30.389408832141438], [78.40112720726627, 30.389779032141437], [78.40068108880114, 30.389922022357958], [78.4002503112396, 30.390106138026606], [78.39983865625534, 30.39032976284831], [78.3994497376503, 30.390590933684386], [78.39908696963029, 30.390887357790373], [78.39805696963029, 30.391812757790373], [78.39767587051068, 30.392194243629604], [78.39733806941308, 30.392614551139605], [78.39704749520729, 30.393068791841678], [78.39680752748032, 30.393551682589692], [78.39612092748033, 30.39514338258969], [78.39596500991297, 30.395553422620644], [78.39584563336794, 30.39597555098417], [78.395763716773, 30.39640651825238], [78.39572174710852, 30.396696052717004], [78.39557009761207, 30.3968420045263], [78.39525161214031, 30.39721527476443], [78.39497124714448, 30.397617964639515], [78.39473170269271, 30.398046196027927], [78.39453528572905, 30.3984958448273], [78.39438388785624, 30.39896258067389], [78.39427896711851, 30.399441908646356], [78.39422153395996, 30.39992921255429], [78.39421214149331, 30.400419799394676], [78.39425088017312, 30.40090894454806], [78.39433737692474, 30.401391937279215], [78.39447079873716, 30.401864126104112], [78.3946498606854, 30.402320963586245], [78.39487283830503, 30.402758050130927], [78.39513758419965, 30.403171176355794], [78.39544154872158, 30.403556363629466], [78.39578180452631, 30.403909902387934], [78.39615507476444, 30.404228387859686], [78.39655776463951, 30.404508752855527], [78.39698599602792, 30.404748297307286], [78.3974356448273, 30.404944714270947], [78.3979023806739, 30.405096112143774], [78.39838170864635, 30.40520103288149], [78.3988690125543, 30.405258466040035], [78.39935959939469, 30.405267858506694], [78.39984874454807, 30.40522911982688], [78.40033173727922, 30.405142623075264], [78.40080392610412, 30.405009201262835], [78.40126076358625, 30.40483013931459], [78.40169785013093, 30.404607161694976], [78.4021109763558, 30.40434241580036], [78.4030980763558, 30.40363921580036], [78.40348234528905, 30.403336051938005], [78.40383513129186, 30.402996768904668], [78.40415305367327, 30.402624617994558], [78.40443306583471, 30.402223165469422], [78.40467248446511, 30.401796258383616], [78.40486901525462, 30.401347987718424], [78.40502077488057, 30.40088264917884], [78.40526880178854, 30.39997333759605], [78.40542693163464, 30.400017186518088], [78.40590613578867, 30.40012503123451], [78.40639360926859, 30.4001853363793], [78.40688464762178, 30.400197519966564], [78.4073745119922, 30.40016146441634], [78.4088766119922, 30.399976364416336], [78.40939162114077, 30.39988534230381], [78.40989430527172, 30.39974102282288], [78.41037916462959, 30.399544984940924], [78.41084089447584, 30.39929937346488], [78.41127444312674, 30.399006875575363], [78.41167506722282, 30.39867069142682], [78.41203838362478, 30.398294499135368], [78.41242458362478, 30.39785029913537], [78.4127333414783, 30.39745707551584], [78.41273605130287, 30.397452806737164], [78.41280442171477, 30.397427839465294], [78.41328540956911, 30.397191089291837], [78.41571828921028, 30.395826923061733], [78.41761577366532, 30.394919838129102], [78.41783981645129, 30.395325396723848], [78.41813954496877, 30.39575472242801], [78.41848252740874, 30.396150349512908], [78.41886500251955, 30.396507939409364], [78.41928277596065, 30.396823570675807], [78.41973126629905, 30.39709378200199], [78.42209166629905, 30.398352382001992], [78.42247836426328, 30.398537735082012], [78.42287952221379, 30.39868927180553], [78.42329218937579, 30.398805877522477], [78.42345831622073, 30.39884521176859], [78.4234812994229, 30.399006364541556], [78.42359161962337, 30.399465021643433], [78.423744673852, 30.399911240521146], [78.42393909970038, 30.400341049168354], [78.42417316649158, 30.40075062165398], [78.42444479068587, 30.40113631217864], [78.42475155442715, 30.401494687527634], [78.42651105442714, 30.403363987527637], [78.42684838272555, 30.403690235086888], [78.42721481208436, 30.403983419970267], [78.42760711458553, 30.4042409594787], [78.4280218343916, 30.40446058491729], [78.42845531818853, 30.40464036158051], [78.42978376970206, 30.40511955643651], [78.43005399917573, 30.40538587959729], [78.43044650329531, 30.405734058605237], [78.43087333250192, 30.406039189616227], [78.43132978675537, 30.406297912672734], [78.43181083979863, 30.40650737883956], [78.43231119450445, 30.406665281574934], [78.4327741110728, 30.406785061716402], [78.4330098723526, 30.40711868592476], [78.43331376829173, 30.40747323958287], [78.43364941593909, 30.407797895855122], [78.43401388762771, 30.40808982294617], [78.4344040042746, 30.408346474539027], [78.43481636311012, 30.408565612005184], [78.43524736735841, 30.408745323930898], [78.43606276735841, 30.409041423930898], [78.43651733261075, 30.409182394914243], [78.43698324171316, 30.409279508739516], [78.43745627348473, 30.409331885546194], [78.4379321422124, 30.409339050795403], [78.4384065364801, 30.4093009395693], [78.44143203648011, 30.4089122395693], [78.44194665644498, 30.40881853769808], [78.44239674687309, 30.408686784265196], [78.44247738186876, 30.40873838120733], [78.44290178324708, 30.408981545074045], [78.44334791303443, 30.40918207788643], [78.44381150185447, 30.409338060584], [78.44404389145903, 30.409391665848933], [78.44654495526508, 30.415201600975678], [78.44679670379044, 30.415706028674595], [78.44710363679263, 30.416178910008153], [78.45019353679263, 30.420397910008152], [78.45025700069482, 30.420475658072714], [78.44711386843302, 30.421870762024202], [78.44198485900802, 30.423368162130078], [78.44186095544094, 30.423411037361245], [78.44173522112187, 30.423448202672922], [78.43980922112188, 30.424121902672923], [78.43974290436044, 30.424148820257052], [78.43967487704018, 30.42417106329839], [78.43951569152743, 30.424241044612035], [78.4393545691214, 30.42430644325071], [78.43929121007794, 30.424339731398618], [78.4392256905271, 30.42436853517704], [78.43907413090434, 30.424453782420272], [78.43892019453429, 30.42453465890411], [78.43886040339096, 30.424573997032773], [78.4387980225987, 30.42460908415211], [78.43739812259871, 30.42548958415211], [78.43724746745144, 30.425595000779545], [78.43709426345906, 30.425696677598616], [78.43704654315437, 30.425735591805807], [78.43699609193091, 30.425770893605467], [78.43685649486561, 30.42589056940983], [78.43671399466349, 30.426006773244353], [78.43667031840438, 30.426050177476835], [78.43662357029885, 30.426090254373296], [78.43649637571174, 30.426223036811034], [78.43636595165454, 30.426352648554698], [78.43462785165453, 30.428258348554696], [78.43457415406134, 30.428323364041333], [78.43451637991168, 30.428384785476087], [78.42833657991169, 30.43563708547609], [78.4282301537255, 30.435775171266002], [78.42811984503541, 30.435910175753023], [78.42808046019222, 30.435969395549755], [78.42803704428614, 30.436025726795854], [78.4279446653453, 30.436173579255513], [78.42784812057555, 30.43631874580124], [78.42746192057555, 30.43696624580124], [78.42740066738259, 30.43708143963955], [78.42733418239081, 30.437193695240072], [78.42728555193942, 30.437297927778438], [78.42723155141098, 30.437399482127514], [78.42718188413956, 30.437520125138672], [78.42712672226406, 30.437638356866714], [78.42708854255686, 30.437746854114906], [78.4270447561227, 30.437853212429197], [78.42700715309576, 30.43797814275505], [78.4269638455756, 30.438101211974434], [78.42693648430412, 30.438212929044425], [78.42690333365142, 30.43832306703544], [78.4268781570066, 30.438451081528903], [78.42684712091696, 30.438577803015534], [78.42683084158521, 30.438691664010808], [78.42680864597288, 30.438804520989546], [78.42679613817505, 30.43893438680098], [78.42677767241041, 30.43906354015775], [78.42677263179725, 30.439178448534783], [78.42676160498118, 30.439292937626742], [78.42676188648727, 30.439423404077377], [78.42675616888303, 30.439553745486872], [78.42676241553231, 30.439668594615068], [78.42676266370677, 30.439783613227817], [78.42677573180573, 30.439913423854485], [78.42678281742555, 30.44004369805761], [78.42680029117862, 30.440157381877142], [78.42681181195356, 30.4402718223185], [78.42683754079248, 30.4403997269739], [78.42685736139794, 30.44052867935887], [78.42688589397298, 30.44064010303233], [78.42690857639705, 30.44075286317837], [78.42694671819316, 30.440877630070734], [78.42697908290098, 30.441004018755603], [78.42701839951376, 30.4411121092123], [78.42705202514279, 30.44122210312098], [78.42710221256965, 30.44134253067672], [78.42714680969007, 30.44146513846957], [78.42719653170008, 30.441568854739266], [78.42724077670088, 30.441675023109173], [78.4273025264262, 30.441789951545246], [78.42735892646454, 30.44190759766586], [78.42818502646453, 30.44343379766586], [78.42822218890659, 30.44349506779662], [78.42825500504486, 30.443558771619784], [78.42834935750193, 30.443704732071502], [78.4284394904239, 30.44385333522053], [78.42848247944157, 30.443910667762474], [78.4285213816278, 30.44397084829038], [78.42862958637804, 30.44410685774453], [78.4287338509411, 30.44424591075759], [78.42878225252682, 30.444298753567207], [78.42882686611155, 30.444354831228264], [78.42894788108403, 30.444479579839484], [78.42906527316347, 30.444607743560017], [78.42911862118332, 30.444655587731972], [78.4291685165135, 30.44470702246784], [78.4304933165135, 30.445944922467838], [78.43050252585617, 30.445952717474484], [78.43051096846104, 30.445961337018684], [78.43057546870608, 30.4460154], [78.4290524, 30.4460154], [78.42885470513063, 30.446025112126147], [78.42865686151802, 30.44603106962278], [78.42860975442863, 30.446037145782487], [78.42856231429836, 30.44603947636664], [78.42836652333868, 30.446068519211995], [78.4281702163339, 30.446093840086796], [78.42812393164581, 30.446104504290325], [78.42807694838993, 30.446111473597984], [78.42788494691378, 30.446159567464097], [78.42769206706072, 30.446204007863177], [78.42764705052085, 30.4462191574084], [78.42760097661373, 30.446230698321337], [78.42741461370032, 30.446297380037993], [78.42722701853738, 30.446360511976007], [78.42718370367953, 30.446380000964545], [78.42713898283817, 30.446396002337444], [78.42696005326452, 30.44648062972315], [78.42677954943538, 30.446561845205128], [78.42673835340527, 30.446585485947402], [78.42669541631588, 30.44660579367826], [78.4265256432715, 30.446707551725016], [78.4263539691268, 30.446806068601486], [78.42631528866478, 30.446833633424177], [78.42627454883491, 30.446858051938488], [78.4261155673268, 30.446975960660822], [78.42595437618262, 30.447090830160267], [78.42591858380274, 30.44712205359904], [78.42588043357918, 30.447150347733185], [78.42573377468605, 30.447283271605787], [78.42558461890137, 30.447413387471993], [78.4255520593038, 30.44744796882807], [78.42551686609407, 30.447479866094067], [78.42538394222154, 30.44762652498712], [78.42524825824776, 30.447770634133423], [78.42521924499916, 30.447808240369486], [78.42518734773319, 30.44784343357918], [78.42506943901068, 30.448002415087508], [78.4249485335588, 30.448159129663917], [78.4234036335588, 30.45037882966392], [78.4232744921192, 30.45058529686779], [78.42314520107773, 30.450791670419942], [78.42314439331301, 30.450793294678768], [78.42314343134707, 30.450794832639144], [78.42303514908203, 30.451012963724953], [78.42292670875935, 30.451231016266853], [78.42292606408947, 30.451232711879147], [78.4229252575021, 30.451234336723044], [78.42283887723107, 30.451462030965853], [78.42275233196472, 30.451689662535657], [78.42275185659814, 30.45169141317189], [78.4227512131573, 30.45169310925103], [78.42268756676995, 30.451928173829064], [78.42262375003772, 30.452163192212062], [78.4214220500377, 30.45763829221206], [78.42141114272279, 30.45770300852546], [78.42139561198289, 30.457766773459838], [78.4213703875986, 30.45794482068627], [78.42134050129256, 30.45812214494643], [78.42133598980732, 30.45818761873703], [78.42132678390871, 30.45825259890441], [78.42131913266671, 30.4584322612068], [78.4213067710883, 30.45861166097243], [78.4213086988808, 30.458677261691612], [78.4213059064813, 30.458742831297684], [78.42131590206722, 30.458922378429875], [78.42132118426518, 30.45910212598313], [78.42132953276973, 30.45916722186026], [78.42133318076168, 30.45923274943372], [78.42136072691258, 30.459410452258663], [78.42138360201646, 30.459588816532367], [78.4213982908324, 30.45965278065845], [78.42140834408363, 30.45971763513306], [78.42145317551505, 30.459891782275516], [78.42149342322507, 30.460067045524095], [78.42151431089107, 30.46012926188969], [78.42153067258329, 30.460192818681346], [78.421592357544, 30.460361733008995], [78.42164959025274, 30.460532207351697], [78.42167647560915, 30.460592076779207], [78.42169898817032, 30.460653723801247], [78.42272826874628, 30.46309346852183], [78.41940918923392, 30.46452382913671], [78.41538766248482, 30.463429220309045], [78.41538764713648, 30.463429216930614], [78.41538763219314, 30.463429212064135], [78.41457273219315, 30.463207412064133], [78.41444638983876, 30.463179602772197], [78.41432147457307, 30.463145958699588], [78.41420693101009, 30.46312689534479], [78.4140935265917, 30.463101933829762], [78.41396506682295, 30.463086642163443], [78.41383745536268, 30.463065403933374], [78.41372159482272, 30.463057659606324], [78.41360628982129, 30.463043933864608], [78.4134769497761, 30.46304130709102], [78.41334787108926, 30.46303267923924], [78.41323180937263, 30.463036328522048], [78.41311571423839, 30.463033970740035], [78.41298673953206, 30.46304403415644], [78.41285743671699, 30.463048099773886], [78.41274229156151, 30.463063107521965], [78.41262652435402, 30.463072140406382], [78.41249915708342, 30.463094797096584], [78.41237087539699, 30.463111517029134], [78.41225775571347, 30.463137738709662], [78.41214343133421, 30.463158075268897], [78.41201889811585, 30.46319310703657], [78.41189287298073, 30.463222320262144], [78.40887247298073, 30.464080620262145], [78.40864818435921, 30.464156432791047], [78.40842363645828, 30.46423147388378], [78.40438963645828, 30.46580357388378], [78.40424890643398, 30.465866537202732], [78.40410597214185, 30.465924322212537], [78.4040250862412, 30.465966675479944], [78.40394174388149, 30.466003963269834], [78.40380786299525, 30.466080417357706], [78.40367128089215, 30.466151934127495], [78.40359493582532, 30.46620201165706], [78.40351564962445, 30.466247288875778], [78.40338990722238, 30.466336497437897], [78.40326099266865, 30.466421057222092], [78.40318992368047, 30.466478376739754], [78.40311545720778, 30.466531207343003], [78.40299906425776, 30.466632311252294], [78.40287905877122, 30.466729099693808], [78.4028139502949, 30.46679310918127], [78.40274502070322, 30.46685298438147], [78.40263909813316, 30.466965009951895], [78.40252915743207, 30.467073094925247], [78.40247063649771, 30.467143177936265], [78.40240790761683, 30.467209521102397], [78.40231347551901, 30.467331389466427], [78.40221465839238, 30.467449730054284], [78.40216328858868, 30.46752521165102], [78.40210736453189, 30.46759738386226], [78.40202533233888, 30.467727921361117], [78.40193859044983, 30.467855377878738], [78.40189486649602, 30.467935531132234], [78.40184628584262, 30.468012837330647], [78.40177744356944, 30.46815078681664], [78.40170361228961, 30.468286131788307], [78.40051821228961, 30.470738231788307], [78.40044855500926, 30.470902432358223], [78.40037451942086, 30.47106470587906], [78.40035278816678, 30.471128180048005], [78.40032658687986, 30.47118994338737], [78.4002733594886, 30.47136018089428], [78.40021558598832, 30.47152892978022], [78.40020018093271, 30.471594228338954], [78.40018015967802, 30.471658262446294], [78.40014387478479, 30.471832897409843], [78.40010291976296, 30.472006496516975], [78.40009398926489, 30.472072990604904], [78.40008034085811, 30.472138678796536], [78.4000613479063, 30.472316029386278], [78.40003760578212, 30.47249280686058], [78.40003523584718, 30.472559856103157], [78.40002809172991, 30.472626565766024], [78.400026573632, 30.47280492399898], [78.40002027305513, 30.472983177376584], [78.4000244865071, 30.47305013605305], [78.4000239154811, 30.473117224736527], [78.4000398868572, 30.473294872925532], [78.40005108850566, 30.473472885528853], [78.40006184476668, 30.473539108790366], [78.40006785233123, 30.473605930393944], [78.40010115936828, 30.473781157689814], [78.40012975536405, 30.47395721516018], [78.40014695084547, 30.474022065240728], [78.40015947914443, 30.474087976235637], [78.40020980107734, 30.474259095103328], [78.40025551602544, 30.474431501911454], [78.40087381602544, 30.476373201911453], [78.40093966366626, 30.476549547808492], [78.40100146204126, 30.476727353173555], [78.40102544836037, 30.476779286925098], [78.40104545934594, 30.476832878141987], [78.40112827483277, 30.47700192068761], [78.40120720360525, 30.477172812571517], [78.40123616482157, 30.477222145177578], [78.40126133230653, 30.477273516918398], [78.40136031808106, 30.477433628140734], [78.40145561712372, 30.477595960760976], [78.40219681489822, 30.478727422273156], [78.40219368700267, 30.47872975737636], [78.4020184305776, 30.478857508632995], [78.40199713904799, 30.478876488541516], [78.40197428269369, 30.478893551753927], [78.40181404744477, 30.47903970189187], [78.40165215674006, 30.47918401612498], [78.4016328280914, 30.47920499157484], [78.4016117542839, 30.479224212937762], [78.40146661582993, 30.4793853651239], [78.40131964994181, 30.479544852508276], [78.40130247031948, 30.4795676214945], [78.40128338201117, 30.479588815895635], [78.40115473811484, 30.479763418146334], [78.40102411240511, 30.479936542731267], [78.4002355124051, 30.481095942731265], [78.40012896032646, 30.481270432991025], [78.40001956549956, 30.481443155219644], [78.40000114212272, 30.481479748772138], [78.39997979031796, 30.48151471460298], [78.39989085435279, 30.481698808574848], [78.399798916031, 30.481881421666465], [78.39978416816317, 30.4819196448176], [78.39976634642387, 30.48195653512137], [78.39969588307441, 30.482148459879287], [78.39962228667375, 30.48233920517048], [78.39961135634485, 30.482378689810695], [78.39959723630425, 30.48241714931332], [78.39954592417106, 30.48261505651683], [78.39949137846509, 30.482812097026297], [78.39921297846509, 30.4840513970263], [78.39917699385565, 30.484258681354508], [78.3991381112721, 30.48446544167303], [78.39913504305343, 30.484500333104805], [78.39912905212263, 30.48453484302683], [78.39911355820605, 30.484744656332268], [78.39909512890787, 30.48495423220358], [78.39909549542189, 30.484989256361597], [78.39909291590293, 30.485024187322818], [78.399098061894, 30.48523450898932], [78.39910026336551, 30.485444882082554], [78.39910406108247, 30.485479701664996], [78.39910491781752, 30.485514717261186], [78.39913065415759, 30.48572352177657], [78.39915346519737, 30.485932666083396], [78.39916065754315, 30.485966945758527], [78.39916494228142, 30.48600170877048], [78.39921102111549, 30.486206985232666], [78.39925422204072, 30.48641288657953], [78.39926473974917, 30.486446296215636], [78.39927241122624, 30.486480471856247], [78.39933838878964, 30.486680243339794], [78.39940156355209, 30.48688091878506], [78.39941530533191, 30.48691313662902], [78.39942628966726, 30.48694639576825], [78.3995115305602, 30.48713873836541], [78.39959407075219, 30.487332255294003], [78.3999487512653, 30.4880623], [78.3991278, 30.4880623], [78.39904631661626, 30.488066303021952], [78.39896474602958, 30.488064959366948], [78.39880140481672, 30.488078334767135], [78.39863771429836, 30.48808637636664], [78.39855701564413, 30.488098346881205], [78.39847570614091, 30.48810500501191], [78.3983144624791, 30.48813432624447], [78.39815234838993, 30.488158373597983], [78.39807321163741, 30.48817819632256], [78.39799294627257, 30.488192792117538], [78.39783535302645, 30.488237776802972], [78.39767637661373, 30.488277598321336], [78.39759956389301, 30.48830508235228], [78.39752111566601, 30.48832747524602], [78.39736869054474, 30.48838769015719], [78.39721438283817, 30.488442902337443], [78.39714063389786, 30.48847778298847], [78.39706475830788, 30.4885077573252], [78.39691896924847, 30.488582622559697], [78.39677081631588, 30.488652693678258], [78.3967008413986, 30.48869463502961], [78.39662826916901, 30.488731902140106], [78.39649052019998, 30.48882069670473], [78.39634994883491, 30.488904951938487], [78.39628442183724, 30.488953550072107], [78.39621585187845, 30.48899775105364], [78.39528135187845, 30.48966725105364], [78.39510788286603, 30.489804895221805], [78.39493310466705, 30.489940873148825], [78.3949157368119, 30.48995735924647], [78.39489697824011, 30.48997224379543], [78.39473783601574, 30.490126228106238], [78.39457722758952, 30.490278682521232], [78.39456155928548, 30.490296791581322], [78.39454434998228, 30.49031344311866], [78.39440106717305, 30.490482284618622], [78.39425617526607, 30.490649747302626], [78.39424235740746, 30.490669304924992], [78.39422686310785, 30.490687563087317], [78.39410081960577, 30.49086963574014], [78.39397303960604, 30.491050493936317], [78.39396120526636, 30.491071311770465], [78.39394757518896, 30.491091000721593], [78.3938399848617, 30.49128455106818], [78.39373054736063, 30.49147706301315], [78.39333964736063, 30.49225076301315], [78.3932696598203, 30.49240801680664], [78.39321967778767, 30.492512002676033], [78.39316320001899, 30.49252552096456], [78.39313114708085, 30.49253661141591], [78.39309827147935, 30.492544953105053], [78.39289936153891, 30.492616810187876], [78.39269949588481, 30.492685964544457], [78.3926686843447, 30.492700143329568], [78.39263678467667, 30.492711667223663], [78.39244587576756, 30.492802674878618], [78.39225375083366, 30.492891086497853], [78.39222447742351, 30.492908217067285], [78.39219386090024, 30.492922812184922], [78.39201279157977, 30.493032093958497], [78.39183025763406, 30.493138911388208], [78.3918028042728, 30.49315882876522], [78.39177376574816, 30.49317635454743], [78.391604279813, 30.493302857996312], [78.39143309475702, 30.49342705252635], [78.39140772583552, 30.49344956489573], [78.39138054496638, 30.493469852559638], [78.38995974496638, 30.49464315255964], [78.38995525077182, 30.494647250928775], [78.38995038536308, 30.494650900889447], [78.38977398158322, 30.494812554864307], [78.389597185486, 30.49497377967524], [78.38959311464265, 30.494978298817696], [78.38958863042087, 30.494982408096273], [78.3894289209351, 30.49516057425562], [78.38926877895298, 30.495338351774382], [78.3892651706652, 30.495343248168453], [78.38926111081601, 30.495347777190226], [78.3891196337134, 30.495540739696672], [78.3889776881018, 30.495733357828446], [78.38897457711948, 30.495738584319042], [78.3889709807413, 30.495743489467195], [78.38884909852193, 30.495949389988738], [78.38872671629646, 30.496154993713205], [78.38872413258005, 30.496160499966393], [78.38872103430799, 30.49616573400164], [78.388025234308, 30.49748483400164], [78.38793581308421, 30.49767661338813], [78.3878438090573, 30.497867167179386], [78.38783216491504, 30.497898904936516], [78.38781787863688, 30.497929544347866], [78.38774768566779, 30.498129165076733], [78.38767480220308, 30.49832781927112], [78.38766632497475, 30.498360545527735], [78.38765511067639, 30.498392437702137], [78.38760482195859, 30.49859797731691], [78.38755176096377, 30.498802818765668], [78.3875465322897, 30.498836218350117], [78.387538497971, 30.49886905614841], [78.38750859781237, 30.499078535190105], [78.38747587029378, 30.499287591158236], [78.38747394052896, 30.499321342414188], [78.38746916356477, 30.499354809590503], [78.3874599399202, 30.499566210661598], [78.38744786106174, 30.499777467825684], [78.38744924879086, 30.49981124571015], [78.38744777518598, 30.499845019957228], [78.38745931688422, 30.500056307149602], [78.38746800301186, 30.50026773098791], [78.38747269487033, 30.500301210201382], [78.38747453881636, 30.500334966254773], [78.38750673470452, 30.50054410475699], [78.38753610216615, 30.500753659142656], [78.38754405296882, 30.500786517262128], [78.38754919670757, 30.500819930032463], [78.38760173672159, 30.501024905726542], [78.38765150269255, 30.501230572536155], [78.38766263586882, 30.501262493119825], [78.38767102986327, 30.50129524082401], [78.38774340801417, 30.501494079682285], [78.38781309322087, 30.501693878231723], [78.38821207099637, 30.502679395769487], [78.38803566148873, 30.502754656952334], [78.38799206623591, 30.502778553777013], [78.38794673527032, 30.502798967200604], [78.38777701291941, 30.50289643568086], [78.38760538738978, 30.50299051255683], [78.3875643443584, 30.503018567393813], [78.38752123253926, 30.503043325732772], [78.3873618810297, 30.503156960575048], [78.38720030307012, 30.50326740668886], [78.38716220752706, 30.503299349354688], [78.38712173004467, 30.50332821417272], [78.38697428401836, 30.503456921011537], [78.38682430971318, 30.503582672706568], [78.38678952853932, 30.50361819557592], [78.386752075214, 30.50365088888903], [78.38661795465693, 30.503793428207064], [78.38648102834051, 30.503933274425858], [78.3864498964976, 30.503972035394067], [78.38641582802532, 30.5040082423478], [78.3862963245917, 30.50416324141356], [78.3861737649394, 30.504315835360522], [78.3854778649394, 30.505275135360524], [78.38544620642692, 30.505323615108015], [78.38534540707658, 30.505355052306292], [78.38528204759886, 30.505381877148636], [78.38521695214959, 30.505404161180383], [78.38505623303574, 30.505477481472923], [78.38489355827107, 30.50554635396166], [78.38373385827107, 30.506105953961658], [78.38354701940786, 30.506207701719294], [78.38335886848397, 30.50630700225709], [78.38277393612034, 30.506653430370324], [78.38218800737242, 30.506725534684094], [78.38195433833596, 30.50676601410841], [78.3817205378017, 30.506805726983306], [78.38171261925386, 30.506807888074416], [78.38170453156339, 30.506809289137472], [78.38147595538442, 30.506872477213086], [78.38124717320626, 30.506934915319356], [78.38123950461237, 30.506937842157633], [78.38123159319451, 30.506940029206486], [78.38101031118637, 30.50702531739782], [78.38078875066199, 30.507109879422238], [78.38078140587481, 30.507113543820626], [78.38077374692085, 30.5071164957928], [78.38056189015074, 30.507223062727792], [78.38034968502859, 30.507328934291994], [78.3803427347824, 30.507333300960347], [78.3803354020523, 30.507336989426722], [78.38013501081672, 30.507463808807533], [78.37993420474815, 30.50758997031048], [78.37992771597766, 30.507594997195376], [78.37992078008956, 30.507599386634023], [78.37973378426591, 30.50774523712047], [78.37954631112287, 30.50789047355814], [78.37954034631842, 30.50789611224797], [78.37953387406878, 30.50790116038616], [78.3793620745295, 30.50806463735781], [78.3791897397804, 30.508227550024433], [78.3783083397804, 30.50914675002443], [78.37826271633297, 30.50919926180351], [78.37821351379466, 30.509248435944226], [78.37705371379467, 30.51052733594423], [78.37696676575644, 30.510633220093567], [78.37687530797947, 30.510735234256654], [78.37681116256165, 30.51082271156744], [78.3767423222881, 30.510906544324968], [78.37666617139, 30.51102044101119], [78.37658515314372, 30.511130928378016], [78.37652989087951, 30.511224271811997], [78.37646959913779, 30.5113144484187], [78.37640497875454, 30.51143526075456], [78.37633518028903, 30.511553157271283], [78.37605669547695, 30.51208102967521], [78.37583553757527, 30.512279483833254], [78.37517865922452, 30.51273831129464], [78.37499822915764, 30.5126193298986], [78.37497930390796, 30.51260936139251], [78.37496134687565, 30.51259773894945], [78.37476227822567, 30.512495047347898], [78.37456409459095, 30.512390657984287], [78.37454428338702, 30.51238259247811], [78.37452527362413, 30.512372786097266], [78.37431709800732, 30.512290101123774], [78.37410963673375, 30.512205639816486], [78.3740891303683, 30.51219955498548], [78.37406925094923, 30.51219165910764], [78.37385397321044, 30.51212977706359], [78.37363923226363, 30.512066057221297], [78.37361822822419, 30.51206201166571], [78.3735976705986, 30.512056102332494], [78.37337736398003, 30.51201561917574], [78.37315741143279, 30.511973254455416], [78.37313611199976, 30.511971287136166], [78.3731150741488, 30.511967421257676], [78.37289186032325, 30.511948726863114], [78.37266881443921, 30.511928125260212], [78.3726474247378, 30.511928255123657], [78.37262610926746, 30.511926469930415], [78.37240213790612, 30.511929744335337], [78.37217814673905, 30.511931104254497], [78.37215687276377, 30.511933330049978], [78.37213548495367, 30.511933642734377], [78.37088298495367, 30.512013542734376], [78.37083476080355, 30.512019005289172], [78.3707862563333, 30.51202065590114], [78.37059107460331, 30.512046608662555], [78.3703954261878, 30.512068770591544], [78.37034796967417, 30.512078933635927], [78.37029986055443, 30.51208533056922], [78.37010816249322, 30.512130289516026], [78.36991562842726, 30.512171521627454], [78.36986939658225, 30.512186287285765], [78.3698221461302, 30.51219736893441], [78.36963577789506, 30.51226090108733], [78.3694482123868, 30.512320806293467], [78.36940365044833, 30.512340032364346], [78.36935771371166, 30.512355692006004], [78.36917847013059, 30.512437185515644], [78.36899767953838, 30.51251518689664], [78.36895521666229, 30.512538688222527], [78.36891103603689, 30.512558775046276], [78.36874064332345, 30.512657445085615], [78.36856836875964, 30.512752791445504], [78.36852841388668, 30.512780341695752], [78.36848641485606, 30.51280466225453], [78.36832651398497, 30.512919558577334], [78.36816441454805, 30.513031331678366], [78.36812735246555, 30.513062665528942], [78.36808793950327, 30.51309098560254], [78.36794007040729, 30.513221001694507], [78.36778970720349, 30.51334812510052], [78.3677558948395, 30.513382940789363], [78.367719447514, 30.513414987639937], [78.3675850342538, 30.513558871374677], [78.36744785536251, 30.513700120818132], [78.3674176183485, 30.51373808305123], [78.36738448766756, 30.51377354804999], [78.36726482471636, 30.513929913748367], [78.36714215124525, 30.514083928920023], [78.36711578078022, 30.514124672100255], [78.36708628581036, 30.514163213699938], [78.3662854913854, 30.51532344759785], [78.3637577147207, 30.515169720620552], [78.36375629170482, 30.51516970403754], [78.36375487707812, 30.515169548858715], [78.36351097339467, 30.51516684523814], [78.36326707129157, 30.515164002942413], [78.36326565350252, 30.515164125919195], [78.36326423047743, 30.515164110145264], [78.36302123625501, 30.515185326284993], [78.3627782300142, 30.5152064042623], [78.362776831106, 30.51520666561455], [78.36277541338707, 30.51520678939742], [78.36253566879378, 30.5152517209744], [78.36229589869733, 30.515296516232326], [78.36229453214227, 30.515296913443066], [78.36229313338285, 30.515297175590653], [78.36205894729027, 30.515365389889176], [78.36182472245517, 30.51543347102496], [78.36182340141387, 30.515434000268854], [78.36182203508487, 30.515434398256513], [78.36159566283673, 30.515525238334064], [78.36136923897254, 30.515615949690677], [78.3613679761674, 30.515616605870807], [78.36136665542725, 30.51561713586571], [78.35997505542724, 30.51625653586571], [78.3598540400424, 30.516319505415698], [78.35973039426672, 30.516377138824254], [78.35963653183714, 30.51643268436252], [78.35953977996502, 30.51648302855518], [78.3594255193975, 30.516557556471568], [78.35930811807198, 30.516627031764816], [78.35922015203049, 30.516691509963053], [78.35912880063886, 30.5167510950765], [78.35902239528049, 30.516836463614638], [78.35891236904395, 30.516917111707603], [78.35883114655157, 30.516989901605555], [78.35874607540431, 30.51705815380254], [78.3586485499968, 30.517153540816796], [78.35854695846213, 30.517244585024194], [78.35847326173591, 30.5173249856153], [78.35839529011463, 30.517401247589905], [78.35830758388093, 30.51750573445121], [78.35821540543016, 30.517606297967536], [78.3581499442099, 30.5176935349501], [78.35807982302389, 30.517777072257875], [78.358002780623, 30.51788965270066], [78.35792090298499, 30.51799876704425], [78.35786430769792, 30.518092000278575], [78.35780271225265, 30.518182008409443], [78.35773707564508, 30.51830159822235], [78.35766628734615, 30.518418212562583], [78.35701678734614, 30.51961711256258], [78.35694882561769, 30.519758744079287], [78.35687590253261, 30.519897886117427], [78.35684274619081, 30.519979812472705], [78.35680451060142, 30.5200594950329], [78.35678571934999, 30.52011109843511], [78.35674357801086, 30.520130958987565], [78.35667315190331, 30.520173039336804], [78.35660012720437, 30.520210428984672], [78.35646265799184, 30.520298811690488], [78.35632236428606, 30.520382638673702], [78.35625640189501, 30.520431419360186], [78.35618739365626, 30.520475786638883], [78.35605924941568, 30.52057721809687], [78.35592784774356, 30.520674392618137], [78.35586698432277, 30.520729403857292], [78.35580265713142, 30.520780321485567], [78.35568507196193, 30.520893824855296], [78.35556382779338, 30.52100341107089], [78.35550864949093, 30.521064123074368], [78.35544962285292, 30.52112110068767], [78.3553437291639, 30.52124558286965], [78.35523381014659, 30.521366525404407], [78.35518484835973, 30.521432353482375], [78.35513169073381, 30.521494842355185], [78.35503850833926, 30.521629104518173], [78.35494097305357, 30.521760238629152], [78.35489869931106, 30.521830548821256], [78.35485192263425, 30.521897947151555], [78.35477234893175, 30.522040696277234], [78.35468813669559, 30.522180759071546], [78.35465295811666, 30.522254874252244], [78.35461301287394, 30.522326532957223], [78.35454781420161, 30.522476394293694], [78.35447773602499, 30.522624036889855], [78.35444999139861, 30.522701243289358], [78.35441726228449, 30.52277647225659], [78.35436706654124, 30.52293200255712], [78.35431184338442, 30.523085674877297], [78.35324350843783, 30.524179515685265], [78.35318095739521, 30.524250187821448], [78.35311425183568, 30.524316952723066], [78.35301844667175, 30.52443379755035], [78.35291830148586, 30.524546944732542], [78.35286297872432, 30.524623407637353], [78.352803138475, 30.52469638933595], [78.351411538475, 30.52657448933595], [78.35131687502083, 30.526716299656247], [78.35121800494511, 30.52685520985969], [78.35118073267141, 30.526920247318465], [78.35113911450193, 30.526982593299767], [78.35105880672035, 30.527132999405453], [78.35097402831184, 30.52728093168061], [78.35094331030001, 30.527349309288013], [78.35090800350824, 30.527415434350246], [78.35084282480697, 30.527572987748435], [78.35077295452821, 30.527728517426507], [78.35074908660955, 30.52779957666871], [78.3507272848126, 30.527852277123426], [78.3506422037923, 30.5278467512874], [78.35043655255973, 30.527830164017736], [78.35039746023341, 30.52783085570023], [78.35035844399168, 30.52782832167615], [78.35015223940692, 30.527835194530088], [78.34994595260457, 30.527838844478385], [78.34990711631526, 30.527843364548268], [78.34986803956959, 30.52784466698665], [78.34966350157373, 30.527871718329642], [78.34945856585622, 30.527895570344892], [78.34942035961858, 30.527903875271427], [78.34938159869941, 30.527909001629073], [78.3491806971051, 30.52795597094192], [78.34897908611552, 30.527999795316155], [78.34894187787656, 30.528011805118336], [78.34890380607266, 30.52802070602564], [78.34870847567211, 30.528087140968186], [78.34851213103444, 30.528150515648722], [78.34847627912973, 30.528166114665623], [78.34843926309351, 30.528178704401952], [78.34825138502545, 30.528263965169312], [78.3480621976457, 30.528346279823403], [78.34802804734875, 30.52836531782795], [78.3479924435648, 30.528381475147274], [78.34781382719747, 30.528484740631768], [78.3476336190538, 30.528585202524177], [78.34760149925066, 30.528607496169943], [78.34756765060285, 30.528627065468477], [78.34740001610959, 30.528747341167016], [78.34723052270483, 30.52886498279483], [78.3472007427267, 30.528890317381887], [78.34716897519611, 30.528913110196523], [78.3470139369889, 30.529049237788236], [78.34685679063702, 30.52918292619841], [78.3468296372814, 30.52921105774078], [78.34680025680666, 30.529236854564306], [78.34665930798803, 30.529387523066198], [78.34651602209448, 30.529535970766133], [78.346491756863, 30.529566628341744], [78.34646504639417, 30.529595180736596], [78.34633954437838, 30.529758939128513], [78.34621149886453, 30.529920716485822], [78.34619035544469, 30.52995360484539], [78.34616657221814, 30.529984637836463], [78.34605772565806, 30.530159909035806], [78.34594615367239, 30.53033345804587], [78.34592833568684, 30.53036826045657], [78.34590770874807, 30.53040147517914], [78.34581656589587, 30.530586571227886], [78.34572254193726, 30.53077022051943], [78.34442364193727, 30.53364712051943], [78.34437404403009, 30.533773120231615], [78.34431894979329, 30.533896815441395], [78.34428423521935, 30.534001272686986], [78.34424391716244, 30.53410369764512], [78.34420690821426, 30.53423395207911], [78.34416420352196, 30.534362451842355], [78.34376845702056, 30.535782646490233], [78.34338550663558, 30.536123097131494], [78.3432299514966, 30.53627569542609], [78.34307272940815, 30.53642657569541], [78.34305485648918, 30.53644746216873], [78.343035232692, 30.536466712950165], [78.34289538384223, 30.536633823511867], [78.3427537076734, 30.53679938771124], [78.34207304378644, 30.537678741056602], [78.34136207982135, 30.538597194505176], [78.34122251935352, 30.538797022740923], [78.34108283088185, 30.538996761510813], [78.3410820450148, 30.53899815949338], [78.34108112674792, 30.53899947430447], [78.34096182489331, 30.539212019632025], [78.34084238688365, 30.539424488468253], [78.34084174182705, 30.53942595674754], [78.34084095685587, 30.5394273552334], [78.3407430625594, 30.539650570719406], [78.34064502526223, 30.539873723436596], [78.34064452722826, 30.539875247872438], [78.34064388311256, 30.53987671656472], [78.34060789705534, 30.5399871061049], [78.34052090259752, 30.540050330047976], [78.34040920209287, 30.540140205669545], [78.34029392596797, 30.540225446769394], [78.34021816777759, 30.540293914266304], [78.34013861009868, 30.540357927368714], [78.3400362568139, 30.54045831877864], [78.3399298908639, 30.540554448455403], [78.3390484908639, 30.541433348455403], [78.33891728405305, 30.541577700327235], [78.33878319814418, 30.541719381868017], [78.33875233171622, 30.541759178548016], [78.33871845649278, 30.541796447588247], [78.33860203043635, 30.541952964882658], [78.33848247740717, 30.54210710690554], [78.33845566036624, 30.5421497373927], [78.33842560126604, 30.542190147324792], [78.33832507721051, 30.54235732269473], [78.33822120842211, 30.54252244072771], [78.33819869903104, 30.54256749446701], [78.33817274553957, 30.54261065612135], [78.33808909158645, 30.54278687957685], [78.33800190735217, 30.542961383442773], [78.33798392238864, 30.543008426542162], [78.33796232445226, 30.543053924248344], [78.33789634623504, 30.543237498660787], [78.3378266861865, 30.543419707792435], [78.33781339885554, 30.54346828720121], [78.33779636447422, 30.543515682791387], [78.33774869739914, 30.543704840238817], [78.33769723240074, 30.543892999862667], [78.33768877066665, 30.543942647734514], [78.33767646389073, 30.543991484763296], [78.3376475670177, 30.544184403556468], [78.33761479270562, 30.5443767015921], [78.33761123805951, 30.54442693979078], [78.33760377740998, 30.544476747930975], [78.3375939290317, 30.544671570156492], [78.33758016104045, 30.544866154668664], [78.3375815477155, 30.54491649937289], [78.3375790050425, 30.54496679894485], [78.33758830000426, 30.545161648357755], [78.33759367092709, 30.545356645391667], [78.33759998556889, 30.54540661175462], [78.33760238535974, 30.545456918345767], [78.3376307341459, 30.545649918439477], [78.33765519225797, 30.54584345006732], [78.33766637405306, 30.54589255688549], [78.33767369319646, 30.54594238601597], [78.33772082279276, 30.54613167809464], [78.33776413254904, 30.54632188050048], [78.33778007381059, 30.546369654848252], [78.33778096973356, 30.546373253247868], [78.33770496624831, 30.546409095644936], [78.33756661157794, 30.54646802161505], [78.33748319205652, 30.54651368188353], [78.33739717857158, 30.546554244884955], [78.33726810605036, 30.54663141073908], [78.33713619335063, 30.546703614093676], [78.33705765100594, 30.546757231038423], [78.33697602756885, 30.546806029513732], [78.33685514014347, 30.54689547511259], [78.33673093980576, 30.546980260493914], [78.33665803104356, 30.54704131775442], [78.3365815837326, 30.54709788174764], [78.33647004561494, 30.547198745681303], [78.33635475375652, 30.547295296559696], [78.336288180728, 30.547363206121176], [78.3362176457726, 30.547426990890116], [78.3361165311359, 30.547538301783607], [78.33601125808019, 30.54764568832149], [78.33595166191996, 30.547719796177827], [78.33588771861037, 30.547790187440214], [78.33579800124382, 30.547910873308766], [78.33570376082791, 30.548028061315094], [78.33565171547961, 30.548107653767072], [78.3355949796248, 30.548183973616613], [78.33551752355555, 30.54831287218952], [78.33543522336633, 30.548438733079543], [78.33539123005522, 30.548523043608174], [78.33534224805237, 30.548604557043166], [78.33478554805237, 30.549643257043165], [78.33475992899544, 30.549697266699784], [78.33473037245497, 30.54974922620318], [78.33465483056725, 30.54991883340434], [78.33457525783629, 30.550086587271565], [78.33455505601424, 30.550142847963556], [78.3345307347185, 30.55019745431538], [78.33447218099843, 30.55037364921136], [78.33440943418628, 30.550548394789356], [78.33439484415366, 30.55060636469557], [78.33437599233007, 30.550663092006737], [78.33433499068201, 30.550844177744377], [78.33428967407477, 30.5510242321377], [78.33428083634158, 30.55108335297628], [78.33426763554348, 30.55114165493174], [78.33424458083573, 30.551325887556228], [78.33421713085706, 30.551509516742808], [78.3342141305355, 30.551569219147687], [78.3342067078938, 30.551628534267817], [78.33420182215578, 30.55181413951852], [78.334192503164, 30.551999575048647], [78.3341953691488, 30.55205928405308], [78.33419379614762, 30.552119041100795], [78.3342389, 30.554099527929402], [78.3342389, 30.5558802], [78.33424452113712, 30.555994620874642], [78.33424414589595, 30.556109179125812], [78.33425655209808, 30.55623951671122], [78.33426297636663, 30.55637028570165], [78.33427978564336, 30.556483604640732], [78.33429064088126, 30.556597648042665], [78.33431576266156, 30.5567261419966], [78.33433497359798, 30.556855651610082], [78.3343628091318, 30.55696677729025], [78.3343847903069, 30.557079207542667], [78.33442238572889, 30.557204620398068], [78.33445419832134, 30.557331623386272], [78.33449279204082, 30.557439485606427], [78.3345256874624, 30.55754921994459], [78.33453534784489, 30.5575727599656], [78.33384669836116, 30.55759345656244], [78.3338455303109, 30.55759354918628], [78.33384435879606, 30.55759352742358], [78.33360096248018, 30.55761294288228], [78.33335755710326, 30.557632244398224], [78.33335640375618, 30.557632451065004], [78.33335523574941, 30.55763254423563], [78.3331149145048, 30.557675723213766], [78.33287457306695, 30.557718789687296], [78.33287344553042, 30.557719108406708], [78.33287229228026, 30.557719315613372], [78.33263736052712, 30.557785842274352], [78.33240239765253, 30.55785225895121], [78.3324013067854, 30.557852686653792], [78.33240017939822, 30.557853005900995], [78.33217289965138, 30.55794223955943], [78.33194557816736, 30.558031366807995], [78.33194453447527, 30.558031899374733], [78.33194344380843, 30.558032327587956], [78.33172600490565, 30.55814340887179], [78.3315085140328, 30.558254388351074], [78.331507527567, 30.558255020653107], [78.3315064841243, 30.558255553708378], [78.3314399054432, 30.55829379681984], [78.32942022683487, 30.559453140126323], [78.32940652692096, 30.559461924966936], [78.32939208033746, 30.559469418783568], [78.32920003194975, 30.55959433641283], [78.32900717528977, 30.559718002519794], [78.32899440240972, 30.559728087885325], [78.32898075991285, 30.559736961630044], [78.32880188035922, 30.559880101780713], [78.32862207375514, 30.560022075659706], [78.32861035091864, 30.560033364422672], [78.32859764389326, 30.560043532636364], [78.32843365588255, 30.560203516789656], [78.32826863096928, 30.560362431155497], [78.32825807107366, 30.560374814598937], [78.32824642189536, 30.560386179356147], [78.32694752189536, 30.56178417935615], [78.3269423584646, 30.561790314807617], [78.32693663648888, 30.561795932972558], [78.32549853648888, 30.56335373297256], [78.32540691060501, 30.563463318294886], [78.32531086557769, 30.56356905191377], [78.32524963237304, 30.563651424373845], [78.32518379544459, 30.563730165890128], [78.32510335200436, 30.563848204436223], [78.325018133167, 30.56396284297782], [78.32496526872993, 30.56405082069565], [78.32490746684256, 30.564135636197413], [78.32483898056024, 30.564260991191585], [78.32476540861688, 30.56438343062404], [78.32472142206083, 30.564476166326077], [78.3246722118783, 30.564566238993706], [78.32461634231419, 30.564697703198878], [78.32455512580289, 30.56482676436348], [78.32452044074246, 30.564923364954144], [78.32448029618568, 30.565017827338686], [78.3244375813942, 30.565154134682786], [78.32438930986346, 30.56528857464988], [78.32436426033476, 30.565388109812638], [78.32433356801776, 30.565486052189723], [78.32430441936576, 30.565625889958454], [78.32426955769675, 30.565764413997726], [78.32396065769674, 30.567308413997726], [78.32393291231905, 30.567494040479936], [78.3239008892114, 30.567678977002803], [78.32389666048732, 30.56773657817649], [78.3238881225816, 30.567793699813983], [78.32387870538243, 30.56798115197639], [78.3238649634239, 30.568168336792922], [78.32385493534359, 30.568582724997384], [78.3236472911447, 30.570311246422758], [78.32364606879426, 30.570328563894158], [78.3236432737118, 30.570345697967664], [78.32362879734528, 30.570573254625923], [78.32361274277645, 30.570800705385945], [78.32361322372098, 30.570818059280334], [78.3236121215305, 30.570835384814526], [78.32362001932452, 30.571063264656324], [78.32362633613592, 30.571291193802697], [78.32362851574369, 30.571308416992622], [78.32362911705987, 30.5713257671331], [78.32365931295428, 30.57155177555194], [78.32368794031163, 30.571777988001436], [78.3236917975918, 30.571794914618], [78.32369409662364, 30.57181212227359], [78.3237462998155, 30.57203408268504], [78.32379696202167, 30.57225639988792], [78.32380245982655, 30.57227286691867], [78.32380643443311, 30.572289766370126], [78.32388014217707, 30.572505541173815], [78.3239523513274, 30.572721822094152], [78.32395943671011, 30.57273767095252], [78.32396504861376, 30.572754099448947], [78.324059551064, 30.572961610615675], [78.32415261174485, 30.573169772349864], [78.32416121646928, 30.573184850402704], [78.32416841162431, 30.573200649728676], [78.32428279867096, 30.57339789881316], [78.32439581465674, 30.573595936649216], [78.32440585585462, 30.57361009868654], [78.32441456496782, 30.573625116686006], [78.32454773500089, 30.573810204071204], [78.32467961788605, 30.57399621079704], [78.32469099885526, 30.57400932043083], [78.32470113805303, 30.57402341247211], [78.32485180857194, 30.574194555664835], [78.32500128825257, 30.574366739934487], [78.32501389938813, 30.574378670911756], [78.32502537102447, 30.574391701280828], [78.32519209099017, 30.57454725207909], [78.32535772789481, 30.574703955663406], [78.32537144774453, 30.57471459308228], [78.32538414134136, 30.574726436289605], [78.32540301381933, 30.574740860198034], [78.32539701718268, 30.57474845471949], [78.32533762318194, 30.57484107832938], [78.32527330088497, 30.574930349951707], [78.32520526989305, 30.57504748031012], [78.32513215270237, 30.575161504926434], [78.32508212340137, 30.575259504158367], [78.32502686098294, 30.575354650601103], [78.32497063836158, 30.5754778851482], [78.32490904961702, 30.57559852744267], [78.32486886682527, 30.5757009585105], [78.3248231964927, 30.575801063461363], [78.32477932369652, 30.575929215380995], [78.3247298565313, 30.576055313502465], [78.32469990723102, 30.57616118993907], [78.32466426881462, 30.5762652893326], [78.32463316836264, 30.576397124451677], [78.3245962991726, 30.576527464006357], [78.32457687179192, 30.576635766163736], [78.3245516085091, 30.57674285746591], [78.32453357991567, 30.576877106140245], [78.32450966377128, 30.57701043188689], [78.3245009454065, 30.577120116756184], [78.3244863005565, 30.5772291686191], [78.32432970055649, 30.5790800686191], [78.32432336127923, 30.579259479890432], [78.3243122961375, 30.579438661790665], [78.32431470205665, 30.579504549173304], [78.32431237390806, 30.57957043934992], [78.32431237493165, 30.579570455613208], [78.32430524199796, 30.579578535565197], [78.32427457657869, 30.579608057821087], [78.32414293129109, 30.57976239577982], [78.32400867944443, 30.57991447184318], [78.32398377191802, 30.57994899063029], [78.32395614784822, 30.579981376465152], [78.32384026423381, 30.58014787473937], [78.32372156490756, 30.5803123774967], [78.32279166490756, 30.5817442774967], [78.3227334129837, 30.5818444130661], [78.32267004987605, 30.58194139520646], [78.32261012187895, 30.582056351559373], [78.32254493447992, 30.58216840927159], [78.32249677805711, 30.582273772347943], [78.32244322597226, 30.58237649816331], [78.32239485423784, 30.582496774940847], [78.32234096431044, 30.582614682547007], [78.32230336716141, 30.58272425842619], [78.32226014183514, 30.582831738610903], [78.32222379220967, 30.58295617748182], [78.32218171874332, 30.583078799467348], [78.32215504294913, 30.583191532873908], [78.32212256066502, 30.58330273233487], [78.32209858321521, 30.583430134884935], [78.32206873140046, 30.58355629033296], [78.32205323386366, 30.583671095582368], [78.32203180744378, 30.583784943408183], [78.32183748299396, 30.585195121596954], [78.32154001900784, 30.5865106616864], [78.32151961858925, 30.586627206080983], [78.32149331976197, 30.58674256267898], [78.32117091976197, 30.588565362678985], [78.32116088900656, 30.58864456735167], [78.32114563631274, 30.588722934127503], [78.32103388348521, 30.589498310507327], [78.3209884293977, 30.58964411172547], [78.32067057697621, 30.5901310693051], [78.32031079385865, 30.59061635673619], [78.31939787246262, 30.591634664526882], [78.31928888552653, 30.59176894526428], [78.31917605202328, 30.591900010397733], [78.3191343538024, 30.59195934087146], [78.31908865389175, 30.592015646864823], [78.31899335357153, 30.592159963591442], [78.31889391002191, 30.592301457227908], [78.31885822799273, 30.592364589149533], [78.3188182670921, 30.592425103388724], [78.3187375711818, 30.592578066255744], [78.3186524752817, 30.59272862573401], [78.3178622752817, 30.594302325734013], [78.31781937322882, 30.594399368068032], [78.31777113080912, 30.594493869229957], [78.31772023074585, 30.594623623489465], [78.31766387295116, 30.594751102049813], [78.3176306892955, 30.594851882234877], [78.31759194190984, 30.594950656932028], [78.31755400508571, 30.595084775468088], [78.31751041375318, 30.595217164214066], [78.31748726807146, 30.595320711681946], [78.31745838887838, 30.59542280865995], [78.31703568887838, 30.597256408659952], [78.31700382011432, 30.597434077383443], [78.31696734971526, 30.597610858896687], [78.3169605249394, 30.597675448478057], [78.31694905790344, 30.597739377334477], [78.3169347571764, 30.597919314219702], [78.31691579001067, 30.59809881920578], [78.31691532898404, 30.598163766715714], [78.31691018328868, 30.59822851170325], [78.31691358832248, 30.5984089838595], [78.31691230705424, 30.598589483587414], [78.31691821421677, 30.59865416354582], [78.31691943941787, 30.598719101134918], [78.31694051742016, 30.598898370516697], [78.31695693438874, 30.59907812667537], [78.31721299818278, 30.60089303666129], [78.31704754525039, 30.600889207689605], [78.31680869127231, 30.60088306695192], [78.31680228760078, 30.60088353184825], [78.31679586879467, 30.600883383301916], [78.31655760823091, 30.600901295179977], [78.31631930250286, 30.600918595795477], [78.31631297523457, 30.600919686122776], [78.31630657277668, 30.60092016744475], [78.31607121517348, 30.600961346691378], [78.31583575270975, 30.601001922045636], [78.31582956277975, 30.601003627303452], [78.31582323832924, 30.601004733858346], [78.31443583832925, 30.601318333858345], [78.31439534463412, 30.601329601267704], [78.31435406905835, 30.601337539825494], [78.31415906640768, 30.60139534590998], [78.3139631202273, 30.601449868121907], [78.31392392591965, 30.601465050351802], [78.31388362721178, 30.60147699639717], [78.31369522953936, 30.6015536377317], [78.3135055710046, 30.601627103488568], [78.31346805354697, 30.60164605432585], [78.31342911980565, 30.60166189281183], [78.313249141484, 30.60175663129846], [78.31306759711028, 30.601848333084867], [78.31303211781636, 30.60187087002258], [78.31299492399472, 30.601890448415922], [78.31282509831328, 30.602002371671347], [78.31265341647234, 30.602111426348852], [78.31262031702715, 30.60213733234395], [78.31258522132201, 30.602160462094044], [78.31242718379487, 30.60228849223622], [78.31226701787678, 30.60241384954857], [78.31223661704604, 30.602442875112164], [78.31220395744825, 30.602469333466864], [78.31205923006345, 30.602612237495343], [78.31191212255325, 30.602752690183284], [78.31188471311356, 30.60278455578337], [78.31185480415293, 30.60281408793422], [78.31172478071421, 30.602970489605188], [78.31159214833777, 30.603124685032455], [78.31156799425702, 30.603159083785837], [78.31154112397317, 30.60319140532213], [78.31142705667747, 30.603359798401804], [78.3113101767569, 30.603526251582334], [78.31128951065206, 30.603562852210313], [78.31126593782058, 30.60359765185788], [78.31060233782057, 30.60468905185788], [78.31053508768115, 30.604812972034324], [78.31046272001778, 30.604933974979392], [78.31041813567478, 30.605028476617466], [78.31036829588822, 30.60512031516526], [78.31031351587797, 30.605250230298438], [78.31025335704729, 30.605377743852763], [78.31021825017042, 30.605476160469387], [78.31017765212786, 30.605572441942865], [78.31013586980816, 30.605707100879133], [78.31008849917265, 30.605839897017376], [78.3100632078603, 30.605941280806814], [78.31003224254313, 30.606041077962665], [78.31000386030057, 30.60617918386282], [78.30996973406533, 30.606315983685615], [78.3099545018867, 30.606419358266464], [78.3099334675078, 30.606521710003616], [78.30991875867889, 30.606661932832488], [78.30989820549824, 30.606801418882608], [78.3098931791475, 30.60690578870111], [78.30988227827947, 30.607009709316415], [78.30988138451828, 30.607150698651395], [78.30987460233057, 30.60729152760204], [78.30987983021423, 30.607395887519825]]], [[[78.54693222712497, 30.460019248544413], [78.54853972709249, 30.45910630312856], [78.55026052253591, 30.458748262085557], [78.55071737575447, 30.458630470237182], [78.5511610928303, 30.458470142636656], [78.55356429283029, 30.457471242636657], [78.55401128484341, 30.457258929561934], [78.55443510070516, 30.45700347150899], [78.55623032182156, 30.45579639488175], [78.55724077870588, 30.45534106587531], [78.5588148373006, 30.4550087829144], [78.55945465499846, 30.454828559229146], [78.56164335499847, 30.454051659229144], [78.5620515743554, 30.453886168748596], [78.56244364439452, 30.453685392188877], [78.56281652217965, 30.45345088781817], [78.56316731372956, 30.453184475673126], [78.56436891372957, 30.452185475673126], [78.56470648769569, 30.451877679524856], [78.5650145598538, 30.451540357428215], [78.56529055848344, 30.451176325275895], [78.5655321796071, 30.45078862193043], [78.56556543480353, 30.450722486688946], [78.56583863340562, 30.45052218058499], [78.5662040016057, 30.45019465998295], [78.56653550782522, 30.44983290413599], [78.56682995947807, 30.449440396950674], [78.56708452083386, 30.44902091848576], [78.56729674032759, 30.448578508548177], [78.56746457416952, 30.44811742778747], [78.56758640602798, 30.447642116663413], [78.56766106259562, 30.447157152681967], [78.56768782488885, 30.446667206311382], [78.56766643517216, 30.446176996003032], [78.56759709944022, 30.445691242750172], [78.56748048543402, 30.44521462462216], [78.56731771621021, 30.444751731712113], [78.56711035932537, 30.444307021931806], [78.56686041173967, 30.44388477807952], [78.56657028058498, 30.443489066594378], [78.56624275998296, 30.4431236983943], [78.56588100413599, 30.442792192174778], [78.56548849695068, 30.44249774052193], [78.56506901848576, 30.442243179166134], [78.56462660854818, 30.442030959672408], [78.56416552778747, 30.441863125830487], [78.56369021666342, 30.44174129397201], [78.56320525268197, 30.44166663740438], [78.56271530631138, 30.441639875111154], [78.56222509600303, 30.441661264827843], [78.56173934275017, 30.441730600559787], [78.56126272462215, 30.44184721456598], [78.56079983171212, 30.442009983789795], [78.55971353171212, 30.442452983789796], [78.55928299132518, 30.442652895507464], [78.55887334899593, 30.44289273479063], [78.55848829690805, 30.443170339922553], [78.55813130560868, 30.443483208795772], [78.5578055927278, 30.443828521464066], [78.5575140939771, 30.44420316555917], [78.55725943668986, 30.444603764343125], [78.55704391614027, 30.44502670714346], [78.55702265088296, 30.445080525104355], [78.5564234506957, 30.445293216942193], [78.55464656269939, 30.4456683170856], [78.55412686200962, 30.44580761284733], [78.55362513806222, 30.446001945543443], [78.55173683806223, 30.446852845543443], [78.55136033880292, 30.44704197370528], [78.55100109929484, 30.447262128491012], [78.54926747004811, 30.448427791776112], [78.54776002680372, 30.449054366783116], [78.5457343774641, 30.44947583791444], [78.54523271161585, 30.449607699959408], [78.54474740641335, 30.449790825824937], [78.54428368483197, 30.450023244664894], [78.54199378483196, 30.451323744664897], [78.54063586164692, 30.452094957832433], [78.54022159845034, 30.45235792108149], [78.53983510494997, 30.4526602229845], [78.5394801032895, 30.45299895220888], [78.53916001232898, 30.453370846607033], [78.53887791471932, 30.453772324632606], [78.53863652721473, 30.454199519832745], [78.53843817450884, 30.45464831808414], [78.53828476684663, 30.455114397214295], [78.53817778162775, 30.455593268626398], [78.53811824917834, 30.45608032052698], [78.53810674282843, 30.456570862339976], [78.53814337339047, 30.457060169879583], [78.5382277880921, 30.457543530846706], [78.53835917397363, 30.458016290211], [78.53853626571717, 30.458473895041347], [78.53875735783244, 30.458911938353086], [78.5390203210815, 30.459326201549658], [78.5393226229845, 30.459712695050026], [78.53966135220888, 30.460067696710503], [78.54003324660704, 30.46038778767103], [78.54043472463262, 30.460669885280684], [78.54086191983275, 30.460911272785268], [78.54131071808415, 30.46110962549116], [78.5417767972143, 30.461263033153372], [78.54225566862641, 30.461370018372254], [78.54274272052699, 30.461429550821663], [78.54323326233998, 30.461441057171573], [78.54372256987959, 30.46140442660954], [78.54420593084672, 30.4613200119079], [78.544678690211, 30.461188626026377], [78.54513629504136, 30.461011534282836], [78.54557433835309, 30.460790442167568], [78.54693222712497, 30.460019248544413]]], [[[78.51187730092164, 30.298639421401585], [78.51189283201198, 30.29877836828039], [78.51180561094176, 30.300190448544623], [78.51179791012294, 30.300633228631995], [78.51182941780618, 30.301074953404086], [78.51189988682825, 30.301512157733104], [78.51200876439202, 30.30194141195206], [78.51215519640307, 30.302359348758912], [78.51292769640308, 30.304286148758912], [78.51305012529242, 30.304566384470707], [78.51314096794783, 30.304758113751962], [78.5131072248419, 30.304831727832283], [78.5129382719724, 30.305335763812604], [78.5124925719724, 30.306944663812605], [78.51238218795164, 30.307439365475354], [78.51232245626368, 30.30794270084329], [78.51231399074564, 30.308449497352917], [78.51235687839409, 30.30895454687205], [78.51245067847087, 30.309452659221588], [78.51259442703251, 30.309938715512764], [78.51278664683618, 30.3104077207518], [78.5130253625207, 30.310854855171335], [78.51330812090652, 30.311275523761104], [78.51363201620595, 30.31166540348893], [78.51399371988477, 30.31202048772667], [78.51438951486811, 30.312337127424634], [78.51469440614306, 30.31255665615966], [78.51471960890827, 30.31285616007335], [78.51478966940853, 30.31336910607174], [78.51491239442953, 30.313872057998054], [78.51508646825069, 30.314359623763615], [78.51531002464698, 30.314826576232978], [78.51558066689644, 30.315267909263422], [78.51589549347526, 30.315678891375242], [78.51625112916454, 30.316055116477365], [78.51664376123576, 30.316392551104546], [78.51706918032644, 30.316687577659685], [78.51718368217459, 30.316758498755707], [78.51715318853752, 30.316863593562374], [78.51706208499195, 30.31736055835313], [78.51678688499194, 30.31945315835313], [78.5167465135311, 30.31995301463399], [78.51675641602868, 30.320454400809417], [78.51681649287106, 30.32095227321212], [78.51692613971845, 30.321441623521434], [78.5170842535843, 30.321917529144212], [78.51728924393066, 30.322375202733426], [78.51729479246103, 30.32238609142965], [78.51729465927296, 30.322395145969306], [78.51730005927297, 30.323504145969306], [78.51730454753704, 30.323588419489365], [78.51667808671168, 30.32415778997256], [78.51629512747864, 30.324546036619115], [78.51595672813114, 30.32497368029596], [78.51574498285771, 30.325273527517187], [78.51561327834118, 30.32538249381777], [78.51543087834118, 30.325549193817768], [78.51510493717986, 30.32587593486202], [78.51481051164174, 30.32623133738474], [78.51480636744935, 30.326237401431566], [78.51448118941993, 30.326579708877563], [78.51416759144942, 30.32698628555159], [78.51404579144942, 30.32716218555159], [78.5138103309945, 30.327536593734706], [78.51360887898409, 30.327930345180302], [78.51350221839829, 30.328194003632372], [78.51331971684765, 30.32853495552077], [78.51313167529523, 30.328988170746626], [78.51298896207466, 30.32945763491253], [78.51289295159229, 30.329938826821923], [78.51284456848154, 30.330427112333673], [78.51284427869822, 30.330917788991375], [78.5128920850331, 30.33140613131059], [78.51298752708506, 30.331887436287825], [78.51312968569492, 30.332357068693042], [78.5133171917976, 30.33281050570945], [78.5135482396068, 30.33324338049071], [78.51382060400584, 30.33365152421604], [78.51413166197665, 30.33403100623826], [78.51447841786093, 30.33437817193804], [78.51485753220997, 30.33468967791992], [78.51526535394534, 30.334962524211], [78.51569795552076, 30.33519408315235], [78.51615117074662, 30.33538212470478], [78.51662063491253, 30.33552483792534], [78.51710182682193, 30.33562084840771], [78.51759011233368, 30.33566923151846], [78.51808078899138, 30.335669521301778], [78.51856913131058, 30.335621714966894], [78.51905043628783, 30.33552627291495], [78.51952006869304, 30.33538411430508], [78.51997350570946, 30.335196608202402], [78.52040638049071, 30.334965560393197], [78.52081452421605, 30.33469319599416], [78.52119400623826, 30.33438213802335], [78.52154117193804, 30.334035382139067], [78.52185267791992, 30.333656267790033], [78.522125524211, 30.33324844605467], [78.52215026569107, 30.33320722261912], [78.52229773799715, 30.33306603406088], [78.52260328664804, 30.33271326352537], [78.52276981059083, 30.332480212214342], [78.52301758893122, 30.332231575611633], [78.52332627673003, 30.33185464518256], [78.52358007673003, 30.33151194518256], [78.52364627186886, 30.33142041970404], [78.52380928577513, 30.331189579761187], [78.52475251328833, 30.33033231002744], [78.52510725854452, 30.329975703394098], [78.52542437923924, 30.329585258836293], [78.52570066595266, 30.329164927847984], [78.52632098036352, 30.328109063776868], [78.52674610899331, 30.327453814026764], [78.52698930949084, 30.3270360350568], [78.52719102880958, 30.32659672301942], [78.52734938139236, 30.32613998435314], [78.52746288704944, 30.325670088390662], [78.52753048479468, 30.325191427451603], [78.52755154276286, 30.324708475785574], [78.52752586411613, 30.324225747749466], [78.52745368888382, 30.323747755609798], [78.52729757965594, 30.322970559986395], [78.52729501742571, 30.32244435381787], [78.52732976143552, 30.321431397227897], [78.52732154000395, 30.320926120657926], [78.52726235816958, 30.320424254625422], [78.52715282046776, 30.31993092563177], [78.52704938364029, 30.319618381460177], [78.5278859306119, 30.318485905090427], [78.52813470978683, 30.3181156280542], [78.52834949635954, 30.317724651213954], [78.52852858066193, 30.317316086685306], [78.52869027196941, 30.31689732189711], [78.52885639646925, 30.317302570013997], [78.52897349646926, 30.317552570013998], [78.52906011619073, 30.317716842081396], [78.52919491928448, 30.318070806173036], [78.52926271928447, 30.318225106173035], [78.52951852761697, 30.318728115134654], [78.52965554134197, 30.31893570269916], [78.52975463194778, 30.319181333367823], [78.53016743194777, 30.320106833367824], [78.53042907593758, 30.320613591841227], [78.53074672640682, 30.321087258292593], [78.53111625057389, 30.32152167009919], [78.53128885057389, 30.32170257009919], [78.5316625298, 30.322055905534384], [78.53207052684942, 30.32236898779428], [78.53250852540558, 30.32263850469281], [78.53250990654058, 30.32263916967755], [78.53285242987938, 30.322991217261713], [78.53324532426902, 30.323319882271083], [78.53366978352271, 30.32360662437078], [78.53412135274213, 30.323848434068385], [78.53435627151202, 30.323944762704837], [78.534663208882, 30.32420006688435], [78.5350610816071, 30.324470826462], [78.53548314235886, 30.324702079950825], [78.53592548093933, 30.32489168489405], [78.53638399928585, 30.325037884689444], [78.53685444943768, 30.325139324863414], [78.53733247289146, 30.325195065619603], [78.53787037289146, 30.325231665619604], [78.53832211217534, 30.325241938438374], [78.53877293421056, 30.32521138677798], [78.5392186218505, 30.325140345478186], [78.53927934954375, 30.32518799889951], [78.53968350782726, 30.325446674779993], [78.54011060149082, 30.325665416938314], [78.54055669687997, 30.32584221069682], [78.541017685329, 30.325975427734573], [78.5414893210028, 30.326063841084668], [78.54196726000234, 30.32610663643494], [78.54244710037311, 30.326103419628], [78.5429244226485, 30.32605422029157], [78.54293524069887, 30.326052041799], [78.54321595211317, 30.3261195519421], [78.54365250157399, 30.3261845098304], [78.5440930786031, 30.326210717470506], [78.54453425031315, 30.326197970657766], [78.54540215031315, 30.326134470657763], [78.54593851386021, 30.32606591077327], [78.54628813033756, 30.326001845682086], [78.54677361512329, 30.326067541070113], [78.5472945685053, 30.326107846804483], [78.54729765697765, 30.326108985374674], [78.5474333773042, 30.326144442394654], [78.54753563137731, 30.326205482361914], [78.54788606296945, 30.326379075025002], [78.54824355301447, 30.326539071223547], [78.54843116524948, 30.32662549833887], [78.548885996864, 30.326808558780986], [78.54935657070554, 30.32694619301617], [78.54983836205747, 30.327037077647635], [78.55032673834326, 30.327080338790847], [78.55081700367013, 30.327075560476203], [78.5513044439816, 30.327022788648712], [78.55178437238462, 30.32692253072622], [78.55225217421545, 30.326775750720422], [78.55270335141125, 30.3265838599676], [78.55313356576029, 30.32634870355815], [78.55353868061528, 30.326072542595476], [78.55391480066848, 30.325758032454754], [78.55425830940636, 30.325408197250667], [78.55456590388359, 30.325026400759565], [78.55483462648175, 30.32461631407572], [78.55506189334791, 30.32418188031255], [78.55524551923911, 30.32372727668838], [78.55538373853423, 30.323256874361125], [78.55547522221094, 30.32277519639824], [78.55551909062468, 30.322286874285993], [78.55551492196678, 30.32179660339626], [78.55546275632017, 30.321309097839013], [78.55536309527409, 30.32082904513469], [78.55521689710108, 30.320361061142183], [78.55502556754291, 30.319909645675896], [78.55479094629393, 30.319479139238595], [78.5545152893118, 30.319073681286113], [78.55420124712575, 30.318697170425164], [78.55385183935093, 30.318353226927], [78.55347042565384, 30.318045157917357], [78.55306067344804, 30.317775925577397], [78.55262652263087, 30.317548118661392], [78.55260862263087, 30.317539818661395], [78.55260795401978, 30.317539547655166], [78.55240293475052, 30.31744510166113], [78.55235343703055, 30.317422624975], [78.55232891053477, 30.31741164803692], [78.55187876130455, 30.31711846710365], [78.55146995646457, 30.316879001200846], [78.55104032163419, 30.316679303358324], [78.55059371433809, 30.316521166585666], [78.55013414449022, 30.316406010731686], [78.54997867447602, 30.316382398119515], [78.54970776560442, 30.316293701037072], [78.54921210906896, 30.31615917533192], [78.5487052674259, 30.3160762047627], [78.54819258831209, 30.31604566474382], [78.54767948095494, 30.316067877500046], [78.54765003611958, 30.316070672658878], [78.5473168887392, 30.31599487216029], [78.5468487318041, 30.3159340162939], [78.54637692212059, 30.315917585381165], [78.54590566585975, 30.315945725903234], [78.54587136533384, 30.31595105375916], [78.54554719955104, 30.315946300739995], [78.54505605254884, 30.315987632288767], [78.54457136124135, 30.316077119780243], [78.54445220822299, 30.316111536111748], [78.54410946693942, 30.316055465695992], [78.5439530293635, 30.316036154524834], [78.54388078876254, 30.31599076619872], [78.5434290614271, 30.315766907228674], [78.54295708726785, 30.31558967625777], [78.54246966475968, 30.315460875160845], [78.54183256475969, 30.315326475160845], [78.54131933321223, 30.3152457916451], [78.5408005, 30.3152188], [78.54065695394554, 30.3152188], [78.53991443461824, 30.31510520463439], [78.53947329095524, 30.315057631794243], [78.53929333525956, 30.31505427429023], [78.53894916985614, 30.314711168415258], [78.53874758335343, 30.314549466723193], [78.53872420645325, 30.31425690622337], [78.53863170645324, 30.31354940622337], [78.53851527000693, 30.312948145536645], [78.53833069037967, 30.312379467617795], [78.53832978983168, 30.312361740828898], [78.53824999569309, 30.311849409864788], [78.53811757257648, 30.311348097347967], [78.53790665099719, 30.310689931301606], [78.53773734103258, 30.309936183824025], [78.53759330286248, 30.3094240729072], [78.53739567038356, 30.308930164019994], [78.53711677038356, 30.308328164019994], [78.53687147140275, 30.307864210998666], [78.53657889345384, 30.307428525171723], [78.53624225985635, 30.307025906472422], [78.53615470093068, 30.306941103270294], [78.53602814962558, 30.306755336331946], [78.53573264148821, 30.30639788263305], [78.5354052838327, 30.3060693477468], [78.53504889322083, 30.305772558363778], [78.53455699322083, 30.305400158363778], [78.53408948114794, 30.305086013305846], [78.53393568260813, 30.30499480243062], [78.53388138153325, 30.304812667408864], [78.53375105469627, 30.30449442152592], [78.53384490322327, 30.30403929208605], [78.53389620483244, 30.303495723346867], [78.53388793312156, 30.302949801733334], [78.53373773312155, 30.300800701733333], [78.53368103079244, 30.300322287843017], [78.53357854883038, 30.299851551768313], [78.53343123865741, 30.299392863728883], [78.53293773865742, 30.298077563728885], [78.53276001493244, 30.297662030262565], [78.53254549599178, 30.29726424211776], [78.53229593448765, 30.296887449283812], [78.53201336937533, 30.296534730215214], [78.53144916807449, 30.295892258654213], [78.53144352433546, 30.29553180825993], [78.53138779067672, 30.295044307054113], [78.53128454191669, 30.294564616153696], [78.53113477239735, 30.29409735524428], [78.53093992448106, 30.29364702430385], [78.53070187465977, 30.293217960265544], [78.53042291548337, 30.292814295250594], [78.53010573348124, 30.292439916773766], [78.52975338328943, 30.292098430304442], [78.52936925823293, 30.291793124544004], [78.52895705764601, 30.291526939753815], [78.52852075124564, 30.29130243943892], [78.52806454090097, 30.291121785660074], [78.52759282016703, 30.290986718211922], [78.52711013197232, 30.290898537867832], [78.52662112486804, 30.290858093852712], [78.52613050825993, 30.290865775664543], [78.52564300705411, 30.290921509323276], [78.5251633161537, 30.29102475808331], [78.52469605524428, 30.291174527602646], [78.52424572430385, 30.291369375518936], [78.52381666026554, 30.291607425340235], [78.5234129952506, 30.291886384516634], [78.52303861677376, 30.292203566518765], [78.52269713030445, 30.292555916710565], [78.522391824544, 30.292940041767064], [78.52212563975381, 30.29335224235399], [78.52190113943892, 30.29378854875436], [78.52172048566007, 30.294244759099023], [78.52158541821193, 30.294716479832978], [78.52149723786783, 30.29519916802768], [78.5214501736648, 30.29555471549252], [78.52133506788675, 30.29520219111655], [78.52113778009954, 30.294752923717997], [78.52089740640129, 30.294325157249485], [78.52061626172213, 30.293923011335952], [78.520297053639, 30.293550358862383], [78.51994285630025, 30.293210788675808], [78.51955708081987, 30.29290757102275], [78.51914344242662, 30.292643626054964], [78.51870592468434, 30.292421495706783], [78.51824874112808, 30.292243319214883], [78.51777629468538, 30.29211081251628], [78.51729313527376, 30.292025251722926], [78.51680391598249, 30.291987460832022], [78.51631334826077, 30.291997803790515], [78.51582615654392, 30.29205618099006], [78.5153470327545, 30.292162030226304], [78.51488059111655, 30.29231433211325], [78.51443132371799, 30.292511619900466], [78.51400355724948, 30.29275199359871], [78.51360141133596, 30.29303313827787], [78.51322875886238, 30.293352346360994], [78.5128891886758, 30.293706543699745], [78.51258597102274, 30.294092319180127], [78.51232202605496, 30.29450595757338], [78.51209989570678, 30.294943475315655], [78.51192171921488, 30.295400658871927], [78.51178921251628, 30.295873105314623], [78.51170365172293, 30.296356264726235], [78.51168485172293, 30.296504464726233], [78.5116459321589, 30.29704248105187], [78.51166519816917, 30.29758155907959], [78.5117424255156, 30.298115424452202], [78.51187671534515, 30.298637863482906], [78.51187730092164, 30.298639421401585]], [[78.52188394604524, 30.299230774052333], [78.52197304017983, 30.299538502826252], [78.52215414598383, 30.300055960732024], [78.52239081553017, 30.300550480218323], [78.52268020346399, 30.301016115934587], [78.52301883062466, 30.301447269784788], [78.52382248780651, 30.302362416352793], [78.52385462277171, 30.302822211650295], [78.52366992782581, 30.303522193292327], [78.52357964806878, 30.3032740968978], [78.52336402387152, 30.302825996748734], [78.52279976491442, 30.301788794161062], [78.5221525761274, 30.300422860498962], [78.52185600442436, 30.299683139647968], [78.52188394604524, 30.299230774052333]]]]}}]}