{
"type": "FeatureCollection",
"name": "roads",
"crs": { "type": "name", "properties": { "name": "urn:ogc:def:crs:OGC:1.3:CRS84" } },
"features": [
{ "type": "Feature", "properties": { "highway": "trunk", "name": null }, "geometry": { "type": "LineString", "coordinates": [ [ 78.4842073, 30.3803893 ], [ 78.4843819, 30.3804515 ], [ 78.4844895, 30.3804501 ], [ 78.4849633, 30.3801831 ], [ 78.4851974, 30.3800906 ], [ 78.485742, 30.3800118 ], [ 78.4868504, 30.3799951 ], [ 78.4869638, 30.3799514 ], [ 78.4872186, 30.379806 ], [ 78.4876287, 30.3795949 ], [ 78.4878087, 30.3795418 ], [ 78.4881155, 30.3795117 ], [ 78.4882861, 30.379484 ], [ 78.4884445, 30.3793743 ], [ 78.488807, 30.3791487 ], [ 78.4896116, 30.3788649 ], [ 78.4898311, 30.378813 ], [ 78.490033, 30.3788741 ], [ 78.4904215, 30.379006 ], [ 78.4905204, 30.3790004 ], [ 78.4906009, 30.3789726 ], [ 78.490617, 30.3789032 ], [ 78.4905472, 30.3788291 ], [ 78.4903829, 30.378782 ], [ 78.4894823, 30.3786789 ], [ 78.487973, 30.3790808 ], [ 78.4878841, 30.3791019 ], [ 78.4875104, 30.3791407 ], [ 78.4870049, 30.3792633 ], [ 78.4867554, 30.3794056 ], [ 78.4866616, 30.3794091 ], [ 78.4866012, 30.3793859 ], [ 78.4865784, 30.3793304 ], [ 78.4866186, 30.3792656 ], [ 78.4867622, 30.3792054 ], [ 78.4869284, 30.3791638 ], [ 78.4871028, 30.3790678 ], [ 78.4872503, 30.3790088 ], [ 78.487422, 30.3789428 ], [ 78.487713, 30.3789405 ], [ 78.4878196, 30.378934 ], [ 78.488223, 30.3787471 ], [ 78.4890562, 30.3784686 ], [ 78.4896993, 30.3783246 ], [ 78.4898386, 30.3782997 ], [ 78.4901163, 30.3783986 ], [ 78.4906452, 30.3784982 ], [ 78.4909836, 30.3786032 ], [ 78.4911647, 30.3786459 ], [ 78.4916261, 30.3786157 ], [ 78.49221, 30.3787135 ], [ 78.4924371, 30.3787619 ], [ 78.4932211, 30.3790109 ], [ 78.493801, 30.3791048 ], [ 78.4941958, 30.3792536 ], [ 78.494364, 30.3793235 ], [ 78.4945652, 30.3793544 ], [ 78.4948542, 30.3793031 ], [ 78.4950396, 30.3792731 ], [ 78.4954776, 30.3792568 ], [ 78.4956139, 30.3792271 ], [ 78.4956959, 30.3791473 ], [ 78.4957534, 30.3790212 ], [ 78.4957377, 30.3788464 ], [ 78.4956636, 30.3786852 ], [ 78.4955871, 30.378452 ], [ 78.4955688, 30.3782636 ], [ 78.4955871, 30.3781535 ], [ 78.4956729, 30.378091 ], [ 78.4958321, 30.3780898 ], [ 78.4961967, 30.3781729 ], [ 78.4965838, 30.3781518 ], [ 78.4969513, 30.3780728 ], [ 78.4971079, 30.3780609 ], [ 78.4971964, 30.3781118 ], [ 78.4972393, 30.3782483 ], [ 78.4972186, 30.3783624 ], [ 78.4970497, 30.3785728 ], [ 78.4970355, 30.3786672 ], [ 78.4971133, 30.3788291 ], [ 78.4973633, 30.379009 ], [ 78.497698, 30.3791809 ], [ 78.4981512, 30.3792236 ], [ 78.4986123, 30.3791427 ], [ 78.4988564, 30.3790703 ], [ 78.4990894, 30.3790324 ], [ 78.4995291, 30.3790827 ], [ 78.5000717, 30.3791626 ], [ 78.5005616, 30.3793166 ], [ 78.5009514, 30.3793815 ], [ 78.5011523, 30.379408 ], [ 78.5013458, 30.3794662 ], [ 78.5018973, 30.3796418 ], [ 78.5033378, 30.3797713 ], [ 78.5035624, 30.3796899 ], [ 78.5038269, 30.3795951 ], [ 78.5039688, 30.3794641 ], [ 78.5040809, 30.3792571 ], [ 78.5042545, 30.3790704 ], [ 78.504315, 30.3789425 ], [ 78.5043369, 30.3784892 ], [ 78.5045126, 30.377754 ], [ 78.5045929, 30.3775854 ], [ 78.5046986, 30.3775056 ], [ 78.5048434, 30.3774794 ], [ 78.5051401, 30.377542 ], [ 78.5054016, 30.377723 ], [ 78.5055435, 30.3777508 ], [ 78.5058415, 30.3776884 ], [ 78.5062092, 30.3776066 ], [ 78.5064006, 30.3774836 ], [ 78.5064808, 30.3773263 ], [ 78.5065195, 30.3770908 ], [ 78.5064796, 30.3766184 ], [ 78.5061417, 30.3759591 ], [ 78.506104, 30.3758325 ], [ 78.5061201, 30.3756775 ], [ 78.5062773, 30.3754009 ], [ 78.5064357, 30.3751677 ], [ 78.5064849, 30.3750134 ], [ 78.5064558, 30.3747181 ], [ 78.506391, 30.3744508 ], [ 78.5064236, 30.374239 ], [ 78.5066465, 30.3737187 ], [ 78.5066941, 30.3736088 ], [ 78.5066725, 30.3734824 ], [ 78.5066298, 30.3733773 ], [ 78.5066485, 30.3732917 ], [ 78.506729, 30.37322 ], [ 78.506847, 30.3731992 ], [ 78.5070907, 30.373323 ], [ 78.5073593, 30.3735902 ], [ 78.5075578, 30.3736573 ], [ 78.5077428, 30.3737624 ], [ 78.5077938, 30.3738957 ], [ 78.5078202, 30.3741353 ], [ 78.5077992, 30.3742775 ], [ 78.5078421, 30.3743955 ], [ 78.5080904, 30.3747178 ], [ 78.5082042, 30.3748236 ], [ 78.508438, 30.3748695 ], [ 78.508628, 30.3749069 ], [ 78.5087031, 30.3749555 ], [ 78.5087967, 30.3750986 ], [ 78.5088721, 30.3751846 ], [ 78.5089794, 30.3752078 ], [ 78.5093746, 30.3750776 ], [ 78.5095721, 30.3750342 ], [ 78.5097304, 30.3750481 ], [ 78.5098699, 30.3751198 ], [ 78.5099825, 30.3751638 ], [ 78.5100871, 30.375143 ], [ 78.5101445, 30.3750902 ], [ 78.5102025, 30.3749949 ], [ 78.5102091, 30.3748233 ], [ 78.5102137, 30.3746558 ], [ 78.5102642, 30.3745089 ], [ 78.5103554, 30.3744071 ], [ 78.5104975, 30.3743493 ], [ 78.510761, 30.3743462 ], [ 78.5109964, 30.3743654 ], [ 78.5111573, 30.3743192 ], [ 78.5114685, 30.3741896 ], [ 78.5115551, 30.374187 ], [ 78.5116509, 30.3742405 ], [ 78.5117015, 30.3743458 ], [ 78.5118064, 30.3745988 ], [ 78.5124388, 30.3751297 ], [ 78.5126755, 30.375254 ], [ 78.5130363, 30.3753357 ], [ 78.513528, 30.3756091 ], [ 78.5137343, 30.3757406 ], [ 78.5139933, 30.3758075 ], [ 78.5143757, 30.3757985 ], [ 78.5145637, 30.3757932 ], [ 78.5146818, 30.3758256 ], [ 78.5147461, 30.3758904 ], [ 78.5147756, 30.3759668 ], [ 78.5146986, 30.376154 ], [ 78.5146844, 30.3762329 ], [ 78.5147113, 30.3762953 ], [ 78.5147864, 30.3763277 ], [ 78.5151613, 30.376388 ], [ 78.5155025, 30.3763416 ], [ 78.5156822, 30.3763416 ], [ 78.5158405, 30.3764087 ], [ 78.5159156, 30.3764782 ], [ 78.5159468, 30.3765678 ], [ 78.515929, 30.3767188 ], [ 78.5158335, 30.376855 ], [ 78.5157439, 30.3769363 ], [ 78.5156929, 30.3769942 ], [ 78.51569, 30.3771158 ], [ 78.5157466, 30.3772302 ], [ 78.5158673, 30.3773366 ], [ 78.5160295, 30.3775874 ], [ 78.5161033, 30.3776791 ], [ 78.5162303, 30.377717 ], [ 78.5168168, 30.3778018 ], [ 78.5173744, 30.3779484 ], [ 78.5176241, 30.3780655 ], [ 78.5178337, 30.3782137 ], [ 78.5181311, 30.3783432 ], [ 78.5184739, 30.3784077 ], [ 78.5187451, 30.3784235 ], [ 78.5190189, 30.3784034 ], [ 78.5192826, 30.378345 ], [ 78.5195553, 30.37829 ], [ 78.5198642, 30.3782982 ], [ 78.5204378, 30.3782946 ], [ 78.5210337, 30.3782303 ] ] } },
{ "type": "Feature", "properties": { "highway": "trunk", "name": null }, "geometry": { "type": "LineString", "coordinates": [ [ 78.4683868, 30.3749 ], [ 78.4686711, 30.3749509 ], [ 78.4689404, 30.3750489 ], [ 78.469398, 30.3751407 ], [ 78.4698647, 30.3750805 ], [ 78.4703153, 30.3751545 ], [ 78.4703958, 30.3752147 ], [ 78.4706452, 30.3752795 ], [ 78.471069, 30.375342 ], [ 78.4712947, 30.3752656 ], [ 78.4720296, 30.3749185 ], [ 78.4721151, 30.374819 ], [ 78.4720994, 30.3746779 ], [ 78.4719197, 30.3743256 ], [ 78.4718013, 30.3739813 ], [ 78.4718166, 30.3736998 ], [ 78.4718603, 30.3735023 ], [ 78.472082, 30.3732381 ], [ 78.4722331, 30.3731274 ], [ 78.4725979, 30.372896 ], [ 78.4727696, 30.3728243 ], [ 78.4730083, 30.3728266 ], [ 78.4736328, 30.372979 ], [ 78.4738777, 30.3730071 ], [ 78.4741271, 30.3729239 ], [ 78.4749166, 30.3724014 ], [ 78.4750096, 30.3722573 ], [ 78.4749997, 30.3721135 ], [ 78.4743338, 30.3717505 ], [ 78.4742957, 30.3716302 ], [ 78.4743199, 30.3714844 ], [ 78.4744433, 30.3713132 ], [ 78.4747946, 30.3709429 ], [ 78.4748402, 30.3707439 ], [ 78.4749551, 30.3704639 ], [ 78.4750065, 30.3703482 ], [ 78.4749265, 30.3702857 ], [ 78.4745605, 30.3701192 ], [ 78.4743533, 30.369973 ], [ 78.4743611, 30.369794 ], [ 78.4746417, 30.3690476 ], [ 78.4748965, 30.3688949 ], [ 78.4750119, 30.3688278 ], [ 78.4750843, 30.3687398 ], [ 78.4751111, 30.3686357 ], [ 78.4751138, 30.3685802 ], [ 78.4750746, 30.3684975 ], [ 78.4750101, 30.3683357 ], [ 78.4748536, 30.3681127 ], [ 78.4748161, 30.3679738 ], [ 78.4748831, 30.3678905 ], [ 78.4749797, 30.3678512 ], [ 78.4754115, 30.3680086 ], [ 78.475492, 30.3680178 ], [ 78.4755591, 30.3680178 ], [ 78.4759158, 30.3678952 ], [ 78.4764469, 30.3677494 ], [ 78.4770074, 30.3675041 ], [ 78.4772301, 30.3673675 ], [ 78.4772918, 30.3673351 ], [ 78.4774581, 30.3672125 ], [ 78.4776244, 30.3670574 ], [ 78.4778658, 30.3670204 ], [ 78.477965, 30.3670042 ], [ 78.4782976, 30.3668792 ], [ 78.4785095, 30.3668445 ], [ 78.4786651, 30.3667404 ], [ 78.4792578, 30.366657 ], [ 78.4796843, 30.3665275 ], [ 78.4800839, 30.3663932 ], [ 78.4803575, 30.3662474 ], [ 78.4806338, 30.3660739 ], [ 78.4808537, 30.3658933 ], [ 78.480792, 30.3656966 ], [ 78.4807813, 30.3654907 ], [ 78.4807625, 30.3653703 ], [ 78.4806633, 30.3652592 ], [ 78.4804192, 30.3650672 ], [ 78.4802744, 30.3649514 ], [ 78.4802892, 30.3648447 ], [ 78.4802905, 30.3646992 ], [ 78.4801429, 30.3645557 ], [ 78.4800518, 30.3644631 ], [ 78.4800571, 30.3643428 ], [ 78.4801188, 30.3642155 ], [ 78.4803361, 30.3639401 ], [ 78.480446, 30.3637526 ], [ 78.4805319, 30.3637017 ], [ 78.4806392, 30.3634749 ], [ 78.4805453, 30.3632412 ], [ 78.4805909, 30.3630792 ], [ 78.4806874, 30.362901 ], [ 78.4807759, 30.3627737 ], [ 78.4809771, 30.3626302 ], [ 78.4815565, 30.3623016 ], [ 78.4820135, 30.3620259 ], [ 78.4822431, 30.361885 ], [ 78.4823182, 30.3617947 ], [ 78.4823424, 30.3616906 ], [ 78.482456, 30.3614168 ], [ 78.4826454, 30.3612115 ], [ 78.4828413, 30.3611259 ], [ 78.4829378, 30.361068 ], [ 78.4829995, 30.3610078 ], [ 78.4830049, 30.3608968 ], [ 78.4829593, 30.3608065 ], [ 78.4828842, 30.3607209 ], [ 78.4826562, 30.3606283 ], [ 78.4822538, 30.3605033 ], [ 78.4821331, 30.3604686 ], [ 78.4820178, 30.3604015 ], [ 78.4819132, 30.3603413 ], [ 78.4818408, 30.3602534 ], [ 78.4817845, 30.3601585 ], [ 78.4818022, 30.3599106 ], [ 78.4816773, 30.3596017 ], [ 78.4816373, 30.3593489 ], [ 78.4816312, 30.3593104 ], [ 78.4816584, 30.3590938 ], [ 78.4815404, 30.3589272 ], [ 78.4813124, 30.358705 ], [ 78.4807625, 30.3584088 ], [ 78.4804916, 30.3581588 ], [ 78.480446, 30.3580477 ], [ 78.4804407, 30.3579112 ], [ 78.480568, 30.3576856 ], [ 78.480656, 30.3574324 ], [ 78.4811354, 30.3570178 ], [ 78.4814388, 30.3566539 ], [ 78.4815779, 30.3564184 ], [ 78.4817898, 30.3563559 ], [ 78.4824631, 30.3563744 ], [ 78.4830853, 30.3563721 ], [ 78.4834957, 30.3563142 ], [ 78.4837988, 30.3562772 ], [ 78.4844295, 30.3560285 ], [ 78.4846491, 30.3559254 ], [ 78.4854707, 30.355646 ], [ 78.4858158, 30.3554324 ], [ 78.4859017, 30.3553583 ], [ 78.485958, 30.3552611 ], [ 78.4859714, 30.3551917 ], [ 78.4858875, 30.355056 ], [ 78.4857327, 30.3549949 ], [ 78.4855932, 30.354951 ], [ 78.485561, 30.3548676 ], [ 78.4855664, 30.3547612 ], [ 78.48562, 30.3546292 ], [ 78.4857836, 30.3544302 ], [ 78.4856603, 30.354296 ], [ 78.4855208, 30.3541687 ], [ 78.4854537, 30.3540714 ], [ 78.4853813, 30.3537937 ], [ 78.4853408, 30.3536732 ], [ 78.4852552, 30.3533771 ], [ 78.4851533, 30.3532544 ], [ 78.4850058, 30.3532058 ], [ 78.4847644, 30.3531364 ], [ 78.4846608, 30.3529803 ], [ 78.4846433, 30.3529335 ], [ 78.4846685, 30.3529108 ], [ 78.4848432, 30.3528514 ] ] } },
{ "type": "Feature", "properties": { "highway": "trunk", "name": null }, "geometry": { "type": "LineString", "coordinates": [ [ 78.4853328, 30.3525698 ], [ 78.4854899, 30.35256 ], [ 78.4856012, 30.352589 ], [ 78.4857112, 30.3526908 ], [ 78.4857705, 30.3527986 ], [ 78.4860737, 30.3532753 ], [ 78.4864591, 30.3535319 ], [ 78.4866916, 30.3539104 ], [ 78.4874349, 30.3546439 ], [ 78.4875351, 30.3548607 ], [ 78.4875042, 30.3552368 ], [ 78.4873303, 30.3560865 ], [ 78.4870837, 30.3564452 ], [ 78.4865369, 30.3568723 ], [ 78.4858277, 30.3573342 ], [ 78.4845236, 30.3575708 ], [ 78.4839281, 30.3576671 ], [ 78.4832221, 30.3578254 ], [ 78.483092, 30.3579459 ], [ 78.4830521, 30.3580553 ], [ 78.4830565, 30.3581513 ], [ 78.4830901, 30.3582327 ], [ 78.4833446, 30.3584855 ], [ 78.4838038, 30.3589456 ], [ 78.484182, 30.359723 ], [ 78.4847871, 30.3609299 ], [ 78.4848811, 30.3611173 ], [ 78.4848988, 30.361454 ], [ 78.484443, 30.3623881 ], [ 78.484306, 30.3624739 ], [ 78.4837613, 30.3631548 ], [ 78.483657, 30.3633172 ], [ 78.4835913, 30.3635399 ], [ 78.4836715, 30.3639207 ], [ 78.4837679, 30.3642274 ], [ 78.4836868, 30.3645987 ], [ 78.4838364, 30.3650991 ], [ 78.4838376, 30.3651822 ], [ 78.4838264, 30.3654546 ], [ 78.4837913, 30.3656281 ], [ 78.4838589, 30.3659972 ], [ 78.4837285, 30.3664468 ], [ 78.4833138, 30.3670482 ], [ 78.4823992, 30.3676427 ], [ 78.482187, 30.3679398 ], [ 78.4815533, 30.3684283 ], [ 78.4815297, 30.3684679 ], [ 78.4815295, 30.3685061 ], [ 78.4815612, 30.3685313 ], [ 78.4816198, 30.3685457 ], [ 78.4816664, 30.3685278 ], [ 78.4817206, 30.3684774 ], [ 78.4824281, 30.368166 ], [ 78.4828392, 30.3677618 ], [ 78.4834306, 30.367475 ], [ 78.4836184, 30.3674195 ], [ 78.4836908, 30.3673454 ], [ 78.4837471, 30.3672968 ], [ 78.483786, 30.3672893 ], [ 78.4838195, 30.3672945 ], [ 78.4838443, 30.3673142 ], [ 78.4838517, 30.3673524 ], [ 78.4838061, 30.3674149 ], [ 78.4837454, 30.3674672 ], [ 78.4836093, 30.3675366 ], [ 78.4828646, 30.3681708 ], [ 78.4827124, 30.3682748 ], [ 78.4823222, 30.3688209 ], [ 78.482329, 30.3688706 ], [ 78.4823625, 30.3688995 ], [ 78.4824208, 30.3689151 ], [ 78.4824671, 30.3689096 ], [ 78.4825061, 30.3688908 ], [ 78.4825643, 30.3688544 ], [ 78.4827099, 30.3686347 ], [ 78.483049, 30.3683039 ], [ 78.4835829, 30.3680109 ], [ 78.4836365, 30.3679819 ], [ 78.4837096, 30.36796 ], [ 78.4837753, 30.3679579 ], [ 78.4838182, 30.3679842 ], [ 78.4838397, 30.3680219 ], [ 78.483837, 30.3680658 ], [ 78.4838229, 30.3680994 ], [ 78.4837828, 30.3681278 ], [ 78.4833294, 30.3683637 ], [ 78.4831095, 30.3685073 ], [ 78.4830485, 30.3685567 ], [ 78.4829754, 30.3686652 ], [ 78.4828949, 30.368866 ], [ 78.482793, 30.369021 ], [ 78.4825958, 30.3691518 ], [ 78.4823585, 30.3692516 ], [ 78.4819601, 30.3694199 ], [ 78.4816126, 30.3696603 ], [ 78.4813409, 30.3698821 ], [ 78.4807205, 30.3707227 ], [ 78.4804562, 30.3709596 ], [ 78.4798105, 30.371538 ], [ 78.4796731, 30.3718222 ], [ 78.4797645, 30.3720507 ], [ 78.4797876, 30.372227 ], [ 78.4801283, 30.3725548 ], [ 78.4801859, 30.3729246 ], [ 78.4800687, 30.3730723 ], [ 78.4802409, 30.3735272 ], [ 78.4805036, 30.3737446 ], [ 78.4809092, 30.3738531 ], [ 78.4811277, 30.3738626 ], [ 78.4814166, 30.3741511 ], [ 78.4814248, 30.3744591 ], [ 78.4814554, 30.3748193 ], [ 78.4814693, 30.3749509 ], [ 78.4815389, 30.3750596 ], [ 78.4817348, 30.3751684 ], [ 78.4819125, 30.375176 ], [ 78.4825387, 30.3751282 ], [ 78.4835798, 30.3755361 ], [ 78.4837087, 30.3755782 ], [ 78.4837854, 30.3757349 ], [ 78.4837522, 30.3761716 ], [ 78.4833411, 30.3767689 ], [ 78.4834071, 30.3769317 ], [ 78.4837271, 30.377102 ], [ 78.4838216, 30.3777825 ], [ 78.4839644, 30.3780112 ], [ 78.4838742, 30.3784323 ], [ 78.4838113, 30.3790223 ], [ 78.4838492, 30.3798219 ], [ 78.483949, 30.3801458 ], [ 78.4842073, 30.3803893 ] ] } },
{ "type": "Feature", "properties": { "highway": "unclassified", "name": null }, "geometry": { "type": "LineString", "coordinates": [ [ 78.4754061, 30.3779978 ], [ 78.475213, 30.3780956 ], [ 78.4742292, 30.3787754 ], [ 78.4732851, 30.3796303 ], [ 78.4723768, 30.3801469 ], [ 78.4714684, 30.3807881 ], [ 78.4709518, 30.3809484 ], [ 78.4706656, 30.3808322 ] ] } },
{ "type": "Feature", "properties": { "highway": "trunk", "name": null }, "geometry": { "type": "LineString", "coordinates": [ [ 78.4715709, 30.3775157 ], [ 78.4720383, 30.3774333 ], [ 78.4723806, 30.3774711 ], [ 78.4725898, 30.3775889 ], [ 78.4727561, 30.3775565 ], [ 78.473193, 30.3772352 ], [ 78.4735039, 30.3768667 ], [ 78.4737907, 30.3763216 ], [ 78.4738612, 30.376182 ], [ 78.4739716, 30.3760941 ], [ 78.4743819, 30.3761436 ], [ 78.4751443, 30.3760474 ], [ 78.475508, 30.3758567 ], [ 78.4755376, 30.3758025 ], [ 78.4755363, 30.3757643 ], [ 78.4755085, 30.3757319 ], [ 78.4754382, 30.3757381 ], [ 78.4752452, 30.3758094 ], [ 78.4747044, 30.3758539 ], [ 78.4743011, 30.375836 ], [ 78.4738559, 30.375696 ], [ 78.4737047, 30.3757203 ], [ 78.473511, 30.3758462 ], [ 78.4730167, 30.3764596 ], [ 78.4728768, 30.3765314 ], [ 78.4727485, 30.3765568 ], [ 78.4724695, 30.3764596 ], [ 78.4721611, 30.376492 ], [ 78.4719626, 30.3765638 ], [ 78.4717212, 30.3766124 ], [ 78.47149, 30.3765527 ], [ 78.4710346, 30.3764967 ], [ 78.4706112, 30.3763792 ], [ 78.4704666, 30.3763487 ], [ 78.4701526, 30.3762531 ], [ 78.4699456, 30.3761866 ], [ 78.4697082, 30.3760162 ], [ 78.4690095, 30.3758163 ], [ 78.4686764, 30.3756456 ], [ 78.4685431, 30.3755748 ], [ 78.4683519, 30.3753894 ], [ 78.4682441, 30.3752614 ], [ 78.46806, 30.3750921 ], [ 78.467829, 30.3750539 ], [ 78.4676613, 30.3750724 ] ] } },
{ "type": "Feature", "properties": { "highway": "unclassified", "name": null }, "geometry": { "type": "LineString", "coordinates": [ [ 78.4754061, 30.3779978 ], [ 78.4753418, 30.3779174 ], [ 78.4752367, 30.3778998 ], [ 78.4748939, 30.378047 ], [ 78.4744701, 30.3782645 ], [ 78.4740275, 30.3784173 ], [ 78.4737673, 30.3786556 ], [ 78.4736037, 30.3787667 ], [ 78.4733638, 30.3788438 ], [ 78.4728876, 30.3789888 ], [ 78.4727803, 30.3790166 ], [ 78.4725845, 30.37916 ], [ 78.4723377, 30.3791855 ], [ 78.4720313, 30.3792201 ], [ 78.4719166, 30.3791508 ], [ 78.4719263, 30.3791089 ], [ 78.4720239, 30.3790935 ], [ 78.4721875, 30.379042 ], [ 78.4723189, 30.3789865 ], [ 78.4725174, 30.37885 ], [ 78.4727052, 30.378769 ], [ 78.4728903, 30.3786857 ], [ 78.4730163, 30.3786163 ], [ 78.4733838, 30.3781859 ], [ 78.4736869, 30.3780239 ], [ 78.4740248, 30.3778318 ], [ 78.4743226, 30.3773991 ], [ 78.4744433, 30.3771909 ], [ 78.474521, 30.3771006 ], [ 78.4747678, 30.3770474 ], [ 78.4749368, 30.3770451 ], [ 78.4753579, 30.3769675 ], [ 78.4754129, 30.3769235 ], [ 78.4753968, 30.3768807 ], [ 78.4753472, 30.3768587 ], [ 78.47526, 30.3768691 ], [ 78.4749122, 30.3768637 ], [ 78.4745997, 30.37685 ], [ 78.4743982, 30.3768291 ], [ 78.4742662, 30.3769132 ], [ 78.4741697, 30.3770104 ], [ 78.4738773, 30.3772765 ], [ 78.4737486, 30.3773598 ], [ 78.4735849, 30.3775009 ], [ 78.4732577, 30.3776259 ], [ 78.47285, 30.3777694 ], [ 78.4726113, 30.3778874 ], [ 78.4725121, 30.3778642 ], [ 78.4723109, 30.3777578 ], [ 78.4721244, 30.3776797 ], [ 78.4718898, 30.3776745 ], [ 78.4716806, 30.3776629 ], [ 78.4716108, 30.3776606 ], [ 78.4715518, 30.3776444 ], [ 78.4715709, 30.3775157 ] ] } },
{ "type": "Feature", "properties": { "highway": "trunk", "name": null }, "geometry": { "type": "LineString", "coordinates": [ [ 78.4706656, 30.3808322 ], [ 78.4702992, 30.3808075 ], [ 78.4700927, 30.3807173 ], [ 78.469563, 30.3803853 ], [ 78.4690104, 30.3800934 ], [ 78.4689501, 30.3800301 ], [ 78.4688374, 30.379845 ], [ 78.4686805, 30.3797142 ], [ 78.4679402, 30.3793394 ], [ 78.4677042, 30.3793347 ], [ 78.46733, 30.3793741 ], [ 78.4671906, 30.3793625 ], [ 78.4670484, 30.3792561 ], [ 78.4668204, 30.379101 ], [ 78.4666045, 30.379049 ], [ 78.4663631, 30.379101 ], [ 78.4661284, 30.3790964 ], [ 78.4659058, 30.3790571 ], [ 78.4656376, 30.3790386 ], [ 78.465305, 30.3790501 ], [ 78.4648061, 30.3791311 ], [ 78.4645875, 30.3792572 ], [ 78.4643273, 30.3794863 ], [ 78.4642147, 30.3795453 ], [ 78.4641489, 30.379528 ], [ 78.4641275, 30.3794828 ], [ 78.4641476, 30.3794227 ], [ 78.4642012, 30.3793232 ], [ 78.4644158, 30.3790386 ], [ 78.4645714, 30.3788164 ], [ 78.4646572, 30.3786799 ], [ 78.4648047, 30.3785966 ], [ 78.4650019, 30.3785515 ], [ 78.4653305, 30.3784578 ], [ 78.4656456, 30.3783548 ], [ 78.4658454, 30.3782426 ], [ 78.4661784, 30.3780451 ], [ 78.466579, 30.3780505 ], [ 78.467043, 30.3781593 ], [ 78.4671476, 30.3781801 ], [ 78.4672026, 30.37815 ], [ 78.4672134, 30.3780482 ], [ 78.4671275, 30.3780019 ], [ 78.4665549, 30.3778191 ], [ 78.4661593, 30.3777647 ], [ 78.4659205, 30.3777775 ], [ 78.4656389, 30.377877 ], [ 78.4655732, 30.3778955 ], [ 78.4654981, 30.3778839 ], [ 78.4653828, 30.3778746 ], [ 78.4648678, 30.3780262 ], [ 78.4647524, 30.3780852 ], [ 78.4643447, 30.3781639 ], [ 78.4642495, 30.378135 ], [ 78.4642012, 30.3780771 ], [ 78.4641999, 30.3778573 ], [ 78.4642643, 30.3776629 ], [ 78.4642965, 30.3775356 ], [ 78.464393, 30.3773852 ], [ 78.4645016, 30.3772915 ], [ 78.4646572, 30.3771955 ], [ 78.4649429, 30.3771932 ], [ 78.4654125, 30.3772436 ], [ 78.4673676, 30.3766957 ], [ 78.4676197, 30.3766656 ], [ 78.4679201, 30.3767605 ], [ 78.468419, 30.3771631 ], [ 78.4687788, 30.3773327 ], [ 78.4690994, 30.3773148 ], [ 78.4694785, 30.3770775 ], [ 78.4695938, 30.3770798 ], [ 78.4696823, 30.3771677 ], [ 78.4697333, 30.3772533 ], [ 78.4699722, 30.3774039 ], [ 78.4708866, 30.3773899 ], [ 78.4711478, 30.3773683 ], [ 78.4713373, 30.3773922 ], [ 78.4715709, 30.3775157 ] ] } },
{ "type": "Feature", "properties": { "highway": "tertiary", "name": null }, "geometry": { "type": "LineString", "coordinates": [ [ 78.44191, 30.3426929 ], [ 78.4419879, 30.3426899 ], [ 78.4421366, 30.3425843 ], [ 78.4424377, 30.3422555 ], [ 78.4426076, 30.3419635 ], [ 78.4426291, 30.3416486 ], [ 78.4427793, 30.3411857 ], [ 78.4428115, 30.341056 ], [ 78.4432406, 30.3409727 ], [ 78.4433587, 30.3409079 ], [ 78.4435411, 30.3408986 ], [ 78.4438093, 30.3410746 ], [ 78.4439488, 30.3410653 ], [ 78.4441097, 30.3409727 ], [ 78.4442813, 30.3409264 ], [ 78.4444026, 30.3411449 ], [ 78.4447641, 30.3412227 ], [ 78.4449575, 30.3410838 ], [ 78.4451321, 30.3410523 ], [ 78.4452579, 30.3407597 ], [ 78.4454457, 30.3405792 ], [ 78.4456013, 30.3400375 ], [ 78.4458027, 30.3398347 ], [ 78.4459851, 30.339756 ], [ 78.4461728, 30.3398301 ], [ 78.4464196, 30.339844 ], [ 78.4467897, 30.3398857 ], [ 78.4470741, 30.339881 ], [ 78.4471891, 30.3399866 ], [ 78.4471408, 30.340681 ], [ 78.4471462, 30.3408014 ], [ 78.4473018, 30.341019 ], [ 78.447393, 30.3414681 ], [ 78.4478704, 30.3419403 ], [ 78.4481467, 30.3422528 ], [ 78.4486053, 30.342394 ], [ 78.4491471, 30.3422135 ], [ 78.4495066, 30.3421486 ], [ 78.4496973, 30.3421033 ], [ 78.4499894, 30.3418894 ], [ 78.4503303, 30.3417699 ], [ 78.4505687, 30.3418431 ], [ 78.4507862, 30.3418486 ], [ 78.4508584, 30.3416996 ], [ 78.4508584, 30.3414727 ], [ 78.4507887, 30.3412644 ], [ 78.4510354, 30.3410931 ], [ 78.4510676, 30.3410283 ], [ 78.4510086, 30.3406394 ], [ 78.451073, 30.3404496 ], [ 78.4515021, 30.3401486 ], [ 78.4515719, 30.3399727 ], [ 78.4515236, 30.3397458 ], [ 78.4518508, 30.3394634 ], [ 78.4518937, 30.3391486 ], [ 78.4521244, 30.3388477 ], [ 78.4522478, 30.3386717 ], [ 78.4523336, 30.3383523 ], [ 78.4524868, 30.3381634 ], [ 78.4526691, 30.3380615 ], [ 78.4529344, 30.3379587 ], [ 78.4531895, 30.3378532 ], [ 78.453487, 30.3376439 ], [ 78.4536401, 30.3376541 ], [ 78.4539322, 30.3379217 ], [ 78.4542087, 30.3380847 ], [ 78.4542946, 30.3381032 ], [ 78.4543882, 30.3379958 ], [ 78.4544794, 30.3377226 ], [ 78.4548442, 30.3374032 ], [ 78.4550265, 30.3373569 ], [ 78.4557132, 30.337718 ], [ 78.4558097, 30.3378615 ], [ 78.4558097, 30.33813 ], [ 78.4559546, 30.3382319 ], [ 78.4561989, 30.3382745 ], [ 78.4569416, 30.3379958 ], [ 78.4570918, 30.3380606 ], [ 78.4573923, 30.3388708 ], [ 78.4574566, 30.3389727 ], [ 78.4578268, 30.3391949 ], [ 78.4579853, 30.339131 ], [ 78.4581486, 30.3387921 ], [ 78.4582774, 30.338593 ], [ 78.4587953, 30.3384365 ], [ 78.4589426, 30.3384773 ], [ 78.4591196, 30.3385791 ], [ 78.4593181, 30.3385051 ], [ 78.4600881, 30.3384365 ], [ 78.46041, 30.3385615 ], [ 78.4605197, 30.3387782 ], [ 78.4606675, 30.3388995 ], [ 78.4608201, 30.338843 ], [ 78.4609489, 30.338718 ], [ 78.4611795, 30.3386856 ], [ 78.4613297, 30.338769 ], [ 78.4614775, 30.3388301 ], [ 78.4616355, 30.3387643 ], [ 78.4616248, 30.3386347 ], [ 78.4618608, 30.3385143 ], [ 78.4620915, 30.3383152 ], [ 78.462526, 30.3382226 ], [ 78.4627864, 30.3382791 ], [ 78.4629766, 30.3385143 ], [ 78.463218, 30.3386671 ], [ 78.4634785, 30.3386588 ], [ 78.4637813, 30.3388477 ], [ 78.4640119, 30.3389958 ], [ 78.4644226, 30.3389643 ], [ 78.4649215, 30.3390199 ], [ 78.4650097, 30.3394079 ], [ 78.4648166, 30.3397921 ], [ 78.4645484, 30.3400097 ], [ 78.4642587, 30.3401208 ], [ 78.4638778, 30.3404449 ], [ 78.4635184, 30.3410422 ], [ 78.4632877, 30.3412783 ], [ 78.463041, 30.3416394 ], [ 78.4626977, 30.3419033 ], [ 78.4624992, 30.342269 ], [ 78.4622685, 30.3423986 ], [ 78.4620325, 30.342732 ], [ 78.4616194, 30.3431301 ], [ 78.4614424, 30.3432134 ], [ 78.4613834, 30.3432968 ], [ 78.461437, 30.343644 ], [ 78.4612922, 30.3440699 ], [ 78.4611473, 30.3444264 ], [ 78.4609489, 30.3448616 ], [ 78.4609864, 30.3452227 ], [ 78.4609167, 30.3457273 ], [ 78.4609113, 30.3458708 ], [ 78.4603373, 30.3461393 ], [ 78.4601925, 30.3461578 ], [ 78.4600584, 30.3460884 ], [ 78.4599404, 30.3458847 ], [ 78.4598116, 30.3458013 ], [ 78.4596829, 30.3458245 ], [ 78.4594307, 30.3462597 ], [ 78.4592269, 30.3464356 ], [ 78.4589748, 30.3464634 ], [ 78.4587548, 30.3464958 ], [ 78.4585671, 30.3466254 ], [ 78.4583739, 30.346718 ], [ 78.4581057, 30.346755 ], [ 78.4578482, 30.3469124 ], [ 78.4577892, 30.3470328 ], [ 78.4577839, 30.3472365 ], [ 78.4578028, 30.3474054 ], [ 78.4575666, 30.3475443 ], [ 78.4573547, 30.3474101 ], [ 78.4571401, 30.347329 ], [ 78.4569524, 30.3474402 ], [ 78.4568934, 30.3477133 ], [ 78.4568934, 30.3479448 ], [ 78.4569095, 30.3480651 ], [ 78.4567861, 30.3482225 ], [ 78.4566198, 30.3483568 ], [ 78.4565822, 30.3488197 ], [ 78.4566627, 30.3488938 ], [ 78.4568129, 30.348829 ], [ 78.4572313, 30.3488938 ], [ 78.4574674, 30.3491808 ], [ 78.4576229, 30.3494215 ], [ 78.4577195, 30.3494863 ], [ 78.457816, 30.3494447 ], [ 78.4579287, 30.3492826 ], [ 78.4580872, 30.3492049 ], [ 78.4582237, 30.3491715 ], [ 78.4583954, 30.3493058 ], [ 78.4584866, 30.3494956 ], [ 78.45861, 30.3498567 ], [ 78.4586797, 30.3505372 ], [ 78.4585456, 30.3507084 ], [ 78.4585617, 30.3508288 ], [ 78.458787, 30.3510279 ], [ 78.4591089, 30.3511251 ], [ 78.4591893, 30.351213 ], [ 78.4592537, 30.3513102 ], [ 78.45942, 30.3516065 ], [ 78.4594254, 30.3517824 ], [ 78.4595327, 30.3519861 ], [ 78.4596238, 30.3522083 ], [ 78.4596185, 30.3524722 ], [ 78.4596614, 30.3526758 ], [ 78.4596453, 30.3528008 ], [ 78.4594683, 30.3529351 ], [ 78.4594254, 30.3531434 ], [ 78.4595327, 30.3533239 ], [ 78.459538, 30.3534396 ], [ 78.4594897, 30.3537035 ], [ 78.4595166, 30.3537637 ], [ 78.4597126, 30.3537692 ], [ 78.4599135, 30.3539349 ], [ 78.4600637, 30.3540599 ], [ 78.4602461, 30.3542682 ], [ 78.4603856, 30.3543145 ], [ 78.4606299, 30.3543571 ], [ 78.4607128, 30.3544627 ], [ 78.4607396, 30.3547311 ], [ 78.460804, 30.3548932 ], [ 78.460863, 30.3550922 ], [ 78.4608255, 30.3552679 ], [ 78.4608255, 30.3554253 ], [ 78.4609971, 30.3558095 ], [ 78.4609596, 30.3561937 ], [ 78.4610669, 30.3563372 ], [ 78.4613917, 30.3563661 ], [ 78.4615711, 30.3565223 ], [ 78.4616653, 30.3565281 ], [ 78.4618447, 30.3563973 ], [ 78.4621183, 30.3563835 ], [ 78.4622256, 30.3563372 ], [ 78.4624563, 30.3562353 ], [ 78.4626952, 30.3561856 ], [ 78.4630142, 30.3563325 ], [ 78.4632341, 30.3566705 ], [ 78.463395, 30.3569713 ], [ 78.4633736, 30.3571935 ], [ 78.4632448, 30.3575175 ], [ 78.4631858, 30.3577351 ], [ 78.4631536, 30.3579388 ], [ 78.4633765, 30.3580233 ], [ 78.4636472, 30.3581239 ], [ 78.4639207, 30.3582304 ], [ 78.463969, 30.3583878 ], [ 78.4640549, 30.3586331 ], [ 78.4640817, 30.3587164 ], [ 78.4641729, 30.3589016 ], [ 78.4641461, 30.35917 ], [ 78.4640549, 30.3594755 ], [ 78.4640227, 30.3595728 ], [ 78.4638188, 30.3596514 ], [ 78.4636901, 30.3597949 ], [ 78.4637598, 30.3600264 ], [ 78.4638403, 30.3601652 ], [ 78.4637384, 30.3603504 ], [ 78.4636203, 30.3607022 ], [ 78.4637866, 30.3611095 ], [ 78.4641061, 30.3616476 ], [ 78.4642587, 30.3619843 ], [ 78.463792, 30.362225 ], [ 78.4634648, 30.3622898 ], [ 78.4632126, 30.3622343 ], [ 78.4631805, 30.3620908 ], [ 78.463277, 30.361989 ], [ 78.4632287, 30.3618223 ], [ 78.4630624, 30.3617112 ], [ 78.4628479, 30.3615353 ], [ 78.4627781, 30.3613687 ], [ 78.4627459, 30.3611049 ], [ 78.462703, 30.3608086 ], [ 78.4626494, 30.3605957 ], [ 78.4626226, 30.3603458 ], [ 78.4625582, 30.3602671 ], [ 78.4624294, 30.3602208 ], [ 78.4623007, 30.3602069 ], [ 78.4616945, 30.3602254 ], [ 78.461319, 30.3603272 ], [ 78.4609328, 30.3603828 ], [ 78.4605734, 30.3604522 ], [ 78.4602515, 30.3605124 ], [ 78.4599994, 30.3606466 ], [ 78.459479, 30.3606883 ], [ 78.4591679, 30.3606651 ], [ 78.458787, 30.3605911 ], [ 78.4584115, 30.360443 ], [ 78.4580521, 30.3604337 ], [ 78.4577463, 30.3604337 ], [ 78.4571777, 30.3606883 ], [ 78.4567968, 30.361091 ], [ 78.4566144, 30.3613363 ], [ 78.4563569, 30.3614752 ], [ 78.4561262, 30.3615168 ], [ 78.4559385, 30.361415 ], [ 78.4559063, 30.3611697 ], [ 78.4558205, 30.3610956 ], [ 78.455681, 30.3610725 ], [ 78.4543614, 30.3613317 ], [ 78.4541468, 30.3614243 ], [ 78.4538195, 30.3614659 ], [ 78.4535942, 30.3613548 ], [ 78.4532134, 30.3613039 ], [ 78.4527198, 30.3613595 ], [ 78.452516, 30.3614243 ], [ 78.4521351, 30.3615076 ], [ 78.4519152, 30.3615863 ], [ 78.4517596, 30.3615909 ], [ 78.4516631, 30.3615307 ], [ 78.4517006, 30.3613595 ], [ 78.4514699, 30.3612067 ], [ 78.4514377, 30.3611002 ], [ 78.4512124, 30.3609799 ], [ 78.4511886, 30.3607566 ], [ 78.4510974, 30.3606154 ], [ 78.4509336, 30.3605843 ], [ 78.4507861, 30.3607092 ], [ 78.4506869, 30.3608319 ], [ 78.4505152, 30.3609615 ], [ 78.4502069, 30.3610204 ], [ 78.4495611, 30.3610572 ], [ 78.4494451, 30.3612796 ], [ 78.449496, 30.3614961 ], [ 78.4493887, 30.3615794 ], [ 78.4489515, 30.3616581 ], [ 78.4487369, 30.3616026 ], [ 78.448584, 30.3614753 ], [ 78.448179, 30.3614568 ], [ 78.4475728, 30.3616836 ], [ 78.4473341, 30.3614938 ], [ 78.4465428, 30.3613064 ], [ 78.4464009, 30.3611176 ] ] } },
{ "type": "Feature", "properties": { "highway": "tertiary", "name": null }, "geometry": { "type": "LineString", "coordinates": [ [ 78.4461566, 30.3611513 ], [ 78.4461808, 30.3615355 ], [ 78.4461217, 30.3617484 ], [ 78.445993, 30.3619405 ], [ 78.4458616, 30.3620492 ], [ 78.4455369, 30.3621417 ], [ 78.4453491, 30.3620723 ], [ 78.4450597, 30.3620215 ], [ 78.4448183, 30.3620863 ], [ 78.4442925, 30.3620725 ], [ 78.4439117, 30.362128 ], [ 78.4434289, 30.3620539 ], [ 78.4431606, 30.3620169 ], [ 78.443107, 30.362091 ], [ 78.4433055, 30.3623178 ], [ 78.443536, 30.3624518 ] ] } },
{ "type": "Feature", "properties": { "highway": "tertiary", "name": null }, "geometry": { "type": "LineString", "coordinates": [ [ 78.443536, 30.3624518 ], [ 78.4440754, 30.3626937 ], [ 78.4443031, 30.3627573 ], [ 78.4444801, 30.3629054 ], [ 78.4445903, 30.3629112 ], [ 78.4448771, 30.3628406 ], [ 78.4450648, 30.3628499 ], [ 78.4453545, 30.3630119 ], [ 78.4457729, 30.3633128 ], [ 78.4459475, 30.3634065 ], [ 78.4460733, 30.3634192 ], [ 78.4463147, 30.3633544 ], [ 78.4465805, 30.3633972 ], [ 78.4467975, 30.363572 ], [ 78.4470067, 30.3638497 ], [ 78.4471974, 30.3640591 ], [ 78.4474037, 30.3642061 ], [ 78.4475915, 30.3644653 ], [ 78.4477524, 30.3649513 ], [ 78.4479133, 30.3651272 ], [ 78.4481523, 30.3651561 ], [ 78.4482835, 30.3653077 ], [ 78.448439, 30.3656085 ], [ 78.4488575, 30.3662565 ], [ 78.4488896, 30.3665018 ], [ 78.4489594, 30.3666499 ], [ 78.4490535, 30.3669381 ], [ 78.4492866, 30.3671081 ], [ 78.4493403, 30.3672794 ], [ 78.4493939, 30.3677932 ], [ 78.4496031, 30.3681449 ], [ 78.4498982, 30.3683763 ], [ 78.4503059, 30.368543 ], [ 78.4505151, 30.3686633 ], [ 78.4506063, 30.3688021 ], [ 78.4506063, 30.3689919 ], [ 78.4504185, 30.3691817 ], [ 78.4500913, 30.3700379 ], [ 78.449866, 30.3703249 ], [ 78.4495656, 30.3704637 ], [ 78.4493134, 30.3704221 ], [ 78.4488711, 30.3705297 ], [ 78.4484498, 30.370584 ], [ 78.4479562, 30.3706072 ], [ 78.447629, 30.3705748 ], [ 78.447216, 30.3704822 ], [ 78.4467922, 30.3704359 ], [ 78.4465186, 30.3704776 ], [ 78.4462772, 30.3705285 ], [ 78.4458373, 30.3704452 ], [ 78.445494, 30.3704545 ], [ 78.4452472, 30.370385 ], [ 78.4447591, 30.3703318 ], [ 78.4444748, 30.3702161 ], [ 78.444306, 30.370214 ], [ 78.4441582, 30.370318 ], [ 78.443968, 30.3704477 ], [ 78.4438042, 30.3706118 ], [ 78.4434877, 30.3707969 ], [ 78.443402, 30.3708851 ], [ 78.4434287, 30.3710076 ] ] } },
{ "type": "Feature", "properties": { "highway": "secondary", "name": null }, "geometry": { "type": "LineString", "coordinates": [ [ 78.4853839, 30.3782068 ], [ 78.4854268, 30.3785585 ], [ 78.4853882, 30.3789509 ], [ 78.4854912, 30.3791323 ], [ 78.4858989, 30.3791323 ], [ 78.4864568, 30.3789472 ], [ 78.4871864, 30.3787991 ], [ 78.4879095, 30.378627 ], [ 78.4883386, 30.3785159 ], [ 78.4888064, 30.3783734 ], [ 78.4890854, 30.3782993 ], [ 78.4893214, 30.3782716 ], [ 78.4895682, 30.3781883 ], [ 78.4896993, 30.3783246 ] ] } },
{ "type": "Feature", "properties": { "highway": "residential", "name": null }, "geometry": { "type": "LineString", "coordinates": [ [ 78.5303485, 30.3560627 ], [ 78.5301822, 30.3560619 ], [ 78.5300481, 30.3560179 ], [ 78.5299435, 30.3559555 ], [ 78.5298309, 30.3558837 ], [ 78.5296217, 30.3557657 ], [ 78.5292783, 30.355599 ], [ 78.5291523, 30.3555504 ], [ 78.5290557, 30.3554602 ], [ 78.5289189, 30.3553329 ], [ 78.5288224, 30.3552125 ], [ 78.5287017, 30.3552333 ], [ 78.5286185, 30.3554069 ], [ 78.5285568, 30.3555875 ], [ 78.5284764, 30.3557749 ], [ 78.5284603, 30.3559277 ], [ 78.5284844, 30.3560457 ], [ 78.5285327, 30.3561915 ], [ 78.5284844, 30.3563026 ], [ 78.5283798, 30.3564346 ], [ 78.5282376, 30.3565202 ], [ 78.5281464, 30.3565109 ], [ 78.5280552, 30.3564762 ], [ 78.5278621, 30.3564253 ], [ 78.5276824, 30.3564045 ], [ 78.5274518, 30.3563836 ], [ 78.5272318, 30.3563281 ], [ 78.5269394, 30.3561614 ], [ 78.5266015, 30.355974 ], [ 78.5264942, 30.3559531 ], [ 78.5263976, 30.3560203 ], [ 78.5263789, 30.3561684 ], [ 78.5263842, 30.3565271 ], [ 78.5263225, 30.3568303 ], [ 78.5262555, 30.35699 ], [ 78.526285, 30.3571544 ], [ 78.526344, 30.3574251 ], [ 78.5263467, 30.3577793 ], [ 78.5262823, 30.3579413 ], [ 78.5262555, 30.3581542 ], [ 78.5263038, 30.3582884 ], [ 78.5263494, 30.3585014 ], [ 78.5265049, 30.3587189 ], [ 78.5266632, 30.358948 ], [ 78.5266417, 30.3590591 ], [ 78.5265586, 30.3591355 ], [ 78.5264298, 30.3592744 ], [ 78.5261402, 30.3595544 ], [ 78.5260382, 30.359691 ], [ 78.5259497, 30.3598275 ], [ 78.525829, 30.3599178 ], [ 78.5256949, 30.3599826 ], [ 78.5255098, 30.3600543 ], [ 78.5252577, 30.3601562 ], [ 78.524968, 30.3602626 ], [ 78.5248125, 30.3604339 ], [ 78.5245281, 30.3607556 ], [ 78.5243484, 30.360987 ], [ 78.5242599, 30.3610518 ], [ 78.5241714, 30.3611791 ], [ 78.5241687, 30.3612833 ], [ 78.5242251, 30.3613874 ], [ 78.5242975, 30.3614753 ], [ 78.524968, 30.361922 ], [ 78.5250914, 30.3619868 ], [ 78.5252577, 30.362047 ], [ 78.5254025, 30.3621997 ], [ 78.5257325, 30.3625469 ], [ 78.5258639, 30.3626464 ], [ 78.5261133, 30.3627228 ], [ 78.5261938, 30.3627413 ], [ 78.5263815, 30.3628269 ], [ 78.5265425, 30.3628801 ], [ 78.5266578, 30.3629496 ], [ 78.5268027, 30.3630098 ], [ 78.5270789, 30.3630653 ], [ 78.5271996, 30.3630653 ], [ 78.527323, 30.3630491 ], [ 78.5274947, 30.362982 ], [ 78.5276878, 30.3629612 ], [ 78.5278192, 30.3630236 ], [ 78.5279721, 30.363225 ], [ 78.5279962, 30.3635258 ], [ 78.5279614, 30.3636369 ], [ 78.5278648, 30.363829 ], [ 78.5278112, 30.3639841 ], [ 78.5278219, 30.3641484 ], [ 78.5278138, 30.3646089 ], [ 78.527889, 30.3650648 ], [ 78.5279104, 30.3656434 ], [ 78.5279587, 30.3657938 ], [ 78.5279989, 30.3659142 ], [ 78.5278568, 30.3660044 ], [ 78.5277522, 30.366016 ], [ 78.527661, 30.366016 ], [ 78.527551, 30.3660623 ], [ 78.5273552, 30.3661271 ], [ 78.5272211, 30.3661803 ], [ 78.5271004, 30.3661873 ], [ 78.5270092, 30.3663145 ], [ 78.5269958, 30.3664441 ], [ 78.5269314, 30.3665969 ], [ 78.5268, 30.3667311 ], [ 78.5266578, 30.3667542 ], [ 78.5263199, 30.3668445 ], [ 78.5260463, 30.3669278 ], [ 78.5259417, 30.3669463 ], [ 78.5256922, 30.3670158 ], [ 78.5255796, 30.367106 ], [ 78.5254079, 30.3671546 ], [ 78.5249895, 30.3674508 ], [ 78.5248393, 30.3675642 ], [ 78.524791, 30.3676822 ], [ 78.52474, 30.3678489 ], [ 78.5244235, 30.3680895 ], [ 78.5242626, 30.3682353 ], [ 78.5239837, 30.36852 ], [ 78.5235867, 30.3687283 ], [ 78.5233855, 30.3688046 ], [ 78.5232782, 30.3688208 ], [ 78.5230878, 30.3688093 ], [ 78.5229725, 30.3687583 ], [ 78.5229349, 30.3687144 ], [ 78.5228652, 30.3686218 ], [ 78.5227445, 30.3685848 ], [ 78.5224199, 30.3684621 ], [ 78.5223073, 30.3684205 ], [ 78.5221866, 30.3684228 ], [ 78.5221302, 30.3684968 ], [ 78.522141, 30.368601 ], [ 78.5220847, 30.3688069 ], [ 78.522031, 30.3689088 ], [ 78.5219693, 30.3689713 ], [ 78.5217601, 30.3691147 ], [ 78.5216421, 30.3692004 ], [ 78.5215589, 30.369323 ], [ 78.521516, 30.3694757 ], [ 78.5215402, 30.3695938 ], [ 78.5216206, 30.3696979 ], [ 78.5216904, 30.3698067 ], [ 78.521685, 30.3698853 ], [ 78.5216367, 30.3699432 ], [ 78.5213551, 30.3700311 ], [ 78.5212263, 30.3701584 ], [ 78.5211486, 30.3702926 ], [ 78.5210681, 30.3704569 ], [ 78.5209393, 30.3706421 ], [ 78.5207731, 30.370774 ], [ 78.5205612, 30.3709151 ], [ 78.5201722, 30.3711628 ], [ 78.5200006, 30.3713409 ], [ 78.5198718, 30.3714983 ], [ 78.5196331, 30.371739 ], [ 78.519448, 30.3717829 ], [ 78.519204, 30.3717737 ], [ 78.5189974, 30.3717436 ], [ 78.5187507, 30.3716279 ], [ 78.5182947, 30.3715214 ], [ 78.5181633, 30.3715122 ], [ 78.5180318, 30.3714566 ], [ 78.5178521, 30.3713409 ], [ 78.5176429, 30.3712507 ], [ 78.5169911, 30.3711026 ], [ 78.5166505, 30.3709614 ], [ 78.5164708, 30.3708017 ], [ 78.5163099, 30.3707184 ], [ 78.5161248, 30.3706884 ], [ 78.5159075, 30.3706698 ], [ 78.5156903, 30.3706236 ], [ 78.5151431, 30.370686 ], [ 78.5149232, 30.3707138 ], [ 78.5147247, 30.3707161 ], [ 78.5143518, 30.3706467 ], [ 78.5140729, 30.3705287 ], [ 78.5139495, 30.3704893 ], [ 78.5138717, 30.3703551 ], [ 78.5138637, 30.3702302 ], [ 78.5137188, 30.3700497 ], [ 78.5134345, 30.3699571 ], [ 78.513118, 30.3698691 ], [ 78.5129598, 30.3698113 ], [ 78.5127023, 30.3697465 ], [ 78.5124394, 30.3696933 ], [ 78.5121497, 30.3696771 ], [ 78.5117474, 30.3698622 ], [ 78.5114363, 30.3699918 ], [ 78.5112619, 30.3700844 ], [ 78.51116, 30.3701492 ], [ 78.5110098, 30.3702718 ], [ 78.5107926, 30.3703898 ], [ 78.5106075, 30.3704639 ], [ 78.5103527, 30.370531 ], [ 78.5096741, 30.3705819 ], [ 78.5094354, 30.3706328 ], [ 78.5093442, 30.3705819 ], [ 78.5092878, 30.3705356 ], [ 78.5091296, 30.3704153 ], [ 78.5089499, 30.3702903 ], [ 78.5087916, 30.3701237 ], [ 78.5084054, 30.3697627 ], [ 78.5083222, 30.3696516 ], [ 78.5083517, 30.3695822 ], [ 78.5084054, 30.369441 ], [ 78.5082713, 30.369367 ], [ 78.5081425, 30.3692837 ], [ 78.5080433, 30.3690684 ], [ 78.5079709, 30.3689088 ], [ 78.5079172, 30.3688069 ], [ 78.5077026, 30.3687445 ], [ 78.507472, 30.3686681 ], [ 78.5070375, 30.3685593 ], [ 78.5068765, 30.3685269 ], [ 78.5068551, 30.368432 ], [ 78.5069033, 30.3683094 ], [ 78.5069355, 30.368115 ], [ 78.5069248, 30.3679831 ], [ 78.5066485, 30.3676614 ], [ 78.5064581, 30.3674578 ], [ 78.5063454, 30.3674184 ], [ 78.5059538, 30.3674508 ], [ 78.5057983, 30.3674323 ], [ 78.5055408, 30.3674578 ], [ 78.505294, 30.3675457 ], [ 78.5050875, 30.3676013 ], [ 78.5049534, 30.367555 ], [ 78.5048783, 30.3674624 ], [ 78.5047683, 30.3673212 ], [ 78.5044062, 30.3670435 ], [ 78.5043097, 30.3669486 ], [ 78.5041916, 30.3668098 ], [ 78.5040736, 30.366657 ], [ 78.5039797, 30.366546 ], [ 78.503682, 30.3663817 ], [ 78.5034943, 30.3663053 ], [ 78.5033333, 30.3662706 ], [ 78.5031697, 30.3662845 ], [ 78.5029525, 30.366458 ], [ 78.5030249, 30.3665853 ], [ 78.5030571, 30.3667357 ], [ 78.5031402, 30.3670458 ], [ 78.5031402, 30.3672518 ], [ 78.5031697, 30.3675064 ], [ 78.503159, 30.367673 ], [ 78.5031053, 30.3678304 ], [ 78.5031939, 30.367909 ], [ 78.5032743, 30.3680155 ], [ 78.5032046, 30.3682608 ], [ 78.5031858, 30.3683441 ], [ 78.5031885, 30.3685015 ], [ 78.503218, 30.3686149 ], [ 78.5032985, 30.3687468 ], [ 78.5033575, 30.3688926 ], [ 78.5033226, 30.3691749 ], [ 78.5033172, 30.3693369 ], [ 78.5033011, 30.3695267 ], [ 78.5032529, 30.3697025 ], [ 78.5029766, 30.3698391 ], [ 78.5027754, 30.3699594 ], [ 78.5026735, 30.3700612 ], [ 78.5026038, 30.37017 ], [ 78.5026199, 30.3702718 ], [ 78.502695, 30.3703968 ], [ 78.5028532, 30.3704847 ], [ 78.5030276, 30.3706004 ], [ 78.5030973, 30.3707485 ], [ 78.503159, 30.3707994 ], [ 78.5032663, 30.3707115 ], [ 78.5032555, 30.3706143 ], [ 78.5031992, 30.3705403 ], [ 78.5031268, 30.3704477 ], [ 78.5030061, 30.3702718 ], [ 78.5029766, 30.3701792 ], [ 78.5030115, 30.3700774 ], [ 78.5030785, 30.3700543 ], [ 78.5032287, 30.3699964 ], [ 78.5034648, 30.3699062 ], [ 78.5035694, 30.3697303 ], [ 78.5036284, 30.3697396 ], [ 78.5035962, 30.3698784 ], [ 78.5034808, 30.3700173 ], [ 78.5034031, 30.3702255 ], [ 78.5033789, 30.3703343 ], [ 78.503446, 30.3704431 ], [ 78.503564, 30.3705333 ], [ 78.5036713, 30.3706698 ], [ 78.503623, 30.3709244 ], [ 78.503505, 30.3710933 ], [ 78.5033655, 30.3713525 ], [ 78.5033655, 30.3713872 ], [ 78.5035184, 30.3716325 ], [ 78.5035774, 30.3716719 ], [ 78.5037088, 30.3717228 ], [ 78.5038081, 30.3718709 ], [ 78.5038725, 30.3720398 ], [ 78.5038564, 30.3721439 ], [ 78.5037973, 30.3722226 ], [ 78.503674, 30.3723707 ], [ 78.5035613, 30.3725605 ], [ 78.5034728, 30.3727016 ], [ 78.5032609, 30.3728544 ], [ 78.5030517, 30.3729053 ], [ 78.5028854, 30.3729863 ], [ 78.5027808, 30.3731621 ], [ 78.5026467, 30.3733611 ], [ 78.5026601, 30.3736319 ], [ 78.5027459, 30.3737291 ], [ 78.5027406, 30.3738564 ], [ 78.5026279, 30.3740461 ], [ 78.5024965, 30.374222 ], [ 78.5023946, 30.3743307 ], [ 78.5021853, 30.3745367 ], [ 78.5021719, 30.3746038 ], [ 78.5022256, 30.3747079 ], [ 78.5022148, 30.3748769 ], [ 78.5021853, 30.3749648 ], [ 78.5020217, 30.3751453 ], [ 78.5019037, 30.3752864 ], [ 78.5018232, 30.3755109 ], [ 78.5015121, 30.3758464 ], [ 78.5015041, 30.3759552 ], [ 78.5015604, 30.3760848 ], [ 78.5015845, 30.3762051 ], [ 78.5015282, 30.3762907 ], [ 78.5014129, 30.3762815 ], [ 78.5012761, 30.3763092 ], [ 78.5010374, 30.3763439 ], [ 78.5008201, 30.3763555 ], [ 78.5002246, 30.3765499 ], [ 78.5000181, 30.3766054 ], [ 78.4996855, 30.3765591 ], [ 78.4994683, 30.3765568 ], [ 78.4992725, 30.3765661 ], [ 78.4989426, 30.3765939 ], [ 78.4986931, 30.3766401 ], [ 78.4985509, 30.3766309 ], [ 78.4982291, 30.3764758 ], [ 78.4980333, 30.376337 ], [ 78.4978294, 30.3762352 ], [ 78.4976283, 30.3761287 ], [ 78.4973358, 30.3759113 ], [ 78.4971148, 30.3760353 ], [ 78.4970569, 30.3762167 ], [ 78.49675, 30.3764426 ], [ 78.4964067, 30.3765351 ], [ 78.4961986, 30.3764204 ], [ 78.495984, 30.376189 ], [ 78.4956772, 30.3761279 ], [ 78.4953939, 30.3762908 ], [ 78.4948682, 30.3764481 ], [ 78.4946429, 30.376661 ], [ 78.4945893, 30.3769572 ], [ 78.4945463, 30.3771423 ], [ 78.4942717, 30.377396 ], [ 78.4939927, 30.3775348 ], [ 78.493688, 30.377744 ], [ 78.4936022, 30.3779939 ], [ 78.4936762, 30.3780994 ], [ 78.4938372, 30.3781688 ], [ 78.4939884, 30.3782299 ], [ 78.4941268, 30.3782336 ], [ 78.4942663, 30.3782244 ], [ 78.4944122, 30.3782299 ], [ 78.4945034, 30.378304 ], [ 78.4945571, 30.3784382 ], [ 78.4945088, 30.3786048 ], [ 78.4943693, 30.3786464 ], [ 78.4940796, 30.3786325 ], [ 78.4938329, 30.3786325 ], [ 78.4935861, 30.3786557 ], [ 78.493334, 30.3786742 ], [ 78.4931731, 30.3786094 ], [ 78.4927975, 30.3784844 ], [ 78.4923899, 30.3783687 ], [ 78.4918641, 30.3783456 ], [ 78.4915423, 30.3783873 ], [ 78.4913009, 30.3784335 ], [ 78.4910648, 30.3784197 ], [ 78.4907698, 30.3783178 ], [ 78.4905499, 30.3782484 ], [ 78.4902709, 30.3782623 ], [ 78.4898386, 30.3782997 ] ] } },
{ "type": "Feature", "properties": { "highway": "secondary", "name": null }, "geometry": { "type": "LineString", "coordinates": [ [ 78.5111119, 30.3353789 ], [ 78.5110704, 30.3354753 ], [ 78.5110731, 30.3356329 ], [ 78.5110842, 30.3357786 ], [ 78.5111119, 30.3359124 ], [ 78.5111562, 30.3360318 ], [ 78.5112143, 30.3362181 ], [ 78.5112364, 30.3364569 ], [ 78.5112309, 30.3365858 ], [ 78.5111949, 30.3367291 ], [ 78.5111119, 30.3368891 ], [ 78.5109929, 30.3371399 ], [ 78.5108186, 30.337405 ], [ 78.5107743, 30.3375053 ], [ 78.5107494, 30.3376032 ], [ 78.5106913, 30.3378707 ], [ 78.5106581, 30.3379543 ], [ 78.5105778, 30.3380474 ], [ 78.5105336, 30.3381477 ], [ 78.5105225, 30.3382408 ], [ 78.5105142, 30.3384032 ], [ 78.5104948, 30.33858 ], [ 78.5101572, 30.338814 ], [ 78.5100134, 30.3389406 ], [ 78.5099276, 30.3390194 ], [ 78.5098861, 30.3390695 ], [ 78.509875, 30.3392057 ], [ 78.5098888, 30.3393322 ], [ 78.5098584, 30.3395949 ], [ 78.5097975, 30.3397263 ], [ 78.5098335, 30.3398337 ], [ 78.5098944, 30.3399818 ], [ 78.5099359, 30.3401227 ], [ 78.5098861, 30.3402636 ], [ 78.5098114, 30.3403878 ], [ 78.509756, 30.3405048 ], [ 78.5097643, 30.3406481 ], [ 78.5097726, 30.3407842 ], [ 78.509756, 30.341054 ], [ 78.5097782, 30.3411329 ], [ 78.5097505, 30.3412379 ], [ 78.5096619, 30.3413382 ], [ 78.5095125, 30.3414552 ], [ 78.5093133, 30.3416224 ], [ 78.509233, 30.3417179 ], [ 78.5089646, 30.3419472 ], [ 78.5088235, 30.3420141 ], [ 78.5087377, 30.3421311 ], [ 78.5086907, 30.3422266 ], [ 78.5086686, 30.3423245 ], [ 78.5086243, 30.3424463 ], [ 78.5085717, 30.3425705 ], [ 78.50858, 30.342623 ], [ 78.5085191, 30.3427329 ], [ 78.5083697, 30.3428427 ], [ 78.5082839, 30.3428809 ], [ 78.508259, 30.3429764 ], [ 78.5083448, 30.3431054 ], [ 78.5085938, 30.3433323 ], [ 78.5088207, 30.3435949 ], [ 78.5088595, 30.3437287 ], [ 78.5088816, 30.34386 ], [ 78.5088207, 30.3439937 ], [ 78.5087958, 30.3441346 ], [ 78.5088844, 30.3444952 ], [ 78.5088456, 30.3445501 ], [ 78.5087875, 30.3447173 ], [ 78.5086769, 30.3450516 ], [ 78.5086187, 30.3451471 ], [ 78.5085938, 30.3452689 ], [ 78.5087626, 30.3453716 ], [ 78.5091417, 30.3456534 ], [ 78.5092303, 30.3457059 ], [ 78.509316, 30.3457991 ], [ 78.5093852, 30.3459113 ], [ 78.5094323, 30.3459949 ], [ 78.5094904, 30.3460808 ], [ 78.5096066, 30.3461787 ], [ 78.509756, 30.3462456 ], [ 78.5099386, 30.3462623 ], [ 78.5101047, 30.3462026 ], [ 78.5102292, 30.3461334 ], [ 78.5102762, 30.3460999 ], [ 78.5104644, 30.3460952 ], [ 78.5105861, 30.3461286 ], [ 78.5107439, 30.3461596 ], [ 78.5109514, 30.3461716 ], [ 78.5111257, 30.3461835 ], [ 78.5112696, 30.3461835 ], [ 78.5114771, 30.3461596 ], [ 78.51161, 30.3461477 ], [ 78.5117289, 30.3461859 ], [ 78.5116847, 30.3464796 ], [ 78.5116183, 30.3465536 ], [ 78.5115159, 30.3466826 ], [ 78.5114052, 30.3468044 ], [ 78.5113748, 30.3469166 ], [ 78.511408, 30.3470575 ], [ 78.5114384, 30.3471793 ], [ 78.5114688, 30.3473584 ], [ 78.5114384, 30.3475303 ], [ 78.5114024, 30.3476593 ], [ 78.5113333, 30.3477118 ], [ 78.5110206, 30.3478933 ], [ 78.510932, 30.3479578 ], [ 78.5107743, 30.348027 ], [ 78.5106055, 30.3480724 ], [ 78.5104506, 30.3481034 ], [ 78.5103565, 30.3481273 ], [ 78.5101987, 30.3482228 ], [ 78.51016, 30.348273 ], [ 78.5101185, 30.348347 ], [ 78.5101074, 30.3484282 ], [ 78.5101047, 30.3485046 ], [ 78.5101738, 30.3485977 ], [ 78.5102486, 30.3486479 ], [ 78.5103648, 30.3486741 ], [ 78.5104616, 30.3486837 ], [ 78.5107079, 30.3486311 ], [ 78.5108767, 30.3484831 ], [ 78.511004, 30.3483661 ], [ 78.5111368, 30.3482706 ], [ 78.5112502, 30.3482156 ], [ 78.511369, 30.3481644 ], [ 78.5116321, 30.3480509 ], [ 78.5118728, 30.347941 ], [ 78.5120084, 30.3478598 ], [ 78.5122298, 30.3477906 ], [ 78.5123211, 30.3477619 ], [ 78.5126725, 30.3477022 ], [ 78.5128413, 30.3476903 ], [ 78.5130184, 30.347719 ], [ 78.513237, 30.3477667 ], [ 78.513486, 30.3477954 ], [ 78.5136023, 30.3478169 ], [ 78.5138458, 30.3478455 ], [ 78.5139426, 30.347941 ], [ 78.5140422, 30.3480748 ], [ 78.5141391, 30.3481464 ], [ 78.5144711, 30.348273 ], [ 78.5145984, 30.3483541 ], [ 78.514687, 30.3483828 ], [ 78.5147229, 30.3484043 ], [ 78.5147921, 30.3484449 ], [ 78.5148723, 30.3485428 ], [ 78.5148889, 30.3485858 ], [ 78.5149111, 30.3486885 ], [ 78.5149747, 30.3487696 ], [ 78.5150439, 30.3488843 ], [ 78.5151906, 30.349006 ], [ 78.5153012, 30.3490872 ], [ 78.5154147, 30.3491875 ], [ 78.5154645, 30.3493045 ], [ 78.5154839, 30.3494645 ], [ 78.51547, 30.3497725 ], [ 78.515459, 30.3498537 ], [ 78.5154617, 30.3499278 ], [ 78.5154756, 30.3500304 ], [ 78.5154783, 30.3501618 ], [ 78.515459, 30.3502692 ], [ 78.5153843, 30.3503862 ], [ 78.5153372, 30.350465 ], [ 78.5150826, 30.3505367 ], [ 78.5149913, 30.3505223 ], [ 78.5148972, 30.3505056 ], [ 78.5146095, 30.3504698 ], [ 78.5145348, 30.3504531 ], [ 78.5143604, 30.3504459 ], [ 78.5142332, 30.3504746 ], [ 78.5141335, 30.3505582 ], [ 78.5140312, 30.3506537 ], [ 78.5139205, 30.3507516 ], [ 78.5138541, 30.3508232 ], [ 78.5137434, 30.3510739 ], [ 78.5136936, 30.351148 ], [ 78.5136687, 30.3512721 ], [ 78.5136548, 30.3513939 ], [ 78.5136659, 30.3515205 ], [ 78.5137351, 30.3516064 ], [ 78.5138734, 30.3517043 ], [ 78.5139509, 30.3517998 ], [ 78.5139564, 30.3519359 ], [ 78.513962, 30.35201 ], [ 78.5138928, 30.3520864 ], [ 78.5138458, 30.3521532 ], [ 78.5137987, 30.3522511 ], [ 78.5137987, 30.3523252 ], [ 78.5138319, 30.3524039 ], [ 78.513879, 30.3524899 ], [ 78.5139177, 30.3525759 ], [ 78.5139509, 30.352638 ], [ 78.5139454, 30.3527144 ], [ 78.5136548, 30.352712 ], [ 78.5135912, 30.3527072 ], [ 78.5133338, 30.3527191 ], [ 78.5131568, 30.3527239 ], [ 78.5130599, 30.3527335 ], [ 78.5129354, 30.3528218 ], [ 78.5128911, 30.3528815 ], [ 78.5128441, 30.3529746 ], [ 78.512833, 30.3530964 ], [ 78.5128192, 30.3532874 ], [ 78.5127804, 30.3534164 ], [ 78.5127555, 30.353531 ], [ 78.5127251, 30.3536838 ], [ 78.5126947, 30.3538032 ], [ 78.5126642, 30.3539178 ], [ 78.5125425, 30.353956 ], [ 78.5123792, 30.3539894 ], [ 78.5122575, 30.3540682 ], [ 78.5121938, 30.3541303 ], [ 78.5121191, 30.3542067 ], [ 78.5120748, 30.3542807 ], [ 78.512061, 30.3543595 ], [ 78.5119448, 30.3545028 ], [ 78.5118701, 30.3546246 ], [ 78.5117954, 30.3547702 ], [ 78.5117511, 30.3548992 ], [ 78.5117428, 30.3550568 ], [ 78.5117815, 30.355169 ], [ 78.5119309, 30.3553337 ], [ 78.5120389, 30.3553624 ], [ 78.5123515, 30.3554603 ], [ 78.5124207, 30.3555152 ], [ 78.5125535, 30.3555248 ], [ 78.5127196, 30.3554937 ], [ 78.5129658, 30.355446 ], [ 78.5132259, 30.355403 ], [ 78.513392, 30.3553457 ], [ 78.5135829, 30.3552573 ], [ 78.5138458, 30.3551547 ], [ 78.5142055, 30.3551021 ], [ 78.5142802, 30.3551045 ], [ 78.5143964, 30.3551212 ], [ 78.5144877, 30.3551594 ], [ 78.5145956, 30.3552454 ], [ 78.5146316, 30.3552955 ], [ 78.5146261, 30.3553887 ], [ 78.5145956, 30.3555391 ], [ 78.5145265, 30.3556418 ], [ 78.5143411, 30.3561408 ], [ 78.5143023, 30.3562148 ], [ 78.514283, 30.3563008 ], [ 78.5142968, 30.3563724 ], [ 78.5143632, 30.3564488 ], [ 78.5144794, 30.3565181 ], [ 78.5146095, 30.3565897 ], [ 78.5147146, 30.3566589 ], [ 78.5148198, 30.356795 ], [ 78.5148668, 30.356912 ], [ 78.5148834, 30.3570338 ], [ 78.5148668, 30.357158 ], [ 78.51477, 30.3573132 ], [ 78.5147506, 30.357349 ], [ 78.5146703, 30.3574349 ], [ 78.514579, 30.3575233 ], [ 78.5144877, 30.3576164 ], [ 78.5143549, 30.3576594 ], [ 78.5141695, 30.3577095 ], [ 78.5139205, 30.3577644 ], [ 78.5138043, 30.3577859 ], [ 78.5136216, 30.3577477 ], [ 78.5133837, 30.3577406 ], [ 78.5132979, 30.3577429 ], [ 78.5131512, 30.357774 ], [ 78.5130073, 30.3578193 ], [ 78.5128579, 30.3578862 ], [ 78.5126836, 30.3579578 ], [ 78.5125757, 30.3580127 ], [ 78.5124567, 30.3580987 ], [ 78.5123349, 30.3581966 ], [ 78.5121744, 30.3586073 ], [ 78.5121634, 30.358655 ], [ 78.5121578, 30.3588174 ], [ 78.5121606, 30.3589129 ], [ 78.5121302, 30.3589941 ], [ 78.5119807, 30.359037 ], [ 78.5118479, 30.3590562 ], [ 78.5116598, 30.3590896 ], [ 78.5115076, 30.3591373 ], [ 78.5113969, 30.359197 ], [ 78.5113222, 30.3592782 ], [ 78.5112558, 30.3593379 ], [ 78.5111036, 30.3593904 ], [ 78.5109597, 30.3594716 ], [ 78.5108518, 30.3595408 ], [ 78.5107245, 30.3595361 ], [ 78.5105197, 30.3594979 ], [ 78.5104395, 30.359462 ], [ 78.5101683, 30.3594716 ], [ 78.5100244, 30.3594668 ], [ 78.509911, 30.3594429 ], [ 78.509828, 30.3594024 ], [ 78.5097394, 30.3593355 ], [ 78.5096619, 30.3592543 ], [ 78.5095485, 30.3592018 ], [ 78.5094323, 30.3592161 ], [ 78.5092607, 30.3592376 ], [ 78.509031, 30.3592137 ], [ 78.5088512, 30.3591421 ], [ 78.5087654, 30.3589869 ], [ 78.5087377, 30.3589224 ], [ 78.5087073, 30.3588245 ], [ 78.5086603, 30.3587267 ], [ 78.5085136, 30.3586455 ], [ 78.5083393, 30.3585929 ], [ 78.5081622, 30.3585356 ], [ 78.5079796, 30.3584974 ], [ 78.5077969, 30.3584569 ], [ 78.5076088, 30.3583661 ], [ 78.5075036, 30.3583542 ], [ 78.5073929, 30.3583924 ], [ 78.5072933, 30.3584951 ], [ 78.5071356, 30.3586813 ], [ 78.5070802, 30.3587076 ], [ 78.5069419, 30.3587935 ], [ 78.5068533, 30.3588723 ], [ 78.5067178, 30.358932 ], [ 78.5066043, 30.358932 ], [ 78.5064936, 30.3589081 ], [ 78.5063968, 30.358901 ], [ 78.5063193, 30.3589463 ], [ 78.5062723, 30.3590203 ], [ 78.5062391, 30.3591278 ], [ 78.5062169, 30.3592472 ], [ 78.5060675, 30.3593355 ], [ 78.5059734, 30.3593761 ], [ 78.5057936, 30.3594143 ], [ 78.5057161, 30.359462 ], [ 78.5056192, 30.3594883 ], [ 78.5055279, 30.3594788 ], [ 78.5054172, 30.3594644 ], [ 78.5052567, 30.3594477 ], [ 78.5051571, 30.3594215 ], [ 78.5050824, 30.3593522 ], [ 78.5049717, 30.3592567 ], [ 78.5048251, 30.3591517 ], [ 78.504363, 30.3589678 ], [ 78.5042357, 30.3588962 ], [ 78.5041499, 30.3588365 ], [ 78.5040005, 30.3588174 ], [ 78.5039202, 30.3588484 ], [ 78.5038262, 30.3589344 ], [ 78.5037404, 30.3590562 ], [ 78.5037376, 30.3591827 ], [ 78.5038013, 30.3593403 ], [ 78.5038317, 30.3594573 ], [ 78.5038206, 30.3595528 ], [ 78.5037902, 30.359696 ], [ 78.5037791, 30.3598083 ], [ 78.5036352, 30.3598441 ], [ 78.5035495, 30.3597987 ], [ 78.5033087, 30.3596936 ], [ 78.5031621, 30.3595862 ], [ 78.503115, 30.3595552 ], [ 78.5030182, 30.3594812 ], [ 78.5028466, 30.3593546 ], [ 78.502747, 30.3592973 ], [ 78.5026003, 30.3592663 ], [ 78.5024371, 30.3593331 ], [ 78.5023541, 30.3593809 ], [ 78.5022213, 30.3594119 ], [ 78.5021133, 30.359474 ], [ 78.5019944, 30.3595289 ], [ 78.5018781, 30.3595862 ], [ 78.5017592, 30.3596053 ], [ 78.5016042, 30.3595862 ], [ 78.5015765, 30.3595432 ], [ 78.5015599, 30.3594573 ], [ 78.5015987, 30.3593809 ], [ 78.5016983, 30.3591421 ], [ 78.5017841, 30.3587219 ], [ 78.5018422, 30.3586073 ], [ 78.5018947, 30.358507 ], [ 78.5018837, 30.3583255 ], [ 78.5018726, 30.3582229 ], [ 78.5018034, 30.358082 ], [ 78.501701, 30.3580175 ], [ 78.5015959, 30.3579889 ], [ 78.5014409, 30.3579889 ], [ 78.5013081, 30.358008 ], [ 78.5011283, 30.3580462 ], [ 78.5009871, 30.358156 ], [ 78.5008405, 30.3582252 ], [ 78.5007077, 30.3581966 ], [ 78.500644, 30.3581608 ], [ 78.5004918, 30.3580677 ], [ 78.5003839, 30.3579889 ], [ 78.5003396, 30.3578743 ], [ 78.5002456, 30.3577955 ], [ 78.5001072, 30.3577477 ], [ 78.5000297, 30.3577047 ], [ 78.4999024, 30.3576236 ], [ 78.4998665, 30.3575758 ], [ 78.4997447, 30.3575209 ], [ 78.4997143, 30.3575137 ], [ 78.4995925, 30.3575352 ], [ 78.4994542, 30.3575901 ], [ 78.4993573, 30.3576618 ], [ 78.4992882, 30.3577429 ], [ 78.4992356, 30.3578456 ], [ 78.4992328, 30.357965 ], [ 78.4992771, 30.3581536 ], [ 78.4992882, 30.3582181 ], [ 78.4993435, 30.3583279 ], [ 78.4994293, 30.3584186 ], [ 78.4995455, 30.3585189 ], [ 78.4996091, 30.3586073 ], [ 78.4996506, 30.3587243 ], [ 78.4996562, 30.3587481 ], [ 78.4995593, 30.3588365 ], [ 78.4993573, 30.3589105 ], [ 78.4993075, 30.3589702 ], [ 78.4991249, 30.3590538 ], [ 78.4989893, 30.359049 ], [ 78.498862, 30.3590156 ], [ 78.4986988, 30.3589869 ], [ 78.4985217, 30.3589821 ], [ 78.4984027, 30.358963 ], [ 78.4983197, 30.3589535 ], [ 78.4981979, 30.3589797 ], [ 78.4981177, 30.3590227 ], [ 78.49809, 30.3590896 ], [ 78.4982228, 30.3593427 ], [ 78.4982256, 30.3593713 ], [ 78.4982201, 30.359474 ], [ 78.4981564, 30.3596005 ], [ 78.4980872, 30.3596889 ], [ 78.4980236, 30.359782 ], [ 78.498007, 30.3599061 ], [ 78.498007, 30.360059 ], [ 78.4979572, 30.3601927 ], [ 78.4979157, 30.3603144 ], [ 78.4979074, 30.3604935 ], [ 78.4979351, 30.3605771 ], [ 78.4979932, 30.3606917 ], [ 78.4980513, 30.3608469 ], [ 78.4980623, 30.3609662 ], [ 78.4980568, 30.361057 ], [ 78.4979987, 30.3611716 ], [ 78.4978825, 30.3612456 ], [ 78.49766, 30.3611787 ], [ 78.4976157, 30.3611405 ], [ 78.4974829, 30.3608063 ], [ 78.4973556, 30.3606296 ], [ 78.4972615, 30.3604816 ], [ 78.4972006, 30.3602524 ], [ 78.4970678, 30.3600422 ], [ 78.4969959, 30.3599133 ], [ 78.4968796, 30.3597605 ], [ 78.4968354, 30.3596316 ], [ 78.4967026, 30.3592448 ], [ 78.4965476, 30.3590872 ], [ 78.4964314, 30.3589774 ], [ 78.4962589, 30.358679 ], [ 78.4962824, 30.3585169 ], [ 78.4963293, 30.3583413 ], [ 78.4963215, 30.358186 ], [ 78.4962276, 30.3579834 ], [ 78.496118, 30.3577403 ], [ 78.4961102, 30.3575782 ], [ 78.4962041, 30.3572338 ], [ 78.4963076, 30.3566644 ], [ 78.4964545, 30.3561262 ], [ 78.4965524, 30.3558757 ], [ 78.4966228, 30.3557069 ], [ 78.4966228, 30.3555718 ], [ 78.4966111, 30.3555178 ], [ 78.4965054, 30.3553692 ], [ 78.4963802, 30.3552341 ], [ 78.4960867, 30.3551261 ], [ 78.495484, 30.3550012 ], [ 78.4953862, 30.3550113 ], [ 78.495124, 30.3549437 ], [ 78.4949832, 30.354964 ], [ 78.494631, 30.3549741 ], [ 78.4943883, 30.3549741 ], [ 78.494177, 30.3549606 ], [ 78.4938874, 30.3548897 ], [ 78.4936566, 30.3548323 ], [ 78.4932144, 30.3547546 ], [ 78.4931283, 30.3547513 ], [ 78.4930304, 30.3547648 ], [ 78.4929874, 30.354785 ], [ 78.4929404, 30.3548424 ], [ 78.4928935, 30.354937 ], [ 78.4928739, 30.3550822 ], [ 78.4929404, 30.3551902 ], [ 78.4931635, 30.3552679 ], [ 78.4933396, 30.3553591 ], [ 78.4935587, 30.3553827 ], [ 78.4937231, 30.3553861 ], [ 78.4942944, 30.3555313 ], [ 78.4946349, 30.3557035 ], [ 78.4947249, 30.3557609 ], [ 78.4948149, 30.3558487 ], [ 78.4948775, 30.3559669 ], [ 78.4948736, 30.3560817 ], [ 78.4948618, 30.3562337 ], [ 78.4948423, 30.3564329 ], [ 78.494811, 30.3565916 ], [ 78.4947875, 30.3567503 ], [ 78.4946818, 30.3569934 ], [ 78.494631, 30.3571116 ], [ 78.4946544, 30.3572163 ], [ 78.4947444, 30.3573412 ], [ 78.4948462, 30.3574898 ], [ 78.4949245, 30.3576012 ], [ 78.4950027, 30.3577295 ], [ 78.4950301, 30.3578511 ], [ 78.4950575, 30.3579862 ], [ 78.4949832, 30.3581483 ], [ 78.4949088, 30.3582428 ], [ 78.4947601, 30.3582968 ], [ 78.494627, 30.3584319 ], [ 78.4947131, 30.3586548 ], [ 78.4947758, 30.3587594 ], [ 78.4948697, 30.3588979 ], [ 78.4948853, 30.3589823 ], [ 78.4948501, 30.3590768 ], [ 78.4948031, 30.359168 ], [ 78.494721, 30.3592896 ], [ 78.4946388, 30.3594213 ], [ 78.494541, 30.3598906 ], [ 78.4942866, 30.3603903 ], [ 78.4942475, 30.3605153 ], [ 78.4942044, 30.3605659 ], [ 78.4940792, 30.3606301 ], [ 78.4937309, 30.3607719 ], [ 78.4936096, 30.3608968 ], [ 78.4935, 30.3610555 ], [ 78.4933905, 30.361194 ], [ 78.4932926, 30.3613054 ], [ 78.4932457, 30.3614269 ], [ 78.49278, 30.3622171 ], [ 78.492643, 30.362423 ], [ 78.492553, 30.3624973 ], [ 78.4924709, 30.3625682 ], [ 78.49242, 30.3626357 ], [ 78.4924004, 30.3627303 ], [ 78.4923769, 30.3628046 ], [ 78.4922635, 30.3629802 ], [ 78.4916843, 30.3634562 ], [ 78.4915708, 30.3634934 ], [ 78.4914299, 30.3635339 ], [ 78.4912617, 30.3635575 ], [ 78.4911638, 30.3635778 ], [ 78.491066, 30.3636251 ], [ 78.4908899, 30.3637027 ], [ 78.4907216, 30.3637838 ], [ 78.4904986, 30.3638884 ], [ 78.4903694, 30.3640336 ], [ 78.4903225, 30.3642227 ], [ 78.4902912, 30.3643544 ], [ 78.490252, 30.3644658 ], [ 78.4900681, 30.364692 ], [ 78.4898138, 30.3649149 ], [ 78.4896885, 30.3650364 ], [ 78.4896494, 30.365131 ], [ 78.4896455, 30.3652491 ], [ 78.4896494, 30.3653707 ], [ 78.4896572, 30.3655091 ], [ 78.4896494, 30.3655902 ], [ 78.489485, 30.3658839 ], [ 78.4892307, 30.3660493 ], [ 78.4891603, 30.3661473 ], [ 78.4891055, 30.3662654 ], [ 78.4890468, 30.3663971 ], [ 78.4889098, 30.3664579 ], [ 78.4887494, 30.3664883 ], [ 78.4886163, 30.3665423 ], [ 78.488538, 30.3666132 ], [ 78.4885067, 30.3666909 ], [ 78.488495, 30.3668394 ], [ 78.4884911, 30.3669272 ], [ 78.4885928, 30.3672176 ], [ 78.4886085, 30.3673459 ], [ 78.4885733, 30.367437 ], [ 78.4884637, 30.3675113 ], [ 78.4883737, 30.367589 ], [ 78.4883228, 30.3676936 ], [ 78.4883111, 30.3678017 ], [ 78.4882993, 30.3679536 ], [ 78.4883111, 30.3681427 ], [ 78.488315, 30.3683149 ], [ 78.4883228, 30.3684128 ], [ 78.4883424, 30.368504 ], [ 78.4883541, 30.3686356 ], [ 78.4882087, 30.3686426 ], [ 78.4877367, 30.3688463 ], [ 78.4876294, 30.3692536 ], [ 78.4876508, 30.3696979 ], [ 78.487801, 30.3700497 ], [ 78.487565, 30.3703644 ], [ 78.4870286, 30.370568 ], [ 78.4867067, 30.3709198 ], [ 78.4860201, 30.3718269 ], [ 78.4853978, 30.3724008 ], [ 78.4850759, 30.37266 ], [ 78.4848613, 30.3728821 ], [ 78.4841532, 30.3730858 ], [ 78.4835739, 30.3731969 ], [ 78.4832949, 30.373345 ], [ 78.4835095, 30.3736597 ], [ 78.4837455, 30.3739559 ], [ 78.4838099, 30.3741965 ], [ 78.4844107, 30.374215 ], [ 78.4847326, 30.3743817 ], [ 78.4848184, 30.3746593 ], [ 78.4852047, 30.3748259 ], [ 78.4858055, 30.374863 ], [ 78.4861273, 30.3750851 ], [ 78.4863205, 30.3755294 ], [ 78.4860844, 30.3758997 ], [ 78.4857196, 30.3761773 ], [ 78.4856553, 30.3765846 ], [ 78.4856767, 30.3770104 ], [ 78.4853334, 30.3772325 ], [ 78.4850545, 30.3773806 ], [ 78.4849257, 30.3777323 ], [ 78.4851617, 30.3779545 ], [ 78.4853839, 30.3782068 ] ] } },
{ "type": "Feature", "properties": { "highway": "unclassified", "name": null }, "geometry": { "type": "LineString", "coordinates": [ [ 78.4768539, 30.3778192 ], [ 78.4767151, 30.3777486 ], [ 78.4766346, 30.3774755 ], [ 78.4766883, 30.3771608 ], [ 78.4766024, 30.3762075 ], [ 78.4760499, 30.3755826 ], [ 78.475846, 30.375416 ], [ 78.4756529, 30.375342 ], [ 78.4754115, 30.3754021 ], [ 78.4740168, 30.3754253 ], [ 78.4736282, 30.3754159 ], [ 78.473458, 30.3755155 ], [ 78.4732796, 30.3757192 ], [ 78.4730918, 30.3759783 ], [ 78.472888, 30.3761218 ], [ 78.4726036, 30.3763115 ], [ 78.4724695, 30.3764596 ] ] } },
{ "type": "Feature", "properties": { "highway": "service", "name": null }, "geometry": { "type": "LineString", "coordinates": [ [ 78.483431, 30.3616834 ], [ 78.4831092, 30.3619241 ], [ 78.4828152, 30.3621273 ], [ 78.4826693, 30.3623777 ], [ 78.4826371, 30.3626832 ], [ 78.4825298, 30.3632664 ], [ 78.4823903, 30.3638774 ], [ 78.4824654, 30.3641736 ], [ 78.4825084, 30.3651641 ], [ 78.4826264, 30.3651271 ], [ 78.482841, 30.3639885 ], [ 78.4829375, 30.3639329 ], [ 78.4828624, 30.3644328 ], [ 78.4828302, 30.3653678 ], [ 78.482841, 30.3658029 ], [ 78.482165, 30.3663675 ], [ 78.4815492, 30.3667651 ], [ 78.4814489, 30.3670224 ], [ 78.4806308, 30.3674784 ], [ 78.480309, 30.3675709 ], [ 78.4801373, 30.367608 ], [ 78.4795794, 30.3679412 ], [ 78.4793755, 30.3681819 ], [ 78.4791395, 30.3688206 ], [ 78.4785559, 30.369033 ], [ 78.4784099, 30.3692371 ], [ 78.4780324, 30.3693045 ], [ 78.4776194, 30.3694295 ], [ 78.4774638, 30.3694989 ], [ 78.4773404, 30.3696655 ], [ 78.4769649, 30.3700635 ], [ 78.4767664, 30.370332 ], [ 78.4768469, 30.3707346 ], [ 78.4770025, 30.3710123 ], [ 78.4771366, 30.3713872 ], [ 78.4773887, 30.3721694 ], [ 78.4776378, 30.3726947 ], [ 78.4777159, 30.3728683 ], [ 78.4779663, 30.3731459 ], [ 78.4781219, 30.3733449 ], [ 78.4782738, 30.3735949 ], [ 78.4785578, 30.3737939 ], [ 78.4789413, 30.37392 ], [ 78.4791157, 30.3739825 ], [ 78.4791706, 30.3740033 ], [ 78.4791934, 30.3740334 ], [ 78.4791961, 30.3740878 ], [ 78.4790731, 30.3741086 ], [ 78.478886, 30.3741271 ], [ 78.4785792, 30.3741271 ], [ 78.4785524, 30.3741329 ], [ 78.4785189, 30.3741491 ], [ 78.4785095, 30.3741803 ], [ 78.4785202, 30.3742243 ], [ 78.4786409, 30.374237 ], [ 78.4793289, 30.3743712 ], [ 78.4793544, 30.3743897 ], [ 78.4793919, 30.3744349 ], [ 78.479353, 30.3744731 ], [ 78.4785444, 30.3745274 ], [ 78.478488, 30.3745691 ], [ 78.4784706, 30.3745911 ], [ 78.4784947, 30.3746327 ], [ 78.4789695, 30.3746767 ], [ 78.4797621, 30.3748317 ], [ 78.4798295, 30.3748755 ], [ 78.4798117, 30.374915 ], [ 78.4797795, 30.374937 ], [ 78.4787549, 30.3749509 ], [ 78.4786449, 30.3749891 ], [ 78.4786543, 30.3750411 ], [ 78.478707, 30.375082 ], [ 78.4802261, 30.3753258 ], [ 78.4802985, 30.3753466 ], [ 78.4803562, 30.3754021 ], [ 78.4803106, 30.3754565 ], [ 78.478948, 30.3754623 ], [ 78.478885, 30.3755005 ], [ 78.4788837, 30.3755468 ], [ 78.4789427, 30.3755907 ], [ 78.4807089, 30.375902 ], [ 78.4818703, 30.3761519 ], [ 78.4819695, 30.3761912 ], [ 78.481991, 30.3762375 ], [ 78.4819266, 30.3763046 ], [ 78.4816745, 30.3762745 ], [ 78.4802341, 30.3762468 ], [ 78.4792632, 30.3762306 ], [ 78.4790915, 30.3762606 ], [ 78.4790111, 30.3763347 ], [ 78.4790915, 30.3763879 ], [ 78.479223, 30.3763972 ], [ 78.4799981, 30.376499 ], [ 78.4809235, 30.3766633 ], [ 78.4815001, 30.3767628 ], [ 78.4823129, 30.3770081 ], [ 78.4824845, 30.3770844 ], [ 78.4826025, 30.3771654 ], [ 78.4826133, 30.3772811 ], [ 78.4825784, 30.3772927 ], [ 78.4825328, 30.3772788 ], [ 78.4823358, 30.3772368 ], [ 78.4790032, 30.3771894 ], [ 78.4784149, 30.3773581 ], [ 78.4781381, 30.3775645 ] ] } },
{ "type": "Feature", "properties": { "highway": "residential", "name": null }, "geometry": { "type": "LineString", "coordinates": [ [ 78.4639844, 30.390482 ], [ 78.4638725, 30.390362 ], [ 78.4635652, 30.3902412 ], [ 78.4632031, 30.3900995 ], [ 78.4627893, 30.3900391 ], [ 78.4625458, 30.3899447 ], [ 78.462418, 30.3898397 ], [ 78.4622689, 30.3895588 ], [ 78.4621777, 30.3893068 ], [ 78.4624819, 30.3890916 ], [ 78.4629992, 30.3889683 ], [ 78.4635591, 30.3890155 ], [ 78.4641798, 30.3890916 ], [ 78.4644979, 30.3890867 ], [ 78.4645497, 30.3891211 ] ] } },
{ "type": "Feature", "properties": { "highway": "secondary", "name": "Chamba-Barkot Road" }, "geometry": { "type": "LineString", "coordinates": [ [ 78.4771493, 30.3777621 ], [ 78.4769881, 30.3777961 ], [ 78.4768539, 30.3778192 ], [ 78.4767687, 30.3779267 ], [ 78.4766926, 30.3780433 ], [ 78.4766027, 30.3783026 ], [ 78.4764854, 30.3787162 ], [ 78.4764342, 30.3791063 ], [ 78.476654, 30.3794477 ], [ 78.476867, 30.3796375 ], [ 78.4770069, 30.3798285 ], [ 78.4770364, 30.3799582 ], [ 78.4769232, 30.3801568 ], [ 78.4767126, 30.3803877 ], [ 78.4764967, 30.3805995 ], [ 78.4761231, 30.3809056 ], [ 78.4760099, 30.3810553 ], [ 78.4759389, 30.3812214 ], [ 78.4758053, 30.3814922 ], [ 78.4757265, 30.381643 ], [ 78.4756428, 30.3817959 ], [ 78.4756031, 30.3818666 ], [ 78.475555, 30.3819447 ], [ 78.475497, 30.3820544 ], [ 78.4754347, 30.3821635 ], [ 78.4753641, 30.3822868 ], [ 78.475263, 30.3824035 ], [ 78.4751476, 30.3825281 ], [ 78.475044, 30.3826244 ], [ 78.4749594, 30.3826698 ], [ 78.4748828, 30.3827114 ], [ 78.4747729, 30.3827444 ], [ 78.474688, 30.3827772 ], [ 78.4746206, 30.3828082 ], [ 78.4745543, 30.3828313 ], [ 78.4745033, 30.3828607 ], [ 78.4744493, 30.3828982 ], [ 78.4743903, 30.3829355 ], [ 78.4743545, 30.3829643 ], [ 78.474291, 30.3830051 ], [ 78.4742314, 30.3830533 ], [ 78.4741669, 30.3831112 ], [ 78.4740939, 30.383182 ], [ 78.4740232, 30.3832602 ], [ 78.4739622, 30.3833382 ], [ 78.4739279, 30.3833815 ], [ 78.4738677, 30.3834511 ], [ 78.4738398, 30.3834791 ], [ 78.4738134, 30.3835071 ], [ 78.4737524, 30.3835588 ], [ 78.4737168, 30.3835937 ], [ 78.4736623, 30.383667 ], [ 78.4736312, 30.3837154 ], [ 78.4735696, 30.3838258 ], [ 78.4735631, 30.3839879 ], [ 78.4736276, 30.3841612 ], [ 78.4736788, 30.3843221 ], [ 78.4736241, 30.384461 ], [ 78.4735194, 30.3846086 ], [ 78.4734242, 30.384759 ], [ 78.4733378, 30.3849214 ], [ 78.4732416, 30.3850861 ], [ 78.4731318, 30.3852583 ], [ 78.4730126, 30.385445 ], [ 78.4728878, 30.3855939 ], [ 78.4727128, 30.3857038 ], [ 78.4726204, 30.385749 ], [ 78.4724422, 30.3858517 ], [ 78.4722894, 30.3860043 ], [ 78.4721392, 30.3861586 ], [ 78.4719744, 30.3863089 ], [ 78.4717899, 30.3864536 ], [ 78.4716085, 30.3865887 ], [ 78.4715161, 30.3866549 ], [ 78.4713177, 30.3867773 ], [ 78.4712027, 30.3868085 ], [ 78.4710883, 30.3868148 ], [ 78.4708697, 30.3868182 ], [ 78.4706497, 30.3868201 ], [ 78.4704314, 30.3868344 ], [ 78.4701994, 30.3868673 ], [ 78.4699872, 30.3869049 ], [ 78.4697692, 30.3869471 ], [ 78.4695454, 30.3869906 ], [ 78.4693349, 30.3870388 ], [ 78.469143, 30.3870833 ], [ 78.4690493, 30.3871123 ], [ 78.4688666, 30.3872532 ], [ 78.468771, 30.3873483 ], [ 78.4686037, 30.3875495 ], [ 78.4684324, 30.3877468 ], [ 78.4682465, 30.3879301 ], [ 78.4680627, 30.3880958 ], [ 78.4679749, 30.3881704 ], [ 78.4678018, 30.3883124 ], [ 78.4677181, 30.388379 ], [ 78.4675666, 30.3884983 ], [ 78.4674947, 30.3885585 ], [ 78.4673759, 30.388677 ], [ 78.4673234, 30.3887413 ], [ 78.4672774, 30.3888076 ], [ 78.4672374, 30.3888741 ], [ 78.4671467, 30.3889946 ], [ 78.4670181, 30.389064 ], [ 78.4668637, 30.3891086 ], [ 78.466713, 30.3891336 ], [ 78.4665633, 30.3891596 ], [ 78.4664903, 30.3891717 ], [ 78.4663215, 30.3891674 ], [ 78.4662167, 30.3891588 ], [ 78.4659418, 30.3891439 ], [ 78.4656721, 30.38914 ], [ 78.4653756, 30.3891342 ], [ 78.4652242, 30.3891282 ], [ 78.4650796, 30.38912 ], [ 78.4648469, 30.3891037 ], [ 78.4646363, 30.3890967 ], [ 78.4645497, 30.3891211 ], [ 78.4644723, 30.389143 ], [ 78.4644231, 30.3891711 ], [ 78.4643566, 30.3892781 ], [ 78.4642868, 30.3894391 ], [ 78.4642495, 30.3895399 ], [ 78.4642087, 30.3896498 ], [ 78.4641275, 30.3898955 ], [ 78.464091, 30.3900164 ], [ 78.4640588, 30.3901354 ], [ 78.4640084, 30.3903687 ], [ 78.4639844, 30.390482 ], [ 78.4639335, 30.3906881 ], [ 78.4638879, 30.3908816 ], [ 78.4639133, 30.3910665 ], [ 78.463973, 30.3912568 ], [ 78.4640053, 30.391355 ], [ 78.4640169, 30.3915656 ], [ 78.4639968, 30.391789 ], [ 78.4639767, 30.391996 ], [ 78.4639722, 30.3921943 ], [ 78.4639823, 30.392288 ], [ 78.463994, 30.3923797 ], [ 78.4639654, 30.3925595 ], [ 78.4639237, 30.3926556 ], [ 78.4637648, 30.3928038 ], [ 78.4635443, 30.3929179 ], [ 78.4633212, 30.3930101 ], [ 78.4631499, 30.3931095 ], [ 78.4630744, 30.3932777 ], [ 78.4630582, 30.3934425 ], [ 78.4630039, 30.3936233 ], [ 78.4628907, 30.3938269 ], [ 78.4627815, 30.3940185 ], [ 78.4626882, 30.394196 ], [ 78.4626065, 30.3943724 ], [ 78.4625146, 30.3945528 ], [ 78.4623532, 30.3946946 ], [ 78.4622639, 30.3947604 ], [ 78.4621038, 30.3948852 ], [ 78.4619621, 30.3950092 ], [ 78.4618865, 30.3950833 ], [ 78.4617922, 30.3952591 ], [ 78.4617544, 30.3954603 ], [ 78.4617378, 30.3955614 ], [ 78.461721, 30.3956619 ], [ 78.461701, 30.3958791 ], [ 78.4616803, 30.3960847 ], [ 78.4615765, 30.3962291 ], [ 78.4614024, 30.3962914 ], [ 78.4612883, 30.3962878 ], [ 78.4610592, 30.3962099 ], [ 78.4609558, 30.3961768 ], [ 78.4607341, 30.3961557 ], [ 78.4605487, 30.3961553 ], [ 78.4603727, 30.3962082 ], [ 78.4603328, 30.3963682 ], [ 78.4603549, 30.3965212 ], [ 78.4603763, 30.3965944 ], [ 78.4604435, 30.3967727 ], [ 78.4605168, 30.396868 ], [ 78.4606895, 30.3969796 ], [ 78.460835, 30.3970623 ], [ 78.4609464, 30.3971307 ], [ 78.4610619, 30.3971798 ], [ 78.4611583, 30.3972487 ], [ 78.4612495, 30.3973667 ], [ 78.4612506, 30.3974665 ], [ 78.4612307, 30.3975587 ], [ 78.4611725, 30.3976258 ], [ 78.46118, 30.3977307 ], [ 78.4612245, 30.3979141 ], [ 78.4612564, 30.3981894 ], [ 78.4612522, 30.3984073 ], [ 78.4611218, 30.3985741 ], [ 78.4609935, 30.3986765 ], [ 78.4609286, 30.398758 ], [ 78.4608479, 30.3988452 ], [ 78.4606432, 30.3989904 ], [ 78.4604262, 30.3990911 ], [ 78.4603018, 30.399241 ], [ 78.4602975, 30.3993249 ], [ 78.4603451, 30.3994908 ], [ 78.460338, 30.399647 ], [ 78.4602001, 30.3997492 ], [ 78.4600841, 30.3997699 ], [ 78.4599668, 30.3997922 ], [ 78.4598106, 30.3999223 ], [ 78.4597802, 30.4000984 ], [ 78.4597738, 30.4001875 ], [ 78.4596908, 30.4003616 ], [ 78.459527, 30.40048 ], [ 78.4593396, 30.4005756 ], [ 78.4592858, 30.4006014 ], [ 78.4592486, 30.4006193 ], [ 78.4590772, 30.4007204 ], [ 78.4589242, 30.4008744 ], [ 78.4588591, 30.4009615 ], [ 78.4587669, 30.4011092 ], [ 78.4587352, 30.4011599 ], [ 78.4586261, 30.401379 ], [ 78.4585343, 30.4015871 ], [ 78.4584765, 30.4016956 ], [ 78.4583297, 30.4019104 ], [ 78.4581578, 30.4021092 ], [ 78.4579468, 30.4022994 ], [ 78.4577292, 30.4024689 ], [ 78.4575231, 30.402633 ], [ 78.4574281, 30.402718 ], [ 78.4572528, 30.4028981 ], [ 78.457175, 30.4029912 ], [ 78.457102, 30.4030867 ], [ 78.4569935, 30.4032599 ], [ 78.4569526, 30.4034048 ], [ 78.4569412, 30.4035061 ], [ 78.4569438, 30.4035663 ], [ 78.4569854, 30.4037075 ], [ 78.4570295, 30.4038666 ], [ 78.4570558, 30.4039463 ], [ 78.4570888, 30.4040541 ], [ 78.4571026, 30.4040899 ], [ 78.4571097, 30.4041125 ], [ 78.457117, 30.4041392 ], [ 78.4571229, 30.4041737 ], [ 78.457109, 30.4042805 ], [ 78.457076, 30.4044168 ], [ 78.4570199, 30.4045745 ], [ 78.4568877, 30.4047274 ], [ 78.4568118, 30.4047903 ], [ 78.4565983, 30.4048696 ], [ 78.4563944, 30.4048841 ], [ 78.4561705, 30.4049007 ], [ 78.4560747, 30.4049346 ], [ 78.4559596, 30.4050664 ], [ 78.4559181, 30.4051408 ], [ 78.4558378, 30.4053261 ], [ 78.4557569, 30.405529 ], [ 78.4556556, 30.4057261 ], [ 78.4555463, 30.405917 ], [ 78.4555228, 30.4061289 ], [ 78.455491, 30.4062315 ], [ 78.4555035, 30.4063422 ], [ 78.4556483, 30.4064694 ], [ 78.4558377, 30.4065627 ], [ 78.4559226, 30.4066504 ], [ 78.4559438, 30.406734 ], [ 78.4559072, 30.4068508 ], [ 78.4558321, 30.4069617 ], [ 78.4557875, 30.4070547 ], [ 78.4556265, 30.4072439 ], [ 78.4554768, 30.407431 ], [ 78.4553372, 30.4075994 ], [ 78.4551878, 30.4077804 ], [ 78.4550463, 30.407964 ], [ 78.4549986, 30.408115 ], [ 78.4549746, 30.4081983 ], [ 78.4549529, 30.4082681 ], [ 78.4549285, 30.4083231 ], [ 78.4549091, 30.4084075 ], [ 78.4548936, 30.4084794 ], [ 78.4548765, 30.4085773 ], [ 78.4548217, 30.4086464 ], [ 78.4547734, 30.4087177 ], [ 78.4546805, 30.4088118 ], [ 78.4546287, 30.4089474 ], [ 78.4546028, 30.4090455 ], [ 78.4545846, 30.4091147 ], [ 78.4545622, 30.4091968 ], [ 78.4545256, 30.4093079 ], [ 78.4544773, 30.4094364 ], [ 78.4544249, 30.4095337 ], [ 78.4543906, 30.4096276 ], [ 78.4543255, 30.4097197 ], [ 78.4543144, 30.4097902 ], [ 78.454308, 30.4098442 ], [ 78.454287, 30.4099402 ], [ 78.4542419, 30.410079 ], [ 78.4541793, 30.4102354 ], [ 78.4541425, 30.4103253 ], [ 78.4540618, 30.410526 ], [ 78.4539749, 30.4107208 ], [ 78.4538904, 30.4109036 ], [ 78.4538488, 30.4109961 ], [ 78.453774, 30.4111788 ], [ 78.4537017, 30.4113658 ], [ 78.4536634, 30.4114696 ], [ 78.453579, 30.4116658 ], [ 78.4535383, 30.4117617 ], [ 78.4535016, 30.4118481 ], [ 78.4534638, 30.4119313 ], [ 78.4533803, 30.4120784 ], [ 78.4532858, 30.4121969 ], [ 78.4532366, 30.4122483 ], [ 78.4531324, 30.4123267 ], [ 78.4530831, 30.4123524 ], [ 78.4530339, 30.4123483 ], [ 78.4529954, 30.412321 ], [ 78.4529014, 30.4122191 ], [ 78.4528248, 30.4121202 ], [ 78.4527185, 30.4119921 ], [ 78.4525826, 30.4118482 ], [ 78.4525172, 30.4117823 ], [ 78.4523856, 30.411643 ], [ 78.4522474, 30.4114948 ], [ 78.4520975, 30.41135 ], [ 78.4520406, 30.411295 ], [ 78.4520005, 30.4111626 ], [ 78.4520218, 30.4110941 ], [ 78.4520894, 30.4109422 ], [ 78.4521619, 30.4107884 ], [ 78.4521778, 30.410714 ], [ 78.4521451, 30.4106122 ], [ 78.4520903, 30.4105717 ], [ 78.4519589, 30.4104888 ], [ 78.4518245, 30.4103548 ], [ 78.4517894, 30.410189 ], [ 78.45188, 30.4100422 ], [ 78.4519185, 30.4099418 ], [ 78.4519103, 30.4098463 ], [ 78.4518668, 30.409663 ], [ 78.4518263, 30.409468 ], [ 78.45184, 30.4092911 ], [ 78.4518389, 30.4092002 ], [ 78.4517776, 30.409023 ], [ 78.4516578, 30.408864 ], [ 78.4516165, 30.4086975 ], [ 78.4516144, 30.408607 ], [ 78.4516404, 30.4084253 ], [ 78.4516336, 30.4083461 ], [ 78.4515962, 30.4082743 ], [ 78.4515293, 30.40821 ], [ 78.4513156, 30.4081432 ], [ 78.451196, 30.4081287 ], [ 78.4510934, 30.4081228 ], [ 78.450987, 30.4081144 ], [ 78.4507472, 30.4080751 ], [ 78.4506432, 30.4080265 ], [ 78.4505236, 30.4079011 ], [ 78.4504992, 30.407821 ], [ 78.4504811, 30.4077267 ], [ 78.4504946, 30.4076234 ], [ 78.4505319, 30.4074157 ], [ 78.4505864, 30.4072163 ], [ 78.4506427, 30.4071344 ], [ 78.4506983, 30.4070568 ], [ 78.4508123, 30.4068984 ], [ 78.4508449, 30.4068156 ], [ 78.4508478, 30.4066559 ], [ 78.4507969, 30.4065867 ], [ 78.4507207, 30.406532 ], [ 78.4506371, 30.4064871 ], [ 78.4505432, 30.4064505 ], [ 78.4504346, 30.4064138 ], [ 78.4502073, 30.406338 ], [ 78.450104, 30.4063064 ], [ 78.4500378, 30.4062617 ], [ 78.4499961, 30.4062041 ], [ 78.4499493, 30.4060503 ], [ 78.4499369, 30.4059437 ], [ 78.4499354, 30.4057431 ], [ 78.4499175, 30.4056292 ], [ 78.4498874, 30.4054298 ], [ 78.4498083, 30.4052441 ], [ 78.4497621, 30.4051548 ], [ 78.4496506, 30.4049794 ], [ 78.4495558, 30.4048961 ], [ 78.4493655, 30.4047525 ], [ 78.4491531, 30.4046015 ], [ 78.4489561, 30.4044735 ], [ 78.4487625, 30.4043773 ], [ 78.4486753, 30.4043012 ], [ 78.4486444, 30.4042543 ], [ 78.4486232, 30.404207 ], [ 78.4486006, 30.4041125 ], [ 78.4485576, 30.4038932 ], [ 78.4484931, 30.4036559 ], [ 78.448458, 30.4035421 ], [ 78.4484273, 30.4033117 ], [ 78.4483596, 30.4030979 ], [ 78.448295, 30.403036 ], [ 78.4481755, 30.4029427 ], [ 78.44813, 30.4029136 ], [ 78.4480716, 30.4028698 ], [ 78.4480287, 30.4028336 ], [ 78.4479705, 30.4027917 ], [ 78.4479429, 30.4027767 ], [ 78.4478979, 30.4027588 ], [ 78.4478578, 30.4027475 ], [ 78.4477893, 30.4027219 ], [ 78.4476776, 30.4027126 ], [ 78.4475541, 30.4027178 ], [ 78.447406, 30.4027335 ], [ 78.4472756, 30.4027302 ], [ 78.4472043, 30.4027189 ], [ 78.4471334, 30.4026925 ], [ 78.44701, 30.4026327 ], [ 78.4469243, 30.4025823 ], [ 78.4468407, 30.4025406 ], [ 78.4467956, 30.4025307 ], [ 78.4467094, 30.4025179 ], [ 78.4466572, 30.4025199 ], [ 78.4466323, 30.4025223 ], [ 78.4466174, 30.4025242 ], [ 78.4465697, 30.40253 ], [ 78.446546, 30.4025312 ], [ 78.44652, 30.4025321 ], [ 78.4464989, 30.4025329 ], [ 78.4464546, 30.4025377 ], [ 78.4463615, 30.4025269 ], [ 78.4462639, 30.4024651 ], [ 78.4461329, 30.4023482 ], [ 78.4459677, 30.4022178 ], [ 78.4459081, 30.4021565 ], [ 78.4458494, 30.4020976 ], [ 78.4456796, 30.4019339 ], [ 78.4454468, 30.4017845 ], [ 78.4453899, 30.4017537 ], [ 78.4453168, 30.4017131 ], [ 78.4452729, 30.4016888 ], [ 78.4451945, 30.401648 ], [ 78.445156, 30.4016329 ], [ 78.4450397, 30.401576 ], [ 78.4448905, 30.4015282 ], [ 78.4447018, 30.4015301 ], [ 78.4446155, 30.4015338 ], [ 78.4444292, 30.4015393 ], [ 78.4443225, 30.4015377 ], [ 78.4442095, 30.4015357 ], [ 78.4439757, 30.4015184 ], [ 78.44377, 30.401492 ], [ 78.4435584, 30.4014469 ], [ 78.4433582, 30.4014105 ], [ 78.4431823, 30.4014331 ], [ 78.443019, 30.4014939 ], [ 78.4429381, 30.4015019 ], [ 78.4427621, 30.4014794 ], [ 78.4425826, 30.4014191 ], [ 78.4424119, 30.4013585 ], [ 78.4423214, 30.4013314 ], [ 78.4421688, 30.4012478 ], [ 78.4421107, 30.4011943 ], [ 78.4420564, 30.4011341 ], [ 78.441949, 30.4009973 ], [ 78.4418291, 30.4008485 ], [ 78.4417593, 30.400801 ], [ 78.4417096, 30.4007721 ], [ 78.4416533, 30.400764 ], [ 78.4415538, 30.4007823 ], [ 78.4414058, 30.4008743 ], [ 78.4413465, 30.4009343 ], [ 78.4412857, 30.4009974 ], [ 78.4412341, 30.4010088 ], [ 78.4411572, 30.401004 ], [ 78.4411168, 30.4010035 ], [ 78.4410774, 30.4009913 ], [ 78.4409867, 30.4009615 ], [ 78.4408939, 30.4008566 ], [ 78.4408347, 30.4007145 ], [ 78.4407956, 30.4005794 ], [ 78.440774, 30.4004677 ], [ 78.4407775, 30.4002702 ], [ 78.4408145, 30.400056 ], [ 78.440847, 30.3999529 ], [ 78.4408607, 30.3998699 ], [ 78.440858, 30.3998144 ], [ 78.4408389, 30.3997634 ], [ 78.4406904, 30.3996512 ], [ 78.4405026, 30.3995997 ], [ 78.4403953, 30.3995883 ], [ 78.4402796, 30.3995994 ], [ 78.4400567, 30.3996652 ], [ 78.4399536, 30.3997125 ], [ 78.4397674, 30.3997849 ], [ 78.4396738, 30.39978 ], [ 78.4395715, 30.3997706 ], [ 78.4393573, 30.3997351 ], [ 78.4391837, 30.39966 ], [ 78.4390999, 30.3995923 ], [ 78.4390252, 30.3995331 ], [ 78.4389538, 30.3994814 ], [ 78.4388813, 30.399423 ], [ 78.4388015, 30.3993495 ], [ 78.4387569, 30.3993085 ], [ 78.438716, 30.3992805 ], [ 78.4386503, 30.3992422 ], [ 78.4386144, 30.399237 ], [ 78.4385584, 30.399248 ], [ 78.4384916, 30.399262 ], [ 78.4383976, 30.3992853 ], [ 78.4382715, 30.399338 ], [ 78.43817, 30.3994082 ], [ 78.4381381, 30.3994632 ], [ 78.4380907, 30.3995651 ], [ 78.4380496, 30.3996705 ], [ 78.4380142, 30.3998029 ], [ 78.4380022, 30.3999116 ], [ 78.4379986, 30.3999714 ], [ 78.437992, 30.4000938 ], [ 78.4379866, 30.4002193 ], [ 78.4379849, 30.4002763 ], [ 78.4379751, 30.4003957 ], [ 78.4379403, 30.4005261 ], [ 78.4378889, 30.4006475 ], [ 78.4378611, 30.4006991 ], [ 78.4377715, 30.4007643 ], [ 78.4376755, 30.4007816 ], [ 78.4375525, 30.4007613 ], [ 78.4375018, 30.4007288 ], [ 78.4374501, 30.4006916 ], [ 78.4373511, 30.4005832 ], [ 78.4373063, 30.4005239 ], [ 78.4372561, 30.4004632 ], [ 78.4371557, 30.4003426 ], [ 78.4371036, 30.4002792 ], [ 78.437052, 30.4002178 ], [ 78.4369983, 30.4001567 ], [ 78.4368917, 30.4000372 ], [ 78.4368411, 30.3999762 ], [ 78.4367459, 30.3998473 ], [ 78.4366521, 30.3997299 ], [ 78.4365985, 30.3996718 ], [ 78.4364677, 30.3995544 ], [ 78.4363277, 30.399459 ], [ 78.4362476, 30.3994114 ], [ 78.4360871, 30.3993283 ], [ 78.4360033, 30.3992925 ], [ 78.4358246, 30.3992308 ], [ 78.4356358, 30.399185 ], [ 78.4354407, 30.3991539 ], [ 78.4352193, 30.3991307 ], [ 78.4350072, 30.3991117 ], [ 78.4349115, 30.3991045 ], [ 78.4347167, 30.3990958 ], [ 78.434541, 30.3990935 ], [ 78.4343539, 30.3990959 ], [ 78.4342669, 30.3991012 ], [ 78.4340917, 30.3991197 ], [ 78.4340042, 30.3991303 ], [ 78.4339129, 30.399142 ], [ 78.4337131, 30.3991684 ], [ 78.4335018, 30.3992051 ], [ 78.4333968, 30.39923 ], [ 78.4331902, 30.3992929 ], [ 78.4330872, 30.3993349 ], [ 78.4328955, 30.3994304 ], [ 78.4328079, 30.3994854 ], [ 78.432662, 30.3996007 ], [ 78.4325196, 30.3997258 ], [ 78.4323553, 30.3998355 ], [ 78.4321752, 30.3999052 ], [ 78.432092, 30.3998982 ], [ 78.4319383, 30.3998507 ], [ 78.4317749, 30.3997846 ], [ 78.431697, 30.3997436 ], [ 78.4315651, 30.3996632 ], [ 78.4314983, 30.3995828 ], [ 78.4314206, 30.39949 ], [ 78.4313629, 30.3994247 ], [ 78.4313065, 30.399361 ], [ 78.431198, 30.3992885 ], [ 78.4310504, 30.3992134 ], [ 78.4308595, 30.3991319 ], [ 78.4307496, 30.3990914 ], [ 78.4305116, 30.3990277 ], [ 78.4302917, 30.3989902 ], [ 78.4300607, 30.3989526 ], [ 78.4299505, 30.398924 ], [ 78.4298435, 30.3988625 ], [ 78.4297076, 30.3986841 ], [ 78.4296583, 30.3984829 ], [ 78.4296599, 30.398379 ], [ 78.4296804, 30.3981737 ], [ 78.4296966, 30.3980656 ], [ 78.4297259, 30.3978384 ], [ 78.4297273, 30.3976175 ], [ 78.4297224, 30.3974248 ], [ 78.4297289, 30.3973385 ], [ 78.4298295, 30.3972223 ], [ 78.4299145, 30.397177 ], [ 78.4301329, 30.3970834 ], [ 78.4303489, 30.3969736 ], [ 78.4304549, 30.3969176 ], [ 78.4306621, 30.3968115 ], [ 78.4307809, 30.3967158 ], [ 78.4309309, 30.3966366 ], [ 78.4310644, 30.3964935 ], [ 78.4311603, 30.3963331 ], [ 78.4311859, 30.3962197 ], [ 78.4311914, 30.3961049 ], [ 78.431184, 30.3960144 ], [ 78.4311775, 30.3959559 ], [ 78.4311487, 30.3958719 ], [ 78.4310844, 30.395768 ], [ 78.4310336, 30.3957061 ], [ 78.4309695, 30.395658 ], [ 78.4309244, 30.3956535 ], [ 78.4308956, 30.3956564 ], [ 78.430861, 30.3956697 ], [ 78.4308091, 30.3957287 ], [ 78.4307868, 30.3957847 ], [ 78.4307454, 30.3958885 ], [ 78.4306412, 30.395989 ], [ 78.4305487, 30.3960542 ], [ 78.4302865, 30.3961173 ], [ 78.4300935, 30.3961145 ], [ 78.4298927, 30.3961257 ], [ 78.429706, 30.3960904 ], [ 78.4295917, 30.396012 ], [ 78.4294676, 30.3958827 ], [ 78.4293941, 30.3957317 ], [ 78.4293125, 30.395571 ], [ 78.4292288, 30.3953963 ], [ 78.4291849, 30.3953178 ], [ 78.4290905, 30.3951607 ], [ 78.4289544, 30.394959 ], [ 78.428821, 30.3947553 ], [ 78.4287433, 30.3945629 ], [ 78.4286842, 30.3943927 ], [ 78.4286463, 30.394305 ], [ 78.4285792, 30.3941089 ], [ 78.4285336, 30.3939189 ], [ 78.4285097, 30.3938272 ], [ 78.4284469, 30.3936628 ], [ 78.4284238, 30.3935888 ], [ 78.4282724, 30.3935003 ], [ 78.4281395, 30.3935008 ], [ 78.4279316, 30.3935086 ], [ 78.4277633, 30.3934462 ], [ 78.4275726, 30.3933556 ], [ 78.4274791, 30.393322 ], [ 78.4272532, 30.3932386 ], [ 78.4270726, 30.3931333 ], [ 78.42696, 30.3930775 ], [ 78.4267778, 30.3929686 ], [ 78.4265835, 30.3929 ], [ 78.4264657, 30.3928982 ], [ 78.4262537, 30.392897 ], [ 78.4260713, 30.3928952 ], [ 78.4258726, 30.3928227 ], [ 78.4256966, 30.3927355 ], [ 78.4256068, 30.3927002 ], [ 78.4253856, 30.3926936 ], [ 78.4251326, 30.3927015 ], [ 78.4248904, 30.3926751 ], [ 78.4247801, 30.3926309 ], [ 78.4246004, 30.3924995 ], [ 78.4244412, 30.3923643 ], [ 78.4243241, 30.3922122 ], [ 78.4242749, 30.3920177 ], [ 78.4242424, 30.3919162 ], [ 78.4241806, 30.3917908 ], [ 78.4240767, 30.3916776 ], [ 78.4239567, 30.3915892 ], [ 78.4238328, 30.3914566 ], [ 78.4236632, 30.3912744 ], [ 78.4234771, 30.3911392 ], [ 78.4233734, 30.3909952 ], [ 78.4233335, 30.390868 ], [ 78.4233439, 30.3907558 ], [ 78.423455, 30.3905988 ], [ 78.4235558, 30.3905121 ], [ 78.4237441, 30.3903488 ], [ 78.423908, 30.3902787 ], [ 78.4240199, 30.3902341 ], [ 78.4241931, 30.3901516 ], [ 78.4243096, 30.3899822 ], [ 78.4243273, 30.3898016 ], [ 78.4243008, 30.389651 ], [ 78.4242778, 30.3895855 ], [ 78.4242616, 30.3895054 ], [ 78.4242229, 30.3894392 ], [ 78.4241813, 30.389405 ], [ 78.4241261, 30.3893829 ], [ 78.4240204, 30.389394 ], [ 78.4239041, 30.3894219 ], [ 78.4238302, 30.3894569 ], [ 78.423629, 30.3895023 ], [ 78.4234453, 30.3895242 ], [ 78.4232558, 30.3895331 ], [ 78.4231422, 30.3895207 ], [ 78.4230682, 30.389471 ], [ 78.4230312, 30.3893908 ], [ 78.4230299, 30.3892892 ], [ 78.4230339, 30.3892103 ], [ 78.4230359, 30.3890202 ], [ 78.4230586, 30.3887976 ], [ 78.423078, 30.3885766 ], [ 78.4231067, 30.388363 ], [ 78.423133, 30.3881434 ], [ 78.4231372, 30.3880291 ], [ 78.423096, 30.3878035 ], [ 78.4230213, 30.3875709 ], [ 78.422943, 30.3873594 ], [ 78.422894, 30.3871293 ], [ 78.4229319, 30.3868871 ], [ 78.422963, 30.3866584 ], [ 78.4229717, 30.3864481 ], [ 78.4229644, 30.3863364 ], [ 78.4229337, 30.3861533 ], [ 78.4229045, 30.3860093 ], [ 78.4229047, 30.3858949 ], [ 78.4229095, 30.3858295 ], [ 78.4229158, 30.3857343 ], [ 78.4229175, 30.3857024 ], [ 78.4229162, 30.3856459 ], [ 78.4229127, 30.3855813 ], [ 78.4229103, 30.3855463 ], [ 78.4229039, 30.3854924 ], [ 78.4228873, 30.3854562 ], [ 78.4228021, 30.3853271 ], [ 78.4226772, 30.3851806 ], [ 78.4225064, 30.3850686 ], [ 78.4223056, 30.3850176 ], [ 78.4220559, 30.3850216 ], [ 78.4219374, 30.3850583 ], [ 78.421707, 30.3851329 ], [ 78.421608, 30.3851562 ], [ 78.4214748, 30.3851187 ], [ 78.4213641, 30.3849849 ], [ 78.4213067, 30.3849027 ], [ 78.4212204, 30.3848287 ], [ 78.421029, 30.3847388 ], [ 78.4208611, 30.384633 ], [ 78.4207062, 30.3844839 ], [ 78.420486, 30.3843318 ], [ 78.4202287, 30.3841831 ], [ 78.4199959, 30.3840423 ], [ 78.4197809, 30.3838869 ], [ 78.4195841, 30.3837474 ], [ 78.4193728, 30.383659 ], [ 78.4191481, 30.3836091 ], [ 78.4189359, 30.3835258 ], [ 78.4188593, 30.3834766 ], [ 78.4187707, 30.3833658 ], [ 78.4187269, 30.3832641 ], [ 78.418687, 30.3831441 ], [ 78.4186564, 30.383083 ], [ 78.4186357, 30.3830142 ], [ 78.4186095, 30.3829265 ], [ 78.4185842, 30.382855 ], [ 78.41856, 30.3827755 ], [ 78.4185234, 30.3827177 ], [ 78.4184759, 30.3826947 ], [ 78.4184401, 30.3826772 ], [ 78.4183985, 30.3826702 ], [ 78.4183192, 30.3826831 ], [ 78.4182604, 30.3827246 ], [ 78.4182068, 30.3827779 ], [ 78.4181598, 30.3828555 ], [ 78.4181372, 30.3829472 ], [ 78.4180465, 30.3831072 ], [ 78.4179903, 30.3831695 ], [ 78.4178407, 30.3832572 ], [ 78.4176889, 30.3833743 ], [ 78.4175702, 30.383506 ], [ 78.4175428, 30.3835592 ], [ 78.4174971, 30.3836659 ], [ 78.4174369, 30.383774 ], [ 78.4173947, 30.38382 ], [ 78.4172897, 30.3838837 ], [ 78.4172316, 30.3838998 ], [ 78.4171206, 30.3838764 ], [ 78.4170724, 30.3838576 ], [ 78.4169827, 30.3837987 ], [ 78.4168901, 30.3837254 ], [ 78.4167945, 30.3836395 ], [ 78.4167398, 30.3835907 ], [ 78.4166192, 30.3834831 ], [ 78.4165004, 30.383377 ], [ 78.4163769, 30.3832595 ], [ 78.4162815, 30.3831702 ], [ 78.4162449, 30.3831327 ], [ 78.4161975, 30.3830936 ], [ 78.4161634, 30.3830705 ], [ 78.4161187, 30.383044 ], [ 78.4160633, 30.3830111 ], [ 78.4160427, 30.3829968 ], [ 78.4160236, 30.3829843 ], [ 78.41598, 30.382949 ], [ 78.415917, 30.3828693 ], [ 78.415886, 30.3828257 ], [ 78.4158325, 30.3827471 ], [ 78.4157791, 30.3826737 ], [ 78.4157503, 30.3826377 ], [ 78.4157091, 30.3825931 ], [ 78.4156226, 30.3825072 ], [ 78.4155106, 30.3824374 ], [ 78.4153705, 30.3823771 ], [ 78.415223, 30.3823832 ], [ 78.4151451, 30.3824159 ], [ 78.4150646, 30.3824547 ], [ 78.4148992, 30.3825436 ], [ 78.4147544, 30.382548 ], [ 78.4146842, 30.38244 ], [ 78.4146646, 30.3823646 ], [ 78.414599, 30.3822179 ], [ 78.4145437, 30.3821487 ], [ 78.4144691, 30.3820966 ], [ 78.4143821, 30.3820594 ], [ 78.4142819, 30.3820215 ], [ 78.4140764, 30.381939 ], [ 78.4138925, 30.3818316 ], [ 78.4137402, 30.3816886 ], [ 78.4136132, 30.3815577 ], [ 78.4134721, 30.3814532 ], [ 78.4133096, 30.3814107 ], [ 78.4132161, 30.3814171 ], [ 78.4129886, 30.3814294 ], [ 78.4127735, 30.3814341 ], [ 78.4126562, 30.3814429 ], [ 78.4124297, 30.3814761 ], [ 78.4122006, 30.3814698 ], [ 78.4119781, 30.3814646 ], [ 78.4117544, 30.3814931 ], [ 78.4115806, 30.3815842 ], [ 78.4114792, 30.3817281 ], [ 78.4113681, 30.3819014 ], [ 78.4112299, 30.3820365 ], [ 78.4110184, 30.3820973 ], [ 78.4108055, 30.3820989 ], [ 78.4105907, 30.3820536 ], [ 78.4103716, 30.3820564 ], [ 78.4102728, 30.3820607 ], [ 78.4100982, 30.382006 ], [ 78.4099312, 30.3819211 ], [ 78.4097538, 30.3818152 ], [ 78.4096024, 30.3816722 ], [ 78.4094761, 30.3815183 ], [ 78.4094305, 30.3814589 ], [ 78.4093633, 30.3814016 ], [ 78.4093306, 30.3813745 ], [ 78.4092843, 30.3813645 ], [ 78.4092381, 30.381371 ], [ 78.4091958, 30.3813906 ], [ 78.4091451, 30.3814531 ], [ 78.4091015, 30.3815236 ], [ 78.4090234, 30.3816658 ], [ 78.4088355, 30.3817222 ], [ 78.408677, 30.3817458 ], [ 78.4084556, 30.3817774 ], [ 78.408339, 30.3818026 ], [ 78.4080882, 30.3818808 ], [ 78.4078452, 30.3819705 ], [ 78.4077364, 30.3820064 ], [ 78.4075405, 30.3820151 ], [ 78.4073231, 30.3819998 ], [ 78.4070591, 30.3819671 ], [ 78.406935, 30.3819211 ], [ 78.4066992, 30.3818194 ], [ 78.4065885, 30.381784 ], [ 78.4063376, 30.3817383 ], [ 78.4060658, 30.3817177 ], [ 78.4059361, 30.3817008 ], [ 78.4057004, 30.3815953 ], [ 78.4055874, 30.3815362 ], [ 78.4053689, 30.3814071 ], [ 78.4051443, 30.3812494 ], [ 78.4049152, 30.3810894 ], [ 78.4047532, 30.3809187 ], [ 78.4046558, 30.3807242 ], [ 78.4046338, 30.3806152 ], [ 78.4046081, 30.3803756 ], [ 78.4046152, 30.3801414 ], [ 78.4045856, 30.3800331 ], [ 78.4045004, 30.3797825 ], [ 78.4044641, 30.3796538 ], [ 78.4044282, 30.3793843 ], [ 78.4044108, 30.3791523 ], [ 78.404395, 30.3790513 ], [ 78.4042878, 30.3788852 ], [ 78.4040925, 30.3788024 ], [ 78.403897, 30.3787234 ], [ 78.4037267, 30.3785725 ], [ 78.4036816, 30.3784745 ], [ 78.403637, 30.3782511 ], [ 78.4036519, 30.3779826 ], [ 78.4036604, 30.3778422 ], [ 78.4036603, 30.3775647 ], [ 78.403647, 30.3774348 ], [ 78.4036276, 30.3773169 ], [ 78.4035708, 30.377119 ], [ 78.4034464, 30.3769738 ], [ 78.4033656, 30.3769246 ], [ 78.4032207, 30.3768168 ], [ 78.4031826, 30.376759 ], [ 78.4032103, 30.3765933 ], [ 78.4032454, 30.3764266 ], [ 78.4032047, 30.3763296 ], [ 78.4031182, 30.3761388 ], [ 78.4030229, 30.3759282 ], [ 78.4029213, 30.3756819 ], [ 78.402885, 30.3755694 ], [ 78.4028542, 30.3754581 ], [ 78.4028049, 30.3752472 ], [ 78.4027979, 30.3750599 ], [ 78.4028483, 30.3749856 ], [ 78.4029318, 30.3749421 ], [ 78.4031296, 30.3748654 ], [ 78.4033378, 30.3747952 ], [ 78.4035261, 30.3747247 ], [ 78.4036043, 30.3746974 ], [ 78.4036622, 30.374681 ], [ 78.40372, 30.3746321 ], [ 78.403745, 30.3745307 ], [ 78.4037188, 30.3744633 ], [ 78.403589, 30.3743517 ], [ 78.4035059, 30.3742816 ], [ 78.4034425, 30.3741983 ], [ 78.4033928, 30.3739946 ], [ 78.4033477, 30.3737866 ], [ 78.4033347, 30.3736872 ], [ 78.4033963, 30.3734875 ], [ 78.403457, 30.3733802 ], [ 78.4035935, 30.3731716 ], [ 78.4037213, 30.3729688 ], [ 78.4037715, 30.3728714 ], [ 78.4038187, 30.3726613 ], [ 78.403924, 30.3724925 ], [ 78.4040157, 30.3724488 ], [ 78.4042427, 30.3724304 ], [ 78.4045036, 30.372406 ], [ 78.4047434, 30.3722976 ], [ 78.4049787, 30.3721723 ], [ 78.4051931, 30.372039 ], [ 78.4053866, 30.3719186 ], [ 78.4054066, 30.3718425 ], [ 78.4053755, 30.371693 ], [ 78.4053181, 30.3716382 ], [ 78.4051813, 30.3715173 ], [ 78.4050084, 30.3713863 ], [ 78.4048128, 30.3713211 ], [ 78.40459, 30.3713079 ], [ 78.4043235, 30.3713242 ], [ 78.4040286, 30.371312 ], [ 78.4038008, 30.3712672 ], [ 78.403693, 30.3712209 ], [ 78.403653, 30.3710759 ], [ 78.4036595, 30.3709892 ], [ 78.4037001, 30.370902 ], [ 78.4037726, 30.3706941 ], [ 78.4037762, 30.3705776 ], [ 78.4037208, 30.3703524 ], [ 78.4037437, 30.3701256 ], [ 78.4037558, 30.3700222 ], [ 78.4037399, 30.3699242 ], [ 78.4036856, 30.36983 ], [ 78.403535, 30.3696594 ], [ 78.4034345, 30.3695415 ], [ 78.4034179, 30.3694775 ], [ 78.4035188, 30.3693319 ], [ 78.4037055, 30.3691565 ], [ 78.4038988, 30.368955 ], [ 78.4040513, 30.3687513 ], [ 78.4041739, 30.3685236 ], [ 78.4042286, 30.3684095 ], [ 78.4042463, 30.3681669 ], [ 78.4042749, 30.367946 ], [ 78.4044134, 30.3678014 ], [ 78.4046461, 30.3677177 ], [ 78.4048915, 30.3676241 ], [ 78.4049984, 30.3675456 ], [ 78.4051036, 30.3674666 ], [ 78.4053244, 30.3672999 ], [ 78.4054294, 30.3672303 ], [ 78.4055399, 30.3671617 ], [ 78.4056513, 30.3671028 ], [ 78.4058562, 30.3670374 ], [ 78.4060656, 30.3670426 ], [ 78.4061736, 30.3670131 ], [ 78.4062711, 30.3669791 ], [ 78.4063543, 30.3669464 ], [ 78.4064627, 30.3668665 ], [ 78.4064748, 30.3667765 ], [ 78.4064145, 30.3667053 ], [ 78.4063328, 30.3666794 ], [ 78.4061147, 30.3666173 ], [ 78.4059827, 30.3665703 ], [ 78.4058556, 30.3665152 ], [ 78.405636, 30.3664138 ], [ 78.4055299, 30.3663766 ], [ 78.4053248, 30.3663546 ], [ 78.4050835, 30.3664254 ], [ 78.4048461, 30.3664703 ], [ 78.40473, 30.3664554 ], [ 78.4045343, 30.3663573 ], [ 78.4044097, 30.3661703 ], [ 78.4042921, 30.3659404 ], [ 78.404202, 30.3656991 ], [ 78.4041417, 30.3654736 ], [ 78.4041189, 30.3653828 ], [ 78.4040586, 30.3652483 ], [ 78.4040292, 30.3652268 ], [ 78.4039897, 30.3652164 ], [ 78.4039494, 30.3652164 ], [ 78.4039169, 30.3652328 ], [ 78.4038743, 30.3652569 ], [ 78.4038515, 30.3652946 ], [ 78.4037748, 30.3654701 ], [ 78.4037193, 30.3655497 ], [ 78.4035893, 30.3657111 ], [ 78.4035006, 30.3657229 ], [ 78.4034532, 30.3657128 ], [ 78.4034049, 30.3656966 ], [ 78.4033332, 30.3656276 ], [ 78.4033125, 30.3654272 ], [ 78.4033275, 30.3652975 ], [ 78.403359, 30.3650392 ], [ 78.4033982, 30.3649117 ], [ 78.4034904, 30.3646676 ], [ 78.4035814, 30.3644306 ], [ 78.4036174, 30.364343 ], [ 78.4037219, 30.3641818 ], [ 78.4038302, 30.3641316 ], [ 78.4040825, 30.3640595 ], [ 78.4043287, 30.3639943 ], [ 78.4044139, 30.3639366 ], [ 78.4044778, 30.3638799 ], [ 78.4044914, 30.3637832 ], [ 78.4044751, 30.3637087 ], [ 78.4044235, 30.3636379 ], [ 78.4043371, 30.3635712 ], [ 78.4041322, 30.3634127 ], [ 78.4039076, 30.363256 ], [ 78.4037092, 30.3631052 ], [ 78.4036441, 30.3628893 ], [ 78.4036543, 30.3626212 ], [ 78.4036758, 30.3623597 ], [ 78.4036774, 30.3621129 ], [ 78.4035809, 30.3619398 ], [ 78.4035303, 30.3618681 ], [ 78.4035203, 30.3617902 ], [ 78.4035559, 30.3617123 ], [ 78.4037274, 30.3615569 ], [ 78.4038131, 30.3614683 ], [ 78.4039778, 30.3612569 ], [ 78.4041615, 30.36102 ], [ 78.4042549, 30.3609034 ], [ 78.4044175, 30.3606569 ], [ 78.4044879, 30.3605344 ], [ 78.4046228, 30.3603109 ], [ 78.4046937, 30.360214 ], [ 78.4048449, 30.3600386 ], [ 78.4049208, 30.3599578 ], [ 78.4050648, 30.3598015 ], [ 78.4051376, 30.3597397 ], [ 78.4053431, 30.3596946 ], [ 78.4055622, 30.3596434 ], [ 78.4057768, 30.3595849 ], [ 78.4059879, 30.3595335 ], [ 78.4061454, 30.3595002 ], [ 78.4062748, 30.3595072 ], [ 78.4063728, 30.3594884 ], [ 78.4063934, 30.3594832 ], [ 78.4064202, 30.3594831 ], [ 78.4064628, 30.3594775 ], [ 78.4065809, 30.3594559 ], [ 78.4066796, 30.359432 ], [ 78.4067932, 30.3593997 ], [ 78.4069162, 30.3593598 ], [ 78.407102, 30.359247 ], [ 78.407215, 30.3591027 ], [ 78.407254, 30.3590328 ], [ 78.4072555, 30.3589534 ], [ 78.4072348, 30.3588002 ], [ 78.4071522, 30.3586652 ], [ 78.4070586, 30.3585907 ], [ 78.4069636, 30.3585218 ], [ 78.4069053, 30.3584824 ], [ 78.4067331, 30.358388 ], [ 78.4064926, 30.3582873 ], [ 78.4063679, 30.3582426 ], [ 78.4061598, 30.3581876 ], [ 78.4060426, 30.3581705 ], [ 78.4058084, 30.3581407 ], [ 78.4056891, 30.3581171 ], [ 78.4055762, 30.3580892 ], [ 78.4054696, 30.3580556 ], [ 78.4052616, 30.357975 ], [ 78.4051049, 30.3578906 ], [ 78.4050277, 30.3577588 ], [ 78.4050574, 30.3576139 ], [ 78.4051468, 30.3574367 ], [ 78.4051626, 30.3573233 ], [ 78.40518, 30.3570672 ], [ 78.4051954, 30.3568148 ], [ 78.4052738, 30.3566091 ], [ 78.4053229, 30.3565144 ], [ 78.4053764, 30.3564322 ], [ 78.4054479, 30.3563508 ], [ 78.4055345, 30.3562992 ], [ 78.4057486, 30.3562776 ], [ 78.4059537, 30.3563291 ], [ 78.406045, 30.3563542 ], [ 78.4061407, 30.3563586 ], [ 78.4062838, 30.3562853 ], [ 78.4063613, 30.3562046 ], [ 78.406413, 30.3561488 ], [ 78.4065337, 30.3560475 ], [ 78.4066261, 30.3559839 ], [ 78.4067305, 30.3559212 ], [ 78.406833, 30.3558615 ], [ 78.4069771, 30.3557391 ], [ 78.4070284, 30.3555631 ], [ 78.4071084, 30.3553799 ], [ 78.4072732, 30.3552508 ], [ 78.4073518, 30.3551865 ], [ 78.4074369, 30.3551038 ], [ 78.4074994, 30.3549925 ], [ 78.4076178, 30.3547721 ], [ 78.4076874, 30.3546487 ], [ 78.4078105, 30.3544247 ], [ 78.4078135, 30.3542261 ], [ 78.4078068, 30.3541377 ], [ 78.4077406, 30.3539985 ], [ 78.4076374, 30.3539354 ], [ 78.407563, 30.3539433 ], [ 78.407501, 30.3539742 ], [ 78.4073794, 30.3540825 ], [ 78.407304, 30.3541488 ], [ 78.4071062, 30.3542411 ], [ 78.4069198, 30.3542344 ], [ 78.4068451, 30.35418 ], [ 78.4067888, 30.3541007 ], [ 78.4067293, 30.3540088 ], [ 78.4065966, 30.3538151 ], [ 78.4064472, 30.3536326 ], [ 78.4063535, 30.3535665 ], [ 78.4061226, 30.3534609 ], [ 78.4058712, 30.3533934 ], [ 78.405654, 30.353356 ], [ 78.4054775, 30.3533252 ], [ 78.4053858, 30.3533412 ], [ 78.4053171, 30.3533758 ], [ 78.4052932, 30.3534442 ], [ 78.4053072, 30.3535072 ], [ 78.405349, 30.3535633 ], [ 78.4054024, 30.3536216 ], [ 78.4055274, 30.3537645 ], [ 78.4055865, 30.3538482 ], [ 78.4056589, 30.3540228 ], [ 78.4056422, 30.3541064 ], [ 78.405587, 30.3541931 ], [ 78.4054404, 30.3543326 ], [ 78.4052254, 30.3543824 ], [ 78.4051245, 30.3543672 ], [ 78.4050218, 30.3543502 ], [ 78.4047702, 30.3543174 ], [ 78.4045381, 30.3543023 ], [ 78.4042839, 30.3542935 ], [ 78.4040375, 30.3542753 ], [ 78.4039232, 30.3542584 ], [ 78.4038362, 30.3542273 ], [ 78.4037127, 30.3541101 ], [ 78.4036705, 30.3540228 ], [ 78.4035893, 30.3538139 ], [ 78.4035496, 30.3536867 ], [ 78.4034646, 30.3534296 ], [ 78.4033776, 30.3531812 ], [ 78.4033406, 30.3530668 ], [ 78.4033001, 30.3528477 ], [ 78.4032659, 30.3526259 ], [ 78.4032172, 30.3525301 ], [ 78.4031588, 30.3524308 ], [ 78.4030335, 30.35219 ], [ 78.4029326, 30.3519438 ], [ 78.4028999, 30.3518297 ], [ 78.4028581, 30.3516419 ], [ 78.4028086, 30.3515038 ], [ 78.4027619, 30.3513918 ], [ 78.4026337, 30.3512629 ], [ 78.4025477, 30.3511732 ], [ 78.4024453, 30.3510473 ], [ 78.4023986, 30.3508765 ], [ 78.4023523, 30.3506864 ], [ 78.4023005, 30.350497 ], [ 78.4022978, 30.3503937 ], [ 78.4022349, 30.3502027 ], [ 78.402181, 30.3501001 ], [ 78.4021742, 30.3499951 ], [ 78.402209, 30.349805 ], [ 78.4021887, 30.3496412 ], [ 78.4021044, 30.3495049 ], [ 78.4019965, 30.3493787 ], [ 78.4019316, 30.3492501 ], [ 78.4019293, 30.3490795 ], [ 78.4019398, 30.3489097 ], [ 78.4019004, 30.3487686 ], [ 78.4018043, 30.348673 ], [ 78.4017788, 30.3486168 ], [ 78.4017676, 30.3485007 ], [ 78.4017808, 30.3483598 ], [ 78.4017526, 30.3482489 ], [ 78.4017428, 30.3481973 ], [ 78.4017359, 30.3481413 ], [ 78.4017085, 30.3480161 ], [ 78.4016683, 30.3478834 ], [ 78.4016214, 30.3477419 ], [ 78.4015616, 30.3475706 ], [ 78.4015083, 30.3474191 ], [ 78.4014441, 30.3472782 ], [ 78.4013853, 30.3472159 ], [ 78.401269, 30.3470971 ], [ 78.4011623, 30.3469636 ], [ 78.4011168, 30.3468957 ], [ 78.4010696, 30.3468281 ], [ 78.4009566, 30.3467027 ], [ 78.4008171, 30.3465884 ], [ 78.4007404, 30.3465385 ], [ 78.4006612, 30.3464929 ], [ 78.4004939, 30.3464007 ], [ 78.4004187, 30.3463514 ], [ 78.4002928, 30.3462362 ], [ 78.400197, 30.3461081 ], [ 78.4001462, 30.3460329 ], [ 78.4000432, 30.3458893 ], [ 78.3999373, 30.345743 ], [ 78.3998642, 30.3456358 ], [ 78.39982, 30.3455343 ], [ 78.399803, 30.345416 ], [ 78.3997849, 30.3453474 ], [ 78.3997251, 30.3452062 ], [ 78.3996225, 30.3450947 ], [ 78.3994814, 30.3450039 ], [ 78.399363, 30.3449125 ], [ 78.399291, 30.3448118 ], [ 78.3992671, 30.3447663 ], [ 78.3992113, 30.3446871 ], [ 78.3991501, 30.3446584 ], [ 78.3990911, 30.3446568 ], [ 78.3990499, 30.3446635 ], [ 78.3989544, 30.344676 ], [ 78.398846, 30.3446907 ], [ 78.3987205, 30.3447031 ], [ 78.3986076, 30.3447119 ], [ 78.3985079, 30.3447197 ], [ 78.3983393, 30.3447267 ], [ 78.3982486, 30.34473 ] ] } },
{ "type": "Feature", "properties": { "highway": "secondary", "name": "Tehri-Uttarkashi Road" }, "geometry": { "type": "LineString", "coordinates": [ [ 78.4315651, 30.3996632 ], [ 78.4314985, 30.3996071 ], [ 78.4314744, 30.3995871 ], [ 78.4314199, 30.3995578 ], [ 78.4313609, 30.399531 ], [ 78.4313228, 30.3995035 ], [ 78.4313057, 30.3994901 ], [ 78.4312622, 30.3994598 ], [ 78.4312323, 30.3994436 ], [ 78.4311341, 30.399391 ], [ 78.4310138, 30.3993302 ], [ 78.4308793, 30.3992693 ], [ 78.4308126, 30.3992446 ], [ 78.4306852, 30.3992012 ], [ 78.430565, 30.3991612 ], [ 78.4304302, 30.3991246 ], [ 78.4303622, 30.3991109 ], [ 78.4302352, 30.3990915 ], [ 78.4300985, 30.3990763 ], [ 78.4299638, 30.3990628 ], [ 78.4298274, 30.3990414 ], [ 78.4297468, 30.3990258 ], [ 78.4296696, 30.3990068 ], [ 78.4295981, 30.3989846 ], [ 78.4294533, 30.3989307 ], [ 78.4293194, 30.3988765 ], [ 78.429257, 30.3988477 ], [ 78.4291317, 30.3987579 ], [ 78.429087, 30.3986937 ], [ 78.4290432, 30.398537 ], [ 78.4290188, 30.398375 ], [ 78.429021, 30.3983113 ], [ 78.4290647, 30.3981725 ], [ 78.429126, 30.3980373 ], [ 78.4291939, 30.3978818 ], [ 78.4292096, 30.3977494 ], [ 78.4291996, 30.3975967 ], [ 78.429177, 30.3974289 ], [ 78.4291628, 30.3973502 ], [ 78.4291352, 30.3972044 ], [ 78.4291123, 30.3970551 ], [ 78.4291055, 30.3969894 ], [ 78.4291018, 30.3969034 ], [ 78.429102, 30.3968444 ], [ 78.4290854, 30.3967833 ], [ 78.4290335, 30.396728 ], [ 78.4289316, 30.3966637 ], [ 78.4288658, 30.3966181 ], [ 78.428759, 30.3965414 ], [ 78.4286866, 30.3964941 ], [ 78.4286106, 30.3964786 ], [ 78.4284936, 30.3964745 ], [ 78.4283414, 30.3964703 ], [ 78.4282602, 30.3964718 ], [ 78.4280905, 30.3964967 ], [ 78.4280312, 30.3965353 ], [ 78.4279544, 30.3966476 ], [ 78.4278991, 30.3967707 ], [ 78.427856, 30.3969009 ], [ 78.427817, 30.3970584 ], [ 78.4278245, 30.3972095 ], [ 78.4278366, 30.3972803 ], [ 78.4278519, 30.3973412 ], [ 78.4278893, 30.3974505 ], [ 78.4279094, 30.3975083 ], [ 78.4279525, 30.3976449 ], [ 78.4279542, 30.3977085 ], [ 78.4279445, 30.3978108 ], [ 78.4279356, 30.3978457 ], [ 78.4279346, 30.3978524 ], [ 78.4279308, 30.3978752 ], [ 78.4279271, 30.3979332 ], [ 78.4279258, 30.3979732 ], [ 78.4279229, 30.3980579 ], [ 78.4278935, 30.3981371 ], [ 78.4278474, 30.3981804 ], [ 78.4278128, 30.3982119 ], [ 78.4277896, 30.3982247 ], [ 78.4277673, 30.3982389 ], [ 78.4277556, 30.3982631 ], [ 78.4277509, 30.3983036 ], [ 78.4277591, 30.3983238 ], [ 78.427772, 30.3983369 ], [ 78.427786, 30.3983602 ], [ 78.4278083, 30.3983844 ], [ 78.4278224, 30.3984026 ], [ 78.4278528, 30.398438 ], [ 78.4278751, 30.3984633 ], [ 78.4279009, 30.3984845 ], [ 78.4279114, 30.3985017 ], [ 78.4279243, 30.3985199 ], [ 78.427922, 30.3985765 ], [ 78.427903, 30.398633 ], [ 78.4279004, 30.3986479 ], [ 78.4278973, 30.3987073 ], [ 78.4278978, 30.3987619 ], [ 78.4278995, 30.3987916 ], [ 78.4279019, 30.3988498 ], [ 78.4279049, 30.3989073 ], [ 78.4279092, 30.39894 ], [ 78.4279171, 30.3990175 ], [ 78.427934, 30.3990949 ], [ 78.4279635, 30.3991718 ], [ 78.4279996, 30.3992497 ], [ 78.4280313, 30.399316 ], [ 78.4280464, 30.3993541 ], [ 78.4280799, 30.3994266 ], [ 78.4281217, 30.3995034 ], [ 78.4281718, 30.3995669 ], [ 78.4282334, 30.3996248 ], [ 78.4283054, 30.3996838 ], [ 78.4283861, 30.3997361 ], [ 78.4284486, 30.3997816 ], [ 78.4284983, 30.399823 ], [ 78.4285283, 30.3998474 ], [ 78.4285584, 30.3998718 ], [ 78.4285909, 30.399892 ], [ 78.4286537, 30.3999257 ], [ 78.428693, 30.3999448 ], [ 78.4287356, 30.399966 ], [ 78.4287726, 30.3999868 ], [ 78.4288398, 30.4000295 ], [ 78.4288995, 30.4000659 ], [ 78.4289276, 30.4000892 ], [ 78.4289855, 30.4001489 ], [ 78.4290293, 30.4002175 ], [ 78.4290489, 30.400253 ], [ 78.4290662, 30.4002858 ], [ 78.4290979, 30.4003434 ], [ 78.4291253, 30.4004145 ], [ 78.429142, 30.4005007 ], [ 78.4291586, 30.4005846 ], [ 78.4291708, 30.4006253 ], [ 78.4292082, 30.4006965 ], [ 78.4292567, 30.4007365 ], [ 78.4293032, 30.4007536 ], [ 78.4294214, 30.4007826 ], [ 78.4294791, 30.4007987 ], [ 78.429576, 30.4008334 ], [ 78.429672, 30.4008718 ], [ 78.4297758, 30.4009237 ], [ 78.4298615, 30.4009833 ], [ 78.4299266, 30.401046 ], [ 78.4299657, 30.4011093 ], [ 78.4299881, 30.4011743 ], [ 78.4300369, 30.4012463 ], [ 78.4300927, 30.4012825 ], [ 78.4301327, 30.4012993 ], [ 78.4302134, 30.4013329 ], [ 78.4302924, 30.4013727 ], [ 78.4303459, 30.4013915 ], [ 78.4303957, 30.4014132 ], [ 78.4304287, 30.4014272 ], [ 78.4304907, 30.401463 ], [ 78.4305536, 30.4015008 ], [ 78.4306235, 30.4015547 ], [ 78.430675, 30.4016099 ], [ 78.4307313, 30.4016765 ], [ 78.4307643, 30.4017248 ], [ 78.4308241, 30.4018123 ], [ 78.4309006, 30.4019119 ], [ 78.430937, 30.4019635 ], [ 78.4309939, 30.402066 ], [ 78.431034, 30.4021333 ], [ 78.4310598, 30.4021823 ], [ 78.4311172, 30.4022528 ], [ 78.4311847, 30.402321 ], [ 78.4312134, 30.4023613 ], [ 78.4312739, 30.4024666 ], [ 78.4313067, 30.4025241 ], [ 78.4313815, 30.4026405 ], [ 78.4314662, 30.4027505 ], [ 78.4315551, 30.4028574 ], [ 78.4316346, 30.4029604 ], [ 78.4317125, 30.4030776 ], [ 78.4317422, 30.4031302 ], [ 78.4317848, 30.4032167 ], [ 78.4318094, 30.4032624 ], [ 78.4318703, 30.4033394 ], [ 78.4319148, 30.4033625 ], [ 78.431943, 30.4033718 ], [ 78.4319713, 30.4033733 ], [ 78.432114, 30.4033654 ], [ 78.4322693, 30.4033478 ], [ 78.4324074, 30.4033693 ], [ 78.4324781, 30.4033876 ], [ 78.4326115, 30.4034303 ], [ 78.432738, 30.4034674 ], [ 78.4328566, 30.403497 ], [ 78.4329887, 30.4035291 ], [ 78.4331283, 30.4035676 ], [ 78.4332618, 30.4036147 ], [ 78.4334026, 30.4036768 ], [ 78.4335375, 30.4037342 ], [ 78.433663, 30.4037946 ], [ 78.4337738, 30.403858 ], [ 78.4339014, 30.4039386 ], [ 78.4340204, 30.40402 ], [ 78.4340714, 30.4040592 ], [ 78.4341581, 30.4041346 ], [ 78.4342404, 30.4042141 ], [ 78.4343207, 30.4042957 ], [ 78.4344093, 30.4043897 ], [ 78.434481, 30.40445 ], [ 78.4345346, 30.4044752 ], [ 78.4345839, 30.4045005 ], [ 78.4346364, 30.4045288 ], [ 78.4346967, 30.4045614 ], [ 78.4347605, 30.4046053 ], [ 78.4347957, 30.4046421 ], [ 78.4348148, 30.4046843 ], [ 78.4348221, 30.4047195 ], [ 78.4348238, 30.4047378 ], [ 78.4348237, 30.4047789 ], [ 78.4348238, 30.4048011 ], [ 78.4348241, 30.4048458 ], [ 78.4348209, 30.4048944 ], [ 78.4348182, 30.4049207 ], [ 78.4348161, 30.4049535 ], [ 78.434824, 30.4050329 ], [ 78.4348485, 30.4051442 ], [ 78.4348783, 30.4052408 ], [ 78.4348899, 30.4052789 ], [ 78.4349103, 30.4053496 ], [ 78.4349337, 30.4054312 ], [ 78.4349474, 30.4054775 ], [ 78.4349859, 30.4055867 ], [ 78.4350437, 30.4056958 ], [ 78.4350794, 30.4057521 ], [ 78.4351669, 30.4058721 ], [ 78.4352665, 30.4059925 ], [ 78.4353687, 30.4061092 ], [ 78.4354718, 30.4062269 ], [ 78.4355607, 30.4063431 ], [ 78.4355888, 30.406419 ], [ 78.4355855, 30.4064883 ], [ 78.4355763, 30.4066316 ], [ 78.4355638, 30.4067129 ], [ 78.4355135, 30.406821 ], [ 78.4354919, 30.4069343 ], [ 78.4354852, 30.4069703 ], [ 78.435472, 30.4070291 ], [ 78.4354652, 30.4070602 ], [ 78.4354632, 30.4071352 ], [ 78.4354734, 30.4071732 ], [ 78.4355046, 30.407211 ], [ 78.4355539, 30.4072345 ], [ 78.4356121, 30.4072437 ], [ 78.4356692, 30.4072351 ], [ 78.4357774, 30.4071783 ], [ 78.4358889, 30.4071122 ], [ 78.4359457, 30.4070784 ], [ 78.4360662, 30.4070163 ], [ 78.4361402, 30.4070107 ], [ 78.4362725, 30.4070273 ], [ 78.436321, 30.4070428 ], [ 78.4363335, 30.4070488 ], [ 78.4363631, 30.4070701 ], [ 78.4364054, 30.4070896 ], [ 78.4364987, 30.4071278 ], [ 78.4365999, 30.4071401 ], [ 78.43671, 30.407111 ], [ 78.4368241, 30.4070568 ], [ 78.4369552, 30.4069608 ], [ 78.4370675, 30.4068632 ], [ 78.4371148, 30.4068397 ], [ 78.4371862, 30.4068146 ], [ 78.4373392, 30.4068187 ], [ 78.4374072, 30.406817 ], [ 78.4375485, 30.4068559 ], [ 78.437655, 30.406845 ], [ 78.4377018, 30.4068366 ], [ 78.4377278, 30.40683 ], [ 78.4377525, 30.4068204 ], [ 78.437798, 30.406809 ], [ 78.4378669, 30.4067783 ], [ 78.4379086, 30.4067527 ], [ 78.4380326, 30.4066915 ], [ 78.4381657, 30.4066326 ], [ 78.438214, 30.4066153 ], [ 78.4382816, 30.406595 ], [ 78.4383924, 30.4065732 ], [ 78.4385567, 30.4065411 ], [ 78.4386459, 30.4065245 ], [ 78.4388514, 30.4064837 ], [ 78.4390669, 30.4064443 ], [ 78.4392724, 30.4064187 ], [ 78.43946, 30.4064009 ], [ 78.4396565, 30.4063813 ], [ 78.4398514, 30.4063504 ], [ 78.4400338, 30.4063135 ], [ 78.440164, 30.4062926 ], [ 78.4402546, 30.4062825 ], [ 78.4403007, 30.4062784 ], [ 78.4403636, 30.406273 ], [ 78.4404346, 30.4062694 ], [ 78.440608, 30.406265 ], [ 78.4408059, 30.406257 ], [ 78.4410197, 30.4062363 ], [ 78.441234, 30.4062093 ], [ 78.4414322, 30.4061992 ], [ 78.4416302, 30.4062384 ], [ 78.441723, 30.4062588 ], [ 78.4418952, 30.4063029 ], [ 78.4420613, 30.4063564 ], [ 78.4422223, 30.4064245 ], [ 78.4423664, 30.4065 ], [ 78.4424343, 30.406543 ], [ 78.4425725, 30.4066361 ], [ 78.4427102, 30.4067245 ], [ 78.4427809, 30.4067683 ], [ 78.4429233, 30.406857 ], [ 78.4429874, 30.4068968 ], [ 78.4430529, 30.4069332 ], [ 78.4432065, 30.4069718 ], [ 78.443356, 30.4070027 ], [ 78.4434362, 30.4070321 ], [ 78.443508, 30.4070639 ], [ 78.4436365, 30.4071323 ], [ 78.4437732, 30.4072164 ], [ 78.4439186, 30.4073151 ], [ 78.4439936, 30.4073668 ], [ 78.4440743, 30.4074205 ], [ 78.4442361, 30.407519 ], [ 78.444428, 30.4075786 ], [ 78.4446324, 30.4076279 ], [ 78.4448317, 30.4076595 ], [ 78.4450239, 30.407696 ], [ 78.4451832, 30.4077707 ], [ 78.4453221, 30.4078738 ], [ 78.4454017, 30.4080319 ], [ 78.445411, 30.408116 ], [ 78.4454266, 30.408285 ], [ 78.4454351, 30.4083733 ], [ 78.4454635, 30.408552 ], [ 78.445502, 30.4087426 ], [ 78.4455247, 30.4088339 ], [ 78.4455737, 30.4090056 ], [ 78.4456025, 30.4090856 ], [ 78.4456338, 30.409166 ], [ 78.4456858, 30.4092951 ], [ 78.4457059, 30.4093389 ], [ 78.4457273, 30.4093633 ], [ 78.4457528, 30.4094141 ], [ 78.4457765, 30.4094792 ], [ 78.4458247, 30.409561 ], [ 78.4458639, 30.4096066 ], [ 78.4459697, 30.4096922 ], [ 78.4460717, 30.409777 ], [ 78.446088, 30.4098315 ], [ 78.4460789, 30.4098889 ], [ 78.4460483, 30.4099324 ], [ 78.4460065, 30.4099803 ], [ 78.4459451, 30.4100071 ], [ 78.4457619, 30.409991 ], [ 78.4455909, 30.4099643 ], [ 78.445408, 30.40996 ], [ 78.445315, 30.4099754 ], [ 78.4451664, 30.4100697 ], [ 78.4451157, 30.4101465 ], [ 78.4450738, 30.4102215 ], [ 78.4449994, 30.4103547 ], [ 78.4448603, 30.4104576 ], [ 78.4446983, 30.4105558 ], [ 78.4445258, 30.4106519 ], [ 78.4444751, 30.4106959 ], [ 78.4444159, 30.4107737 ], [ 78.4444106, 30.4108128 ], [ 78.4444621, 30.4109131 ], [ 78.4444997, 30.4109683 ], [ 78.4445805, 30.4110785 ], [ 78.4446173, 30.4111322 ], [ 78.4446818, 30.4112152 ], [ 78.4447688, 30.4112878 ], [ 78.444809, 30.4113179 ], [ 78.444829, 30.4113508 ], [ 78.4448211, 30.4113849 ], [ 78.4448008, 30.4114306 ], [ 78.4447688, 30.4114587 ], [ 78.4447196, 30.4114916 ], [ 78.4446549, 30.4115231 ], [ 78.4445396, 30.4115912 ], [ 78.4444867, 30.4116597 ], [ 78.4444488, 30.4117514 ], [ 78.4444062, 30.4118538 ], [ 78.4443265, 30.411949 ], [ 78.4442808, 30.4119848 ], [ 78.4442268, 30.4120066 ], [ 78.4441642, 30.4119988 ], [ 78.4440145, 30.4119553 ], [ 78.4438514, 30.4119381 ], [ 78.4437856, 30.4119569 ], [ 78.4437519, 30.4120072 ], [ 78.4437502, 30.4121391 ], [ 78.4437789, 30.4122664 ], [ 78.4437867, 30.4123043 ], [ 78.4438404, 30.4123771 ], [ 78.4438624, 30.4124051 ], [ 78.4438744, 30.4124259 ], [ 78.4439158, 30.4124776 ], [ 78.4439698, 30.4125334 ], [ 78.4440449, 30.4126137 ], [ 78.4440876, 30.4126628 ], [ 78.4441205, 30.4127062 ], [ 78.44416, 30.4128084 ], [ 78.4441649, 30.4128582 ], [ 78.4441705, 30.4129584 ], [ 78.4441944, 30.413006 ], [ 78.4442293, 30.4130663 ], [ 78.444327, 30.4131636 ], [ 78.4443674, 30.4132026 ], [ 78.4444079, 30.4132835 ], [ 78.4444092, 30.413332 ], [ 78.4443818, 30.4133733 ], [ 78.4443383, 30.4134326 ], [ 78.4442285, 30.4135626 ], [ 78.444172, 30.4136191 ], [ 78.4440557, 30.4137232 ], [ 78.4439908, 30.4137577 ], [ 78.4439055, 30.4137529 ], [ 78.4437589, 30.4137099 ], [ 78.4436231, 30.4136449 ], [ 78.4434919, 30.4135834 ], [ 78.443443, 30.4135718 ], [ 78.4433807, 30.4135881 ], [ 78.4433146, 30.4136328 ], [ 78.4432926, 30.4136925 ], [ 78.4432788, 30.4138218 ], [ 78.4432649, 30.4138961 ], [ 78.4431675, 30.4140155 ], [ 78.4430394, 30.4141459 ], [ 78.4429007, 30.4142393 ], [ 78.4428254, 30.4142538 ], [ 78.442742, 30.4142363 ], [ 78.4425816, 30.4141922 ], [ 78.4424414, 30.4141475 ], [ 78.4423667, 30.4141497 ], [ 78.4423132, 30.4141817 ], [ 78.4422972, 30.4142464 ], [ 78.4423523, 30.4143609 ], [ 78.4423962, 30.4144265 ], [ 78.4424804, 30.4145575 ], [ 78.4424995, 30.4146285 ], [ 78.4424763, 30.4146805 ], [ 78.4424346, 30.4147124 ], [ 78.4423779, 30.4147562 ], [ 78.4422313, 30.4148266 ], [ 78.442049, 30.4149299 ], [ 78.4419779, 30.414979 ], [ 78.4419099, 30.415027 ], [ 78.44187, 30.4150842 ], [ 78.441845, 30.4151455 ], [ 78.4418584, 30.4152108 ], [ 78.4419379, 30.4153407 ], [ 78.442001, 30.4154596 ], [ 78.4419993, 30.4155341 ], [ 78.4419665, 30.4155861 ], [ 78.44192, 30.4156481 ], [ 78.4417928, 30.4157377 ], [ 78.4417175, 30.4157544 ], [ 78.4416323, 30.4157443 ], [ 78.4414416, 30.4157025 ], [ 78.441358, 30.4156844 ], [ 78.4412857, 30.4156636 ], [ 78.4412351, 30.4156499 ], [ 78.4411776, 30.4156397 ], [ 78.4411577, 30.4156374 ], [ 78.4410903, 30.4156331 ], [ 78.4410585, 30.4156434 ], [ 78.4410297, 30.4156633 ], [ 78.4410102, 30.415696 ], [ 78.4410067, 30.415731 ], [ 78.4410113, 30.4157662 ], [ 78.4410345, 30.4158456 ], [ 78.4410932, 30.4159723 ], [ 78.4411292, 30.4160534 ], [ 78.4411616, 30.4161316 ], [ 78.4411936, 30.4162169 ], [ 78.441182, 30.4163637 ], [ 78.4411643, 30.4164257 ], [ 78.4411722, 30.4165424 ], [ 78.441243, 30.4166115 ], [ 78.4412801, 30.4166373 ], [ 78.441343, 30.416722 ], [ 78.4413465, 30.4167703 ], [ 78.4413205, 30.4168422 ], [ 78.4412815, 30.4168736 ], [ 78.4412318, 30.4168968 ], [ 78.4411918, 30.4169148 ], [ 78.441086, 30.4169692 ], [ 78.4410361, 30.4170389 ], [ 78.4410232, 30.4170811 ], [ 78.441037, 30.417189 ], [ 78.4410451, 30.4173441 ], [ 78.4410212, 30.4175281 ], [ 78.4409896, 30.4177332 ], [ 78.4409747, 30.4179067 ], [ 78.4410102, 30.4180475 ], [ 78.4410232, 30.4180934 ], [ 78.441036, 30.4181375 ], [ 78.4410408, 30.4181533 ], [ 78.4410557, 30.4181912 ], [ 78.4410691, 30.4182508 ], [ 78.4410639, 30.4182833 ], [ 78.4410061, 30.4183459 ], [ 78.4408976, 30.4183823 ], [ 78.4408234, 30.4184011 ], [ 78.4406513, 30.4184381 ], [ 78.4404607, 30.4184788 ], [ 78.4403996, 30.4184916 ], [ 78.4403132, 30.4185083 ], [ 78.4402232, 30.4185234 ], [ 78.4401773, 30.4185317 ], [ 78.4400799, 30.4185624 ], [ 78.4399818, 30.4185961 ], [ 78.4398777, 30.4186367 ], [ 78.4397552, 30.4186819 ], [ 78.4396072, 30.4186859 ], [ 78.4394546, 30.4186326 ], [ 78.4392671, 30.4185512 ], [ 78.4391669, 30.4185022 ], [ 78.4389616, 30.4183892 ], [ 78.4387794, 30.4182641 ], [ 78.4386372, 30.418122 ], [ 78.4385567, 30.4180071 ], [ 78.4384956, 30.4179297 ], [ 78.4384355, 30.4178762 ], [ 78.4383689, 30.4178293 ], [ 78.4382506, 30.4177642 ], [ 78.4381281, 30.4176837 ], [ 78.4380658, 30.4176418 ], [ 78.4379171, 30.4175524 ], [ 78.4378223, 30.4175217 ], [ 78.4376088, 30.4174664 ], [ 78.4375079, 30.417462 ], [ 78.4374224, 30.4174905 ], [ 78.437359, 30.4175476 ], [ 78.4373444, 30.4176105 ], [ 78.4373515, 30.4176775 ], [ 78.4373944, 30.4178095 ], [ 78.4374899, 30.4179338 ], [ 78.437606, 30.4180393 ], [ 78.4376685, 30.4181013 ], [ 78.4377937, 30.4182371 ], [ 78.4378579, 30.4183095 ], [ 78.4379247, 30.4183838 ], [ 78.4380595, 30.4185003 ], [ 78.4381977, 30.4186208 ], [ 78.438326, 30.418757 ], [ 78.4383528, 30.4187943 ], [ 78.4383515, 30.418825 ], [ 78.4383128, 30.418962 ], [ 78.4382771, 30.4190211 ], [ 78.4382278, 30.4191508 ], [ 78.4382465, 30.4192078 ], [ 78.4383304, 30.4193284 ], [ 78.4383809, 30.4193928 ], [ 78.4384337, 30.41946 ], [ 78.4384863, 30.4195274 ], [ 78.4385395, 30.4195958 ], [ 78.4385914, 30.419667 ], [ 78.4386331, 30.4197484 ], [ 78.4386208, 30.4198199 ], [ 78.4385956, 30.4198859 ], [ 78.4384613, 30.4199991 ], [ 78.4382662, 30.4201048 ], [ 78.4380462, 30.4202241 ], [ 78.4378338, 30.4203612 ], [ 78.4377364, 30.420431 ], [ 78.4376492, 30.4204863 ], [ 78.437574, 30.4205105 ], [ 78.4373932, 30.4205223 ], [ 78.4372924, 30.4205129 ], [ 78.4370747, 30.4205005 ], [ 78.4368765, 30.4205064 ], [ 78.436789, 30.4205055 ], [ 78.4366561, 30.4204939 ], [ 78.4365764, 30.4204784 ], [ 78.4364915, 30.420458 ], [ 78.4364547, 30.4204477 ], [ 78.4363474, 30.4204166 ], [ 78.4361844, 30.4203678 ], [ 78.4360959, 30.4203416 ], [ 78.4359094, 30.4203181 ], [ 78.4357234, 30.4203427 ], [ 78.4356321, 30.4203692 ], [ 78.4355441, 30.4204017 ], [ 78.4354097, 30.4205291 ], [ 78.43537, 30.4206968 ], [ 78.4353541, 30.4208475 ], [ 78.4352767, 30.4209873 ], [ 78.4351443, 30.4211637 ], [ 78.4350754, 30.4212473 ], [ 78.4349323, 30.421405 ], [ 78.4347641, 30.4215636 ], [ 78.4345659, 30.4217231 ], [ 78.4343623, 30.421863 ], [ 78.4342783, 30.4219191 ], [ 78.4341207, 30.42202 ], [ 78.4339799, 30.4220983 ], [ 78.4338624, 30.4221523 ], [ 78.4338274, 30.4221642 ], [ 78.4337462, 30.4221885 ], [ 78.4336692, 30.4222092 ], [ 78.4336349, 30.4222134 ], [ 78.4335521, 30.4222213 ], [ 78.4334871, 30.4222339 ], [ 78.4333462, 30.422261 ], [ 78.4331839, 30.4223068 ], [ 78.4330954, 30.4223388 ], [ 78.4329374, 30.4224729 ], [ 78.4328109, 30.4226152 ], [ 78.4327804, 30.4226633 ], [ 78.432764, 30.4226934 ], [ 78.4327439, 30.4227333 ], [ 78.432686, 30.4227853 ], [ 78.4326011, 30.4228279 ], [ 78.4325607, 30.4228477 ], [ 78.4325288, 30.4228733 ], [ 78.4324764, 30.4229413 ], [ 78.432449, 30.4230247 ], [ 78.432432, 30.4231072 ], [ 78.4324244, 30.4231556 ], [ 78.4324119, 30.4232151 ], [ 78.4323735, 30.4233516 ], [ 78.4323088, 30.4235071 ], [ 78.4322184, 30.4236639 ], [ 78.4321633, 30.4237407 ], [ 78.4320392, 30.4238979 ], [ 78.4319136, 30.4240576 ], [ 78.4318279, 30.4242191 ], [ 78.4317757, 30.4243783 ], [ 78.4317452, 30.424448 ], [ 78.4316631, 30.4245515 ], [ 78.431619, 30.4246056 ], [ 78.4315746, 30.4246628 ], [ 78.4315006, 30.424778 ], [ 78.4314382, 30.4248832 ], [ 78.4314109, 30.4249311 ], [ 78.4313813, 30.4249784 ], [ 78.431302, 30.4250856 ], [ 78.4312143, 30.425192 ], [ 78.4311357, 30.4252824 ], [ 78.4310577, 30.4253853 ], [ 78.4310228, 30.4254458 ], [ 78.4309932, 30.4255107 ], [ 78.4309722, 30.425667 ], [ 78.4309686, 30.4257352 ], [ 78.430968, 30.4258674 ], [ 78.4309579, 30.4259216 ], [ 78.4309299, 30.4259723 ], [ 78.4308837, 30.4260008 ], [ 78.4308185, 30.4259991 ], [ 78.4307503, 30.4259833 ], [ 78.4306889, 30.4259539 ], [ 78.4305593, 30.4258721 ], [ 78.430438, 30.4257271 ], [ 78.4303715, 30.4256556 ], [ 78.4302376, 30.4255663 ], [ 78.4300605, 30.4255244 ], [ 78.429969, 30.4255077 ], [ 78.4298105, 30.4254459 ], [ 78.4296938, 30.4253216 ], [ 78.4295654, 30.4251771 ], [ 78.4294335, 30.4250552 ], [ 78.4293633, 30.4249981 ], [ 78.4292179, 30.4248951 ], [ 78.4290551, 30.4248029 ], [ 78.4289461, 30.4247442 ], [ 78.4289197, 30.4247262 ], [ 78.4288712, 30.4246938 ], [ 78.4288187, 30.4246458 ], [ 78.4287496, 30.4245423 ], [ 78.4286705, 30.4244167 ], [ 78.428584, 30.4243022 ], [ 78.4284902, 30.424216 ], [ 78.428455, 30.4241982 ], [ 78.4283701, 30.4241822 ], [ 78.4283106, 30.4241881 ], [ 78.4282702, 30.4242191 ], [ 78.4282174, 30.4242947 ], [ 78.4281947, 30.4243411 ], [ 78.4281512, 30.4244534 ], [ 78.4281151, 30.4245843 ], [ 78.4281013, 30.4247158 ], [ 78.428105, 30.4247732 ], [ 78.4281046, 30.424876 ], [ 78.4280509, 30.4250009 ], [ 78.4279733, 30.425136 ], [ 78.4278943, 30.4252591 ], [ 78.4278455, 30.4253011 ], [ 78.4277604, 30.4253297 ], [ 78.4276973, 30.4253256 ], [ 78.4276307, 30.4252867 ], [ 78.4275935, 30.4252414 ], [ 78.4275552, 30.4251021 ], [ 78.4275206, 30.424938 ], [ 78.4274928, 30.4247937 ], [ 78.4274744, 30.4247164 ], [ 78.4274403, 30.4245697 ], [ 78.4274145, 30.4244504 ], [ 78.4273919, 30.4243357 ], [ 78.4273633, 30.4242011 ], [ 78.4273434, 30.4241417 ], [ 78.4272948, 30.424039 ], [ 78.4272168, 30.4239176 ], [ 78.4271478, 30.4238517 ], [ 78.4270044, 30.4237301 ], [ 78.4268561, 30.4236087 ], [ 78.4267775, 30.4235473 ], [ 78.4266325, 30.4234409 ], [ 78.4264779, 30.4233415 ], [ 78.4262743, 30.4232715 ], [ 78.4261907, 30.4232491 ], [ 78.4260419, 30.423218 ], [ 78.4259596, 30.4232037 ], [ 78.4257726, 30.4231863 ], [ 78.4256756, 30.4231811 ], [ 78.4255983, 30.4231801 ], [ 78.4254947, 30.4231813 ], [ 78.4254172, 30.4231781 ], [ 78.4253481, 30.4231783 ], [ 78.4253022, 30.4231848 ], [ 78.4252717, 30.4231908 ], [ 78.4252172, 30.423205 ], [ 78.4251709, 30.423236 ], [ 78.4251443, 30.4232677 ], [ 78.4251371, 30.4232907 ], [ 78.4251447, 30.4233612 ], [ 78.4251655, 30.4234114 ], [ 78.4251927, 30.4234615 ], [ 78.4252098, 30.4234822 ], [ 78.4252569, 30.4235329 ], [ 78.4253045, 30.4235783 ], [ 78.4253753, 30.4236446 ], [ 78.4254208, 30.423669 ], [ 78.4255228, 30.423722 ], [ 78.4255614, 30.4237375 ], [ 78.425627, 30.4237633 ], [ 78.4256857, 30.4238123 ], [ 78.4257354, 30.4238933 ], [ 78.4257533, 30.4239394 ], [ 78.4257736, 30.4239945 ], [ 78.4257975, 30.4240561 ], [ 78.4258301, 30.4241617 ], [ 78.4258221, 30.4242102 ], [ 78.4257988, 30.4242568 ], [ 78.4257675, 30.4243082 ], [ 78.4257145, 30.4244226 ], [ 78.4257011, 30.4245393 ], [ 78.4257078, 30.4246716 ], [ 78.4257126, 30.4248266 ], [ 78.4257095, 30.4249852 ], [ 78.4257076, 30.4250661 ], [ 78.4257092, 30.425139 ], [ 78.4257516, 30.4252699 ], [ 78.4258375, 30.4253634 ], [ 78.4258836, 30.4254017 ], [ 78.4259348, 30.4254395 ], [ 78.4259873, 30.4254838 ], [ 78.4260554, 30.4255966 ], [ 78.4260852, 30.4256581 ], [ 78.4261436, 30.4257769 ], [ 78.4261449, 30.4258312 ], [ 78.426122, 30.4258713 ], [ 78.4260871, 30.4259262 ], [ 78.4260025, 30.4260476 ], [ 78.4259556, 30.4261156 ], [ 78.4258732, 30.4262489 ], [ 78.4258383, 30.4263575 ], [ 78.4258322, 30.426408 ], [ 78.4258266, 30.4265174 ], [ 78.4257883, 30.4266 ], [ 78.4257286, 30.4266788 ], [ 78.4257129, 30.4267015 ], [ 78.4256915, 30.4267268 ], [ 78.4256842, 30.4267448 ], [ 78.4256863, 30.426795 ], [ 78.4256959, 30.4268259 ], [ 78.4257212, 30.4268832 ], [ 78.4257659, 30.4269377 ], [ 78.425819, 30.4269965 ], [ 78.4258712, 30.427028 ], [ 78.4259344, 30.4270527 ], [ 78.4260123, 30.4270785 ], [ 78.4260801, 30.4270979 ], [ 78.4262401, 30.4271446 ], [ 78.4264015, 30.4272025 ], [ 78.426463, 30.4272411 ], [ 78.4265476, 30.427328 ], [ 78.4265783, 30.427379 ], [ 78.4266373, 30.4274877 ], [ 78.426714, 30.4275931 ], [ 78.4268208, 30.4276505 ], [ 78.4269519, 30.4276878 ], [ 78.4270841, 30.4277254 ], [ 78.4271445, 30.427762 ], [ 78.427211, 30.4278101 ], [ 78.4272959, 30.427937 ], [ 78.427375, 30.4280774 ], [ 78.4274662, 30.4281938 ], [ 78.427523, 30.4282408 ], [ 78.4276434, 30.42833 ], [ 78.4277065, 30.4284306 ], [ 78.4277239, 30.4284863 ], [ 78.4277617, 30.4286057 ], [ 78.4278437, 30.4286975 ], [ 78.427883, 30.4287354 ], [ 78.4279711, 30.4288174 ], [ 78.4280811, 30.4289055 ], [ 78.4282886, 30.4289022 ], [ 78.4284681, 30.4288812 ], [ 78.4285547, 30.4288889 ], [ 78.4286286, 30.4289361 ], [ 78.4286351, 30.4289837 ], [ 78.4286246, 30.4290322 ], [ 78.4285976, 30.4290751 ], [ 78.428562, 30.4291002 ], [ 78.4284462, 30.4291555 ], [ 78.4283177, 30.4292022 ], [ 78.4281324, 30.4292125 ], [ 78.4279677, 30.4292665 ], [ 78.4278871, 30.4293001 ], [ 78.4277548, 30.4293728 ], [ 78.4276481, 30.4294805 ], [ 78.4275695, 30.4295926 ], [ 78.427503, 30.4297161 ], [ 78.4274635, 30.4298603 ], [ 78.4274094, 30.4299864 ], [ 78.4273668, 30.43005 ], [ 78.4272827, 30.4301762 ], [ 78.4271987, 30.430306 ], [ 78.4271038, 30.4304329 ], [ 78.4270527, 30.4304899 ], [ 78.4270026, 30.430542 ], [ 78.4268946, 30.4306554 ], [ 78.4268456, 30.4307159 ], [ 78.4267762, 30.4308523 ], [ 78.4267225, 30.431011 ], [ 78.4266876, 30.4311637 ], [ 78.4266964, 30.4312465 ], [ 78.426693, 30.4313843 ], [ 78.4266651, 30.4314306 ], [ 78.4266124, 30.431453 ], [ 78.4264956, 30.4314495 ], [ 78.4263164, 30.431436 ], [ 78.426223, 30.4314347 ], [ 78.4260425, 30.4314452 ], [ 78.42586, 30.4314711 ], [ 78.4256702, 30.431488 ], [ 78.4254881, 30.4315023 ], [ 78.4253398, 30.431562 ], [ 78.4252219, 30.4316592 ], [ 78.4251655, 30.4317131 ], [ 78.4250608, 30.431821 ], [ 78.4250304, 30.4318889 ], [ 78.4250026, 30.4320423 ], [ 78.4249829, 30.4322044 ], [ 78.4249655, 30.4322859 ], [ 78.4249408, 30.4323683 ], [ 78.4248902, 30.4325208 ], [ 78.4249148, 30.4326622 ], [ 78.4249976, 30.4327909 ], [ 78.4250607, 30.4328476 ], [ 78.425128, 30.4328991 ], [ 78.4252734, 30.433 ], [ 78.4253643, 30.4330829 ], [ 78.4253473, 30.4331745 ], [ 78.4252971, 30.4332046 ], [ 78.4252352, 30.4332364 ], [ 78.4251705, 30.4332425 ], [ 78.4250841, 30.4332324 ], [ 78.4249913, 30.4332194 ], [ 78.4249334, 30.4332113 ], [ 78.4248101, 30.433204 ], [ 78.4246944, 30.4332055 ], [ 78.4246001, 30.4332029 ], [ 78.4244568, 30.4331951 ], [ 78.4243135, 30.4331877 ], [ 78.4242651, 30.433193 ], [ 78.4241919, 30.4332086 ], [ 78.4241571, 30.4332263 ], [ 78.4241142, 30.4332486 ], [ 78.4240675, 30.4332743 ], [ 78.4239627, 30.4333273 ], [ 78.4238536, 30.4333472 ], [ 78.4237955, 30.4333514 ], [ 78.4236829, 30.4333594 ], [ 78.4235788, 30.4333614 ], [ 78.42349, 30.4333556 ], [ 78.4234017, 30.4333459 ], [ 78.423365, 30.4333403 ], [ 78.4233027, 30.4333234 ], [ 78.4232762, 30.433301 ], [ 78.4232034, 30.4332419 ], [ 78.4231648, 30.4331917 ], [ 78.4230949, 30.4330948 ], [ 78.4229974, 30.4330288 ], [ 78.4228689, 30.4330296 ], [ 78.4227382, 30.4330833 ], [ 78.4226322, 30.4331568 ], [ 78.4225339, 30.4332168 ], [ 78.4224588, 30.4332231 ], [ 78.4224224, 30.4332252 ], [ 78.4223788, 30.4332604 ], [ 78.4223686, 30.4333272 ], [ 78.42237, 30.433366 ], [ 78.422412, 30.4334511 ], [ 78.4224425, 30.4334971 ], [ 78.4225108, 30.4335872 ], [ 78.4225817, 30.4336875 ], [ 78.4226436, 30.4338043 ], [ 78.4226868, 30.4339187 ], [ 78.4226913, 30.4340457 ], [ 78.4226721, 30.4341638 ], [ 78.4226503, 30.4342753 ], [ 78.4226354, 30.434368 ], [ 78.4226532, 30.4344613 ], [ 78.4227098, 30.4344954 ], [ 78.4227454, 30.4345039 ], [ 78.422794, 30.4345142 ], [ 78.4229116, 30.4345451 ], [ 78.4230226, 30.4345972 ], [ 78.4231341, 30.4346851 ], [ 78.4232404, 30.434792 ], [ 78.423288, 30.4348415 ], [ 78.4233965, 30.4349343 ], [ 78.4235243, 30.4350208 ], [ 78.4235962, 30.4350628 ], [ 78.4236702, 30.4351028 ], [ 78.4238168, 30.4351833 ], [ 78.4239629, 30.4352659 ], [ 78.4240752, 30.4353237 ], [ 78.4241916, 30.4353761 ], [ 78.4242915, 30.4354491 ], [ 78.4243583, 30.4355591 ], [ 78.424367, 30.4356189 ], [ 78.4243879, 30.4357523 ], [ 78.4244254, 30.4358824 ], [ 78.4244516, 30.4359484 ], [ 78.4245057, 30.4360638 ], [ 78.424561, 30.4361606 ], [ 78.4245853, 30.4361984 ], [ 78.4246304, 30.436272 ], [ 78.4246585, 30.4363091 ], [ 78.4247457, 30.4363736 ], [ 78.4248047, 30.4364126 ], [ 78.4249336, 30.4364903 ], [ 78.4250496, 30.4365661 ], [ 78.4251607, 30.436663 ], [ 78.4252665, 30.4367735 ], [ 78.4253682, 30.4368867 ], [ 78.4254171, 30.4369432 ], [ 78.4255004, 30.4370405 ], [ 78.4255886, 30.4371217 ], [ 78.4257139, 30.4372085 ], [ 78.4258578, 30.4372911 ], [ 78.4260063, 30.4373733 ], [ 78.426163, 30.4374697 ], [ 78.4262354, 30.4375164 ], [ 78.426376, 30.4376147 ], [ 78.4265001, 30.4377104 ], [ 78.4265412, 30.4378294 ], [ 78.426543, 30.4379642 ], [ 78.4265291, 30.4381102 ], [ 78.4265236, 30.4382502 ], [ 78.4264652, 30.4383769 ], [ 78.4264092, 30.4384294 ], [ 78.426281, 30.4385176 ], [ 78.4261313, 30.4386051 ], [ 78.4260005, 30.4386943 ], [ 78.4258826, 30.4387959 ], [ 78.4258229, 30.4388498 ], [ 78.4256904, 30.4389468 ], [ 78.4256278, 30.4389953 ], [ 78.4255682, 30.4391323 ], [ 78.4255632, 30.4392621 ], [ 78.4255695, 30.439328 ], [ 78.4255788, 30.4393941 ], [ 78.4256057, 30.4395212 ], [ 78.4256958, 30.4396088 ], [ 78.4258372, 30.4396781 ], [ 78.4259338, 30.4397186 ], [ 78.4260039, 30.4397513 ], [ 78.4260965, 30.4397865 ], [ 78.4261434, 30.4398137 ], [ 78.4261581, 30.4398455 ], [ 78.4261608, 30.4399146 ], [ 78.426148, 30.4400066 ], [ 78.426142, 30.4400392 ], [ 78.4261233, 30.440067 ], [ 78.4260715, 30.4401034 ], [ 78.4259972, 30.4401213 ], [ 78.4259269, 30.4401171 ], [ 78.4258414, 30.4401017 ], [ 78.4257542, 30.4400785 ], [ 78.4256663, 30.4400718 ], [ 78.4255128, 30.4401148 ], [ 78.425394, 30.4402041 ], [ 78.4253526, 30.4402712 ], [ 78.4253156, 30.4403376 ], [ 78.4252482, 30.4404669 ], [ 78.4251787, 30.4405999 ], [ 78.4251443, 30.4406643 ], [ 78.4250756, 30.440789 ], [ 78.4250029, 30.4409011 ], [ 78.4249661, 30.4409512 ], [ 78.4248698, 30.4410335 ], [ 78.4247246, 30.4411159 ], [ 78.4245535, 30.4411997 ], [ 78.4243897, 30.4412774 ], [ 78.4242594, 30.4412996 ], [ 78.4241308, 30.4413258 ], [ 78.4240485, 30.4413349 ], [ 78.4239745, 30.4413438 ], [ 78.4238592, 30.4413635 ], [ 78.4237562, 30.4414024 ], [ 78.423696, 30.4414567 ], [ 78.4236731, 30.4415053 ], [ 78.4236771, 30.4415493 ], [ 78.4236989, 30.4416191 ], [ 78.4237609, 30.4417709 ], [ 78.4238243, 30.4419255 ], [ 78.4238591, 30.4420798 ], [ 78.4238744, 30.4421533 ], [ 78.423906, 30.4422935 ], [ 78.4239199, 30.4423664 ], [ 78.4239336, 30.4425241 ], [ 78.4239382, 30.4426046 ], [ 78.423946, 30.4427542 ], [ 78.423869, 30.4428569 ], [ 78.4237976, 30.4428841 ], [ 78.4236324, 30.4428998 ], [ 78.4235376, 30.4428919 ], [ 78.4233447, 30.4428413 ], [ 78.4231752, 30.4427666 ], [ 78.423098, 30.4427221 ], [ 78.4229484, 30.4426397 ], [ 78.4228656, 30.4426179 ], [ 78.4227086, 30.4425859 ], [ 78.4225554, 30.4425782 ], [ 78.422391, 30.4425734 ], [ 78.4222634, 30.4425549 ], [ 78.4221632, 30.4425379 ], [ 78.4220311, 30.4425724 ], [ 78.4219373, 30.4426195 ], [ 78.4219062, 30.4426384 ], [ 78.4218515, 30.4426829 ], [ 78.4218203, 30.4427152 ], [ 78.4217979, 30.4427294 ], [ 78.4217681, 30.4427637 ], [ 78.4217808, 30.4428207 ], [ 78.4218199, 30.4428697 ], [ 78.4218561, 30.4428898 ], [ 78.421896, 30.4429086 ], [ 78.421982, 30.4429253 ], [ 78.4220938, 30.4429465 ], [ 78.4222332, 30.4429902 ], [ 78.4223757, 30.4430532 ], [ 78.422445, 30.4430887 ], [ 78.4225168, 30.4431253 ], [ 78.4225943, 30.4431656 ], [ 78.4226705, 30.4432062 ], [ 78.4228138, 30.4432966 ], [ 78.4229341, 30.4433959 ], [ 78.4230421, 30.4434919 ], [ 78.4231531, 30.4435592 ], [ 78.4232887, 30.443599 ], [ 78.42336, 30.4436184 ], [ 78.4235173, 30.4436631 ], [ 78.4236118, 30.4436885 ], [ 78.4238172, 30.4437427 ], [ 78.4239967, 30.4438025 ], [ 78.4241638, 30.4438717 ], [ 78.4243241, 30.4439363 ], [ 78.4244878, 30.4439923 ], [ 78.4246611, 30.4439927 ], [ 78.4247525, 30.4439787 ], [ 78.4249464, 30.443937 ], [ 78.4251431, 30.4438808 ], [ 78.4253139, 30.4438135 ], [ 78.4253842, 30.4437761 ], [ 78.4255021, 30.4436852 ], [ 78.4255604, 30.4436443 ], [ 78.4256338, 30.4436189 ], [ 78.4257651, 30.4435901 ], [ 78.4258837, 30.4436058 ], [ 78.4260322, 30.443629 ], [ 78.4261448, 30.443666 ], [ 78.4262451, 30.443699 ], [ 78.4263171, 30.4437361 ], [ 78.4264211, 30.4438194 ], [ 78.4265373, 30.4439257 ], [ 78.4265863, 30.4439851 ], [ 78.4266316, 30.4440502 ], [ 78.4266957, 30.4441829 ], [ 78.4267159, 30.4443045 ], [ 78.4267385, 30.4444186 ], [ 78.4267961, 30.4445113 ], [ 78.4268899, 30.4446056 ], [ 78.4269486, 30.4446495 ], [ 78.4270636, 30.4447336 ], [ 78.4271685, 30.4448155 ], [ 78.4272766, 30.4448607 ], [ 78.4274025, 30.4448564 ], [ 78.4274744, 30.4448485 ], [ 78.4276252, 30.4448522 ], [ 78.4277058, 30.4449133 ], [ 78.4277333, 30.4449475 ], [ 78.427787, 30.4450213 ], [ 78.4278433, 30.4450814 ], [ 78.4278924, 30.4451126 ], [ 78.4279583, 30.4451317 ], [ 78.4280393, 30.4451391 ], [ 78.4280934, 30.4451395 ], [ 78.4281611, 30.4451362 ], [ 78.4283304, 30.4451322 ], [ 78.4284941, 30.4451153 ], [ 78.4285453, 30.445107 ], [ 78.4286312, 30.4450887 ], [ 78.4286895, 30.4450871 ], [ 78.4287765, 30.445105 ], [ 78.4289024, 30.4451223 ], [ 78.4290477, 30.445141 ], [ 78.4291088, 30.4451654 ], [ 78.4291728, 30.445213 ], [ 78.4292979, 30.4453255 ], [ 78.4293896, 30.4454193 ], [ 78.4294318, 30.4454409 ], [ 78.4294742, 30.4454505 ], [ 78.4295698, 30.4454696 ], [ 78.429672, 30.4454839 ], [ 78.4297766, 30.4454877 ], [ 78.4298913, 30.4454917 ], [ 78.4299502, 30.4454952 ], [ 78.4300646, 30.4455313 ], [ 78.4301288, 30.4455582 ], [ 78.4301975, 30.4455916 ], [ 78.4303286, 30.4456656 ], [ 78.4304485, 30.4457548 ], [ 78.4305293, 30.445825 ], [ 78.4305629, 30.4458486 ], [ 78.4306162, 30.445865 ], [ 78.4306944, 30.4458684 ], [ 78.430825, 30.4458554 ], [ 78.430895, 30.4458508 ], [ 78.4310512, 30.4458831 ], [ 78.4311955, 30.4459141 ], [ 78.4313552, 30.4458734 ], [ 78.4314944, 30.4458065 ], [ 78.4316478, 30.4457296 ], [ 78.4318329, 30.4456486 ], [ 78.4320615, 30.4456018 ], [ 78.4322632, 30.4455476 ], [ 78.4324687, 30.4455221 ], [ 78.4326615, 30.4454608 ], [ 78.4328323, 30.4453292 ], [ 78.4329132, 30.4453364 ], [ 78.4329827, 30.445394 ], [ 78.433007, 30.4454412 ], [ 78.4330373, 30.445528 ], [ 78.4330468, 30.4455677 ], [ 78.4330604, 30.4456437 ], [ 78.4330659, 30.4457224 ], [ 78.4330665, 30.4457682 ], [ 78.4330401, 30.4459469 ], [ 78.4330296, 30.4460298 ], [ 78.4330338, 30.4461136 ], [ 78.4330291, 30.4461909 ], [ 78.4330241, 30.4462383 ], [ 78.4330181, 30.4462903 ], [ 78.4330177, 30.4464013 ], [ 78.4330324, 30.4464875 ], [ 78.4330484, 30.4465201 ], [ 78.4330632, 30.4465518 ], [ 78.433097, 30.44662 ], [ 78.4331153, 30.4466633 ], [ 78.4331583, 30.4467677 ], [ 78.4331982, 30.446861 ], [ 78.4332334, 30.4469461 ], [ 78.4332682, 30.4470285 ], [ 78.4333003, 30.4471071 ], [ 78.4333149, 30.4471456 ], [ 78.4333426, 30.4472192 ], [ 78.4333702, 30.4472915 ], [ 78.4333841, 30.4473266 ], [ 78.4333996, 30.447373 ], [ 78.4334038, 30.447386 ], [ 78.4334057, 30.4474119 ], [ 78.4334046, 30.4474309 ], [ 78.4334023, 30.4474617 ], [ 78.433389, 30.4475304 ], [ 78.4333809, 30.4475624 ], [ 78.4333622, 30.4476101 ], [ 78.4333534, 30.4476279 ], [ 78.4333465, 30.447643 ], [ 78.4333334, 30.447679 ], [ 78.4333139, 30.4477304 ], [ 78.4332757, 30.4477843 ], [ 78.4332535, 30.4478108 ], [ 78.4332092, 30.4478615 ], [ 78.4331699, 30.447906 ], [ 78.4331617, 30.4479194 ], [ 78.4331179, 30.4479378 ], [ 78.4330734, 30.4479499 ], [ 78.43302, 30.44797 ] ] } },
{ "type": "Feature", "properties": { "highway": "tertiary", "name": null }, "geometry": { "type": "LineString", "coordinates": [ [ 78.5054898, 30.4084687 ], [ 78.5049534, 30.4081607 ], [ 78.5043955, 30.4077315 ], [ 78.5038376, 30.4073668 ], [ 78.5034353, 30.4071038 ], [ 78.5027861, 30.4071551 ], [ 78.5024911, 30.4069072 ], [ 78.5018474, 30.4068629 ], [ 78.5013995, 30.4069728 ], [ 78.5012895, 30.4071732 ], [ 78.5012224, 30.407231 ], [ 78.5011339, 30.4072426 ], [ 78.5010508, 30.4071801 ], [ 78.5008121, 30.4068518 ], [ 78.5003346, 30.4065904 ], [ 78.4999645, 30.4066041 ], [ 78.4998465, 30.4065208 ], [ 78.4998894, 30.4061008 ], [ 78.4991759, 30.4058558 ], [ 78.498795, 30.405457 ], [ 78.4985805, 30.4054868 ], [ 78.4982935, 30.4053257 ], [ 78.4978858, 30.4053433 ], [ 78.4976363, 30.4049834 ], [ 78.4976095, 30.4045614 ], [ 78.4974915, 30.4043741 ], [ 78.4973466, 30.4043072 ], [ 78.4967136, 30.4045129 ], [ 78.496027, 30.4047275 ], [ 78.4957775, 30.4047511 ], [ 78.495512, 30.40447 ], [ 78.4948254, 30.4043627 ], [ 78.4941816, 30.404191 ], [ 78.4939429, 30.4040618 ], [ 78.4938407, 30.4038765 ], [ 78.4937525, 30.4036975 ], [ 78.4934306, 30.4031825 ], [ 78.493216, 30.4026461 ], [ 78.4930927, 30.4025322 ], [ 78.4929854, 30.4024031 ], [ 78.4925723, 30.4023612 ], [ 78.4924221, 30.4024401 ], [ 78.4923094, 30.4025436 ], [ 78.4922075, 30.4030108 ], [ 78.4921432, 30.4036117 ], [ 78.4921861, 30.4042339 ], [ 78.4920359, 30.4048347 ], [ 78.4919474, 30.405186 ], [ 78.491714, 30.4053283 ], [ 78.491368, 30.4053873 ], [ 78.4910542, 30.4055237 ], [ 78.4908852, 30.4056533 ], [ 78.4907806, 30.4056672 ], [ 78.4904265, 30.4054356 ], [ 78.4897184, 30.4051781 ], [ 78.4890962, 30.4048777 ], [ 78.4887394, 30.4047049 ], [ 78.4884524, 30.4047211 ], [ 78.4882728, 30.4048034 ], [ 78.4881762, 30.4050403 ], [ 78.4882593, 30.4053497 ], [ 78.4883773, 30.4057112 ], [ 78.4883237, 30.405972 ], [ 78.4881842, 30.4063126 ], [ 78.4882593, 30.4065514 ], [ 78.4885383, 30.4071522 ], [ 78.488946, 30.4076672 ], [ 78.4889674, 30.408268 ], [ 78.4891176, 30.4088902 ], [ 78.4888387, 30.4094696 ], [ 78.4887743, 30.410049 ], [ 78.4891605, 30.4105639 ], [ 78.4892839, 30.4108958 ], [ 78.4891659, 30.4115104 ], [ 78.4889889, 30.4116797 ], [ 78.4886241, 30.4121947 ], [ 78.4885302, 30.4124519 ], [ 78.4883505, 30.4125375 ], [ 78.4883022, 30.4126668 ], [ 78.4882888, 30.4130165 ], [ 78.4879294, 30.4134926 ], [ 78.48768, 30.4136709 ], [ 78.4873635, 30.4139693 ], [ 78.487098, 30.4140173 ], [ 78.4867519, 30.4139554 ], [ 78.4864569, 30.4136968 ], [ 78.4863603, 30.4136038 ], [ 78.4862396, 30.4136154 ], [ 78.4861189, 30.4137658 ], [ 78.4859204, 30.4139757 ], [ 78.4852552, 30.4142547 ], [ 78.4848878, 30.4141266 ], [ 78.4842924, 30.4141304 ], [ 78.4838605, 30.4140492 ], [ 78.4835601, 30.4141174 ], [ 78.4831738, 30.414075 ], [ 78.4830773, 30.4141081 ], [ 78.4830371, 30.4141821 ], [ 78.4830236, 30.4145122 ], [ 78.4827581, 30.4147881 ], [ 78.4827232, 30.4150271 ], [ 78.4827876, 30.4156065 ], [ 78.4826991, 30.4158822 ], [ 78.4828305, 30.4161215 ], [ 78.4832168, 30.4165506 ], [ 78.4832168, 30.4171515 ], [ 78.4833884, 30.4177737 ], [ 78.4834743, 30.4183745 ], [ 78.4831309, 30.418911 ], [ 78.4830451, 30.4195118 ], [ 78.4830666, 30.4201126 ], [ 78.4831953, 30.4206705 ], [ 78.4833804, 30.4209061 ], [ 78.4834877, 30.4211894 ], [ 78.4836379, 30.4213525 ], [ 78.4836432, 30.4214681 ], [ 78.4836003, 30.4215236 ], [ 78.4830746, 30.4215537 ], [ 78.48297, 30.421674 ], [ 78.4829378, 30.4219365 ], [ 78.4826508, 30.4222846 ], [ 78.482616, 30.4225159 ], [ 78.4822726, 30.4230523 ], [ 78.4824014, 30.4236102 ], [ 78.4825945, 30.4241037 ], [ 78.4825167, 30.424508 ], [ 78.482219, 30.424838 ], [ 78.4821653, 30.4250947 ], [ 78.4818918, 30.4251729 ], [ 78.4817898, 30.4250803 ], [ 78.4816611, 30.4247501 ], [ 78.4816369, 30.4244073 ], [ 78.4815216, 30.4243199 ], [ 78.4811756, 30.4242876 ], [ 78.4808108, 30.4243602 ], [ 78.4805614, 30.4242922 ], [ 78.4802556, 30.4240608 ], [ 78.4797835, 30.4236102 ], [ 78.4791827, 30.4232454 ], [ 78.478539, 30.4229879 ], [ 78.4778738, 30.4228377 ], [ 78.4772086, 30.4229879 ], [ 78.476522, 30.4232669 ], [ 78.4759641, 30.4236746 ], [ 78.4756637, 30.4240031 ], [ 78.4756422, 30.4244777 ], [ 78.4754062, 30.4248333 ], [ 78.4752131, 30.4254127 ], [ 78.4748483, 30.4259062 ], [ 78.4745264, 30.4261285 ], [ 78.4744459, 30.4264871 ], [ 78.4742475, 30.42676 ], [ 78.4743387, 30.4269917 ], [ 78.4743333, 30.427537 ], [ 78.474505, 30.4281807 ], [ 78.4746552, 30.4287601 ], [ 78.4751272, 30.4291892 ], [ 78.4758139, 30.4294252 ], [ 78.476243, 30.4298544 ], [ 78.4765005, 30.4303694 ], [ 78.4766507, 30.4309702 ], [ 78.4764147, 30.4315066 ], [ 78.4764039, 30.4316908 ], [ 78.4765863, 30.432086 ], [ 78.4772301, 30.4322577 ], [ 78.47745, 30.432447 ], [ 78.47756, 30.432862 ], [ 78.477273, 30.4331589 ], [ 78.4769726, 30.4337597 ], [ 78.476876, 30.4345749 ], [ 78.4771872, 30.4348755 ], [ 78.4772221, 30.4354925 ], [ 78.4774983, 30.4357656 ], [ 78.4776834, 30.4360587 ], [ 78.4778309, 30.4360778 ], [ 78.4780347, 30.4360154 ], [ 78.4783432, 30.4362569 ], [ 78.4784746, 30.4366565 ], [ 78.4783808, 30.4370122 ], [ 78.4781662, 30.437359 ], [ 78.4781903, 30.4377013 ], [ 78.4783244, 30.4378366 ], [ 78.4788823, 30.4381156 ], [ 78.47918, 30.4380135 ], [ 78.4795046, 30.4380512 ], [ 78.4801698, 30.4382443 ], [ 78.4804675, 30.4383811 ], [ 78.4805694, 30.438476 ], [ 78.4806123, 30.4386728 ], [ 78.4805882, 30.4389089 ], [ 78.4804246, 30.439357 ], [ 78.4804621, 30.4395397 ], [ 78.4806043, 30.4398057 ], [ 78.4808108, 30.4407307 ], [ 78.4807894, 30.4409516 ], [ 78.4804273, 30.4415059 ], [ 78.4801979, 30.4419678 ] ] } },
{ "type": "Feature", "properties": { "highway": "tertiary", "name": null }, "geometry": { "type": "LineString", "coordinates": [ [ 78.5174106, 30.426044 ], [ 78.517416, 30.4260419 ], [ 78.5174455, 30.4259665 ], [ 78.5174105, 30.425841 ], [ 78.517428, 30.4256749 ], [ 78.5175002, 30.4254541 ], [ 78.5175637, 30.4253918 ], [ 78.5177322, 30.4253711 ], [ 78.517916, 30.4253607 ], [ 78.5181064, 30.4253211 ], [ 78.5182334, 30.4252003 ], [ 78.5182695, 30.4250889 ], [ 78.5181732, 30.4249644 ], [ 78.5179521, 30.4247823 ], [ 78.5177005, 30.4246228 ], [ 78.5175155, 30.4244275 ], [ 78.5173875, 30.4242312 ], [ 78.5172857, 30.4240067 ], [ 78.5171774, 30.4237208 ], [ 78.5171216, 30.4234584 ], [ 78.5170855, 30.4232216 ], [ 78.5171194, 30.4230904 ], [ 78.5172081, 30.4229461 ], [ 78.5173022, 30.4228243 ], [ 78.5173689, 30.4226611 ], [ 78.5173952, 30.4225752 ], [ 78.5175046, 30.422462 ], [ 78.517614, 30.4223884 ], [ 78.5177639, 30.4223167 ], [ 78.5178766, 30.4222818 ], [ 78.5178909, 30.4221167 ], [ 78.5178274, 30.4219289 ], [ 78.5177672, 30.4218317 ], [ 78.5176676, 30.4217751 ], [ 78.5174893, 30.4217307 ], [ 78.5173503, 30.4217345 ], [ 78.5172584, 30.4217024 ], [ 78.517254, 30.4215713 ], [ 78.5171993, 30.4214297 ], [ 78.5171161, 30.4213391 ], [ 78.5169859, 30.42124 ], [ 78.5170286, 30.4211032 ], [ 78.5171687, 30.421056 ], [ 78.5173416, 30.4209985 ], [ 78.5174893, 30.4208919 ], [ 78.5174783, 30.4208173 ], [ 78.5173974, 30.4206965 ], [ 78.5173339, 30.4205267 ], [ 78.5173219, 30.4203568 ], [ 78.5173656, 30.42017 ], [ 78.5174652, 30.4200322 ], [ 78.5176064, 30.4199011 ], [ 78.5176436, 30.4198916 ], [ 78.5178591, 30.4197859 ], [ 78.5181272, 30.419635 ], [ 78.5182038, 30.4195368 ], [ 78.5181962, 30.4194349 ], [ 78.5179543, 30.4193387 ], [ 78.5178197, 30.4192339 ], [ 78.5177814, 30.4190961 ], [ 78.5178613, 30.4189933 ], [ 78.5179653, 30.4189225 ], [ 78.5181951, 30.418747 ], [ 78.5183129, 30.4185855 ], [ 78.5183873, 30.4183684 ], [ 78.5184288, 30.4182024 ], [ 78.5183927, 30.4181089 ], [ 78.5182603, 30.4180372 ], [ 78.518082, 30.4180221 ], [ 78.5179014, 30.4180712 ], [ 78.5175906, 30.4181599 ], [ 78.5174199, 30.4181458 ], [ 78.5172044, 30.4181203 ], [ 78.5168991, 30.418175 ], [ 78.5166737, 30.4182939 ], [ 78.5165642, 30.4183835 ], [ 78.516411, 30.4184656 ], [ 78.51626, 30.4185091 ], [ 78.5161068, 30.4185251 ], [ 78.5159766, 30.4184779 ], [ 78.5159044, 30.4184005 ], [ 78.5158661, 30.4183024 ], [ 78.5157632, 30.4182043 ], [ 78.5156418, 30.4180608 ], [ 78.5155783, 30.4179344 ], [ 78.5155892, 30.4176937 ], [ 78.5155892, 30.4175145 ], [ 78.5156341, 30.4172417 ], [ 78.5156035, 30.4170926 ], [ 78.5155313, 30.416987 ], [ 78.5154568, 30.4169549 ], [ 78.5153573, 30.4169492 ], [ 78.5152227, 30.4169879 ], [ 78.5150946, 30.4169813 ], [ 78.5150246, 30.4169096 ], [ 78.5149568, 30.4167492 ], [ 78.5149042, 30.4166859 ], [ 78.5148025, 30.4166557 ], [ 78.514692, 30.4166548 ], [ 78.514634, 30.4166246 ], [ 78.5145989, 30.4165208 ], [ 78.5145103, 30.4163755 ], [ 78.5143505, 30.4162292 ], [ 78.5142488, 30.4161433 ], [ 78.5140989, 30.4160292 ], [ 78.5138921, 30.4160197 ], [ 78.5136262, 30.4160358 ], [ 78.5134237, 30.4160527 ], [ 78.513253, 30.4159952 ], [ 78.5131545, 30.4158885 ], [ 78.5131305, 30.4157555 ], [ 78.5132027, 30.4155894 ], [ 78.5132486, 30.4154186 ], [ 78.5132784, 30.4152766 ], [ 78.5134061, 30.4151766 ], [ 78.5135966, 30.4150006 ], [ 78.5137071, 30.4148751 ], [ 78.513741, 30.4148014 ], [ 78.5138286, 30.4147524 ], [ 78.5139522, 30.414725 ], [ 78.5140617, 30.4146288 ], [ 78.514124, 30.4144929 ], [ 78.5141142, 30.4143777 ], [ 78.5140781, 30.4142758 ], [ 78.514019, 30.4141314 ], [ 78.5140212, 30.4139701 ], [ 78.514042, 30.41387 ], [ 78.5141536, 30.4137719 ], [ 78.5142094, 30.4136955 ], [ 78.514216, 30.4136219 ], [ 78.5143199, 30.4134322 ], [ 78.5144075, 30.4132283 ], [ 78.514483, 30.4131321 ], [ 78.5145289, 30.4130924 ], [ 78.5146274, 30.413 ], [ 78.514716, 30.4127942 ], [ 78.5148123, 30.4125649 ], [ 78.5149272, 30.4122762 ], [ 78.5149611, 30.4121337 ], [ 78.5149655, 30.4118826 ], [ 78.5149765, 30.4116061 ], [ 78.5149874, 30.4112834 ], [ 78.5150476, 30.4109738 ], [ 78.5151111, 30.4107993 ], [ 78.5151275, 30.410719 ], [ 78.5151034, 30.4106369 ], [ 78.5150432, 30.4106049 ], [ 78.5147576, 30.4106143 ], [ 78.5145475, 30.41062 ], [ 78.5144578, 30.4105832 ], [ 78.5143812, 30.4104133 ], [ 78.5142247, 30.4100811 ], [ 78.5142346, 30.409931 ], [ 78.5142871, 30.4098263 ], [ 78.5142674, 30.4096885 ], [ 78.5141667, 30.4095337 ], [ 78.5139741, 30.4094328 ], [ 78.5138352, 30.4094186 ], [ 78.5136754, 30.409428 ], [ 78.5134773, 30.4094922 ], [ 78.5132355, 30.4096055 ], [ 78.513079, 30.4096791 ], [ 78.5130166, 30.409713 ], [ 78.512917, 30.4097312 ], [ 78.5127858, 30.4097112 ], [ 78.5126282, 30.4096526 ], [ 78.5122693, 30.4095328 ], [ 78.512022, 30.4094686 ], [ 78.5116696, 30.4093271 ], [ 78.511581, 30.409227 ], [ 78.5114059, 30.4088656 ], [ 78.5113709, 30.4087457 ], [ 78.511372, 30.4085957 ], [ 78.5114354, 30.408422 ], [ 78.511407, 30.4082446 ], [ 78.5112998, 30.4080417 ], [ 78.511245, 30.4078454 ], [ 78.5112702, 30.407685 ], [ 78.5113282, 30.4075198 ], [ 78.5113151, 30.4073094 ], [ 78.5112396, 30.4071923 ], [ 78.5110536, 30.4071348 ], [ 78.5108719, 30.407064 ], [ 78.5107756, 30.4069215 ], [ 78.5107756, 30.4067535 ], [ 78.51085, 30.4065714 ], [ 78.5109441, 30.4063996 ], [ 78.5109693, 30.4062231 ], [ 78.5108719, 30.4059239 ], [ 78.5107253, 30.4056267 ], [ 78.5105983, 30.4054096 ], [ 78.5102821, 30.4051406 ], [ 78.5099845, 30.4049651 ], [ 78.5097339, 30.4047962 ], [ 78.5095446, 30.4046234 ], [ 78.5093979, 30.4043564 ], [ 78.5093159, 30.4042148 ], [ 78.5092579, 30.4040732 ], [ 78.5093793, 30.4039581 ], [ 78.509584, 30.4038816 ], [ 78.5099144, 30.4038826 ], [ 78.5101924, 30.4039137 ], [ 78.5105382, 30.4039071 ], [ 78.5106355, 30.4039005 ], [ 78.5108883, 30.4038042 ], [ 78.5110306, 30.4037155 ], [ 78.5111608, 30.4036608 ], [ 78.511303, 30.4036136 ], [ 78.5115624, 30.4034739 ], [ 78.511694, 30.403367 ], [ 78.5117801, 30.4032908 ], [ 78.5118545, 30.4031917 ], [ 78.5119979, 30.403086 ], [ 78.5120307, 30.4030388 ], [ 78.5120548, 30.4029152 ], [ 78.5121062, 30.4027972 ], [ 78.5121828, 30.4027425 ], [ 78.5122824, 30.4027255 ], [ 78.5124575, 30.4027529 ], [ 78.5126796, 30.4027397 ], [ 78.5127464, 30.4026953 ], [ 78.5127901, 30.4026377 ], [ 78.5128602, 30.4024811 ], [ 78.5129718, 30.402331 ], [ 78.5130342, 30.4021715 ], [ 78.5131086, 30.4020101 ], [ 78.5131808, 30.4018185 ], [ 78.5132672, 30.4015005 ], [ 78.5132847, 30.4013042 ], [ 78.5132869, 30.401138 ], [ 78.5133066, 30.401004 ], [ 78.5133723, 30.4007964 ], [ 78.5134598, 30.4006171 ], [ 78.5136448, 30.4004141 ], [ 78.5137148, 30.4002886 ], [ 78.5137443, 30.4001348 ], [ 78.5137881, 30.3999007 ], [ 78.5138603, 30.3997384 ], [ 78.5139194, 30.399594 ], [ 78.513938, 30.3993014 ], [ 78.5139446, 30.3991107 ], [ 78.5139643, 30.3990022 ], [ 78.5140584, 30.398736 ], [ 78.5140868, 30.3985699 ], [ 78.5140332, 30.398417 ], [ 78.5139304, 30.3983255 ], [ 78.5138942, 30.3982556 ], [ 78.5139522, 30.3981263 ], [ 78.5140715, 30.3980593 ], [ 78.5141875, 30.3980489 ], [ 78.514437, 30.3980839 ], [ 78.51482, 30.3981244 ], [ 78.5150465, 30.3981169 ], [ 78.5152478, 30.3981367 ], [ 78.5154328, 30.3982066 ], [ 78.5155936, 30.3985057 ], [ 78.5157238, 30.3985728 ], [ 78.5157983, 30.3986058 ], [ 78.5159668, 30.39872 ], [ 78.51612, 30.3987436 ], [ 78.5162206, 30.3986747 ], [ 78.5163038, 30.3985558 ], [ 78.5163902, 30.398451 ], [ 78.5164898, 30.3983349 ], [ 78.5165938, 30.3982349 ], [ 78.5167437, 30.3981188 ], [ 78.5168772, 30.398082 ], [ 78.5170829, 30.3981235 ], [ 78.5171781, 30.3981301 ], [ 78.5173521, 30.3980367 ], [ 78.517502, 30.397947 ], [ 78.5176738, 30.3978734 ], [ 78.5177548, 30.3978356 ], [ 78.5177887, 30.3977714 ], [ 78.5177646, 30.397628 ], [ 78.5177296, 30.3975015 ], [ 78.5177362, 30.3972552 ], [ 78.5177953, 30.39704 ], [ 78.5177931, 30.3968918 ], [ 78.5177066, 30.3967106 ], [ 78.5176311, 30.3965454 ], [ 78.5175797, 30.3964359 ], [ 78.5174309, 30.3963236 ], [ 78.5173882, 30.3962339 ], [ 78.5174254, 30.3961103 ], [ 78.51756, 30.3959857 ], [ 78.5176651, 30.3958545 ], [ 78.5177154, 30.3957356 ], [ 78.5177449, 30.3954694 ], [ 78.5177471, 30.395274 ], [ 78.5177646, 30.395191 ], [ 78.5178369, 30.3950154 ], [ 78.5178544, 30.3948861 ], [ 78.5177898, 30.3947445 ], [ 78.5177515, 30.3945322 ], [ 78.5176793, 30.3942603 ], [ 78.5176169, 30.3940413 ], [ 78.5176322, 30.3938913 ], [ 78.5176902, 30.393728 ], [ 78.517722, 30.3935213 ], [ 78.5177252, 30.3932995 ], [ 78.5176957, 30.3930965 ], [ 78.5175327, 30.3928747 ], [ 78.5174517, 30.3927605 ], [ 78.5174287, 30.3925387 ], [ 78.5173215, 30.3923065 ], [ 78.5171912, 30.3920573 ], [ 78.5171092, 30.3918534 ], [ 78.5171387, 30.3917364 ], [ 78.5172657, 30.3916354 ], [ 78.5174265, 30.3916458 ], [ 78.517746, 30.391726 ], [ 78.5180284, 30.3917864 ], [ 78.5182078, 30.3917911 ], [ 78.5186149, 30.3918138 ], [ 78.5187954, 30.39186 ], [ 78.518941, 30.3919101 ], [ 78.5191631, 30.3919148 ], [ 78.5194542, 30.3918827 ], [ 78.5195964, 30.391912 ], [ 78.5198503, 30.3919827 ], [ 78.5201797, 30.391978 ], [ 78.5203657, 30.391979 ], [ 78.5205572, 30.3919752 ], [ 78.5208778, 30.3920347 ], [ 78.5211798, 30.3920668 ], [ 78.5213691, 30.3920601 ], [ 78.5214446, 30.3920403 ], [ 78.5217729, 30.3920177 ], [ 78.5220191, 30.391979 ], [ 78.5222226, 30.3919724 ], [ 78.5224273, 30.3919261 ], [ 78.5224516, 30.3919077 ] ] } },
{ "type": "Feature", "properties": { "highway": "tertiary", "name": null }, "geometry": { "type": "LineString", "coordinates": [ [ 78.483595, 30.3388962 ], [ 78.4836607, 30.3389483 ], [ 78.4836245, 30.339027 ], [ 78.4835266, 30.3390721 ], [ 78.4834313, 30.3391323 ], [ 78.4834287, 30.3391659 ], [ 78.4834488, 30.339255 ], [ 78.4834823, 30.3392944 ], [ 78.4835467, 30.3393997 ], [ 78.4834823, 30.3394807 ], [ 78.483084, 30.3397874 ], [ 78.4829646, 30.3399078 ], [ 78.4829164, 30.3400004 ], [ 78.4828748, 30.3400733 ], [ 78.4828171, 30.3401381 ], [ 78.4827957, 30.3401544 ], [ 78.4825167, 30.3402724 ], [ 78.4824094, 30.3403326 ], [ 78.482231, 30.3405317 ], [ 78.4821264, 30.3406104 ], [ 78.4817778, 30.340865 ], [ 78.4816517, 30.3410039 ], [ 78.4814639, 30.341152 ], [ 78.4812963, 30.341284 ], [ 78.4811488, 30.3413673 ], [ 78.4811568, 30.3414264 ], [ 78.4811622, 30.3414889 ], [ 78.4810442, 30.3416891 ], [ 78.4809798, 30.3417956 ], [ 78.4809436, 30.341865 ], [ 78.4808283, 30.3419588 ], [ 78.4805319, 30.3420409 ], [ 78.4802368, 30.3420791 ], [ 78.480088, 30.3421648 ], [ 78.4799042, 30.3423071 ], [ 78.4799136, 30.3423801 ], [ 78.4799901, 30.3424194 ], [ 78.480092, 30.3424646 ], [ 78.4801403, 30.3424912 ], [ 78.4801872, 30.3426729 ], [ 78.4801362, 30.3427574 ], [ 78.479927, 30.3428951 ], [ 78.4796937, 30.3431023 ], [ 78.4795757, 30.3431787 ], [ 78.4794764, 30.3432562 ], [ 78.4793892, 30.3432886 ], [ 78.4791183, 30.3433777 ], [ 78.4790808, 30.343424 ], [ 78.4790888, 30.3434819 ], [ 78.4791411, 30.3435548 ], [ 78.479239, 30.3437064 ], [ 78.4792551, 30.343762 ], [ 78.4792444, 30.3440953 ], [ 78.4792954, 30.3441578 ], [ 78.4791908, 30.3442643 ], [ 78.4791693, 30.3443314 ], [ 78.4791559, 30.3444518 ], [ 78.4791103, 30.3445606 ], [ 78.4790352, 30.3446416 ], [ 78.4789091, 30.3446624 ], [ 78.478775, 30.3446879 ], [ 78.4785202, 30.3447851 ], [ 78.4783351, 30.3448337 ], [ 78.4781983, 30.344843 ], [ 78.4780589, 30.344836 ], [ 78.4779274, 30.3448106 ], [ 78.4777853, 30.3447897 ], [ 78.4776378, 30.3447805 ], [ 78.4775144, 30.344799 ], [ 78.4771201, 30.3448175 ], [ 78.4768787, 30.3447689 ], [ 78.4766883, 30.3447967 ], [ 78.4765434, 30.3447805 ], [ 78.4762779, 30.3447573 ], [ 78.4760714, 30.3447944 ], [ 78.4760526, 30.34488 ], [ 78.4758139, 30.34513 ], [ 78.4756798, 30.3452596 ], [ 78.4755376, 30.3453846 ], [ 78.4755027, 30.3454078 ], [ 78.4751487, 30.3456346 ], [ 78.4748885, 30.345718 ], [ 78.4747651, 30.3458314 ], [ 78.4746605, 30.3459332 ], [ 78.4745398, 30.3459818 ], [ 78.4743842, 30.34613 ], [ 78.4741214, 30.3461716 ], [ 78.4739926, 30.3462573 ], [ 78.4738424, 30.3463661 ], [ 78.4737083, 30.3464679 ], [ 78.4735689, 30.346623 ], [ 78.4735313, 30.3466901 ], [ 78.4735286, 30.3467688 ], [ 78.473652, 30.346792 ], [ 78.4737593, 30.3467966 ], [ 78.4738961, 30.3467966 ], [ 78.4741053, 30.3467712 ], [ 78.4743038, 30.3467272 ], [ 78.4744701, 30.3467665 ], [ 78.4746176, 30.3468267 ], [ 78.4746954, 30.3468707 ], [ 78.4748375, 30.3468799 ], [ 78.474977, 30.3468661 ], [ 78.4751648, 30.3468267 ], [ 78.4752855, 30.346792 ], [ 78.4753633, 30.3467295 ], [ 78.4754491, 30.3466809 ], [ 78.4755671, 30.3466508 ], [ 78.4756502, 30.3466878 ], [ 78.4757414, 30.3467017 ], [ 78.475956, 30.346704 ], [ 78.4762484, 30.3467063 ], [ 78.4763074, 30.346836 ], [ 78.4764495, 30.3468938 ], [ 78.4764978, 30.3469054 ], [ 78.4769484, 30.3469066 ], [ 78.4770209, 30.3469401 ], [ 78.4770638, 30.3472596 ], [ 78.4771281, 30.347329 ], [ 78.4773213, 30.347366 ], [ 78.4774581, 30.347322 ], [ 78.4775519, 30.3473035 ], [ 78.4776592, 30.3473035 ], [ 78.4777799, 30.347366 ], [ 78.4778148, 30.3474355 ], [ 78.4778282, 30.3475165 ], [ 78.477796, 30.347653 ], [ 78.4776619, 30.3477757 ], [ 78.47756, 30.3478799 ], [ 78.4775895, 30.3479979 ], [ 78.4776592, 30.3481021 ], [ 78.4776378, 30.3482294 ], [ 78.4776297, 30.3483266 ], [ 78.477627, 30.3483961 ], [ 78.4776619, 30.3485141 ], [ 78.4777316, 30.3485673 ], [ 78.4779033, 30.3486923 ], [ 78.4779462, 30.3488104 ], [ 78.4779033, 30.3490094 ], [ 78.4778309, 30.3491298 ], [ 78.4777182, 30.3492085 ], [ 78.4775788, 30.3492571 ], [ 78.4774688, 30.3493011 ], [ 78.4774259, 30.3493636 ], [ 78.4774098, 30.349521 ], [ 78.4774259, 30.3496182 ], [ 78.477501, 30.3496737 ], [ 78.4776029, 30.3496876 ], [ 78.477686, 30.3496876 ], [ 78.4778067, 30.3497455 ], [ 78.4778317, 30.3497957 ], [ 78.478293, 30.3501938 ], [ 78.4783627, 30.3504114 ], [ 78.4782332, 30.3507223 ], [ 78.4781267, 30.3510502 ], [ 78.4779596, 30.3512546 ], [ 78.4779711, 30.3515595 ], [ 78.4782072, 30.3516011 ], [ 78.478411, 30.3517955 ], [ 78.4788455, 30.3523557 ], [ 78.4794464, 30.3529899 ], [ 78.4794026, 30.3530924 ], [ 78.4800356, 30.3538145 ], [ 78.480041, 30.3540136 ], [ 78.4803736, 30.3542682 ], [ 78.4808357, 30.3544156 ], [ 78.4812319, 30.354657 ], [ 78.4810173, 30.3549486 ], [ 78.4808188, 30.3549949 ], [ 78.4802556, 30.3555088 ], [ 78.4800249, 30.3555273 ], [ 78.4797084, 30.3557171 ], [ 78.4793873, 30.3558321 ], [ 78.4789037, 30.3563744 ], [ 78.4788286, 30.356379 ], [ 78.4786194, 30.3563651 ], [ 78.4784057, 30.3566283 ], [ 78.4782171, 30.3566567 ], [ 78.4781321, 30.3568505 ], [ 78.4779274, 30.3568882 ], [ 78.4777727, 30.3571976 ], [ 78.477424, 30.357355 ], [ 78.4772416, 30.3576513 ], [ 78.4768607, 30.3577253 ], [ 78.4766622, 30.3577207 ], [ 78.4765702, 30.3578093 ], [ 78.4762062, 30.3577855 ], [ 78.4761204, 30.3578503 ], [ 78.4761097, 30.3580031 ], [ 78.4759533, 30.3582815 ], [ 78.4756422, 30.3583602 ], [ 78.4754391, 30.3586048 ], [ 78.4751755, 30.358661 ], [ 78.4749134, 30.3587992 ], [ 78.474951, 30.3589473 ], [ 78.4757119, 30.3593322 ], [ 78.4757503, 30.3595537 ], [ 78.4760552, 30.3597812 ], [ 78.4760284, 30.3600913 ], [ 78.4764254, 30.3607903 ], [ 78.4777083, 30.3609331 ], [ 78.4779282, 30.3612386 ], [ 78.4782546, 30.361716 ], [ 78.4786462, 30.3622483 ], [ 78.4784263, 30.3630583 ], [ 78.4782179, 30.3632845 ], [ 78.4783405, 30.3634934 ], [ 78.4784371, 30.3635467 ] ] } },
{ "type": "Feature", "properties": { "highway": "service", "name": null }, "geometry": { "type": "LineString", "coordinates": [ [ 78.4829375, 30.3639329 ], [ 78.483077, 30.3632757 ], [ 78.4833345, 30.3630905 ], [ 78.483813, 30.3626364 ], [ 78.4839031, 30.3624332 ], [ 78.484343, 30.3618871 ], [ 78.4846541, 30.3613594 ], [ 78.4847871, 30.3609299 ] ] } },
{ "type": "Feature", "properties": { "highway": "tertiary", "name": null }, "geometry": { "type": "LineString", "coordinates": [ [ 78.4683868, 30.3749 ], [ 78.4684364, 30.3748225 ], [ 78.4689203, 30.3749357 ], [ 78.469041, 30.3749854 ], [ 78.4693226, 30.3750039 ], [ 78.4695429, 30.3749416 ], [ 78.469744, 30.3748236 ], [ 78.4699157, 30.3748144 ], [ 78.4700927, 30.3748259 ], [ 78.470495, 30.3748769 ], [ 78.4706372, 30.3749578 ], [ 78.4708276, 30.3749602 ], [ 78.470892, 30.3748468 ], [ 78.4709856, 30.3746522 ], [ 78.4713346, 30.3745645 ], [ 78.4715036, 30.3744788 ], [ 78.4714821, 30.3744464 ], [ 78.4714606, 30.3744094 ], [ 78.4712997, 30.3744302 ], [ 78.4709427, 30.3744763 ], [ 78.4707713, 30.3746825 ], [ 78.4706426, 30.3746015 ], [ 78.4707174, 30.3744485 ], [ 78.4709644, 30.374296 ], [ 78.4710905, 30.3741641 ], [ 78.4711227, 30.3740762 ], [ 78.4712031, 30.3739443 ], [ 78.471168, 30.3738191 ], [ 78.4713396, 30.3736988 ], [ 78.4713829, 30.3736735 ], [ 78.4714338, 30.3735 ], [ 78.4713075, 30.3734118 ], [ 78.4713426, 30.3733033 ], [ 78.471522, 30.3730601 ], [ 78.4715864, 30.3729212 ], [ 78.471919, 30.3726991 ], [ 78.4719756, 30.3726253 ], [ 78.4719461, 30.3725211 ], [ 78.4719408, 30.3723036 ], [ 78.4721097, 30.3721902 ], [ 78.4725255, 30.3720861 ], [ 78.4728393, 30.3720167 ], [ 78.4731665, 30.3719773 ], [ 78.4733489, 30.3719102 ], [ 78.4734347, 30.3718686 ], [ 78.4735152, 30.3717459 ], [ 78.4735206, 30.3715052 ], [ 78.4733972, 30.3713895 ], [ 78.4730539, 30.3713317 ], [ 78.4727347, 30.3712854 ], [ 78.4725711, 30.3712437 ], [ 78.4724018, 30.3710885 ], [ 78.4723431, 30.3709337 ], [ 78.472327, 30.370848 ], [ 78.472276, 30.3706305 ], [ 78.4721419, 30.3703574 ], [ 78.4719461, 30.3701677 ], [ 78.471635, 30.3700705 ], [ 78.4715813, 30.370008 ], [ 78.4714472, 30.3698853 ], [ 78.4714553, 30.3696886 ], [ 78.4716699, 30.3695058 ], [ 78.4719086, 30.3693045 ], [ 78.4721366, 30.3691448 ], [ 78.4722814, 30.368962 ], [ 78.4723431, 30.3688625 ], [ 78.4721795, 30.3688139 ], [ 78.4719434, 30.3687676 ], [ 78.4715492, 30.3687421 ], [ 78.4712568, 30.3686588 ], [ 78.4712407, 30.3685964 ], [ 78.4712487, 30.3684806 ], [ 78.4712782, 30.3683626 ], [ 78.4713909, 30.368196 ], [ 78.4716886, 30.3680317 ], [ 78.4719193, 30.3679322 ], [ 78.472198, 30.3677746 ], [ 78.4726164, 30.3675154 ], [ 78.4728232, 30.3672796 ], [ 78.4730914, 30.367187 ], [ 78.4731585, 30.367113 ], [ 78.4731209, 30.3670528 ], [ 78.4730884, 30.3669692 ], [ 78.4731853, 30.3668746 ], [ 78.4734425, 30.3668026 ], [ 78.4735501, 30.3667149 ], [ 78.4736225, 30.3665969 ], [ 78.4736359, 30.3664951 ], [ 78.473582, 30.366312 ], [ 78.4735098, 30.3662127 ], [ 78.4734857, 30.3660623 ], [ 78.4736463, 30.3658584 ], [ 78.4737754, 30.3655046 ], [ 78.4738478, 30.365405 ], [ 78.4740221, 30.3652986 ], [ 78.4742555, 30.3654004 ], [ 78.4743437, 30.3655992 ], [ 78.4744081, 30.3657381 ], [ 78.4745747, 30.3658008 ], [ 78.4746632, 30.3659003 ], [ 78.474741, 30.3660044 ], [ 78.4748322, 30.3661248 ], [ 78.4750153, 30.3661542 ], [ 78.4751996, 30.3661086 ], [ 78.4753552, 30.3659952 ], [ 78.4756177, 30.3659603 ], [ 78.4758388, 30.3659435 ], [ 78.4760204, 30.3658818 ], [ 78.4761733, 30.3658309 ], [ 78.4761247, 30.3655344 ], [ 78.4761223, 30.3653402 ], [ 78.4761572, 30.3652616 ], [ 78.4762457, 30.3652037 ], [ 78.4763557, 30.3652014 ], [ 78.47653, 30.3652014 ], [ 78.4765729, 30.3652199 ], [ 78.4768285, 30.3652099 ], [ 78.4769404, 30.3651482 ], [ 78.4769216, 30.3649561 ], [ 78.4769779, 30.3648866 ], [ 78.4771791, 30.3647987 ], [ 78.4774339, 30.3648033 ], [ 78.4776056, 30.364764 ], [ 78.4777799, 30.3646575 ], [ 78.478013, 30.3645902 ], [ 78.4781072, 30.3644978 ], [ 78.4781259, 30.364396 ], [ 78.4781286, 30.3643127 ], [ 78.4781796, 30.3639031 ], [ 78.4782761, 30.3637827 ], [ 78.4784371, 30.3635467 ] ] } },
{ "type": "Feature", "properties": { "highway": "unclassified", "name": null }, "geometry": { "type": "LineString", "coordinates": [ [ 78.4722331, 30.3731274 ], [ 78.4726807, 30.3731064 ], [ 78.4727773, 30.372986 ], [ 78.4729382, 30.372949 ], [ 78.4730734, 30.3730133 ], [ 78.4729275, 30.3736062 ], [ 78.4730734, 30.3737168 ], [ 78.4731314, 30.3735969 ], [ 78.4732386, 30.3732637 ], [ 78.473421, 30.3729768 ], [ 78.4735176, 30.3730508 ], [ 78.4735069, 30.3732637 ], [ 78.4734425, 30.3735321 ], [ 78.4734318, 30.3740783 ], [ 78.4736421, 30.3742166 ], [ 78.4742686, 30.3743189 ], [ 78.4748909, 30.3742171 ], [ 78.4752771, 30.3739857 ], [ 78.4756419, 30.3738839 ], [ 78.4757985, 30.3740408 ], [ 78.4761569, 30.3745041 ], [ 78.4762749, 30.3746799 ], [ 78.4764788, 30.3745781 ], [ 78.4764037, 30.3744207 ], [ 78.4761998, 30.3742541 ], [ 78.4759638, 30.3739024 ], [ 78.4757599, 30.3736895 ], [ 78.4754595, 30.3736432 ], [ 78.4750304, 30.3736988 ], [ 78.4748372, 30.3737728 ], [ 78.4747514, 30.3736988 ], [ 78.4748158, 30.3735321 ], [ 78.4751055, 30.3733193 ], [ 78.4751269, 30.3730138 ], [ 78.4754702, 30.3726991 ], [ 78.4755132, 30.3723844 ], [ 78.4754166, 30.3719308 ], [ 78.4753093, 30.3717642 ], [ 78.475084, 30.3714865 ], [ 78.4748802, 30.3713291 ], [ 78.4749553, 30.3710699 ], [ 78.4752879, 30.3706349 ], [ 78.4755024, 30.3705146 ], [ 78.4756483, 30.3703752 ], [ 78.4757492, 30.3701258 ], [ 78.4758565, 30.3698944 ], [ 78.4758565, 30.3695611 ], [ 78.4758565, 30.3694223 ], [ 78.476217, 30.3692552 ], [ 78.476629, 30.3690057 ], [ 78.4766182, 30.3688946 ], [ 78.476468, 30.3688391 ], [ 78.4761247, 30.3689132 ], [ 78.4757921, 30.3692742 ] ] } },
{ "type": "Feature", "properties": { "highway": "unclassified", "name": null }, "geometry": { "type": "LineString", "coordinates": [ [ 78.4835798, 30.3755361 ], [ 78.4836484, 30.3757348 ], [ 78.4835674, 30.3761582 ], [ 78.4832237, 30.3766841 ], [ 78.483474, 30.3771976 ], [ 78.4835936, 30.3774849 ], [ 78.4837635, 30.3780254 ], [ 78.4835491, 30.3782805 ], [ 78.4833452, 30.3785212 ], [ 78.4833238, 30.3788359 ], [ 78.483474, 30.3791968 ], [ 78.4833238, 30.3797707 ], [ 78.4833559, 30.3801502 ], [ 78.4832379, 30.3801594 ], [ 78.4830984, 30.3802705 ], [ 78.4831414, 30.3804371 ], [ 78.4830233, 30.3804556 ], [ 78.4829375, 30.380326 ], [ 78.483077, 30.3801502 ], [ 78.4832057, 30.3800669 ], [ 78.4830877, 30.3799465 ], [ 78.4828624, 30.3801687 ], [ 78.4828302, 30.3803168 ], [ 78.4828581, 30.3804366 ], [ 78.4832379, 30.3808721 ], [ 78.4833452, 30.3810017 ], [ 78.4837958, 30.3817051 ], [ 78.4838925, 30.3817797 ], [ 78.4839997, 30.3818624 ], [ 78.484368, 30.382007 ], [ 78.484682, 30.3820008 ], [ 78.4848365, 30.3818995 ], [ 78.4847721, 30.3818162 ], [ 78.4845898, 30.3818532 ], [ 78.4844074, 30.3818532 ], [ 78.4841713, 30.3817236 ], [ 78.4840855, 30.3816033 ] ] } },
{ "type": "Feature", "properties": { "highway": "unclassified", "name": null }, "geometry": { "type": "LineString", "coordinates": [ [ 78.4754061, 30.3779978 ], [ 78.475432, 30.3781674 ], [ 78.4755186, 30.3784887 ], [ 78.4753737, 30.379021 ], [ 78.4753479, 30.3796036 ], [ 78.4752342, 30.3800484 ], [ 78.4748909, 30.3801317 ], [ 78.4745583, 30.3802242 ], [ 78.4735283, 30.381122 ], [ 78.472552, 30.3820198 ], [ 78.4725949, 30.3827232 ], [ 78.471801, 30.3834081 ], [ 78.4716615, 30.3837691 ], [ 78.4718439, 30.3841855 ], [ 78.4715542, 30.3846113 ], [ 78.4713354, 30.3851476 ], [ 78.4707496, 30.3859718 ], [ 78.4698542, 30.3863415 ], [ 78.4693119, 30.3860088 ], [ 78.468872, 30.3862865 ], [ 78.4685609, 30.3863327 ], [ 78.4678099, 30.3874063 ], [ 78.4672305, 30.3875359 ], [ 78.4669408, 30.3880449 ], [ 78.4665975, 30.3882115 ], [ 78.4666619, 30.388628 ], [ 78.466713, 30.3891336 ] ] } },
{ "type": "Feature", "properties": { "highway": "unclassified", "name": null }, "geometry": { "type": "LineString", "coordinates": [ [ 78.475432, 30.3781674 ], [ 78.4751728, 30.3782391 ], [ 78.4745237, 30.3787296 ], [ 78.4743038, 30.3790536 ], [ 78.4740785, 30.3793405 ], [ 78.4739417, 30.3794932 ], [ 78.4737271, 30.3797015 ], [ 78.4735283, 30.3799928 ], [ 78.4733757, 30.3800949 ], [ 78.4734562, 30.3801759 ], [ 78.4736356, 30.3801594 ], [ 78.4738666, 30.3798936 ], [ 78.4741184, 30.3796226 ], [ 78.4745184, 30.3795256 ], [ 78.4745666, 30.3795395 ], [ 78.4745881, 30.3796113 ], [ 78.4744808, 30.379845 ], [ 78.4743252, 30.3799329 ], [ 78.4740785, 30.3800926 ], [ 78.4736171, 30.3803401 ], [ 78.4733596, 30.3803563 ], [ 78.4731638, 30.3803725 ], [ 78.4730163, 30.3804304 ], [ 78.4729144, 30.3804882 ], [ 78.4728715, 30.3805415 ] ] } },
{ "type": "Feature", "properties": { "highway": "residential", "name": null }, "geometry": { "type": "LineString", "coordinates": [ [ 78.4649981, 30.3814102 ], [ 78.4653744, 30.3814645 ], [ 78.4662284, 30.3813437 ], [ 78.4668228, 30.3813812 ], [ 78.4675953, 30.3813441 ], [ 78.4683678, 30.3815385 ], [ 78.468754, 30.3816958 ], [ 78.4691359, 30.3818157 ], [ 78.4699985, 30.382029 ], [ 78.4704706, 30.3823715 ], [ 78.470517, 30.3824466 ], [ 78.4705012, 30.3825064 ], [ 78.4704379, 30.382536 ], [ 78.4703419, 30.3825196 ], [ 78.4700951, 30.3823067 ], [ 78.4698269, 30.3822142 ], [ 78.469108, 30.3821031 ], [ 78.4684429, 30.3819735 ], [ 78.468121, 30.3818995 ], [ 78.4680995, 30.381992 ] ] } },
{ "type": "Feature", "properties": { "highway": "unclassified", "name": null }, "geometry": { "type": "LineString", "coordinates": [ [ 78.4715149, 30.3813623 ], [ 78.4716749, 30.3814691 ], [ 78.4716079, 30.3816496 ], [ 78.4715757, 30.3820013 ], [ 78.4711143, 30.3822882 ], [ 78.47105, 30.3826769 ], [ 78.4707925, 30.3828805 ], [ 78.4707174, 30.383297 ], [ 78.4704062, 30.3835654 ], [ 78.4700479, 30.3837131 ], [ 78.4699449, 30.3841578 ], [ 78.4697518, 30.3842411 ], [ 78.4693977, 30.3840467 ], [ 78.4690651, 30.3840375 ], [ 78.4689149, 30.3840097 ], [ 78.4691188, 30.3839264 ], [ 78.4694149, 30.3838611 ], [ 78.4697947, 30.3838801 ], [ 78.4698269, 30.3836395 ], [ 78.4700736, 30.3834081 ], [ 78.4702346, 30.3832878 ], [ 78.4702346, 30.3830194 ], [ 78.4700951, 30.3827787 ], [ 78.4699342, 30.3826029 ], [ 78.4698836, 30.3825783 ], [ 78.4698161, 30.3825844 ], [ 78.4697783, 30.3826178 ], [ 78.4697947, 30.3826769 ], [ 78.4698977, 30.382769 ], [ 78.4700093, 30.3829546 ], [ 78.4700951, 30.383223 ], [ 78.4699556, 30.3832785 ], [ 78.4695908, 30.3833896 ], [ 78.469269, 30.3835099 ], [ 78.4690544, 30.3835932 ], [ 78.4689042, 30.3837413 ], [ 78.4686145, 30.3838894 ], [ 78.4684643, 30.3840375 ], [ 78.4683248, 30.3839819 ], [ 78.4683678, 30.3838894 ], [ 78.4687755, 30.3837043 ], [ 78.4688694, 30.3833698 ], [ 78.4688228, 30.3833098 ], [ 78.4687408, 30.3833002 ], [ 78.4685609, 30.3834174 ], [ 78.4683999, 30.3837413 ], [ 78.4678957, 30.3838986 ], [ 78.4678099, 30.3838338 ], [ 78.4680094, 30.3837223 ], [ 78.468011, 30.383621 ], [ 78.4679225, 30.3835654 ], [ 78.4678313, 30.3836487 ], [ 78.4675738, 30.3837228 ], [ 78.4671983, 30.3838709 ], [ 78.4670911, 30.3838524 ], [ 78.4669622, 30.3834636 ], [ 78.4668871, 30.3833386 ], [ 78.4660342, 30.3834613 ], [ 78.4658814, 30.3836696 ], [ 78.4653744, 30.3838246 ], [ 78.4652027, 30.3838894 ], [ 78.4649453, 30.3839356 ], [ 78.4645376, 30.3839634 ], [ 78.4641406, 30.3839542 ], [ 78.4638187, 30.3840097 ], [ 78.4635012, 30.3839833 ], [ 78.4634603, 30.3840115 ], [ 78.4634861, 30.3840652 ], [ 78.4635138, 30.3841029 ], [ 78.4639367, 30.3842966 ], [ 78.4643552, 30.3843336 ], [ 78.4646567, 30.3843586 ], [ 78.4647227, 30.3844679 ], [ 78.4643766, 30.3847686 ], [ 78.4640789, 30.3850093 ], [ 78.4640011, 30.3850139 ], [ 78.4639474, 30.3849607 ], [ 78.4640183, 30.3847311 ], [ 78.4640011, 30.3846483 ], [ 78.4638187, 30.384602 ], [ 78.46369, 30.3845743 ], [ 78.4633574, 30.3844539 ], [ 78.4631572, 30.3844131 ], [ 78.4628209, 30.3845095 ], [ 78.4625098, 30.3846483 ], [ 78.4624621, 30.3846719 ], [ 78.4624396, 30.3847096 ], [ 78.4624527, 30.3847564 ], [ 78.4624884, 30.3847594 ], [ 78.4628853, 30.3846761 ], [ 78.4629726, 30.384696 ], [ 78.4629991, 30.3847364 ], [ 78.4629922, 30.3847745 ], [ 78.4629439, 30.3848024 ], [ 78.4626456, 30.3848651 ] ] } },
{ "type": "Feature", "properties": { "highway": "unclassified", "name": null }, "geometry": { "type": "LineString", "coordinates": [ [ 78.4618184, 30.3824145 ], [ 78.4618014, 30.3823612 ], [ 78.4618554, 30.3822604 ], [ 78.4620485, 30.3819828 ], [ 78.4618875, 30.3819643 ], [ 78.4618875, 30.3818995 ], [ 78.462027, 30.3816958 ], [ 78.4622201, 30.3816588 ], [ 78.4624133, 30.38152 ], [ 78.4627673, 30.3814459 ], [ 78.4629819, 30.3812793 ], [ 78.4631322, 30.3811902 ], [ 78.4632624, 30.3811751 ], [ 78.4633596, 30.3811401 ], [ 78.4634845, 30.3810184 ], [ 78.4635622, 30.3809467 ], [ 78.4635999, 30.3808901 ], [ 78.463642, 30.3807853 ], [ 78.4636843, 30.3807249 ], [ 78.4637809, 30.380639 ], [ 78.4638903, 30.3805843 ], [ 78.4640336, 30.3805305 ], [ 78.4640756, 30.3805125 ], [ 78.4640836, 30.3805021 ], [ 78.4640809, 30.3804894 ], [ 78.4640682, 30.3804819 ], [ 78.463838, 30.3805451 ], [ 78.4636803, 30.3805909 ], [ 78.463572, 30.3806592 ], [ 78.4634856, 30.3807617 ], [ 78.4633896, 30.3808351 ], [ 78.4632602, 30.3808844 ], [ 78.4631355, 30.3809071 ], [ 78.4629497, 30.3809461 ], [ 78.462778, 30.381085 ], [ 78.46266, 30.381085 ], [ 78.4626171, 30.3810017 ], [ 78.4626171, 30.3808073 ], [ 78.4624884, 30.3803816 ], [ 78.4623811, 30.3801039 ], [ 78.462027, 30.379928 ], [ 78.4613082, 30.37953 ], [ 78.460997, 30.3791135 ], [ 78.4606108, 30.3783546 ], [ 78.460407, 30.3781879 ], [ 78.4596667, 30.3778085 ], [ 78.4594521, 30.3778455 ], [ 78.4591839, 30.3780399 ], [ 78.459098, 30.3779843 ], [ 78.4591302, 30.3778547 ], [ 78.4587869, 30.37754 ] ] } },
{ "type": "Feature", "properties": { "highway": "secondary", "name": null }, "geometry": { "type": "LineString", "coordinates": [ [ 78.4640809, 30.3804894 ], [ 78.4643616, 30.3804274 ], [ 78.464444, 30.3804486 ], [ 78.4645294, 30.3805092 ], [ 78.4646449, 30.3806037 ], [ 78.4647049, 30.380631 ], [ 78.4649453, 30.3805944 ], [ 78.4652779, 30.3805482 ], [ 78.4656212, 30.3805944 ], [ 78.4659173, 30.380705 ], [ 78.4663357, 30.3809087 ], [ 78.4666619, 30.3810109 ], [ 78.4670975, 30.3809827 ], [ 78.4672949, 30.3810294 ], [ 78.4672789, 30.381073 ] ] } },
{ "type": "Feature", "properties": { "highway": "residential", "name": null }, "geometry": { "type": "LineString", "coordinates": [ [ 78.469563, 30.3803853 ], [ 78.4687969, 30.3801779 ], [ 78.4683678, 30.3799373 ], [ 78.4681746, 30.379891 ], [ 78.4679517, 30.3797774 ], [ 78.4677585, 30.3797843 ], [ 78.467555, 30.3798201 ], [ 78.4673553, 30.3798332 ], [ 78.467182, 30.3797635 ], [ 78.4670297, 30.3797359 ], [ 78.4668385, 30.3797408 ], [ 78.4666676, 30.379783 ], [ 78.4663529, 30.3798861 ], [ 78.4662248, 30.3798424 ], [ 78.4660468, 30.3797278 ], [ 78.4659022, 30.3797106 ], [ 78.465772, 30.3797295 ], [ 78.4655767, 30.3797981 ], [ 78.4654438, 30.3798494 ], [ 78.4652886, 30.379891 ], [ 78.465003, 30.3799315 ], [ 78.464879, 30.3799782 ], [ 78.4647798, 30.3800372 ], [ 78.4647087, 30.3801381 ], [ 78.4646085, 30.3803323 ], [ 78.4645294, 30.3805092 ] ] } },
{ "type": "Feature", "properties": { "highway": "residential", "name": null }, "geometry": { "type": "LineString", "coordinates": [ [ 78.4587669, 30.4011092 ], [ 78.4587333, 30.4010842 ], [ 78.4585723, 30.4009732 ], [ 78.4586796, 30.4007788 ], [ 78.4589157, 30.4004642 ], [ 78.4589806, 30.4004206 ], [ 78.4590122, 30.4003994 ], [ 78.4593126, 30.4003532 ], [ 78.4595165, 30.4002606 ] ] } },
{ "type": "Feature", "properties": { "highway": "residential", "name": null }, "geometry": { "type": "LineString", "coordinates": [ [ 78.4589806, 30.4004206 ], [ 78.4589605, 30.4003849 ], [ 78.4589009, 30.4003566 ], [ 78.4586474, 30.4003717 ], [ 78.4584329, 30.4003069 ], [ 78.4583041, 30.4002976 ], [ 78.4580359, 30.4002699 ], [ 78.4578857, 30.4002976 ], [ 78.4577784, 30.4003624 ], [ 78.4575209, 30.4003809 ], [ 78.4573492, 30.400492 ], [ 78.4571669, 30.4007048 ] ] } },
{ "type": "Feature", "properties": { "highway": "unclassified", "name": null }, "geometry": { "type": "LineString", "coordinates": [ [ 78.4592858, 30.4006014 ], [ 78.4592804, 30.4006585 ], [ 78.4591731, 30.4008714 ], [ 78.4589405, 30.4011975 ], [ 78.4589157, 30.4012323 ], [ 78.4588084, 30.4016024 ], [ 78.4586045, 30.4020373 ], [ 78.4586861, 30.4022682 ], [ 78.459098, 30.4025185 ], [ 78.4593267, 30.4025846 ], [ 78.4595122, 30.4026383 ], [ 78.4601023, 30.4027494 ], [ 78.4606752, 30.4031292 ], [ 78.4608361, 30.4035271 ], [ 78.4606537, 30.4041194 ], [ 78.4603962, 30.4048226 ], [ 78.4601602, 30.4054241 ], [ 78.4592375, 30.4064419 ], [ 78.4585509, 30.4071452 ], [ 78.4582075, 30.4076263 ], [ 78.4581432, 30.4078021 ], [ 78.4578964, 30.4081722 ], [ 78.4567913, 30.4092641 ], [ 78.4561691, 30.4098933 ], [ 78.4557936, 30.4102171 ], [ 78.4554824, 30.4101894 ], [ 78.4551713, 30.4100321 ], [ 78.4547529, 30.409921 ], [ 78.4543255, 30.4097197 ] ] } },
{ "type": "Feature", "properties": { "highway": "unclassified", "name": null }, "geometry": { "type": "LineString", "coordinates": [ [ 78.4557936, 30.4102171 ], [ 78.4557452, 30.4102981 ], [ 78.4556326, 30.4104485 ], [ 78.4555253, 30.4107445 ], [ 78.4553644, 30.4115588 ], [ 78.4554395, 30.4118364 ], [ 78.4554932, 30.4120954 ], [ 78.4554502, 30.4122342 ], [ 78.4552464, 30.4124378 ], [ 78.4548172, 30.4124748 ], [ 78.4544525, 30.4123915 ], [ 78.4538516, 30.4123082 ], [ 78.4536478, 30.4123175 ], [ 78.4533367, 30.412484 ], [ 78.4534869, 30.4130299 ], [ 78.4540555, 30.4135758 ], [ 78.4545018, 30.4141028 ], [ 78.4548773, 30.4145284 ], [ 78.4553601, 30.4147227 ], [ 78.455682, 30.4150003 ], [ 78.4558429, 30.4150743 ], [ 78.4559974, 30.4150007 ], [ 78.455933, 30.4148249 ], [ 78.4558472, 30.4146584 ], [ 78.4557614, 30.414205 ], [ 78.4556755, 30.4138164 ], [ 78.4556004, 30.4135018 ] ] } },
{ "type": "Feature", "properties": { "highway": "unclassified", "name": null }, "geometry": { "type": "LineString", "coordinates": [ [ 78.4925723, 30.4023612 ], [ 78.4924905, 30.4023198 ], [ 78.4923403, 30.4023487 ], [ 78.4921939, 30.4024745 ], [ 78.4920785, 30.4028146 ], [ 78.4919176, 30.4033513 ], [ 78.4915592, 30.403832 ], [ 78.4915635, 30.4041749 ], [ 78.4916708, 30.4044155 ], [ 78.491585, 30.4046098 ], [ 78.4915099, 30.4049614 ], [ 78.4912846, 30.4049151 ], [ 78.4910056, 30.4050354 ], [ 78.4906408, 30.4048134 ], [ 78.4903082, 30.4047856 ], [ 78.4900936, 30.404582 ], [ 78.4894885, 30.4042854 ], [ 78.4892675, 30.4040176 ], [ 78.4887204, 30.403888 ], [ 78.4884092, 30.4035641 ], [ 78.4878299, 30.4030922 ], [ 78.4876582, 30.4030182 ], [ 78.4873471, 30.4031662 ], [ 78.4866604, 30.4037677 ], [ 78.4865424, 30.4040083 ], [ 78.4864351, 30.4039713 ], [ 78.4863815, 30.4038417 ], [ 78.4874544, 30.4027776 ], [ 78.4878578, 30.4028142 ], [ 78.4882376, 30.4029997 ], [ 78.4888062, 30.4034161 ], [ 78.4892525, 30.4035637 ], [ 78.4900615, 30.4041008 ], [ 78.4905443, 30.4043414 ], [ 78.4907052, 30.4042859 ], [ 78.4907397, 30.4041811 ], [ 78.4907672, 30.40412 ], [ 78.4909949, 30.4032588 ], [ 78.4913489, 30.403083 ], [ 78.4913811, 30.4025648 ], [ 78.4912738, 30.4022316 ], [ 78.4916665, 30.4015187 ], [ 78.492175, 30.4008714 ], [ 78.4922823, 30.4005382 ] ] } },
{ "type": "Feature", "properties": { "highway": "unclassified", "name": null }, "geometry": { "type": "LineString", "coordinates": [ [ 78.4977528, 30.4003059 ], [ 78.4978034, 30.4002972 ], [ 78.4976038, 30.3994833 ], [ 78.4974322, 30.3993075 ], [ 78.4971747, 30.3986042 ], [ 78.4969279, 30.3984469 ], [ 78.4969386, 30.3980027 ], [ 78.4968099, 30.3972716 ], [ 78.4964344, 30.397031 ], [ 78.49637, 30.3964573 ], [ 78.4966382, 30.3962166 ], [ 78.4967455, 30.3959483 ], [ 78.4967753, 30.3958282 ], [ 78.496668, 30.3956778 ], [ 78.4968324, 30.3949368 ], [ 78.4971964, 30.3940468 ], [ 78.497307, 30.3938216 ], [ 78.4974332, 30.3935648 ], [ 78.4976363, 30.3933804 ], [ 78.4974474, 30.3926558 ], [ 78.4973734, 30.3923717 ], [ 78.4976685, 30.3915758 ], [ 78.4976953, 30.3913352 ], [ 78.4979582, 30.3908308 ], [ 78.4978141, 30.3902425 ], [ 78.4977382, 30.3900303 ], [ 78.4979214, 30.3897288 ], [ 78.4979957, 30.3892251 ], [ 78.4978723, 30.3889382 ], [ 78.4980118, 30.3882349 ], [ 78.4981888, 30.3881284 ], [ 78.4984141, 30.3885819 ], [ 78.4987314, 30.3890116 ], [ 78.4988977, 30.3893586 ], [ 78.499133, 30.3893593 ], [ 78.499369, 30.3893454 ], [ 78.4996158, 30.3896185 ], [ 78.4998311, 30.3900296 ], [ 78.5005116, 30.3902061 ], [ 78.5008343, 30.3905432 ], [ 78.5009469, 30.3906682 ], [ 78.5008174, 30.391511 ], [ 78.5008281, 30.391747 ], [ 78.501032, 30.3917748 ], [ 78.5015799, 30.3919546 ], [ 78.5018527, 30.3919784 ], [ 78.5019501, 30.3921258 ], [ 78.5020306, 30.3923988 ], [ 78.5023417, 30.3925422 ], [ 78.5025447, 30.3927974 ], [ 78.5025992, 30.3929263 ], [ 78.5026636, 30.3930558 ], [ 78.5025616, 30.3933983 ], [ 78.5031938, 30.3939496 ], [ 78.5028022, 30.394329 ], [ 78.5027065, 30.3945828 ], [ 78.5031348, 30.3946807 ], [ 78.5037034, 30.3950971 ], [ 78.5037034, 30.3952637 ], [ 78.5034781, 30.3955968 ], [ 78.5032046, 30.3958375 ], [ 78.5034038, 30.3960357 ], [ 78.5035219, 30.3961977 ], [ 78.5038054, 30.3961614 ], [ 78.5039824, 30.3961105 ], [ 78.5041012, 30.396045 ], [ 78.5042345, 30.3961012 ], [ 78.5041814, 30.3962717 ], [ 78.5043855, 30.3966511 ], [ 78.5046905, 30.3967721 ], [ 78.5047449, 30.396975 ], [ 78.5049595, 30.3972758 ], [ 78.5050875, 30.397258 ], [ 78.5053181, 30.3972117 ], [ 78.5055649, 30.3974662 ], [ 78.5059627, 30.3976691 ], [ 78.5060646, 30.3977801 ], [ 78.5060262, 30.3978826 ], [ 78.5061657, 30.3978595 ], [ 78.5063374, 30.3977808 ], [ 78.506483, 30.3979236 ], [ 78.5066708, 30.3980855 ], [ 78.5069489, 30.3982157 ], [ 78.5072815, 30.3981787 ], [ 78.5071418, 30.3979004 ], [ 78.5071267, 30.3975025 ], [ 78.5067555, 30.3972341 ], [ 78.5063543, 30.3970213 ], [ 78.5060045, 30.3966789 ], [ 78.5063543, 30.3965216 ], [ 78.5064337, 30.395883 ], [ 78.5070195, 30.3956887 ], [ 78.5068199, 30.3949761 ], [ 78.507292, 30.3948466 ], [ 78.5069551, 30.3943191 ], [ 78.5065903, 30.3943746 ], [ 78.5064616, 30.3933936 ], [ 78.5066482, 30.3927736 ], [ 78.5066482, 30.3921443 ], [ 78.507013, 30.3921258 ], [ 78.5075924, 30.3925145 ], [ 78.5080923, 30.3927458 ], [ 78.5082361, 30.3930142 ], [ 78.5088004, 30.3926533 ], [ 78.509294, 30.3922091 ], [ 78.509545, 30.3916075 ], [ 78.5102531, 30.3918481 ], [ 78.5106608, 30.3917186 ], [ 78.5111074, 30.3915879 ], [ 78.5116693, 30.3914409 ], [ 78.5121406, 30.3916873 ] ] } },
{ "type": "Feature", "properties": { "highway": "residential", "name": null }, "geometry": { "type": "LineString", "coordinates": [ [ 78.4930763, 30.3955226 ], [ 78.4929475, 30.3954856 ], [ 78.4928402, 30.395245 ], [ 78.4928617, 30.3950321 ], [ 78.4927008, 30.394847 ], [ 78.4925184, 30.3945694 ], [ 78.4926686, 30.3941807 ], [ 78.4926686, 30.3939123 ], [ 78.4927222, 30.3935422 ], [ 78.4926257, 30.3933663 ], [ 78.4924218, 30.3933478 ], [ 78.4922501, 30.3936069 ], [ 78.4922609, 30.3939401 ], [ 78.4919283, 30.3943843 ], [ 78.491585, 30.394773 ], [ 78.4916386, 30.3955133 ], [ 78.4914562, 30.3954948 ], [ 78.4912738, 30.3952357 ], [ 78.4910914, 30.3951617 ], [ 78.4908769, 30.3952079 ], [ 78.4906623, 30.3951061 ], [ 78.4903082, 30.3950321 ], [ 78.4899113, 30.3949211 ], [ 78.4896001, 30.3946619 ], [ 78.4892461, 30.3948655 ], [ 78.4892353, 30.3950969 ], [ 78.4893748, 30.3954948 ], [ 78.4894177, 30.3958835 ], [ 78.4893212, 30.395902 ], [ 78.4892783, 30.3958187 ], [ 78.4892353, 30.3953653 ], [ 78.4890208, 30.3949858 ], [ 78.4895357, 30.3945046 ], [ 78.4898469, 30.3946897 ], [ 78.4901859, 30.394754 ], [ 78.490673, 30.394884 ], [ 78.491188, 30.394884 ], [ 78.4911451, 30.3946527 ], [ 78.4913446, 30.3944486 ], [ 78.4914884, 30.3944028 ], [ 78.4915635, 30.3940234 ], [ 78.4915206, 30.3936995 ], [ 78.491821, 30.3928573 ], [ 78.4918103, 30.3925057 ], [ 78.4916493, 30.3923761 ], [ 78.4913811, 30.3920522 ], [ 78.4913275, 30.3919041 ], [ 78.4914455, 30.3917468 ], [ 78.4915742, 30.3918856 ], [ 78.4919712, 30.3920244 ], [ 78.4922609, 30.3923391 ], [ 78.4924218, 30.3923669 ], [ 78.4924862, 30.3919226 ], [ 78.492675, 30.3913762 ], [ 78.4927973, 30.3911915 ], [ 78.4925935, 30.3908954 ], [ 78.4927651, 30.3904141 ], [ 78.492969, 30.3900162 ], [ 78.4931793, 30.389553 ], [ 78.4931836, 30.3892388 ], [ 78.4930334, 30.3887853 ], [ 78.4929797, 30.3885632 ], [ 78.4925398, 30.3883226 ], [ 78.4923574, 30.3880542 ], [ 78.4921214, 30.3878783 ], [ 78.4920463, 30.3877488 ], [ 78.4921536, 30.3877302 ] ] } },
{ "type": "Feature", "properties": { "highway": "unclassified", "name": null }, "geometry": { "type": "LineString", "coordinates": [ [ 78.4938407, 30.4038765 ], [ 78.4938042, 30.4040021 ], [ 78.4939107, 30.4041288 ], [ 78.4940553, 30.4042373 ], [ 78.4946105, 30.4046098 ], [ 78.4955654, 30.4048134 ], [ 78.4957907, 30.4051187 ], [ 78.4960975, 30.4050535 ], [ 78.4965803, 30.4050812 ], [ 78.4967734, 30.4049702 ], [ 78.4970996, 30.4050632 ], [ 78.497282, 30.4055906 ], [ 78.4976789, 30.4059885 ], [ 78.4981145, 30.4059695 ], [ 78.4985694, 30.4063494 ], [ 78.4989235, 30.4065622 ], [ 78.4989664, 30.4068583 ], [ 78.4989085, 30.4072742 ], [ 78.499063, 30.4074413 ], [ 78.4992346, 30.4075986 ], [ 78.4991595, 30.4076911 ], [ 78.4989664, 30.4076633 ], [ 78.498784, 30.4073765 ], [ 78.4987625, 30.4070619 ], [ 78.4986445, 30.4067103 ], [ 78.4985909, 30.4066177 ], [ 78.4984407, 30.4066362 ], [ 78.4984257, 30.4067931 ], [ 78.4985909, 30.4069601 ], [ 78.4986338, 30.407284 ], [ 78.4987304, 30.4076078 ], [ 78.4989342, 30.4079872 ], [ 78.4991059, 30.4081908 ], [ 78.4991166, 30.4083295 ], [ 78.4989879, 30.4083388 ], [ 78.4985694, 30.4078484 ], [ 78.49843, 30.4073302 ], [ 78.4983012, 30.4070526 ], [ 78.4979364, 30.406701 ], [ 78.497636, 30.4065807 ], [ 78.497121, 30.4066825 ], [ 78.4966168, 30.4066362 ], [ 78.4960696, 30.4063494 ], [ 78.4956405, 30.4061736 ], [ 78.4952006, 30.4062661 ], [ 78.4948143, 30.4059885 ], [ 78.494353, 30.4058682 ], [ 78.4940097, 30.4059052 ], [ 78.49372, 30.4061181 ], [ 78.4937693, 30.4062656 ], [ 78.4939775, 30.4060718 ], [ 78.4942672, 30.4060533 ], [ 78.4952113, 30.4065807 ], [ 78.4955868, 30.4065345 ], [ 78.4961233, 30.4069971 ], [ 78.4964558, 30.4070249 ], [ 78.4965374, 30.4072557 ], [ 78.4969344, 30.4073298 ], [ 78.4974429, 30.4077096 ], [ 78.4975073, 30.4081537 ], [ 78.4973206, 30.4086159 ], [ 78.4980866, 30.4096527 ], [ 78.4985587, 30.4099118 ], [ 78.498902, 30.4106613 ], [ 78.4991016, 30.4107533 ], [ 78.4993805, 30.4112345 ], [ 78.4997281, 30.4110314 ], [ 78.5000672, 30.4111512 ], [ 78.5005392, 30.4110679 ], [ 78.5011765, 30.4110499 ], [ 78.5014769, 30.4109203 ], [ 78.5019919, 30.4108556 ], [ 78.50217, 30.4108644 ], [ 78.5023138, 30.4109574 ], [ 78.5021958, 30.4110036 ], [ 78.5020027, 30.4110036 ], [ 78.5016808, 30.4110406 ], [ 78.5013053, 30.4111887 ], [ 78.5008439, 30.4112719 ], [ 78.5003133, 30.4114127 ], [ 78.5002243, 30.4114591 ], [ 78.5000607, 30.4114385 ], [ 78.4997281, 30.4114478 ], [ 78.499299, 30.4115033 ], [ 78.4990308, 30.4114107 ], [ 78.4989128, 30.4111147 ], [ 78.4982325, 30.4108459 ], [ 78.497797, 30.4100506 ], [ 78.4969386, 30.4098285 ], [ 78.4965631, 30.4093381 ], [ 78.4964237, 30.40882 ], [ 78.4962735, 30.4086349 ], [ 78.4956297, 30.4083018 ], [ 78.4950504, 30.408237 ], [ 78.4947178, 30.4081167 ], [ 78.494353, 30.4081167 ], [ 78.4939775, 30.4084498 ], [ 78.4937951, 30.4086627 ], [ 78.4933338, 30.4086904 ], [ 78.4929153, 30.4088755 ], [ 78.4926686, 30.4090143 ], [ 78.4926686, 30.4093381 ], [ 78.493087, 30.4102727 ], [ 78.4929368, 30.4107445 ], [ 78.4930012, 30.41142 ], [ 78.4926793, 30.4120769 ], [ 78.4928468, 30.4126174 ], [ 78.492969, 30.4130114 ], [ 78.4928252, 30.4134458 ], [ 78.4929153, 30.4144826 ], [ 78.4920892, 30.4149545 ], [ 78.4920517, 30.4149881 ], [ 78.4918103, 30.4152043 ], [ 78.4915099, 30.4157131 ], [ 78.4908983, 30.4159352 ], [ 78.4904692, 30.4164441 ], [ 78.4900185, 30.4164626 ], [ 78.4897074, 30.4166199 ], [ 78.489407, 30.4167216 ], [ 78.4891817, 30.4166939 ], [ 78.4888813, 30.4165921 ], [ 78.4885809, 30.4167124 ], [ 78.4882268, 30.4169437 ], [ 78.4879157, 30.4168512 ], [ 78.4874758, 30.4167586 ], [ 78.4873256, 30.4169252 ], [ 78.4873363, 30.4176561 ], [ 78.4878084, 30.4185721 ], [ 78.4883191, 30.4187104 ], [ 78.4887633, 30.4190069 ], [ 78.4886023, 30.4193307 ], [ 78.4889349, 30.4199598 ], [ 78.4893491, 30.420348 ], [ 78.4896924, 30.4202739 ], [ 78.4899005, 30.4202744 ], [ 78.4900894, 30.4203757 ], [ 78.4900936, 30.4204965 ], [ 78.4898469, 30.420626 ], [ 78.4898362, 30.4208295 ], [ 78.4899756, 30.4210793 ], [ 78.489922, 30.4212181 ], [ 78.4895894, 30.4211348 ], [ 78.4894392, 30.4211256 ], [ 78.48901, 30.4212088 ], [ 78.4883835, 30.4209216 ], [ 78.488259, 30.4209961 ], [ 78.4882161, 30.4217639 ], [ 78.4886195, 30.4220595 ], [ 78.4887311, 30.4223561 ], [ 78.4887955, 30.4227354 ], [ 78.4885594, 30.4227169 ], [ 78.48842, 30.4225966 ], [ 78.4882054, 30.4225781 ], [ 78.487905, 30.4227724 ], [ 78.4873149, 30.4227076 ], [ 78.4870788, 30.4225041 ], [ 78.4867463, 30.4227076 ], [ 78.4864244, 30.4230962 ], [ 78.4861991, 30.4231609 ], [ 78.4859201, 30.4230037 ], [ 78.4857163, 30.4229944 ], [ 78.485373, 30.4231517 ], [ 78.485491, 30.4237345 ], [ 78.4858343, 30.4242249 ], [ 78.4863337, 30.4246685 ], [ 78.48636, 30.4248725 ], [ 78.4863278, 30.4252795 ], [ 78.4864952, 30.4254733 ], [ 78.4866872, 30.4256231 ], [ 78.4867677, 30.4256866 ], [ 78.486978, 30.4257694 ], [ 78.4868428, 30.4258901 ], [ 78.4867677, 30.4260844 ], [ 78.4866926, 30.4263804 ], [ 78.4869179, 30.4265377 ], [ 78.4868643, 30.4263249 ], [ 78.4869608, 30.4260289 ], [ 78.4871218, 30.4258716 ], [ 78.4872827, 30.4257421 ], [ 78.4871539, 30.4255848 ], [ 78.4870896, 30.4252055 ], [ 78.486875, 30.425076 ], [ 78.486757, 30.4249002 ], [ 78.4868535, 30.4246504 ], [ 78.4868063, 30.4243817 ], [ 78.4866604, 30.4239936 ], [ 78.4866819, 30.4236975 ], [ 78.4867892, 30.4236698 ], [ 78.4867677, 30.4239011 ], [ 78.4869501, 30.4241971 ], [ 78.4870359, 30.4244932 ], [ 78.4870037, 30.42478 ], [ 78.4873471, 30.4249742 ], [ 78.4874222, 30.4254461 ] ] } },
{ "type": "Feature", "properties": { "highway": "unclassified", "name": null }, "geometry": { "type": "LineString", "coordinates": [ [ 78.4971834, 30.4274004 ], [ 78.4974027, 30.4275033 ], [ 78.497529, 30.427485 ], [ 78.4976575, 30.4273888 ], [ 78.4977004, 30.4271298 ], [ 78.4976575, 30.4269078 ], [ 78.497282, 30.4267227 ], [ 78.4970781, 30.4266302 ], [ 78.4964237, 30.4262232 ], [ 78.4963378, 30.4260196 ], [ 78.4960052, 30.4259271 ], [ 78.4956941, 30.4255848 ], [ 78.4955332, 30.4255478 ], [ 78.4954152, 30.4258531 ], [ 78.4950826, 30.4260011 ], [ 78.4945998, 30.4259641 ], [ 78.4943745, 30.4257791 ], [ 78.4942028, 30.4258439 ], [ 78.4942028, 30.4261029 ], [ 78.4939346, 30.4262694 ], [ 78.4938917, 30.4264822 ], [ 78.4936449, 30.4266672 ], [ 78.493323, 30.4268615 ], [ 78.4931514, 30.4268152 ], [ 78.4928402, 30.42688 ], [ 78.4925398, 30.4269725 ], [ 78.4923789, 30.427139 ], [ 78.4921643, 30.4271575 ], [ 78.4920248, 30.4271853 ], [ 78.4919068, 30.4271298 ], [ 78.491821, 30.4269633 ], [ 78.4919068, 30.4267135 ], [ 78.4921107, 30.4260289 ], [ 78.4917631, 30.424835 ], [ 78.4918532, 30.4246042 ], [ 78.4921064, 30.424502 ], [ 78.4922716, 30.4244377 ], [ 78.4922394, 30.4241139 ], [ 78.4921643, 30.4237438 ], [ 78.4921965, 30.4235495 ], [ 78.492454, 30.4234755 ], [ 78.49269, 30.42342 ], [ 78.4928402, 30.4230222 ], [ 78.4928402, 30.4227076 ], [ 78.4931728, 30.4222358 ], [ 78.4934518, 30.422134 ], [ 78.4935161, 30.4217454 ], [ 78.4937522, 30.4216807 ], [ 78.4938809, 30.4212088 ], [ 78.4943101, 30.4211071 ], [ 78.4943423, 30.4209775 ], [ 78.4942994, 30.420885 ], [ 78.4943315, 30.420626 ], [ 78.4939668, 30.4200801 ], [ 78.4937736, 30.4199598 ], [ 78.4937415, 30.419562 ], [ 78.4939346, 30.4193955 ], [ 78.4939346, 30.4192289 ], [ 78.4937522, 30.4191457 ], [ 78.4934303, 30.4189976 ], [ 78.493323, 30.4186183 ], [ 78.4932587, 30.4185165 ], [ 78.4928617, 30.4184518 ], [ 78.4928188, 30.418202 ], [ 78.4934518, 30.4178319 ], [ 78.4940848, 30.4171935 ], [ 78.4946749, 30.4166384 ], [ 78.4952113, 30.4160185 ], [ 78.4952864, 30.4157687 ], [ 78.4951255, 30.4150007 ], [ 78.4954688, 30.4139552 ], [ 78.4954581, 30.4132057 ], [ 78.4952542, 30.4125118 ], [ 78.4953186, 30.4120862 ], [ 78.4951791, 30.4117531 ], [ 78.4955224, 30.4115125 ], [ 78.4954795, 30.4113737 ], [ 78.4952328, 30.4114385 ], [ 78.4949967, 30.4115125 ], [ 78.4949967, 30.4120954 ], [ 78.4948208, 30.4124928 ], [ 78.4948573, 30.4130114 ], [ 78.4945461, 30.413983 ], [ 78.4942994, 30.4151025 ], [ 78.4936449, 30.4157502 ], [ 78.4931836, 30.416074 ], [ 78.4930763, 30.416259 ], [ 78.4929261, 30.4162313 ], [ 78.4929904, 30.4160277 ], [ 78.4932801, 30.4158057 ], [ 78.4934947, 30.4155466 ], [ 78.4936127, 30.415195 ], [ 78.4939346, 30.4148897 ], [ 78.4937951, 30.4141125 ], [ 78.4938166, 30.4135481 ], [ 78.4937951, 30.4130114 ], [ 78.4936342, 30.4125488 ], [ 78.4934089, 30.4120122 ], [ 78.4936449, 30.4109481 ], [ 78.4936234, 30.4095787 ], [ 78.4940268, 30.4094024 ], [ 78.4943101, 30.4092548 ], [ 78.4942994, 30.4091531 ], [ 78.4941813, 30.4091901 ], [ 78.4939131, 30.4092826 ], [ 78.4936556, 30.4093104 ], [ 78.4933552, 30.4095602 ], [ 78.4933659, 30.4099858 ], [ 78.493205, 30.4109481 ], [ 78.4932479, 30.4112534 ], [ 78.4930012, 30.4117161 ], [ 78.4928402, 30.4121695 ], [ 78.4928468, 30.4126174 ] ] } },
{ "type": "Feature", "properties": { "highway": "unclassified", "name": null }, "geometry": { "type": "LineString", "coordinates": [ [ 78.5002243, 30.4114591 ], [ 78.5010907, 30.411346 ], [ 78.5013459, 30.4112712 ], [ 78.5016175, 30.4112711 ], [ 78.5021529, 30.4111609 ], [ 78.5023031, 30.4112812 ], [ 78.5031721, 30.4114848 ], [ 78.5039231, 30.4116236 ], [ 78.5039939, 30.4123355 ], [ 78.5044917, 30.4130855 ], [ 78.5048351, 30.4135666 ], [ 78.5052385, 30.4138159 ], [ 78.5053608, 30.4144178 ], [ 78.5058607, 30.4147967 ], [ 78.5059294, 30.414973 ], [ 78.505865, 30.4152783 ], [ 78.5056934, 30.4156484 ], [ 78.505511, 30.4160647 ], [ 78.504996, 30.4163238 ], [ 78.5048243, 30.4165551 ], [ 78.5040197, 30.4169344 ], [ 78.5040626, 30.417286 ], [ 78.5037836, 30.4175636 ], [ 78.5037085, 30.4178967 ], [ 78.5034081, 30.4180262 ], [ 78.5031936, 30.4192289 ], [ 78.5034832, 30.419525 ], [ 78.503097, 30.4201819 ], [ 78.5026357, 30.4206352 ], [ 78.5023138, 30.4206815 ], [ 78.5019597, 30.4208018 ], [ 78.5016379, 30.4214031 ], [ 78.5013375, 30.4216252 ], [ 78.5010585, 30.4219767 ], [ 78.5009298, 30.4224393 ], [ 78.5008439, 30.4226984 ], [ 78.5007581, 30.4226706 ], [ 78.5010263, 30.4217547 ], [ 78.5013761, 30.4213101 ], [ 78.5012195, 30.420885 ], [ 78.5012516, 30.4205705 ], [ 78.5017988, 30.4202929 ], [ 78.5022494, 30.4200709 ], [ 78.5024318, 30.4198211 ], [ 78.5024318, 30.4196175 ], [ 78.5022923, 30.4195343 ], [ 78.502228, 30.419636 ], [ 78.5023417, 30.4197743 ], [ 78.5021099, 30.4199876 ], [ 78.5017666, 30.4201356 ], [ 78.5013375, 30.4201911 ], [ 78.5009083, 30.4203392 ], [ 78.5007367, 30.420774 ], [ 78.5006508, 30.4213939 ], [ 78.5004041, 30.4216252 ], [ 78.499814, 30.4228371 ], [ 78.4991381, 30.4239843 ], [ 78.4987304, 30.424743 ], [ 78.4983012, 30.4249465 ], [ 78.4983656, 30.4252518 ], [ 78.4983227, 30.4255386 ], [ 78.4985694, 30.4255756 ], [ 78.4989728, 30.4255751 ], [ 78.4993634, 30.4256126 ], [ 78.4996809, 30.4257694 ], [ 78.5000071, 30.4257143 ], [ 78.500329, 30.4257236 ], [ 78.5007152, 30.4257051 ], [ 78.5009298, 30.4256681 ], [ 78.5011336, 30.4258069 ], [ 78.5015263, 30.4258712 ], [ 78.5016593, 30.4256311 ], [ 78.5017237, 30.4255941 ], [ 78.5019447, 30.4258434 ], [ 78.5020195, 30.425927 ] ] } },
{ "type": "Feature", "properties": { "highway": "unclassified", "name": null }, "geometry": { "type": "LineString", "coordinates": [ [ 78.5452488, 30.374844 ], [ 78.5452077, 30.3750224 ], [ 78.5451433, 30.3754019 ], [ 78.5449073, 30.375624 ], [ 78.5445318, 30.3757444 ], [ 78.5437164, 30.3766515 ], [ 78.5437164, 30.3768736 ], [ 78.5433516, 30.3767625 ], [ 78.5429117, 30.3768366 ], [ 78.5426435, 30.3770495 ], [ 78.5426971, 30.3773549 ], [ 78.5423753, 30.3773364 ], [ 78.5418925, 30.377503 ], [ 78.5418174, 30.3777066 ], [ 78.5418388, 30.3779843 ], [ 78.5423109, 30.3780213 ], [ 78.5425255, 30.3782712 ], [ 78.5422465, 30.3782898 ], [ 78.541989, 30.3784471 ], [ 78.541753, 30.378623 ], [ 78.5414955, 30.378623 ], [ 78.5409912, 30.3789099 ], [ 78.5408689, 30.3793537 ], [ 78.5407016, 30.3793449 ], [ 78.5405728, 30.3791505 ], [ 78.5403904, 30.3790858 ], [ 78.54009, 30.3794005 ], [ 78.539736, 30.3794838 ], [ 78.5396394, 30.3797799 ], [ 78.5393776, 30.379835 ], [ 78.5391459, 30.3801594 ], [ 78.538824, 30.3801409 ], [ 78.5386524, 30.3802612 ], [ 78.5384807, 30.3805667 ], [ 78.5381374, 30.3804926 ], [ 78.5376546, 30.3804093 ], [ 78.5374936, 30.3805204 ], [ 78.5372898, 30.3806777 ], [ 78.5370216, 30.3806592 ], [ 78.5367319, 30.3806222 ], [ 78.536571, 30.3807795 ], [ 78.5362706, 30.3807333 ], [ 78.5357663, 30.3805574 ], [ 78.5352942, 30.3805759 ], [ 78.5351548, 30.3804001 ], [ 78.5346934, 30.3803723 ], [ 78.534039, 30.380363 ], [ 78.5336313, 30.380363 ], [ 78.5333416, 30.3802427 ], [ 78.5331592, 30.380215 ], [ 78.5326979, 30.380363 ], [ 78.5325262, 30.3806407 ], [ 78.5321507, 30.3810017 ], [ 78.5320541, 30.3811868 ], [ 78.5320327, 30.3813719 ], [ 78.5318181, 30.3814552 ], [ 78.5317966, 30.3819457 ], [ 78.5313675, 30.3819457 ], [ 78.5310778, 30.3821956 ], [ 78.5305843, 30.3825566 ], [ 78.5305092, 30.3829638 ], [ 78.5301766, 30.3835192 ], [ 78.5301659, 30.3836487 ], [ 78.5298762, 30.3837228 ], [ 78.529329, 30.3841115 ], [ 78.5290715, 30.3842503 ], [ 78.5288355, 30.3845835 ], [ 78.5283527, 30.3847779 ], [ 78.5281596, 30.3851203 ], [ 78.5275909, 30.3858237 ], [ 78.5274944, 30.3863235 ], [ 78.5272691, 30.3864808 ], [ 78.5272262, 30.3867585 ], [ 78.5272433, 30.3872485 ], [ 78.527415, 30.3875262 ], [ 78.5274836, 30.3879061 ], [ 78.5275158, 30.388156 ], [ 78.5276075, 30.3883865 ], [ 78.5275089, 30.3885459 ], [ 78.5276075, 30.3888755 ], [ 78.5273302, 30.3889393 ], [ 78.5271823, 30.3892423 ], [ 78.5271823, 30.389508 ], [ 78.5270282, 30.3896197 ], [ 78.5268002, 30.3899652 ], [ 78.5266893, 30.3903053 ], [ 78.5265907, 30.3904701 ], [ 78.5263689, 30.3904117 ], [ 78.5256849, 30.3899545 ], [ 78.5254569, 30.3895346 ], [ 78.5250687, 30.3894602 ], [ 78.524625, 30.3887479 ], [ 78.5241074, 30.3886044 ], [ 78.5238178, 30.3884237 ], [ 78.5238548, 30.3880037 ], [ 78.5234912, 30.3878602 ], [ 78.5233248, 30.3878868 ], [ 78.5227456, 30.388227 ], [ 78.5223019, 30.3883705 ], [ 78.5219199, 30.3883546 ], [ 78.5215193, 30.388312 ], [ 78.5212852, 30.3881685 ], [ 78.521014, 30.3881792 ], [ 78.5207244, 30.3878602 ], [ 78.52033, 30.3880197 ], [ 78.5196769, 30.3879506 ], [ 78.5190422, 30.3876582 ], [ 78.5189497, 30.3872649 ], [ 78.5186724, 30.3872223 ], [ 78.5180254, 30.3875732 ], [ 78.517896, 30.3875679 ], [ 78.5176557, 30.3874775 ], [ 78.5175386, 30.3872861 ], [ 78.5166451, 30.387233 ], [ 78.5164294, 30.3870895 ], [ 78.5157085, 30.3870841 ], [ 78.5153141, 30.3868981 ], [ 78.5150553, 30.3865366 ], [ 78.5150676, 30.3862974 ], [ 78.5150553, 30.3860901 ], [ 78.5147965, 30.3860104 ], [ 78.5143713, 30.3859944 ], [ 78.514057, 30.3860476 ], [ 78.5137366, 30.3859466 ], [ 78.5135702, 30.3859307 ], [ 78.5130218, 30.3865738 ], [ 78.5117277, 30.3875413 ], [ 78.5110006, 30.3880091 ], [ 78.5107665, 30.3880463 ], [ 78.5106309, 30.3886203 ], [ 78.5109575, 30.3896781 ], [ 78.5118387, 30.3904223 ], [ 78.5122022, 30.3907199 ], [ 78.5122022, 30.3909485 ], [ 78.5121406, 30.3916873 ] ] } },
{ "type": "Feature", "properties": { "highway": "unclassified", "name": null }, "geometry": { "type": "LineString", "coordinates": [ [ 78.512917, 30.4097312 ], [ 78.5127999, 30.4096687 ], [ 78.5126626, 30.4095917 ], [ 78.5123637, 30.4094462 ], [ 78.5120881, 30.4093551 ], [ 78.5117659, 30.4091346 ], [ 78.5115942, 30.4087737 ], [ 78.5117766, 30.4083388 ], [ 78.511605, 30.4078947 ], [ 78.5116801, 30.4072192 ], [ 78.5118904, 30.4069689 ], [ 78.5119054, 30.4068028 ], [ 78.5116479, 30.4065807 ], [ 78.5116693, 30.4060718 ], [ 78.5114548, 30.4053223 ], [ 78.5112616, 30.4049336 ], [ 78.5115835, 30.4046005 ], [ 78.5121843, 30.404434 ], [ 78.5127208, 30.4041934 ], [ 78.5130641, 30.4041101 ], [ 78.5131821, 30.4041379 ], [ 78.5131392, 30.4042119 ], [ 78.512871, 30.4043414 ], [ 78.5125813, 30.4044525 ], [ 78.512356, 30.4046653 ], [ 78.5118946, 30.4047948 ], [ 78.5118195, 30.4049614 ], [ 78.5122702, 30.4059237 ], [ 78.5125598, 30.4060625 ], [ 78.512592, 30.40597 ], [ 78.512356, 30.4058312 ], [ 78.5123023, 30.4055536 ], [ 78.512238, 30.405091 ], [ 78.5128023, 30.4048869 ], [ 78.5132357, 30.4047486 ], [ 78.5134611, 30.404508 ], [ 78.513976, 30.4043784 ], [ 78.5146412, 30.4042767 ], [ 78.5148987, 30.4041656 ], [ 78.5147592, 30.403777 ], [ 78.5148622, 30.4036007 ], [ 78.5153386, 30.4034994 ], [ 78.5158321, 30.4036382 ], [ 78.5161282, 30.4037117 ], [ 78.5161969, 30.4036197 ], [ 78.5160682, 30.4034161 ], [ 78.5157999, 30.4030552 ], [ 78.515875, 30.4028886 ], [ 78.5159072, 30.4025463 ], [ 78.5163106, 30.4021849 ], [ 78.5166475, 30.4022687 ], [ 78.5169587, 30.4023982 ], [ 78.5173621, 30.4025736 ], [ 78.5174951, 30.4023519 ], [ 78.5176882, 30.4018708 ], [ 78.5177955, 30.4018337 ], [ 78.5182139, 30.4020928 ], [ 78.5186324, 30.4021484 ], [ 78.5188898, 30.4019078 ], [ 78.5191473, 30.4013063 ], [ 78.5200378, 30.4008066 ], [ 78.5201666, 30.4005012 ], [ 78.5207459, 30.4002514 ], [ 78.5210463, 30.4000108 ], [ 78.5211322, 30.3996684 ], [ 78.5213575, 30.3995573 ], [ 78.5217652, 30.3993075 ], [ 78.521836, 30.3990387 ], [ 78.5221407, 30.3988725 ], [ 78.5223338, 30.3989188 ], [ 78.521969, 30.3991872 ], [ 78.5217759, 30.3994833 ], [ 78.5214004, 30.3997517 ], [ 78.5212502, 30.4000663 ], [ 78.5210142, 30.4002421 ], [ 78.520821, 30.4004272 ], [ 78.5205314, 30.4005938 ], [ 78.5203382, 30.4008158 ], [ 78.5201666, 30.401186 ], [ 78.5205314, 30.4014451 ], [ 78.5210249, 30.4015469 ], [ 78.5215613, 30.4016857 ], [ 78.5217223, 30.4015191 ], [ 78.5217652, 30.4012045 ], [ 78.5219154, 30.4010934 ], [ 78.5223338, 30.4011952 ], [ 78.5224797, 30.4011855 ], [ 78.5226557, 30.4010379 ], [ 78.522763, 30.4009546 ], [ 78.5228702, 30.4010102 ], [ 78.5227308, 30.4012323 ], [ 78.5226128, 30.4012785 ], [ 78.5220763, 30.4014081 ], [ 78.5220398, 30.401787 ], [ 78.5216901, 30.4019448 ], [ 78.5213789, 30.4019633 ], [ 78.5209283, 30.4022224 ], [ 78.5210249, 30.4025925 ], [ 78.521336, 30.4029257 ], [ 78.5214755, 30.4031477 ], [ 78.5216042, 30.4032958 ], [ 78.5218295, 30.403268 ], [ 78.5219476, 30.4029442 ], [ 78.5219583, 30.4024815 ], [ 78.5224583, 30.4023052 ], [ 78.5226342, 30.4022224 ], [ 78.522973, 30.4018763 ], [ 78.523544, 30.4014614 ], [ 78.5240671, 30.401252 ], [ 78.5243846, 30.4011311 ], [ 78.5249357, 30.4007686 ], [ 78.5249824, 30.4003497 ], [ 78.5256269, 30.4001725 ], [ 78.5256455, 30.399955 ], [ 78.5257109, 30.3997133 ], [ 78.526234, 30.3995683 ], [ 78.5264394, 30.3994072 ], [ 78.5265609, 30.3991977 ], [ 78.5264394, 30.3989077 ], [ 78.5264581, 30.3987627 ], [ 78.5265702, 30.3988513 ], [ 78.5267383, 30.3992783 ], [ 78.5267477, 30.3994475 ], [ 78.5263554, 30.3997697 ], [ 78.5260752, 30.39981 ], [ 78.5260098, 30.4000678 ], [ 78.5261219, 30.4002611 ], [ 78.5258604, 30.400382 ], [ 78.5255895, 30.4005431 ], [ 78.5255895, 30.4006397 ], [ 78.5259444, 30.4005189 ], [ 78.52629, 30.4003336 ], [ 78.5263927, 30.4000839 ], [ 78.5265609, 30.3999792 ], [ 78.5270185, 30.3997375 ], [ 78.5273734, 30.3997053 ], [ 78.5274201, 30.3994958 ], [ 78.5274295, 30.3991414 ], [ 78.5275696, 30.3989722 ], [ 78.5279245, 30.3988594 ], [ 78.5280086, 30.398521 ], [ 78.5280926, 30.3984163 ], [ 78.5280366, 30.3981585 ], [ 78.5277937, 30.3979974 ], [ 78.5276069, 30.3979007 ], [ 78.527224, 30.3979893 ], [ 78.5269438, 30.3981102 ], [ 78.5267477, 30.3980377 ], [ 78.526813, 30.3978766 ], [ 78.5272333, 30.3978927 ], [ 78.5274762, 30.3976993 ], [ 78.5279805, 30.3976349 ], [ 78.5281406, 30.3976632 ], [ 78.528569, 30.397651 ], [ 78.5286717, 30.3977718 ], [ 78.5289356, 30.3976672 ], [ 78.5291636, 30.3974998 ], [ 78.5292523, 30.3973475 ] ] } },
{ "type": "Feature", "properties": { "highway": "trunk", "name": null }, "geometry": { "type": "LineString", "coordinates": [ [ 78.4672789, 30.381073 ], [ 78.4675783, 30.3810386 ], [ 78.4678818, 30.3810627 ], [ 78.4682521, 30.3811832 ], [ 78.46917, 30.3811523 ], [ 78.4693819, 30.3811176 ], [ 78.4695348, 30.3811454 ], [ 78.4702724, 30.3815665 ], [ 78.470393, 30.3816034 ], [ 78.4705862, 30.3816313 ], [ 78.4708571, 30.3815596 ], [ 78.4709805, 30.3814647 ], [ 78.4710503, 30.3814207 ], [ 78.4715149, 30.3813623 ], [ 78.4715652, 30.3812819 ], [ 78.4715223, 30.381224 ], [ 78.4714311, 30.3811847 ], [ 78.4710234, 30.3812634 ], [ 78.4707563, 30.3813072 ], [ 78.4705567, 30.3812726 ], [ 78.4703455, 30.3812013 ], [ 78.4697786, 30.380991 ], [ 78.4696843, 30.3809175 ], [ 78.4696712, 30.3808429 ], [ 78.4696959, 30.3807977 ], [ 78.4697638, 30.3807567 ], [ 78.469876, 30.3807672 ], [ 78.4700671, 30.3808533 ], [ 78.4702336, 30.3809425 ], [ 78.4704037, 30.3810066 ], [ 78.4705425, 30.3810511 ], [ 78.4706377, 30.3810519 ], [ 78.4707093, 30.3810214 ], [ 78.4707501, 30.3809704 ], [ 78.470734, 30.3808998 ], [ 78.4706656, 30.3808322 ] ] } },
{ "type": "Feature", "properties": { "highway": "trunk", "name": null }, "geometry": { "type": "LineString", "coordinates": [ [ 78.4672789, 30.381073 ], [ 78.4671514, 30.3811336 ], [ 78.4669194, 30.3812053 ], [ 78.4663937, 30.3811775 ], [ 78.465943, 30.381196 ], [ 78.4656426, 30.3812146 ], [ 78.4653959, 30.3813719 ], [ 78.4649981, 30.3814102 ] ] } },
{ "type": "Feature", "properties": { "highway": "residential", "name": null }, "geometry": { "type": "LineString", "coordinates": [ [ 78.4380067, 30.3845683 ], [ 78.4379903, 30.3846568 ], [ 78.4379201, 30.3847944 ], [ 78.4379967, 30.3850035 ], [ 78.438137, 30.3851741 ], [ 78.4382263, 30.3852842 ], [ 78.4382869, 30.38543 ], [ 78.4382742, 30.3855593 ], [ 78.4383029, 30.3857409 ], [ 78.4384592, 30.3858097 ], [ 78.4387845, 30.3856667 ], [ 78.4392598, 30.3854768 ], [ 78.4396266, 30.3853502 ], [ 78.4399775, 30.3851989 ], [ 78.4403379, 30.384998 ], [ 78.4406611, 30.3848302 ], [ 78.4409386, 30.3848109 ], [ 78.4412546, 30.3848522 ], [ 78.4415321, 30.3849705 ], [ 78.4417777, 30.3851521 ], [ 78.4419535, 30.3853722 ], [ 78.4421353, 30.3854961 ], [ 78.4422597, 30.3855181 ], [ 78.4424351, 30.3854575 ], [ 78.4425914, 30.3852457 ], [ 78.4427416, 30.3849898 ], [ 78.4427831, 30.3848797 ], [ 78.4427576, 30.3847889 ], [ 78.442732, 30.3847064 ], [ 78.4426182, 30.3844192 ], [ 78.4426341, 30.3843009 ], [ 78.4426915, 30.3841936 ], [ 78.4428414, 30.384111 ], [ 78.4429675, 30.3840417 ], [ 78.4430409, 30.3839372 ], [ 78.4430728, 30.3838106 ], [ 78.4431844, 30.3836648 ], [ 78.443379, 30.3835437 ], [ 78.4438916, 30.3833744 ], [ 78.4440479, 30.3832919 ], [ 78.4442808, 30.3832258 ], [ 78.4447146, 30.3832561 ], [ 78.4449028, 30.3832478 ], [ 78.4455122, 30.3832423 ], [ 78.4456238, 30.3832313 ], [ 78.4456717, 30.3832042 ], [ 78.4456621, 30.3831189 ], [ 78.4454165, 30.3829703 ], [ 78.4449795, 30.3827066 ], [ 78.4448677, 30.3826494 ], [ 78.4447754, 30.3826021 ], [ 78.4445776, 30.3824755 ], [ 78.4444723, 30.3823985 ], [ 78.4444787, 30.3824177 ], [ 78.4445234, 30.3825525 ], [ 78.4447084, 30.3826681 ], [ 78.4446829, 30.3827562 ], [ 78.4445776, 30.3828029 ], [ 78.4444787, 30.3827892 ], [ 78.4443575, 30.3827507 ], [ 78.444265, 30.3827204 ], [ 78.4441534, 30.3827617 ], [ 78.4439428, 30.3829295 ], [ 78.4438057, 30.3830368 ], [ 78.4436717, 30.3831497 ], [ 78.4435441, 30.3832157 ], [ 78.4434548, 30.3832184 ], [ 78.4433591, 30.3831937 ], [ 78.4433368, 30.3830836 ], [ 78.4433496, 30.3829378 ], [ 78.443289, 30.3828387 ], [ 78.4432003, 30.3827337 ], [ 78.4430517, 30.3826474 ], [ 78.4427924, 30.3826043 ], [ 78.4427036, 30.3826212 ] ] } },
{ "type": "Feature", "properties": { "highway": "residential", "name": null }, "geometry": { "type": "LineString", "coordinates": [ [ 78.4448677, 30.3826494 ], [ 78.4449014, 30.3826079 ], [ 78.4449416, 30.3826079 ], [ 78.4450382, 30.3826357 ], [ 78.445073, 30.3826449 ], [ 78.4451776, 30.3825894 ], [ 78.4452447, 30.3826056 ], [ 78.4454029, 30.3827236 ], [ 78.44558, 30.3827791 ], [ 78.4457248, 30.3827791 ], [ 78.4459126, 30.3828092 ], [ 78.4461593, 30.3828717 ], [ 78.4463578, 30.3829133 ], [ 78.4464544, 30.382911 ], [ 78.446618, 30.3829272 ], [ 78.4466904, 30.3829457 ], [ 78.4467491, 30.3829342 ], [ 78.4468832, 30.3828902 ], [ 78.4470575, 30.3828347 ], [ 78.4471648, 30.3828162 ], [ 78.4472533, 30.3827699 ], [ 78.4472867, 30.3828426 ], [ 78.4473336, 30.3828305 ], [ 78.4473654, 30.3827613 ], [ 78.4477153, 30.382721 ], [ 78.4477586, 30.382671 ], [ 78.4477719, 30.3825826 ], [ 78.4477525, 30.3825338 ], [ 78.4477849, 30.3824923 ], [ 78.4477683, 30.3823071 ] ] } },
{ "type": "Feature", "properties": { "highway": "residential", "name": null }, "geometry": { "type": "LineString", "coordinates": [ [ 78.4415344, 30.3755781 ], [ 78.4414622, 30.3755078 ], [ 78.4413897, 30.3754037 ], [ 78.4413415, 30.375288 ], [ 78.4412825, 30.3751816 ], [ 78.4412342, 30.3751098 ], [ 78.4411644, 30.3750774 ], [ 78.4410974, 30.3751353 ], [ 78.4412047, 30.3752973 ], [ 78.4413254, 30.3754569 ], [ 78.4414622, 30.3756721 ], [ 78.4416472, 30.3758526 ], [ 78.4417974, 30.3759915 ], [ 78.4419315, 30.3763132 ], [ 78.4420522, 30.3765724 ], [ 78.4421488, 30.3767932 ], [ 78.4423446, 30.3769968 ], [ 78.4425592, 30.3771541 ], [ 78.4427148, 30.3773231 ], [ 78.4427443, 30.3773994 ], [ 78.4429481, 30.3777769 ], [ 78.4430017, 30.3779597 ], [ 78.4431171, 30.3783904 ], [ 78.4431761, 30.3786302 ], [ 78.4432136, 30.3788257 ], [ 78.443211, 30.3789853 ], [ 78.4432859, 30.3790832 ], [ 78.4433744, 30.3791179 ], [ 78.4435702, 30.3790971 ], [ 78.4437609, 30.3791205 ], [ 78.4440226, 30.3792612 ], [ 78.444288, 30.3793953 ], [ 78.4445345, 30.3795557 ], [ 78.4446673, 30.3796146 ], [ 78.4448374, 30.3796904 ], [ 78.4449967, 30.3797297 ], [ 78.4450764, 30.3798115 ], [ 78.445137, 30.379943 ], [ 78.4451788, 30.3801328 ], [ 78.4451562, 30.3802496 ], [ 78.4451484, 30.3802899 ], [ 78.4449159, 30.3808198 ], [ 78.4447236, 30.381258 ], [ 78.4446098, 30.3812809 ], [ 78.4444239, 30.3812122 ], [ 78.4441963, 30.3810977 ], [ 78.4439599, 30.3810823 ] ] } },
{ "type": "Feature", "properties": { "highway": "residential", "name": null }, "geometry": { "type": "LineString", "coordinates": [ [ 78.4449159, 30.3808198 ], [ 78.4446436, 30.3807083 ], [ 78.444814, 30.3803187 ], [ 78.4448924, 30.3801883 ], [ 78.4451562, 30.3802496 ] ] } },
{ "type": "Feature", "properties": { "highway": "unclassified", "name": null }, "geometry": { "type": "LineString", "coordinates": [ [ 78.4451562, 30.3802496 ], [ 78.4453868, 30.3803093 ], [ 78.4452082, 30.3807524 ] ] } },
{ "type": "Feature", "properties": { "highway": "residential", "name": null }, "geometry": { "type": "LineString", "coordinates": [ [ 78.4453868, 30.3803093 ], [ 78.445441, 30.3802295 ], [ 78.4454314, 30.3799516 ], [ 78.4454314, 30.3799158 ], [ 78.445642, 30.3799158 ], [ 78.4458142, 30.3800259 ], [ 78.4457632, 30.3803341 ], [ 78.4457472, 30.3805762 ], [ 78.4456324, 30.3808432 ] ] } },
{ "type": "Feature", "properties": { "highway": "residential", "name": null }, "geometry": { "type": "LineString", "coordinates": [ [ 78.4450764, 30.3798115 ], [ 78.4451699, 30.3798663 ], [ 78.4452656, 30.3799131 ], [ 78.4454314, 30.3799158 ] ] } },
{ "type": "Feature", "properties": { "highway": "residential", "name": null }, "geometry": { "type": "LineString", "coordinates": [ [ 78.4441627, 30.3820733 ], [ 78.4442588, 30.3819581 ], [ 78.44438, 30.3819195 ], [ 78.444616, 30.3819636 ], [ 78.4448202, 30.3821397 ], [ 78.44512, 30.3823598 ], [ 78.4453114, 30.3825084 ], [ 78.4455347, 30.382624 ], [ 78.4459126, 30.3828092 ] ] } },
{ "type": "Feature", "properties": { "highway": "residential", "name": null }, "geometry": { "type": "LineString", "coordinates": [ [ 78.4467491, 30.3829342 ], [ 78.4466702, 30.3831413 ], [ 78.4465681, 30.3834494 ], [ 78.4464788, 30.3835815 ], [ 78.4463257, 30.3836861 ], [ 78.4462619, 30.3838347 ], [ 78.4462236, 30.3839447 ], [ 78.4461088, 30.3840218 ], [ 78.4459302, 30.3840218 ], [ 78.4457707, 30.3839778 ], [ 78.4456495, 30.3838787 ], [ 78.4455793, 30.3838017 ], [ 78.4454326, 30.3837521 ], [ 78.4452603, 30.3837521 ], [ 78.4450945, 30.3836751 ], [ 78.444986, 30.38362 ], [ 78.4448329, 30.383598 ], [ 78.4446671, 30.3835705 ], [ 78.4444821, 30.3836256 ], [ 78.4444055, 30.3836916 ], [ 78.444329, 30.3838457 ], [ 78.4441631, 30.3838677 ], [ 78.4439526, 30.3838182 ], [ 78.4437293, 30.3838842 ], [ 78.443557, 30.3840383 ], [ 78.4434295, 30.3841869 ], [ 78.4434039, 30.3843685 ], [ 78.4432827, 30.3845171 ], [ 78.4432853, 30.3847209 ], [ 78.4432917, 30.3848805 ], [ 78.4431705, 30.3851226 ], [ 78.4429855, 30.3853816 ], [ 78.442877, 30.3855852 ], [ 78.4427176, 30.3857613 ], [ 78.4426208, 30.3859527 ] ] } },
{ "type": "Feature", "properties": { "highway": "unclassified", "name": null }, "geometry": { "type": "LineString", "coordinates": [ [ 78.4441725, 30.3886044 ], [ 78.4442867, 30.3885303 ], [ 78.4443296, 30.388484 ], [ 78.4445334, 30.3885765 ], [ 78.444968, 30.3886783 ], [ 78.4451235, 30.3887524 ], [ 78.4452759, 30.388822 ], [ 78.4454239, 30.3888866 ] ] } },
{ "type": "Feature", "properties": { "highway": "unclassified", "name": null }, "geometry": { "type": "LineString", "coordinates": [ [ 78.4489099, 30.3895504 ], [ 78.4486709, 30.3895076 ], [ 78.4484408, 30.3893908 ], [ 78.4482694, 30.3891846 ], [ 78.4481521, 30.3890095 ], [ 78.4480168, 30.3889278 ], [ 78.4479491, 30.3886982 ], [ 78.4478273, 30.3884671 ], [ 78.4476018, 30.3882764 ], [ 78.4473717, 30.3881363 ], [ 78.4471913, 30.3879729 ], [ 78.4471417, 30.3878523 ], [ 78.4470392, 30.3876635 ], [ 78.446773, 30.3874962 ], [ 78.4465114, 30.3873522 ], [ 78.446331, 30.3872277 ], [ 78.4462317, 30.3870915 ], [ 78.4461731, 30.3868115 ], [ 78.4461054, 30.3866636 ], [ 78.4459295, 30.3864107 ], [ 78.4458618, 30.3862351 ], [ 78.4458934, 30.3861028 ], [ 78.4459701, 30.3860328 ], [ 78.4462408, 30.3860989 ], [ 78.4465159, 30.3861962 ], [ 78.4466467, 30.3862546 ], [ 78.4467234, 30.3862118 ], [ 78.4468046, 30.3861301 ], [ 78.4469941, 30.3860533 ], [ 78.4472151, 30.385991 ], [ 78.447364, 30.3858626 ], [ 78.4474316, 30.385777 ], [ 78.4474361, 30.3856408 ], [ 78.447567, 30.3854555 ], [ 78.4477068, 30.3853388 ], [ 78.4478376, 30.3852454 ], [ 78.4479459, 30.3851676 ], [ 78.447982, 30.3851131 ], [ 78.4480226, 30.385082 ], [ 78.4481489, 30.3850664 ], [ 78.4482912, 30.3849511 ] ] } },
{ "type": "Feature", "properties": { "highway": "unclassified", "name": null }, "geometry": { "type": "LineString", "coordinates": [ [ 78.4489099, 30.3895504 ], [ 78.448981, 30.3895861 ], [ 78.4490857, 30.3898614 ], [ 78.4492144, 30.3900257 ], [ 78.4492895, 30.3901622 ], [ 78.4494773, 30.3902779 ], [ 78.449555, 30.3903496 ], [ 78.449657, 30.3903843 ], [ 78.4503061, 30.3907753 ], [ 78.4504241, 30.3908887 ], [ 78.4505126, 30.3910136 ], [ 78.4505984, 30.3910784 ], [ 78.4510463, 30.3912427 ], [ 78.4511858, 30.3913236 ], [ 78.4514675, 30.3917494 ], [ 78.4515023, 30.3917864 ], [ 78.4516954, 30.3918974 ], [ 78.4517759, 30.3919784 ], [ 78.4518644, 30.392101 ], [ 78.4519851, 30.3923648 ], [ 78.4519798, 30.392536 ], [ 78.45191, 30.3927188 ], [ 78.4518322, 30.392846 ], [ 78.4517035, 30.3931838 ], [ 78.4516981, 30.3934637 ], [ 78.4516713, 30.3935586 ], [ 78.4515855, 30.3936835 ], [ 78.4515479, 30.3937738 ], [ 78.4515506, 30.393975 ], [ 78.4515372, 30.3940259 ], [ 78.4514675, 30.3941069 ], [ 78.4513119, 30.394181 ], [ 78.4511965, 30.3943429 ], [ 78.4510705, 30.394447 ], [ 78.4510893, 30.3945928 ], [ 78.4510678, 30.3946923 ], [ 78.4509364, 30.3948889 ], [ 78.4508264, 30.3950069 ], [ 78.4506869, 30.3951041 ], [ 78.4505153, 30.3951295 ], [ 78.4500647, 30.3953377 ], [ 78.4500164, 30.3953701 ], [ 78.4499922, 30.3954118 ], [ 78.4499815, 30.395458 ], [ 78.4500137, 30.3954951 ], [ 78.4500673, 30.3955043 ], [ 78.450121, 30.3954881 ], [ 78.4501961, 30.3954233 ], [ 78.45029, 30.3953678 ], [ 78.4508157, 30.3951249 ], [ 78.4510356, 30.3949791 ], [ 78.4512582, 30.3946923 ], [ 78.451277, 30.3946483 ], [ 78.4513065, 30.3944169 ], [ 78.4513307, 30.3943753 ], [ 78.4514514, 30.3942712 ], [ 78.4515962, 30.3941972 ], [ 78.4516767, 30.3941324 ], [ 78.4517223, 30.3940745 ], [ 78.4518725, 30.3937136 ], [ 78.451969, 30.3935563 ], [ 78.4520495, 30.3934915 ], [ 78.4523392, 30.3933619 ], [ 78.4524733, 30.3931121 ], [ 78.4525698, 30.3930519 ], [ 78.4530365, 30.3928298 ], [ 78.4531116, 30.3927604 ], [ 78.4531546, 30.3926725 ], [ 78.4532404, 30.392617 ], [ 78.4532994, 30.3927003 ], [ 78.4532726, 30.3927928 ], [ 78.4532028, 30.3928761 ], [ 78.4529185, 30.393038 ], [ 78.4527308, 30.3931769 ], [ 78.4526771, 30.3932694 ], [ 78.4526235, 30.3934591 ], [ 78.4525591, 30.3935378 ], [ 78.452146, 30.3936997 ], [ 78.452087, 30.393783 ], [ 78.4520656, 30.3938756 ], [ 78.4520656, 30.3940745 ], [ 78.4520495, 30.3941671 ], [ 78.4520227, 30.3942642 ], [ 78.451969, 30.3943522 ], [ 78.4517813, 30.3944771 ], [ 78.4515613, 30.3947038 ], [ 78.4513253, 30.3950462 ], [ 78.4512395, 30.3951203 ], [ 78.4510517, 30.3952406 ], [ 78.4508961, 30.395384 ], [ 78.4507835, 30.3955552 ], [ 78.450703, 30.3957496 ], [ 78.4506333, 30.3958236 ], [ 78.4503275, 30.3959531 ], [ 78.4499896, 30.3962215 ], [ 78.449834, 30.3963742 ], [ 78.4494477, 30.3966611 ], [ 78.4490776, 30.397059 ], [ 78.449024, 30.3971469 ], [ 78.4489864, 30.3974338 ], [ 78.4489274, 30.3976281 ], [ 78.4489274, 30.3977253 ], [ 78.4488898, 30.3980029 ], [ 78.4489006, 30.3982944 ], [ 78.4489757, 30.3984749 ], [ 78.4490883, 30.3986368 ], [ 78.4492171, 30.3988959 ], [ 78.4492975, 30.3989607 ], [ 78.449614, 30.3990347 ], [ 78.4497213, 30.399044 ], [ 78.4499198, 30.3991134 ], [ 78.4501344, 30.3990995 ], [ 78.4502041, 30.3991735 ], [ 78.4500003, 30.3992522 ], [ 78.449893, 30.3992661 ], [ 78.4497803, 30.3992661 ], [ 78.4493566, 30.3991597 ], [ 78.4487826, 30.3991735 ], [ 78.4486377, 30.3989144 ], [ 78.4481764, 30.398461 ], [ 78.447817, 30.398225 ], [ 78.447656, 30.3980816 ], [ 78.447597, 30.3980029 ], [ 78.4475648, 30.397915 ], [ 78.4474468, 30.3977531 ], [ 78.4473824, 30.3975726 ], [ 78.447302, 30.3974338 ], [ 78.4471089, 30.3971886 ], [ 78.4468996, 30.3971238 ], [ 78.4468031, 30.3970821 ], [ 78.4467226, 30.3970174 ], [ 78.4466636, 30.3969295 ], [ 78.4466314, 30.3968369 ], [ 78.4466743, 30.3963788 ], [ 78.4466529, 30.3962863 ], [ 78.4465456, 30.3963094 ], [ 78.446508, 30.3963973 ], [ 78.4464973, 30.3966888 ], [ 78.4465617, 30.3969757 ], [ 78.44661, 30.3970683 ], [ 78.4466904, 30.3971423 ], [ 78.4468782, 30.3972348 ], [ 78.4470552, 30.3973505 ], [ 78.4471142, 30.3974384 ], [ 78.447184, 30.3976143 ], [ 78.4472161, 30.3977993 ], [ 78.4472054, 30.3979937 ], [ 78.4472108, 30.398188 ], [ 78.4471786, 30.3983731 ], [ 78.4471142, 30.3984564 ], [ 78.4468192, 30.3985998 ], [ 78.4467441, 30.3987293 ], [ 78.4467816, 30.3988728 ], [ 78.4473234, 30.3987895 ], [ 78.4475541, 30.3988219 ], [ 78.4476989, 30.3989005 ], [ 78.4475809, 30.3990949 ], [ 78.4476507, 30.3993309 ], [ 78.4477258, 30.3995113 ], [ 78.4477687, 30.3998629 ], [ 78.4478545, 30.3999185 ], [ 78.4479564, 30.3999509 ], [ 78.4480637, 30.3999555 ], [ 78.4484822, 30.3998491 ], [ 78.4486914, 30.3998213 ], [ 78.4490025, 30.3998676 ], [ 78.4492278, 30.3998167 ], [ 78.4495336, 30.3997056 ], [ 78.4496409, 30.3997241 ], [ 78.449716, 30.3997935 ], [ 78.4497696, 30.3998815 ], [ 78.4497911, 30.399974 ], [ 78.4498447, 30.4000665 ], [ 78.45029, 30.400358 ], [ 78.4503704, 30.4004228 ], [ 78.4504241, 30.4005015 ], [ 78.4505528, 30.4008762 ], [ 78.4504777, 30.4009456 ], [ 78.4503651, 30.4008994 ], [ 78.4503007, 30.4008253 ], [ 78.4501612, 30.400557 ], [ 78.4500432, 30.4003904 ], [ 78.4499574, 30.4003303 ], [ 78.4494638, 30.4001035 ], [ 78.4492117, 30.4000665 ], [ 78.4488577, 30.4000665 ], [ 78.448627, 30.4001221 ], [ 78.4485304, 30.4001729 ], [ 78.4484231, 30.4001961 ], [ 78.4478491, 30.40021 ], [ 78.4475058, 30.4001868 ], [ 78.4472859, 30.4001221 ], [ 78.4468299, 30.4000573 ], [ 78.4467387, 30.3999971 ], [ 78.4465671, 30.3997288 ], [ 78.4464705, 30.3996686 ], [ 78.4462452, 30.3996871 ], [ 78.4461486, 30.3996362 ], [ 78.4460896, 30.3995483 ], [ 78.4460413, 30.3995252 ], [ 78.4459287, 30.3995159 ], [ 78.4458107, 30.3995067 ], [ 78.4456632, 30.399546 ], [ 78.4454861, 30.3995483 ], [ 78.4453708, 30.3995206 ], [ 78.4453171, 30.3995159 ], [ 78.4452045, 30.3995391 ], [ 78.4450945, 30.3995529 ], [ 78.4450382, 30.3995506 ], [ 78.4449014, 30.3995182 ], [ 78.4448799, 30.3995645 ], [ 78.4449577, 30.3996316 ], [ 78.445006, 30.3996547 ], [ 78.4450597, 30.399664 ], [ 78.4452823, 30.3996686 ], [ 78.4454405, 30.3996825 ], [ 78.4456578, 30.3996756 ], [ 78.4457436, 30.3997357 ], [ 78.4458482, 30.399856 ], [ 78.4458992, 30.3999416 ], [ 78.445867, 30.3999832 ], [ 78.445808, 30.3999763 ], [ 78.4457624, 30.3999485 ], [ 78.4456417, 30.3998282 ], [ 78.4455961, 30.3998005 ], [ 78.4455398, 30.3998005 ], [ 78.4454298, 30.399819 ], [ 78.4448343, 30.3999185 ], [ 78.4447244, 30.3999231 ], [ 78.4445608, 30.3999694 ], [ 78.4443864, 30.3999994 ], [ 78.4442201, 30.4000156 ], [ 78.4441611, 30.4000203 ], [ 78.4441021, 30.4000064 ], [ 78.4440511, 30.3999832 ], [ 78.4439653, 30.3999231 ], [ 78.4439412, 30.3998791 ], [ 78.4439224, 30.3997843 ], [ 78.4439465, 30.3996871 ], [ 78.4439707, 30.3995437 ], [ 78.4439787, 30.3993979 ], [ 78.443976, 30.3993031 ], [ 78.443917, 30.3990694 ], [ 78.4439036, 30.398926 ], [ 78.4438848, 30.3988335 ], [ 78.4438258, 30.3986993 ], [ 78.4437963, 30.3986021 ], [ 78.4437668, 30.3984587 ], [ 78.4437534, 30.3983684 ], [ 78.4437829, 30.3979867 ], [ 78.4437534, 30.3978502 ], [ 78.443732, 30.397804 ], [ 78.4436783, 30.3977878 ], [ 78.443563, 30.3978016 ], [ 78.443343, 30.3978664 ], [ 78.4432921, 30.3978896 ], [ 78.4432358, 30.3979081 ], [ 78.4431258, 30.3979497 ], [ 78.4429568, 30.3980006 ], [ 78.4428495, 30.3980237 ], [ 78.4427369, 30.3980307 ], [ 78.4426323, 30.3979913 ], [ 78.4425813, 30.3979659 ], [ 78.4425035, 30.3978872 ], [ 78.4421897, 30.3974454 ], [ 78.4421441, 30.3973598 ], [ 78.4421387, 30.3971654 ], [ 78.4420797, 30.3968323 ], [ 78.4420368, 30.3966495 ], [ 78.4420449, 30.3965454 ], [ 78.4420502, 30.3962215 ], [ 78.4420502, 30.3960758 ], [ 78.4420234, 30.3960064 ], [ 78.441892, 30.3959971 ], [ 78.4412643, 30.3960202 ], [ 78.4410927, 30.3960202 ], [ 78.4409237, 30.3960387 ], [ 78.4407467, 30.3960943 ], [ 78.4405965, 30.3961822 ], [ 78.4403041, 30.396395 ], [ 78.4402585, 30.3964621 ], [ 78.4401485, 30.3966379 ], [ 78.4400734, 30.39683 ], [ 78.4399956, 30.3970243 ], [ 78.4397033, 30.3971631 ], [ 78.4395611, 30.3972418 ], [ 78.4394217, 30.3973413 ], [ 78.4393465, 30.3974454 ], [ 78.4392714, 30.3975217 ], [ 78.4391803, 30.397524 ], [ 78.4390783, 30.3974523 ], [ 78.4390435, 30.3973875 ], [ 78.4390542, 30.3972742 ], [ 78.4390756, 30.3971654 ], [ 78.4391239, 30.3969942 ], [ 78.4391856, 30.3968091 ], [ 78.4391856, 30.3964991 ], [ 78.4391856, 30.3964367 ], [ 78.4391454, 30.3963326 ], [ 78.438971, 30.3963326 ], [ 78.4388638, 30.396395 ], [ 78.4387833, 30.3964899 ], [ 78.4386921, 30.3964482 ], [ 78.4386224, 30.3963603 ], [ 78.4385204, 30.3962423 ], [ 78.4383327, 30.3960804 ], [ 78.4381691, 30.3959485 ], [ 78.4380698, 30.3959069 ], [ 78.4380323, 30.3958467 ], [ 78.4380242, 30.3957334 ], [ 78.4380135, 30.3955922 ], [ 78.4379384, 30.3954627 ], [ 78.4378043, 30.3954025 ], [ 78.4376165, 30.3954187 ], [ 78.4375066, 30.3955205 ], [ 78.4373295, 30.3956963 ], [ 78.437351, 30.3961984 ], [ 78.4374395, 30.3964552 ], [ 78.4373966, 30.3965732 ], [ 78.437292, 30.3966588 ], [ 78.4371579, 30.3967606 ], [ 78.4371364, 30.3968624 ], [ 78.4372249, 30.3968624 ], [ 78.4373268, 30.396823 ], [ 78.4374341, 30.3967282 ], [ 78.4374985, 30.3965847 ], [ 78.4375307, 30.3964459 ], [ 78.4375468, 30.3963117 ], [ 78.4376326, 30.3961405 ], [ 78.437807, 30.3961452 ], [ 78.4379518, 30.3962446 ], [ 78.438102, 30.3964089 ], [ 78.4381074, 30.396476 ], [ 78.4380081, 30.3964783 ], [ 78.437933, 30.3964482 ], [ 78.4378418, 30.3963927 ], [ 78.4377024, 30.3963464 ], [ 78.4376729, 30.3964644 ], [ 78.4376326, 30.3966009 ], [ 78.4375682, 30.3967559 ], [ 78.4374207, 30.3969572 ], [ 78.4373242, 30.397103 ], [ 78.437233, 30.3972186 ], [ 78.4371096, 30.3974153 ], [ 78.4370479, 30.3975819 ], [ 78.4369245, 30.3978271 ], [ 78.4369004, 30.3980099 ], [ 78.4369192, 30.3981625 ], [ 78.4370935, 30.3983985 ], [ 78.4371284, 30.3984564 ], [ 78.437241, 30.3985558 ], [ 78.4373268, 30.3986553 ], [ 78.437351, 30.3988311 ], [ 78.4372705, 30.3989746 ], [ 78.4371874, 30.3990208 ], [ 78.4370962, 30.399 ], [ 78.4369862, 30.3989491 ], [ 78.4367824, 30.3988728 ], [ 78.4366617, 30.3987687 ], [ 78.4364712, 30.3986345 ], [ 78.4361038, 30.3985373 ], [ 78.4360287, 30.3985258 ], [ 78.435865, 30.3985073 ], [ 78.4355566, 30.398387 ], [ 78.4354359, 30.3983708 ], [ 78.4352213, 30.39838 ], [ 78.4351543, 30.3984818 ], [ 78.4348753, 30.3984795 ], [ 78.4346178, 30.3983661 ], [ 78.434363, 30.3983384 ], [ 78.4339124, 30.3984402 ], [ 78.4337783, 30.3984564 ], [ 78.43362, 30.3984772 ], [ 78.4334001, 30.3985396 ], [ 78.4334296, 30.3985975 ], [ 78.43362, 30.3986067 ], [ 78.434186, 30.3986276 ], [ 78.4344462, 30.3986437 ], [ 78.4347492, 30.3986761 ], [ 78.4350792, 30.3987363 ], [ 78.4357363, 30.3989792 ], [ 78.4359455, 30.3990764 ], [ 78.4361306, 30.3992221 ], [ 78.436372, 30.3993794 ], [ 78.4365985, 30.3996718 ] ] } },
{ "type": "Feature", "properties": { "highway": "unclassified", "name": null }, "geometry": { "type": "LineString", "coordinates": [ [ 78.4489099, 30.3895504 ], [ 78.4489006, 30.3895167 ], [ 78.4488791, 30.3894704 ], [ 78.448678, 30.3893848 ], [ 78.4485894, 30.3893223 ], [ 78.4484714, 30.3892066 ], [ 78.4484205, 30.3891187 ], [ 78.4483802, 30.3890239 ], [ 78.4482649, 30.3888573 ], [ 78.4482327, 30.3887647 ], [ 78.4482273, 30.3887184 ], [ 78.4482327, 30.3886722 ], [ 78.4482568, 30.3885773 ], [ 78.4482542, 30.3883251 ], [ 78.4482381, 30.3882742 ], [ 78.4482086, 30.3882349 ], [ 78.4481308, 30.3881678 ], [ 78.4480879, 30.3880799 ], [ 78.4479672, 30.3879619 ], [ 78.4479216, 30.3879295 ], [ 78.4478652, 30.3878439 ], [ 78.4478036, 30.387705 ], [ 78.4477687, 30.3876171 ], [ 78.4477553, 30.3875199 ], [ 78.4477606, 30.3874713 ], [ 78.4478304, 30.3872886 ], [ 78.4478277, 30.3872446 ], [ 78.4478062, 30.3871983 ], [ 78.4476748, 30.3870364 ], [ 78.4476587, 30.3869924 ], [ 78.4476534, 30.3869484 ], [ 78.4476748, 30.3869045 ], [ 78.4477365, 30.3868212 ], [ 78.4478894, 30.3866731 ], [ 78.4480825, 30.3865065 ], [ 78.448171, 30.3864464 ], [ 78.4483588, 30.3863399 ], [ 78.4484634, 30.3863122 ], [ 78.448517, 30.3863168 ], [ 78.448568, 30.3863399 ], [ 78.4487531, 30.386525 ], [ 78.4488362, 30.3866523 ], [ 78.4488845, 30.3866685 ], [ 78.4489381, 30.3866662 ], [ 78.4491581, 30.3865921 ], [ 78.449268, 30.3865829 ], [ 78.4495309, 30.3865898 ], [ 78.4495872, 30.3865806 ], [ 78.4496784, 30.3865366 ], [ 78.4497589, 30.3864718 ], [ 78.4499037, 30.3863284 ], [ 78.4499976, 30.3862798 ], [ 78.4500807, 30.3862242 ], [ 78.4502497, 30.3860299 ], [ 78.4504697, 30.3858957 ], [ 78.4506172, 30.3858401 ], [ 78.4507003, 30.3857777 ], [ 78.4507567, 30.3855879 ], [ 78.4507754, 30.3855463 ], [ 78.4508452, 30.3854746 ], [ 78.4509256, 30.3854098 ], [ 78.4509766, 30.3853265 ], [ 78.4510222, 30.3851807 ], [ 78.4510571, 30.3850303 ], [ 78.4510705, 30.3848406 ], [ 78.4510839, 30.3847897 ], [ 78.4511107, 30.3847503 ], [ 78.4511992, 30.3846925 ], [ 78.4513548, 30.3846532 ], [ 78.4515184, 30.3846647 ], [ 78.4515667, 30.3846509 ], [ 78.4517142, 30.3843339 ], [ 78.4517705, 30.3842413 ], [ 78.451784, 30.3841488 ], [ 78.451784, 30.3841002 ] ] } },
{ "type": "Feature", "properties": { "highway": "tertiary", "name": null }, "geometry": { "type": "LineString", "coordinates": [ [ 78.428151, 30.3924596 ], [ 78.4282207, 30.3926447 ], [ 78.4283254, 30.3928136 ], [ 78.4284005, 30.392883 ], [ 78.4284514, 30.3928992 ], [ 78.4285077, 30.39289 ], [ 78.428556, 30.3928668 ], [ 78.4285963, 30.3928368 ], [ 78.428666, 30.392765 ], [ 78.428717, 30.3927419 ], [ 78.4288269, 30.3927326 ], [ 78.4289664, 30.392647 ], [ 78.4290147, 30.3926262 ], [ 78.4290683, 30.3926146 ], [ 78.429122, 30.3926146 ], [ 78.4291729, 30.3926308 ], [ 78.4292078, 30.3926748 ], [ 78.4292319, 30.3927211 ], [ 78.4292749, 30.3928553 ], [ 78.4293044, 30.3928992 ], [ 78.4293741, 30.3929733 ], [ 78.4294492, 30.393045 ], [ 78.429586, 30.3931213 ], [ 78.4296262, 30.3931537 ], [ 78.4296638, 30.3931931 ], [ 78.4296879, 30.393237 ], [ 78.4297308, 30.3933249 ], [ 78.429755, 30.3934198 ], [ 78.429755, 30.3935193 ], [ 78.4297228, 30.3936673 ], [ 78.4296879, 30.3937761 ], [ 78.4296423, 30.3940167 ], [ 78.4296396, 30.3941231 ], [ 78.4296504, 30.394174 ], [ 78.4296745, 30.3942203 ], [ 78.4297308, 30.3943059 ], [ 78.4298006, 30.3943869 ], [ 78.4299588, 30.3943846 ], [ 78.4300554, 30.3944331 ], [ 78.4301466, 30.3944863 ], [ 78.4302914, 30.3945534 ], [ 78.4303424, 30.3945743 ], [ 78.430396, 30.3945789 ], [ 78.430514, 30.3945534 ], [ 78.4306133, 30.3945164 ], [ 78.4306884, 30.3944401 ], [ 78.4307206, 30.3943961 ], [ 78.4307447, 30.3943498 ], [ 78.4307688, 30.3942573 ], [ 78.4307688, 30.3940213 ], [ 78.4307769, 30.393975 ], [ 78.4308788, 30.3939427 ], [ 78.4309271, 30.3939195 ], [ 78.4309646, 30.3938802 ], [ 78.4309807, 30.3938385 ], [ 78.4309834, 30.393746 ], [ 78.4309646, 30.3936511 ], [ 78.4309298, 30.3935563 ], [ 78.4308413, 30.3933851 ], [ 78.4308064, 30.3932949 ], [ 78.4308037, 30.3931005 ], [ 78.430801, 30.3930542 ], [ 78.4307796, 30.3930103 ], [ 78.4307796, 30.3929594 ], [ 78.4307983, 30.3928691 ], [ 78.4308064, 30.3926794 ], [ 78.4308198, 30.3926355 ], [ 78.4309056, 30.3925799 ], [ 78.4309593, 30.3925591 ], [ 78.4311283, 30.3925105 ], [ 78.4312355, 30.3924967 ], [ 78.4313375, 30.3924735 ], [ 78.4314287, 30.3924226 ], [ 78.4315091, 30.3922931 ], [ 78.4315386, 30.3922028 ], [ 78.4316647, 30.3920663 ], [ 78.4317264, 30.3919877 ], [ 78.4317827, 30.3918581 ], [ 78.4318122, 30.3917609 ], [ 78.4318444, 30.3915758 ], [ 78.4318498, 30.3913329 ], [ 78.4318686, 30.3911941 ], [ 78.4318981, 30.3910576 ], [ 78.4319115, 30.3909095 ], [ 78.4319356, 30.3908146 ], [ 78.432, 30.3907337 ], [ 78.4321234, 30.3906342 ], [ 78.4322172, 30.3905856 ], [ 78.4324774, 30.3905023 ], [ 78.4325337, 30.3904907 ], [ 78.432641, 30.3905 ], [ 78.4326625, 30.3905416 ], [ 78.4326652, 30.3905879 ], [ 78.4326544, 30.3906342 ], [ 78.4325767, 30.3907684 ], [ 78.4325579, 30.3908655 ], [ 78.432574, 30.3909118 ], [ 78.4326786, 30.3910344 ], [ 78.4327269, 30.3911247 ], [ 78.432743, 30.3911733 ], [ 78.4327644, 30.3912658 ], [ 78.4327537, 30.3914555 ], [ 78.4327644, 30.3915481 ], [ 78.43281, 30.3915712 ], [ 78.4328663, 30.3915712 ], [ 78.4330836, 30.391518 ], [ 78.4331989, 30.3914995 ], [ 78.4333089, 30.3914925 ], [ 78.4335288, 30.3915434 ], [ 78.4337676, 30.3915689 ], [ 78.4339419, 30.3916267 ], [ 78.4340331, 30.3916892 ], [ 78.4340411, 30.3917378 ], [ 78.4340224, 30.3917841 ], [ 78.4339768, 30.3918141 ], [ 78.4338695, 30.3918442 ], [ 78.4337541, 30.3918697 ], [ 78.4335503, 30.3919622 ], [ 78.4333518, 30.3921357 ], [ 78.4332767, 30.3922144 ], [ 78.4331962, 30.392344 ], [ 78.4331238, 30.3925406 ], [ 78.4331158, 30.3925869 ], [ 78.4331372, 30.3926308 ], [ 78.4331882, 30.3926517 ], [ 78.4332928, 30.3926679 ], [ 78.4334108, 30.3926679 ], [ 78.4334645, 30.392654 ], [ 78.4335557, 30.3926054 ], [ 78.4336093, 30.3926031 ], [ 78.4337139, 30.3926424 ], [ 78.4337649, 30.3926725 ], [ 78.433848, 30.3927396 ], [ 78.4338775, 30.3927835 ], [ 78.4339097, 30.3928784 ], [ 78.4339231, 30.3930265 ], [ 78.4339794, 30.3932162 ], [ 78.4339794, 30.3932694 ], [ 78.4339473, 30.3933643 ], [ 78.4338936, 30.3934475 ], [ 78.4337917, 30.3936349 ], [ 78.4337756, 30.3936835 ], [ 78.4337729, 30.3937784 ], [ 78.4338078, 30.3938154 ], [ 78.433848, 30.3937807 ], [ 78.4340331, 30.3934823 ], [ 78.4340733, 30.393392 ], [ 78.4340841, 30.3933481 ], [ 78.4340948, 30.3932116 ], [ 78.4340975, 30.3930218 ], [ 78.4341216, 30.3928992 ], [ 78.4341216, 30.3927974 ], [ 78.4341162, 30.3927488 ], [ 78.4340921, 30.392654 ], [ 78.4340626, 30.3926054 ], [ 78.4340304, 30.3925661 ], [ 78.4337944, 30.3924249 ], [ 78.4337515, 30.3923949 ], [ 78.4337166, 30.3923555 ], [ 78.4337032, 30.3923093 ], [ 78.4337059, 30.392263 ], [ 78.4337622, 30.3921843 ], [ 78.4338078, 30.3921589 ], [ 78.4338641, 30.3921542 ], [ 78.4339151, 30.3921612 ], [ 78.4340599, 30.392219 ], [ 78.4341162, 30.3922352 ], [ 78.4341672, 30.3922422 ], [ 78.4342745, 30.3922398 ], [ 78.4343818, 30.3922121 ], [ 78.434532, 30.3921473 ], [ 78.4346554, 30.3920756 ], [ 78.4347412, 30.3920108 ], [ 78.434929, 30.3917725 ], [ 78.4350309, 30.3916082 ], [ 78.4350711, 30.3915735 ], [ 78.4352025, 30.3914902 ], [ 78.4352481, 30.3914694 ], [ 78.4352937, 30.3914972 ], [ 78.4352884, 30.3915434 ], [ 78.4352642, 30.3915851 ], [ 78.4351945, 30.3916684 ], [ 78.4350738, 30.3917794 ], [ 78.4350416, 30.3918211 ], [ 78.4349719, 30.3920085 ], [ 78.4349477, 30.3920571 ], [ 78.4349155, 30.3920964 ], [ 78.434701, 30.3922722 ], [ 78.4346366, 30.3923532 ], [ 78.4345964, 30.3923902 ], [ 78.4345052, 30.3924481 ], [ 78.4344622, 30.3924805 ], [ 78.4344515, 30.3925267 ], [ 78.4344649, 30.3926239 ], [ 78.434532, 30.3927512 ], [ 78.4346554, 30.3930727 ], [ 78.4346849, 30.3931144 ], [ 78.4347305, 30.3931398 ], [ 78.4347814, 30.3931583 ], [ 78.4348351, 30.3931583 ], [ 78.4349316, 30.3931074 ], [ 78.4349665, 30.3930704 ], [ 78.4349987, 30.3930288 ], [ 78.4350389, 30.3929987 ], [ 78.4351838, 30.3929293 ], [ 78.4353313, 30.3928738 ], [ 78.4355164, 30.3927743 ], [ 78.4356129, 30.3927326 ], [ 78.4357148, 30.3927026 ], [ 78.4357658, 30.3926933 ], [ 78.4358731, 30.3926887 ], [ 78.4360877, 30.3927118 ], [ 78.436195, 30.3927118 ], [ 78.4364095, 30.3926887 ], [ 78.4365168, 30.3926679 ], [ 78.4366107, 30.3926054 ], [ 78.436954, 30.3922954 ], [ 78.4370881, 30.3922213 ], [ 78.4371659, 30.3921589 ], [ 78.437233, 30.3920247 ], [ 78.4372893, 30.3919414 ], [ 78.4373268, 30.3919044 ], [ 78.437418, 30.3918512 ], [ 78.4375441, 30.3916892 ], [ 78.437646, 30.3914625 ], [ 78.4376594, 30.3914139 ], [ 78.437697, 30.3913213 ], [ 78.4379089, 30.3910691 ], [ 78.4379464, 30.3910344 ], [ 78.437992, 30.3910113 ], [ 78.4381047, 30.3909766 ], [ 78.438212, 30.3909673 ], [ 78.4384319, 30.3909697 ], [ 78.4386384, 30.3909303 ], [ 78.4387431, 30.3909234 ], [ 78.438794, 30.3909396 ], [ 78.4388289, 30.3909766 ], [ 78.4388664, 30.3910645 ], [ 78.4388772, 30.3912149 ], [ 78.4388316, 30.3914116 ], [ 78.4388316, 30.391511 ], [ 78.4388423, 30.3915573 ], [ 78.4388477, 30.3917008 ], [ 78.4388557, 30.391747 ], [ 78.4389201, 30.3919021 ], [ 78.4390005, 30.3920247 ], [ 78.4390461, 30.3920594 ], [ 78.439317, 30.3921172 ], [ 78.4394136, 30.3921612 ], [ 78.4395424, 30.392256 ], [ 78.4395692, 30.3922977 ], [ 78.439604, 30.3923902 ], [ 78.4396121, 30.3924388 ], [ 78.4396067, 30.3924643 ], [ 78.439604, 30.3926054 ], [ 78.4396228, 30.3927026 ], [ 78.4396389, 30.3927512 ], [ 78.439765, 30.3929756 ], [ 78.4398159, 30.3931653 ], [ 78.4398374, 30.3932092 ], [ 78.4398991, 30.3932856 ], [ 78.4400332, 30.3933851 ], [ 78.4400815, 30.3934036 ], [ 78.4401351, 30.3934082 ], [ 78.440178, 30.3933805 ], [ 78.4402049, 30.3933388 ], [ 78.4402022, 30.3932902 ], [ 78.4401512, 30.3932648 ], [ 78.4400386, 30.3932486 ], [ 78.4399903, 30.3932231 ], [ 78.4399581, 30.3931838 ], [ 78.439942, 30.3931398 ], [ 78.439934, 30.3929918 ], [ 78.4398052, 30.3928344 ], [ 78.4397945, 30.3927882 ], [ 78.4397891, 30.3926447 ], [ 78.4397945, 30.3925961 ], [ 78.4398106, 30.3925499 ], [ 78.4398159, 30.3925036 ], [ 78.4398052, 30.3924573 ], [ 78.4397542, 30.3923717 ], [ 78.4397221, 30.3922815 ], [ 78.439663, 30.3920386 ], [ 78.4396282, 30.3920015 ], [ 78.4395182, 30.3919807 ], [ 78.4394056, 30.3919691 ], [ 78.4393519, 30.3919576 ], [ 78.4393063, 30.3919321 ], [ 78.4392688, 30.3918905 ], [ 78.4392473, 30.391791 ], [ 78.4392312, 30.3917447 ], [ 78.4392098, 30.3916013 ], [ 78.4392124, 30.3915087 ], [ 78.4392714, 30.3913792 ], [ 78.4393197, 30.391238 ], [ 78.4393224, 30.3911038 ], [ 78.4393975, 30.3909211 ], [ 78.4394243, 30.3908262 ], [ 78.4394512, 30.3906828 ], [ 78.4394458, 30.3905925 ], [ 78.4394297, 30.3905486 ], [ 78.4394002, 30.3905092 ], [ 78.4393546, 30.3904792 ], [ 78.439191, 30.3904283 ], [ 78.4390542, 30.3903103 ], [ 78.4390005, 30.390301 ], [ 78.438786, 30.3903936 ], [ 78.4386787, 30.3904283 ], [ 78.4384748, 30.3905277 ], [ 78.4383649, 30.3905601 ], [ 78.4381986, 30.3905463 ], [ 78.4380859, 30.3905254 ], [ 78.4379813, 30.3904907 ], [ 78.4379518, 30.3904537 ], [ 78.4379411, 30.3904074 ], [ 78.4379518, 30.3903103 ], [ 78.437992, 30.39022 ], [ 78.4380242, 30.3901205 ], [ 78.4380403, 30.3900303 ], [ 78.4380671, 30.3899378 ], [ 78.4381101, 30.3898475 ], [ 78.4381396, 30.3898082 ], [ 78.4381825, 30.3897735 ], [ 78.4382763, 30.3897249 ], [ 78.4383112, 30.3896902 ], [ 78.4383622, 30.3896069 ], [ 78.4383702, 30.3895629 ], [ 78.4382898, 30.3894912 ], [ 78.4382415, 30.3894658 ], [ 78.4381878, 30.3894473 ], [ 78.4380698, 30.3894449 ], [ 78.4378928, 30.3894611 ], [ 78.4378365, 30.3894773 ], [ 78.4376863, 30.3895676 ], [ 78.4376326, 30.389593 ], [ 78.437469, 30.3896416 ], [ 78.4372383, 30.3896717 ], [ 78.4371337, 30.3897203 ], [ 78.4370184, 30.389748 ], [ 78.436887, 30.389748 ], [ 78.4368306, 30.3897365 ], [ 78.436726, 30.3896971 ], [ 78.436667, 30.3896833 ], [ 78.4365517, 30.3896833 ], [ 78.4364229, 30.3897226 ], [ 78.43638, 30.389755 ], [ 78.4361681, 30.3898429 ], [ 78.4360662, 30.3898938 ], [ 78.4360099, 30.3899054 ], [ 78.4357899, 30.3899192 ], [ 78.4356746, 30.389947 ], [ 78.4356263, 30.3899748 ], [ 78.4355485, 30.3900534 ], [ 78.4354037, 30.3901344 ], [ 78.4352374, 30.3901946 ], [ 78.4351248, 30.39022 ], [ 78.4347197, 30.3902362 ], [ 78.4345561, 30.3902154 ], [ 78.4343845, 30.3902038 ], [ 78.4343523, 30.3901645 ], [ 78.4343094, 30.3900696 ], [ 78.4343067, 30.3899725 ], [ 78.4344247, 30.389755 ], [ 78.4344381, 30.3897087 ], [ 78.4344381, 30.3896601 ], [ 78.4343898, 30.3895722 ], [ 78.4343737, 30.3895213 ], [ 78.4343711, 30.3894287 ], [ 78.4343979, 30.3893917 ], [ 78.4344462, 30.3893663 ], [ 78.4344918, 30.3893455 ], [ 78.434599, 30.3893293 ], [ 78.4346446, 30.3893084 ], [ 78.4347171, 30.389239 ], [ 78.4347627, 30.3892113 ], [ 78.4349772, 30.3891187 ], [ 78.4350309, 30.3890794 ], [ 78.4350631, 30.3890053 ], [ 78.4350255, 30.3888179 ], [ 78.4350067, 30.3886814 ], [ 78.4349745, 30.3885912 ], [ 78.4348968, 30.3884639 ], [ 78.434768, 30.3883089 ], [ 78.4347331, 30.3882187 ], [ 78.4347197, 30.3881238 ], [ 78.43476, 30.3880914 ], [ 78.4348109, 30.3880752 ], [ 78.4348646, 30.3880868 ], [ 78.4349048, 30.3881793 ], [ 78.4349316, 30.3882765 ], [ 78.4349558, 30.3883205 ], [ 78.4350309, 30.3883945 ], [ 78.4351328, 30.3885102 ], [ 78.4351972, 30.388649 ], [ 78.435224, 30.3887416 ], [ 78.4352481, 30.3889313 ], [ 78.4352642, 30.3891766 ], [ 78.4352535, 30.3893223 ], [ 78.4352857, 30.3894126 ], [ 78.435334, 30.3894311 ], [ 78.4353876, 30.3894287 ], [ 78.4354413, 30.3894149 ], [ 78.4356397, 30.3893408 ], [ 78.4357578, 30.3893084 ], [ 78.4359831, 30.3892737 ], [ 78.4361923, 30.3892552 ], [ 78.4362406, 30.389239 ], [ 78.4362861, 30.3892136 ], [ 78.4363961, 30.3891141 ], [ 78.4365571, 30.3891164 ], [ 78.4367663, 30.3891511 ], [ 78.4368199, 30.3891511 ], [ 78.43752, 30.3890539 ], [ 78.4376219, 30.3890192 ], [ 78.4377077, 30.3889591 ], [ 78.4378043, 30.3888364 ], [ 78.4378713, 30.3887647 ], [ 78.4379625, 30.3887092 ], [ 78.4380135, 30.3886907 ], [ 78.4381798, 30.3886976 ], [ 78.438448, 30.3887485 ], [ 78.4386277, 30.3887717 ], [ 78.4387377, 30.3887601 ], [ 78.4388423, 30.3887346 ], [ 78.4391481, 30.3886166 ], [ 78.439199, 30.3886097 ], [ 78.43925, 30.3886236 ], [ 78.4392929, 30.388656 ], [ 78.439317, 30.3886976 ], [ 78.4393358, 30.3887902 ], [ 78.4393305, 30.3888457 ], [ 78.4393117, 30.3889475 ], [ 78.439309, 30.3889961 ], [ 78.4393331, 30.3890886 ], [ 78.4393787, 30.3892321 ], [ 78.4394029, 30.3892737 ], [ 78.4394887, 30.3893385 ], [ 78.439773, 30.3894866 ], [ 78.4398213, 30.3895144 ], [ 78.4399071, 30.3895815 ], [ 78.4399661, 30.3895791 ], [ 78.4400627, 30.3895236 ], [ 78.4401458, 30.3894635 ], [ 78.4401914, 30.3894449 ], [ 78.4402451, 30.3894357 ], [ 78.4403014, 30.3894357 ], [ 78.4403524, 30.3894473 ], [ 78.440398, 30.3894681 ], [ 78.4404382, 30.3895051 ], [ 78.4404945, 30.3895953 ], [ 78.4405428, 30.3896833 ], [ 78.4406099, 30.3897619 ], [ 78.4406796, 30.38991 ], [ 78.4407628, 30.3900349 ], [ 78.4408057, 30.3901229 ], [ 78.4408057, 30.3902154 ], [ 78.4407708, 30.3903588 ], [ 78.4407681, 30.3904074 ], [ 78.4407279, 30.3907013 ], [ 78.4406903, 30.3907938 ], [ 78.4406796, 30.3908401 ], [ 78.4406796, 30.3909442 ], [ 78.4406957, 30.3910877 ], [ 78.4407172, 30.3911362 ], [ 78.4407869, 30.3912172 ], [ 78.4408942, 30.3912473 ], [ 78.4410417, 30.3913098 ], [ 78.4411409, 30.3913607 ], [ 78.4411812, 30.3913931 ], [ 78.4412456, 30.3914902 ], [ 78.4413153, 30.3915643 ], [ 78.4413743, 30.3916452 ], [ 78.441503, 30.391865 ], [ 78.4415406, 30.3919021 ], [ 78.4415916, 30.3919206 ], [ 78.4416962, 30.3919553 ], [ 78.4418088, 30.3919506 ], [ 78.4421709, 30.3918488 ], [ 78.4423265, 30.3917979 ], [ 78.4423801, 30.391791 ], [ 78.4425464, 30.3918049 ], [ 78.4426054, 30.3918211 ], [ 78.4426993, 30.3918697 ], [ 78.4427503, 30.3918859 ], [ 78.4428656, 30.3918951 ], [ 78.4429729, 30.3918882 ], [ 78.4431285, 30.3918512 ], [ 78.4432438, 30.3918535 ], [ 78.4432948, 30.3918673 ], [ 78.4433511, 30.3918697 ], [ 78.4435737, 30.3918535 ], [ 78.4437856, 30.3918188 ], [ 78.4440002, 30.3918141 ], [ 78.4441557, 30.3917725 ], [ 78.4442443, 30.3917216 ], [ 78.444365, 30.391629 ], [ 78.4444132, 30.3916059 ], [ 78.4444669, 30.3915897 ], [ 78.4446198, 30.3915828 ], [ 78.4446707, 30.3915712 ], [ 78.4447619, 30.3915272 ], [ 78.4448639, 30.3914949 ], [ 78.4449175, 30.3914925 ], [ 78.4449765, 30.3915064 ], [ 78.4450677, 30.3915527 ], [ 78.4451669, 30.3915897 ], [ 78.445285, 30.3916082 ], [ 78.4453359, 30.3915943 ], [ 78.4454298, 30.3915342 ], [ 78.4454995, 30.391444 ], [ 78.4456095, 30.3912704 ], [ 78.4457195, 30.3911571 ], [ 78.4457651, 30.391127 ], [ 78.4458187, 30.3911131 ], [ 78.4458724, 30.3911293 ], [ 78.445918, 30.3911617 ], [ 78.4459582, 30.3911987 ], [ 78.4460467, 30.3912542 ], [ 78.4461299, 30.3913306 ], [ 78.4462237, 30.3914509 ], [ 78.4462666, 30.3914787 ], [ 78.4464356, 30.391511 ], [ 78.44661, 30.3915157 ], [ 78.4466636, 30.3915296 ], [ 78.4467012, 30.3915619 ], [ 78.446838, 30.391717 ], [ 78.4468755, 30.3917494 ], [ 78.4469265, 30.3917702 ], [ 78.4470874, 30.3917841 ], [ 78.447192, 30.3918026 ], [ 78.447243, 30.3918164 ], [ 78.4473395, 30.3918581 ], [ 78.4473959, 30.391946 ], [ 78.4474039, 30.3920432 ], [ 78.4473529, 30.3921843 ], [ 78.4473047, 30.3922792 ], [ 78.4472832, 30.3924712 ], [ 78.4472993, 30.3926563 ], [ 78.4473154, 30.3927512 ], [ 78.4473127, 30.3928946 ], [ 78.447125, 30.3936026 ], [ 78.447023, 30.3937853 ], [ 78.4470069, 30.3938316 ], [ 78.4469908, 30.3940074 ], [ 78.447023, 30.3941648 ], [ 78.4470418, 30.394211 ], [ 78.447125, 30.394336 ], [ 78.4471437, 30.3943799 ], [ 78.4472269, 30.3945141 ], [ 78.4474093, 30.3947246 ], [ 78.4474817, 30.3948565 ], [ 78.4475273, 30.3948866 ], [ 78.4475782, 30.3948727 ], [ 78.447597, 30.3948288 ], [ 78.447597, 30.3947825 ], [ 78.4475729, 30.3947362 ], [ 78.4474978, 30.3946599 ], [ 78.4474361, 30.3945789 ], [ 78.4473503, 30.3943568 ], [ 78.4472966, 30.394174 ], [ 78.4472269, 30.3940445 ], [ 78.4472108, 30.3939982 ], [ 78.4472188, 30.3939496 ], [ 78.4472457, 30.3939056 ], [ 78.4473127, 30.393827 ], [ 78.4473744, 30.3935887 ], [ 78.4473905, 30.3934475 ], [ 78.4474575, 30.3933527 ], [ 78.4474978, 30.3932625 ], [ 78.4476158, 30.3930473 ], [ 78.4476453, 30.3929501 ], [ 78.4476614, 30.3925221 ], [ 78.4476748, 30.3924758 ], [ 78.4477177, 30.3923879 ], [ 78.4478947, 30.3921427 ], [ 78.4479403, 30.3920571 ], [ 78.4479725, 30.3919182 ], [ 78.4479672, 30.3918743 ], [ 78.4478304, 30.3916476 ], [ 78.4478009, 30.3916082 ], [ 78.4477633, 30.3915689 ], [ 78.4477231, 30.3915342 ], [ 78.4475461, 30.3914162 ], [ 78.4474468, 30.391363 ], [ 78.4473395, 30.3913329 ], [ 78.4472403, 30.3912982 ], [ 78.4471464, 30.3912404 ], [ 78.4471089, 30.391201 ], [ 78.4470606, 30.3911756 ], [ 78.4469479, 30.3911802 ], [ 78.446838, 30.3911571 ], [ 78.4466851, 30.3910853 ], [ 78.4465778, 30.3909673 ], [ 78.4464705, 30.3907961 ], [ 78.4464329, 30.3907614 ], [ 78.4462881, 30.390692 ], [ 78.4457999, 30.3905648 ], [ 78.44569, 30.3905509 ], [ 78.4456417, 30.390574 ], [ 78.4455988, 30.3906087 ], [ 78.4455478, 30.3906295 ], [ 78.4454378, 30.3906481 ], [ 78.4450945, 30.3906411 ], [ 78.4449202, 30.3906087 ], [ 78.4446949, 30.390574 ], [ 78.4445286, 30.3905347 ], [ 78.4441826, 30.3904977 ], [ 78.4440243, 30.3904306 ], [ 78.443909, 30.3904121 ], [ 78.4438446, 30.3904121 ], [ 78.4436542, 30.3904236 ], [ 78.4435415, 30.3904445 ], [ 78.4433806, 30.3905 ], [ 78.4432706, 30.3905254 ], [ 78.4430453, 30.3906319 ], [ 78.4429353, 30.3906527 ], [ 78.4428763, 30.3906527 ], [ 78.442761, 30.3906643 ], [ 78.4426483, 30.3906619 ], [ 78.4424123, 30.3906087 ], [ 78.442305, 30.3905648 ], [ 78.4422326, 30.3904907 ], [ 78.4421092, 30.3903265 ], [ 78.4420341, 30.3901992 ], [ 78.4419966, 30.3900326 ], [ 78.4419322, 30.3898984 ], [ 78.4418678, 30.3898221 ], [ 78.4417847, 30.3897527 ], [ 78.4416801, 30.389637 ], [ 78.4416023, 30.3895051 ], [ 78.4415674, 30.3894195 ], [ 78.441554, 30.3892251 ], [ 78.4415996, 30.3890354 ], [ 78.4416023, 30.3889406 ], [ 78.4416264, 30.3888989 ], [ 78.4416774, 30.3888804 ], [ 78.4417284, 30.3889012 ], [ 78.4417418, 30.3889521 ], [ 78.4417364, 30.389047 ], [ 78.4416828, 30.389283 ], [ 78.4416828, 30.3893339 ], [ 78.4416962, 30.3893802 ], [ 78.4417257, 30.3894195 ], [ 78.4418517, 30.3895676 ], [ 78.4418759, 30.3896115 ], [ 78.4419134, 30.3896485 ], [ 78.4420985, 30.3897573 ], [ 78.4421816, 30.3898244 ], [ 78.4423238, 30.3900303 ], [ 78.4423935, 30.390109 ], [ 78.4424338, 30.3901414 ], [ 78.442525, 30.3901969 ], [ 78.4425759, 30.3902131 ], [ 78.4427395, 30.3902316 ], [ 78.4428468, 30.3902316 ], [ 78.4430024, 30.3901923 ], [ 78.4430507, 30.3901761 ], [ 78.4431607, 30.3901576 ], [ 78.4433672, 30.390072 ], [ 78.4436756, 30.3899262 ], [ 78.4437293, 30.38991 ], [ 78.4438366, 30.3898961 ], [ 78.4440055, 30.3898892 ], [ 78.4442228, 30.3898707 ], [ 78.444483, 30.3897874 ], [ 78.4446439, 30.3897758 ], [ 78.4447083, 30.3897503 ], [ 78.4450167, 30.3897064 ], [ 78.4452367, 30.3897064 ], [ 78.4453413, 30.3897226 ], [ 78.4454486, 30.3897272 ], [ 78.4455532, 30.3896971 ], [ 78.4457007, 30.3896347 ], [ 78.445808, 30.3896416 ], [ 78.4459636, 30.3896786 ], [ 78.4460682, 30.3896763 ], [ 78.4461084, 30.3896485 ] ] } },
{ "type": "Feature", "properties": { "highway": "unclassified", "name": null }, "geometry": { "type": "LineString", "coordinates": [ [ 78.4694329, 30.3752193 ], [ 78.469398, 30.3751407 ] ] } },
{ "type": "Feature", "properties": { "highway": "unclassified", "name": null }, "geometry": { "type": "LineString", "coordinates": [ [ 78.4694543, 30.3753165 ], [ 78.4694329, 30.3752193 ] ] } },
{ "type": "Feature", "properties": { "highway": "unclassified", "name": null }, "geometry": { "type": "LineString", "coordinates": [ [ 78.4736282, 30.3754159 ], [ 78.473361, 30.3751754 ], [ 78.4730499, 30.3751986 ], [ 78.4728366, 30.3753929 ], [ 78.4724504, 30.3755919 ], [ 78.4720642, 30.3756868 ], [ 78.4715223, 30.3758372 ], [ 78.4713238, 30.375902 ], [ 78.4711414, 30.375902 ], [ 78.4704816, 30.3757631 ], [ 78.469736, 30.3754438 ], [ 78.4695536, 30.3753929 ], [ 78.4694838, 30.3753582 ], [ 78.4694543, 30.3753165 ] ] } },
{ "type": "Feature", "properties": { "highway": "secondary", "name": "Chamba-Barkot Road" }, "geometry": { "type": "LineString", "coordinates": [ [ 78.4837635, 30.3780254 ], [ 78.4832279, 30.3780152 ], [ 78.4827682, 30.3780421 ], [ 78.482067, 30.3781115 ], [ 78.4811661, 30.3780907 ], [ 78.4788701, 30.3774674 ], [ 78.478411, 30.3775177 ], [ 78.4781381, 30.3775645 ], [ 78.477787, 30.3776456 ] ] } },
{ "type": "Feature", "properties": { "highway": "secondary", "name": "Chamba-Barkot Road" }, "geometry": { "type": "LineString", "coordinates": [ [ 78.477787, 30.3776456 ], [ 78.4771493, 30.3777621 ] ] } },
{ "type": "Feature", "properties": { "highway": "trunk", "name": null }, "geometry": { "type": "LineString", "coordinates": [ [ 78.4418512, 30.3825175 ], [ 78.4423521, 30.38258 ], [ 78.4427036, 30.3826212 ], [ 78.442937, 30.3827733 ], [ 78.4430613, 30.3829435 ], [ 78.4430748, 30.3829814 ], [ 78.4430775, 30.3830208 ], [ 78.4430547, 30.3830919 ], [ 78.4430184, 30.3831421 ], [ 78.4428777, 30.3832944 ], [ 78.4424098, 30.3836661 ], [ 78.442053, 30.3840059 ], [ 78.4415298, 30.3841047 ], [ 78.4411123, 30.3840929 ], [ 78.4409843, 30.3841156 ], [ 78.4406437, 30.3841759 ], [ 78.4403631, 30.3843329 ], [ 78.439951, 30.3845815 ], [ 78.4396139, 30.3847703 ], [ 78.4395316, 30.3848155 ], [ 78.4393796, 30.3848267 ], [ 78.4392393, 30.3847801 ], [ 78.4391383, 30.3846872 ], [ 78.4391342, 30.3846145 ], [ 78.4391615, 30.3845187 ], [ 78.4391789, 30.3843292 ], [ 78.439151, 30.3841361 ], [ 78.4391199, 30.3840643 ], [ 78.4390722, 30.3839911 ], [ 78.4390528, 30.3839486 ], [ 78.4390015, 30.3839141 ], [ 78.4388477, 30.383885 ], [ 78.4387233, 30.3838921 ], [ 78.4384329, 30.3839332 ], [ 78.4381842, 30.3838937 ], [ 78.4379724, 30.3838404 ], [ 78.4376804, 30.3838492 ], [ 78.4375157, 30.3837777 ], [ 78.4374018, 30.38367 ], [ 78.4373243, 30.3835369 ], [ 78.4373184, 30.3834302 ], [ 78.43737, 30.383352 ], [ 78.4375185, 30.3832215 ], [ 78.4375832, 30.3831607 ], [ 78.4376306, 30.3830636 ], [ 78.4376725, 30.3829787 ], [ 78.4376805, 30.3828979 ], [ 78.4376368, 30.3828121 ], [ 78.4375679, 30.382743 ], [ 78.4374409, 30.3827616 ], [ 78.4372451, 30.38278 ], [ 78.4370059, 30.3827852 ], [ 78.4366605, 30.3826601 ], [ 78.4363335, 30.3826356 ], [ 78.4360837, 30.3826318 ], [ 78.4358518, 30.3826191 ], [ 78.4356316, 30.382586 ], [ 78.4355988, 30.3825834 ], [ 78.435568, 30.3825915 ], [ 78.4355284, 30.3826072 ], [ 78.4355094, 30.3826281 ], [ 78.4354922, 30.3826679 ], [ 78.4354922, 30.3826922 ], [ 78.435497, 30.3827138 ], [ 78.4355197, 30.3827402 ], [ 78.4355666, 30.3827732 ], [ 78.4356679, 30.3827964 ], [ 78.4358103, 30.3828094 ], [ 78.4360553, 30.3828474 ], [ 78.4362379, 30.3828364 ], [ 78.4364708, 30.3828327 ], [ 78.4366931, 30.3828667 ], [ 78.4368716, 30.382912 ], [ 78.4370154, 30.3829797 ], [ 78.4370821, 30.3830317 ], [ 78.4371046, 30.3830895 ], [ 78.437082, 30.3831497 ], [ 78.4370629, 30.3831821 ], [ 78.4370021, 30.3832322 ], [ 78.4368434, 30.3832995 ], [ 78.4367024, 30.3833765 ], [ 78.4366256, 30.3834887 ], [ 78.4366314, 30.3835783 ], [ 78.4367749, 30.3836944 ], [ 78.4369223, 30.3838213 ], [ 78.4370858, 30.3839271 ], [ 78.4371204, 30.3840234 ], [ 78.4371356, 30.3841612 ], [ 78.4372284, 30.3842543 ], [ 78.4374305, 30.3842956 ], [ 78.4376663, 30.3842903 ], [ 78.4378428, 30.3843087 ], [ 78.4379934, 30.3843822 ], [ 78.4380345, 30.3844741 ], [ 78.4380067, 30.3845683 ], [ 78.4378393, 30.3846786 ], [ 78.4375571, 30.3847751 ], [ 78.4374475, 30.3848111 ], [ 78.4373905, 30.3848348 ], [ 78.4373564, 30.3848533 ], [ 78.4373285, 30.3848807 ], [ 78.4373188, 30.3849193 ], [ 78.4373161, 30.3849511 ], [ 78.4373228, 30.3849719 ], [ 78.4373299, 30.384989 ], [ 78.43735, 30.3850186 ], [ 78.4373698, 30.3850396 ], [ 78.4373959, 30.3850639 ], [ 78.437459, 30.3850985 ], [ 78.4376141, 30.3851563 ], [ 78.4377971, 30.3851711 ], [ 78.4378861, 30.3851958 ], [ 78.4379458, 30.3852298 ], [ 78.4379773, 30.3852895 ], [ 78.4379811, 30.3853469 ], [ 78.4379769, 30.3854512 ], [ 78.4378322, 30.3860776 ], [ 78.4378338, 30.3861479 ], [ 78.4378485, 30.3861837 ], [ 78.4378653, 30.3862005 ], [ 78.4378794, 30.386215 ], [ 78.4379328, 30.3862313 ], [ 78.4381085, 30.3862723 ], [ 78.4384539, 30.3862876 ], [ 78.4387034, 30.3862298 ], [ 78.4392188, 30.3860307 ], [ 78.4401594, 30.3858075 ], [ 78.4404891, 30.3857924 ], [ 78.4408298, 30.3858309 ], [ 78.441134, 30.3858976 ], [ 78.4413835, 30.3859632 ], [ 78.4415447, 30.386076 ], [ 78.4416786, 30.3862388 ], [ 78.4417663, 30.3864114 ], [ 78.4418678, 30.3865042 ], [ 78.4419594, 30.3865675 ], [ 78.4420529, 30.3866361 ], [ 78.4421205, 30.3867183 ], [ 78.4421307, 30.3872883 ], [ 78.4422859, 30.387609 ], [ 78.4423651, 30.387942 ], [ 78.4424163, 30.3883631 ], [ 78.4423859, 30.3885258 ], [ 78.4423699, 30.3887116 ], [ 78.4423861, 30.3888413 ], [ 78.442518, 30.3890972 ], [ 78.4426817, 30.3893403 ], [ 78.4428369, 30.3895694 ], [ 78.4430718, 30.3896337 ], [ 78.4434697, 30.3896575 ], [ 78.4438893, 30.3895945 ], [ 78.4441209, 30.3895787 ], [ 78.4448846, 30.3895236 ], [ 78.4454444, 30.3895117 ], [ 78.44558, 30.3894646 ], [ 78.4456953, 30.3894577 ], [ 78.445808, 30.3894797 ], [ 78.4461084, 30.3896485 ], [ 78.4464329, 30.3897573 ], [ 78.4465993, 30.3897706 ], [ 78.4467449, 30.3897261 ], [ 78.446844, 30.3896099 ], [ 78.446842, 30.3894924 ], [ 78.4468084, 30.38935 ], [ 78.4467148, 30.3891401 ], [ 78.4465666, 30.388918 ], [ 78.4464467, 30.3887495 ], [ 78.4463664, 30.3886455 ], [ 78.4463069, 30.3885021 ], [ 78.4462575, 30.3883303 ], [ 78.4461754, 30.3882283 ], [ 78.4460682, 30.3881265 ], [ 78.4459588, 30.3880074 ], [ 78.4458271, 30.3878103 ], [ 78.4456514, 30.3875875 ], [ 78.4455342, 30.3874182 ], [ 78.4454795, 30.3873061 ], [ 78.4454307, 30.3871663 ], [ 78.4453969, 30.3870311 ], [ 78.445343, 30.3869037 ], [ 78.4452631, 30.3868031 ], [ 78.4451255, 30.3867391 ], [ 78.4450041, 30.3866866 ], [ 78.444931, 30.3866152 ], [ 78.4449108, 30.3865707 ], [ 78.4449021, 30.3865372 ], [ 78.444905, 30.3864986 ], [ 78.4449309, 30.3862817 ], [ 78.4449379, 30.386064 ], [ 78.4449236, 30.385919 ], [ 78.4449274, 30.3857865 ], [ 78.444978, 30.3856664 ], [ 78.4450543, 30.3855777 ], [ 78.4451412, 30.385563 ], [ 78.4452434, 30.3856134 ], [ 78.4453262, 30.3856309 ], [ 78.4454003, 30.3856377 ], [ 78.4455146, 30.3856095 ], [ 78.4456082, 30.3855798 ], [ 78.4456928, 30.3855538 ], [ 78.4458837, 30.3855116 ], [ 78.4460015, 30.3855025 ], [ 78.4461988, 30.3855258 ], [ 78.4463381, 30.3855701 ], [ 78.4466092, 30.3855849 ], [ 78.4468867, 30.3856072 ], [ 78.4472094, 30.385468 ], [ 78.4472983, 30.3852788 ], [ 78.4474268, 30.3851794 ], [ 78.4475354, 30.3851654 ], [ 78.4476581, 30.3851952 ], [ 78.4477476, 30.3851556 ], [ 78.4478474, 30.3850939 ], [ 78.4479704, 30.3850006 ], [ 78.4480922, 30.3849583 ], [ 78.4482912, 30.3849511 ], [ 78.4485962, 30.3850153 ], [ 78.4489022, 30.3850301 ], [ 78.4491339, 30.3849181 ], [ 78.4493432, 30.3847791 ], [ 78.4497055, 30.3841947 ], [ 78.4499998, 30.3839981 ], [ 78.4501738, 30.3837979 ], [ 78.4503927, 30.3835334 ], [ 78.4505174, 30.383112 ], [ 78.4506132, 30.3829942 ], [ 78.4507647, 30.3828941 ], [ 78.4510643, 30.382766 ], [ 78.4511797, 30.3826155 ], [ 78.4511991, 30.3823575 ], [ 78.4509612, 30.3818496 ], [ 78.450497, 30.3813348 ], [ 78.4501821, 30.3810917 ], [ 78.449747, 30.3808307 ], [ 78.4496248, 30.3808006 ], [ 78.4495054, 30.3808214 ], [ 78.4493512, 30.3808712 ], [ 78.4493016, 30.3808793 ], [ 78.4492493, 30.38087 ], [ 78.4491795, 30.3808168 ], [ 78.4491554, 30.3807821 ], [ 78.4491544, 30.3807449 ], [ 78.4491585, 30.3806269 ], [ 78.4494113, 30.3796009 ], [ 78.449345, 30.3785998 ], [ 78.4494735, 30.3782352 ], [ 78.4493035, 30.3776167 ], [ 78.449287, 30.3770768 ], [ 78.4491958, 30.376444 ], [ 78.4486819, 30.3757719 ], [ 78.4479899, 30.3753929 ], [ 78.4477365, 30.3751245 ], [ 78.4474926, 30.3748459 ], [ 78.4470721, 30.3746236 ], [ 78.4466984, 30.374563 ], [ 78.4463766, 30.3746223 ], [ 78.446327, 30.3746188 ], [ 78.4462948, 30.3746003 ], [ 78.4462653, 30.3745668 ], [ 78.4462527, 30.3745199 ], [ 78.4462532, 30.3743608 ], [ 78.4462969, 30.3741685 ], [ 78.4465053, 30.3737374 ], [ 78.4464893, 30.373625 ], [ 78.4464115, 30.3735162 ], [ 78.4463047, 30.3733674 ], [ 78.4463149, 30.3731853 ], [ 78.4463778, 30.3729856 ], [ 78.4464543, 30.3727035 ], [ 78.4463837, 30.3725319 ], [ 78.4460957, 30.3720779 ], [ 78.4457686, 30.3718569 ], [ 78.4452548, 30.3716603 ], [ 78.4447285, 30.3712563 ], [ 78.4443555, 30.3711812 ], [ 78.4441343, 30.3712021 ], [ 78.4439448, 30.3712038 ], [ 78.4438071, 30.3711674 ], [ 78.4437574, 30.371113 ], [ 78.4437631, 30.371066 ], [ 78.4438165, 30.3710251 ], [ 78.4439036, 30.3709985 ], [ 78.4444177, 30.3709881 ], [ 78.4446681, 30.37101 ], [ 78.4448746, 30.3711118 ], [ 78.4452921, 30.3713385 ], [ 78.4458118, 30.3715005 ], [ 78.4461004, 30.3715724 ], [ 78.4463636, 30.3717264 ], [ 78.4465268, 30.3718431 ], [ 78.4466457, 30.3719801 ], [ 78.4469151, 30.3723483 ], [ 78.4471089, 30.372454 ], [ 78.4472171, 30.3726143 ], [ 78.447302, 30.3728382 ], [ 78.4473554, 30.3730423 ], [ 78.4473409, 30.3732489 ], [ 78.447371, 30.3734957 ], [ 78.4474575, 30.3735718 ], [ 78.4475568, 30.3735995 ], [ 78.4476936, 30.3735833 ], [ 78.4480211, 30.3735239 ], [ 78.4483749, 30.3735683 ], [ 78.4487109, 30.3736625 ], [ 78.4491461, 30.3740129 ], [ 78.4495232, 30.3743203 ], [ 78.4498091, 30.374567 ], [ 78.4500371, 30.3747815 ], [ 78.4505528, 30.3751647 ], [ 78.450762, 30.3753373 ], [ 78.4509109, 30.3755896 ], [ 78.4509925, 30.3756418 ], [ 78.4510477, 30.375648 ], [ 78.4510772, 30.3755988 ], [ 78.4510879, 30.3755479 ], [ 78.4510764, 30.3754855 ], [ 78.4508079, 30.3751212 ], [ 78.4503354, 30.3746671 ], [ 78.4494037, 30.3733363 ], [ 78.4488103, 30.3729589 ], [ 78.4484996, 30.3729469 ], [ 78.4483682, 30.3729006 ], [ 78.4482592, 30.3728044 ], [ 78.4480163, 30.3724207 ], [ 78.4479108, 30.3722735 ], [ 78.4478921, 30.37224 ], [ 78.4478941, 30.3722168 ], [ 78.4479015, 30.3721948 ], [ 78.4479155, 30.3721746 ], [ 78.4479488, 30.3721572 ], [ 78.4479833, 30.3721526 ], [ 78.4480108, 30.3721694 ], [ 78.4480282, 30.3721919 ], [ 78.4482139, 30.3724413 ], [ 78.4482931, 30.3725477 ], [ 78.4483776, 30.372653 ], [ 78.4484808, 30.3727155 ], [ 78.4486471, 30.3727364 ], [ 78.4489232, 30.3727573 ], [ 78.4495273, 30.3730475 ], [ 78.4502997, 30.373298 ], [ 78.4509032, 30.3738484 ], [ 78.4513817, 30.3741613 ], [ 78.4520244, 30.3743718 ], [ 78.4524067, 30.3745473 ], [ 78.4525776, 30.3748982 ], [ 78.4526264, 30.3752983 ], [ 78.4528079, 30.3755722 ], [ 78.4530044, 30.3757284 ], [ 78.4534265, 30.3758713 ], [ 78.4538789, 30.3761761 ], [ 78.4540585, 30.3761843 ], [ 78.4542435, 30.3761634 ], [ 78.4543253, 30.3761935 ], [ 78.4543669, 30.3762398 ], [ 78.4544152, 30.376337 ], [ 78.4544578, 30.3764755 ], [ 78.4545251, 30.3767342 ], [ 78.454601, 30.377331 ], [ 78.4544974, 30.3776845 ], [ 78.4540846, 30.3780608 ], [ 78.453677, 30.3782917 ], [ 78.4536347, 30.378408 ], [ 78.453677, 30.3785084 ], [ 78.454652, 30.3791092 ], [ 78.4548819, 30.3792804 ], [ 78.4554877, 30.3794734 ], [ 78.4558808, 30.3793825 ], [ 78.4560111, 30.3794053 ], [ 78.4561801, 30.3794678 ], [ 78.4564503, 30.3795673 ], [ 78.4565261, 30.3795731 ], [ 78.4566374, 30.379543 ], [ 78.4567367, 30.3794562 ], [ 78.4568305, 30.3794261 ], [ 78.4569131, 30.3794445 ], [ 78.4572115, 30.3795711 ], [ 78.4573375, 30.3796008 ], [ 78.4574193, 30.3796598 ], [ 78.4574913, 30.3797331 ], [ 78.4576618, 30.3799355 ], [ 78.4578914, 30.3801297 ], [ 78.457945, 30.380162 ], [ 78.4580147, 30.3801747 ], [ 78.4580905, 30.380149 ], [ 78.4581515, 30.3800914 ], [ 78.4582105, 30.3800497 ], [ 78.458277, 30.3800366 ], [ 78.4584358, 30.380044 ], [ 78.4586103, 30.3801092 ], [ 78.4587948, 30.3802667 ], [ 78.4592812, 30.3805871 ], [ 78.4594229, 30.3807682 ], [ 78.4595702, 30.381 ], [ 78.4597662, 30.3811593 ], [ 78.4600022, 30.3812883 ], [ 78.4603134, 30.3813467 ], [ 78.4606373, 30.3813897 ], [ 78.460815, 30.3814906 ], [ 78.4610788, 30.3816712 ], [ 78.4612255, 30.3818485 ], [ 78.4613529, 30.3821872 ], [ 78.4614855, 30.3823856 ], [ 78.4616006, 30.3824814 ], [ 78.4616491, 30.3824897 ], [ 78.4616987, 30.3824816 ], [ 78.4618184, 30.3824145 ], [ 78.4621721, 30.3821982 ], [ 78.4625959, 30.3820408 ], [ 78.4628776, 30.3818581 ], [ 78.4631294, 30.3817037 ], [ 78.4636956, 30.3816544 ], [ 78.4649981, 30.3814102 ] ] } },
{ "type": "Feature", "properties": { "highway": "unclassified", "name": null }, "geometry": { "type": "LineString", "coordinates": [ [ 78.5138921, 30.4160197 ], [ 78.5140905, 30.4161096 ], [ 78.5143616, 30.4163381 ], [ 78.5145095, 30.4165347 ], [ 78.5145835, 30.4168376 ], [ 78.5148423, 30.4169226 ], [ 78.5149717, 30.4171617 ], [ 78.5152921, 30.4172042 ], [ 78.5153599, 30.4173265 ], [ 78.5153168, 30.4177569 ], [ 78.5152983, 30.4179907 ], [ 78.5155448, 30.4183892 ], [ 78.5154462, 30.4186656 ], [ 78.5153907, 30.4186815 ], [ 78.5153722, 30.4184743 ], [ 78.5153537, 30.4183255 ], [ 78.5151134, 30.4180332 ], [ 78.5151257, 30.4175656 ], [ 78.5150087, 30.4174327 ], [ 78.5147375, 30.4174699 ], [ 78.5144972, 30.417353 ], [ 78.514109, 30.4168854 ], [ 78.5140412, 30.416726 ], [ 78.513616, 30.4164656 ], [ 78.5134003, 30.4164497 ], [ 78.5130183, 30.4163327 ], [ 78.5126486, 30.4163381 ], [ 78.512513, 30.4163699 ], [ 78.5125438, 30.416455 ], [ 78.5126979, 30.4164231 ], [ 78.5129135, 30.4164178 ], [ 78.5132586, 30.4165506 ], [ 78.5135852, 30.4166782 ], [ 78.5137516, 30.4169013 ], [ 78.5138132, 30.4171298 ], [ 78.513807, 30.4172574 ], [ 78.5137331, 30.4173211 ], [ 78.5136653, 30.4172786 ], [ 78.5136838, 30.4171511 ], [ 78.5136222, 30.416912 ], [ 78.5134989, 30.4167951 ], [ 78.5131477, 30.4166516 ], [ 78.5128334, 30.4165666 ], [ 78.5123651, 30.4166782 ], [ 78.5122419, 30.4166782 ], [ 78.5119954, 30.4162212 ], [ 78.5120693, 30.4160458 ], [ 78.5120385, 30.4155994 ], [ 78.5121248, 30.4152806 ], [ 78.5123528, 30.4150042 ], [ 78.5125561, 30.4145366 ], [ 78.5128704, 30.4143612 ], [ 78.5130614, 30.4141327 ], [ 78.5130491, 30.4138086 ], [ 78.5131169, 30.4135588 ], [ 78.513579, 30.4131974 ], [ 78.5137886, 30.4128201 ], [ 78.5138933, 30.4120389 ], [ 78.5139857, 30.411566 ], [ 78.5139857, 30.4112099 ], [ 78.5137824, 30.4110824 ], [ 78.5137577, 30.4107263 ], [ 78.5135236, 30.4102374 ], [ 78.5131723, 30.4101789 ], [ 78.5129628, 30.4104021 ], [ 78.5126547, 30.4104553 ], [ 78.5122419, 30.4103331 ], [ 78.5118721, 30.4101577 ], [ 78.5113545, 30.4101152 ], [ 78.5108308, 30.409977 ], [ 78.5105103, 30.4095306 ], [ 78.5104302, 30.4091745 ], [ 78.5106212, 30.4088238 ], [ 78.5105904, 30.4086537 ], [ 78.5104364, 30.4083933 ], [ 78.5102885, 30.4075589 ], [ 78.5098756, 30.4073995 ], [ 78.5097647, 30.4069265 ], [ 78.5090437, 30.4059061 ], [ 78.5089205, 30.4052577 ], [ 78.5084337, 30.4049814 ], [ 78.5083351, 30.404519 ], [ 78.5078298, 30.4038706 ], [ 78.5076018, 30.4035039 ], [ 78.5075648, 30.4030893 ], [ 78.507571, 30.4028874 ], [ 78.5073492, 30.4029352 ], [ 78.5073861, 30.4034135 ], [ 78.507608, 30.4039875 ], [ 78.5077497, 30.4045084 ], [ 78.5078668, 30.4048963 ], [ 78.507799, 30.4056776 ], [ 78.5081194, 30.4061134 ], [ 78.5081934, 30.4062834 ], [ 78.508064, 30.4063153 ], [ 78.5078606, 30.4059221 ], [ 78.5075956, 30.4056563 ], [ 78.5075094, 30.4052258 ], [ 78.5074847, 30.4048432 ], [ 78.5070595, 30.4040938 ], [ 78.5068315, 30.4035092 ], [ 78.5063694, 30.4030043 ], [ 78.5062092, 30.4027173 ], [ 78.5061845, 30.402324 ], [ 78.5060305, 30.4019307 ], [ 78.5056854, 30.4017288 ], [ 78.5057285, 30.4015002 ], [ 78.5059442, 30.4014896 ], [ 78.5060921, 30.4014737 ], [ 78.5064741, 30.401665 ], [ 78.5069794, 30.4018298 ], [ 78.5073307, 30.4019414 ], [ 78.5074354, 30.4019733 ], [ 78.5075094, 30.4018882 ], [ 78.5074293, 30.4017925 ], [ 78.5070041, 30.4017075 ], [ 78.5065912, 30.4014683 ], [ 78.5062277, 30.4012292 ], [ 78.5056916, 30.4010644 ], [ 78.5052664, 30.400889 ], [ 78.5048165, 30.4006817 ], [ 78.5046502, 30.4005489 ], [ 78.504607, 30.4004585 ], [ 78.5047488, 30.4004532 ], [ 78.5050261, 30.4006445 ], [ 78.5053033, 30.4007136 ], [ 78.5057902, 30.4006605 ], [ 78.5060366, 30.4005808 ], [ 78.506468, 30.400788 ], [ 78.5068624, 30.4009581 ], [ 78.5074259, 30.4011246 ] ] } },
{ "type": "Feature", "properties": { "highway": "unclassified", "name": null }, "geometry": { "type": "LineString", "coordinates": [ [ 78.5181951, 30.418747 ], [ 78.5183417, 30.4187493 ], [ 78.5185506, 30.4183647 ], [ 78.5188054, 30.4181175 ], [ 78.5187983, 30.4180199 ], [ 78.5186744, 30.4179497 ], [ 78.518317, 30.4178886 ], [ 78.5180798, 30.4177086 ], [ 78.517917, 30.4177818 ], [ 78.517825, 30.4178856 ], [ 78.5176799, 30.4179069 ], [ 78.5170181, 30.4178032 ], [ 78.5167137, 30.4179314 ], [ 78.5164129, 30.4179558 ], [ 78.5162819, 30.4178917 ], [ 78.5163173, 30.4177543 ], [ 78.516466, 30.4172752 ], [ 78.5165191, 30.4170615 ], [ 78.5165049, 30.4168418 ], [ 78.5163209, 30.4165244 ], [ 78.5161439, 30.4162924 ], [ 78.5158643, 30.4158987 ], [ 78.5157617, 30.4158285 ], [ 78.5155139, 30.4157308 ], [ 78.515206, 30.4155629 ], [ 78.51516, 30.4154714 ], [ 78.5152556, 30.4154714 ], [ 78.5154785, 30.4155935 ], [ 78.5156873, 30.4157033 ], [ 78.5159386, 30.4157369 ], [ 78.5162819, 30.4161306 ], [ 78.5168057, 30.4167685 ], [ 78.5170252, 30.4172935 ], [ 78.5173508, 30.4172935 ], [ 78.5174782, 30.4171683 ], [ 78.517687, 30.4170707 ], [ 78.5177861, 30.416854 ], [ 78.5180126, 30.4167258 ], [ 78.5182462, 30.4167502 ], [ 78.5183842, 30.4168418 ], [ 78.5187169, 30.416915 ], [ 78.518816, 30.41697 ], [ 78.5189293, 30.4172172 ], [ 78.5196725, 30.4171012 ], [ 78.520168, 30.4170981 ], [ 78.520352, 30.4172385 ], [ 78.5211908, 30.4174552 ], [ 78.5215058, 30.4178917 ], [ 78.5219093, 30.4182884 ], [ 78.5218562, 30.4184685 ], [ 78.5216757, 30.4184655 ], [ 78.5214952, 30.418612 ], [ 78.5211554, 30.4186303 ], [ 78.5207661, 30.4187524 ], [ 78.5207449, 30.4188134 ], [ 78.5207413, 30.4188714 ], [ 78.5208829, 30.4188103 ], [ 78.5211519, 30.4187279 ], [ 78.5213748, 30.4187249 ], [ 78.521665, 30.4187676 ], [ 78.521842, 30.4187066 ], [ 78.5221145, 30.4187707 ], [ 78.5224472, 30.4187768 ], [ 78.5225286, 30.4186516 ], [ 78.5224366, 30.4183495 ], [ 78.5224189, 30.4181419 ], [ 78.5220508, 30.4177147 ], [ 78.5219163, 30.4170829 ], [ 78.5217606, 30.4169852 ], [ 78.5217111, 30.416796 ], [ 78.521573, 30.4167685 ], [ 78.5212828, 30.4167899 ], [ 78.5208723, 30.4166251 ], [ 78.5206812, 30.4165366 ], [ 78.5204794, 30.4163656 ], [ 78.5202281, 30.4162863 ], [ 78.5201503, 30.4159719 ], [ 78.519853, 30.4157827 ], [ 78.5196512, 30.4154409 ], [ 78.5195557, 30.4154042 ], [ 78.5192867, 30.4154348 ], [ 78.5189788, 30.4154134 ], [ 78.5186036, 30.4152058 ], [ 78.5183878, 30.4152211 ], [ 78.5182426, 30.4149647 ], [ 78.5181365, 30.4148548 ], [ 78.5179064, 30.414745 ], [ 78.5178073, 30.4145283 ], [ 78.5178038, 30.4143238 ], [ 78.5178427, 30.4143238 ], [ 78.5179312, 30.4144703 ], [ 78.5180338, 30.4146381 ], [ 78.5183701, 30.4146656 ], [ 78.518593, 30.4146961 ], [ 78.5187027, 30.4146961 ], [ 78.5189293, 30.414861 ], [ 78.5190531, 30.4148762 ], [ 78.5192265, 30.4149067 ], [ 78.5193858, 30.4149281 ], [ 78.5195026, 30.4149006 ], [ 78.519807, 30.4147236 ], [ 78.5199556, 30.4146595 ], [ 78.5201326, 30.4148091 ], [ 78.5203626, 30.4151723 ], [ 78.5206741, 30.4153157 ], [ 78.5209961, 30.4154592 ], [ 78.5213253, 30.4157461 ], [ 78.5216438, 30.4158712 ], [ 78.5217015, 30.41585 ], [ 78.521857, 30.415793 ], [ 78.5223746, 30.4158408 ], [ 78.5227381, 30.4159949 ], [ 78.52296, 30.4161809 ], [ 78.5232866, 30.4163935 ], [ 78.5233852, 30.4164041 ], [ 78.5232311, 30.4162553 ], [ 78.5230771, 30.4161703 ], [ 78.5230093, 30.4160693 ], [ 78.522886, 30.415979 ], [ 78.522658, 30.415692 ], [ 78.522313, 30.415607 ], [ 78.5219309, 30.4154263 ], [ 78.5219432, 30.4153572 ], [ 78.522202, 30.4154794 ], [ 78.522658, 30.4155432 ], [ 78.5227874, 30.4155804 ], [ 78.5230463, 30.4158036 ], [ 78.5233174, 30.4158992 ], [ 78.5234961, 30.4161012 ], [ 78.5239767, 30.4163563 ], [ 78.5243218, 30.4165476 ], [ 78.5243952, 30.416522 ], [ 78.5246358, 30.4166655 ], [ 78.5248765, 30.4168455 ], [ 78.5252056, 30.4169371 ], [ 78.5254321, 30.4169737 ], [ 78.5257967, 30.4172728 ], [ 78.5256905, 30.4175353 ], [ 78.5259772, 30.4178283 ], [ 78.5261294, 30.4179687 ], [ 78.5264196, 30.4180389 ], [ 78.5263877, 30.4182556 ], [ 78.5263201, 30.4186934 ], [ 78.526251, 30.419093 ], [ 78.5266616, 30.4193489 ], [ 78.5267633, 30.4196294 ], [ 78.5269259, 30.4198888 ], [ 78.5269015, 30.4201588 ], [ 78.5268243, 30.4203972 ], [ 78.527121, 30.4210563 ], [ 78.5272918, 30.4212456 ], [ 78.5274259, 30.4212806 ], [ 78.527613, 30.4214104 ], [ 78.5276983, 30.421484 ], [ 78.5277634, 30.4214629 ], [ 78.5278203, 30.4214209 ], [ 78.5278528, 30.4212701 ], [ 78.5277593, 30.4210458 ], [ 78.5277309, 30.4208845 ], [ 78.527861, 30.4207162 ], [ 78.5281252, 30.4205444 ], [ 78.5282431, 30.4203656 ], [ 78.5284626, 30.420306 ], [ 78.5288611, 30.4204428 ], [ 78.5293896, 30.4206636 ], [ 78.5295603, 30.4208564 ], [ 78.5297555, 30.421172 ], [ 78.5298752, 30.4212891 ], [ 78.5299731, 30.4212585 ], [ 78.5301701, 30.4207723 ], [ 78.5302108, 30.4203937 ], [ 78.5300035, 30.4201518 ], [ 78.5300116, 30.4197311 ], [ 78.5298815, 30.4190229 ], [ 78.5298571, 30.4188055 ], [ 78.5300319, 30.4184515 ], [ 78.5301945, 30.4183077 ], [ 78.5304547, 30.4180483 ], [ 78.5300278, 30.4174453 ], [ 78.5300807, 30.4172805 ], [ 78.530223, 30.4169685 ], [ 78.5301498, 30.4165758 ], [ 78.5304872, 30.4162147 ], [ 78.5304019, 30.4156783 ], [ 78.530349, 30.4154048 ], [ 78.5304263, 30.4153382 ], [ 78.5307596, 30.4151769 ], [ 78.5309426, 30.414914 ], [ 78.5312597, 30.4149175 ], [ 78.5317353, 30.4153172 ], [ 78.53252, 30.4156643 ], [ 78.5329184, 30.4157204 ], [ 78.5332884, 30.4157835 ], [ 78.5335851, 30.415836 ], [ 78.5338047, 30.4162252 ], [ 78.5339632, 30.4162462 ], [ 78.5341543, 30.4163584 ], [ 78.5344429, 30.4165022 ] ] } },
{ "type": "Feature", "properties": { "highway": "unclassified", "name": null }, "geometry": { "type": "LineString", "coordinates": [ [ 78.5243952, 30.416522 ], [ 78.524148, 30.4163148 ], [ 78.5239852, 30.4156952 ], [ 78.5239533, 30.415036 ], [ 78.5240064, 30.4147735 ], [ 78.5239781, 30.4142394 ], [ 78.524194, 30.4139921 ], [ 78.5242259, 30.4138212 ], [ 78.5244736, 30.4137144 ], [ 78.5245267, 30.4136106 ], [ 78.5244665, 30.4134183 ], [ 78.5244807, 30.4133573 ], [ 78.524332, 30.4131894 ], [ 78.5244134, 30.4130551 ], [ 78.5245444, 30.4127804 ], [ 78.5246612, 30.4125851 ], [ 78.5246753, 30.4121914 ], [ 78.5247355, 30.412115 ], [ 78.5247426, 30.4123592 ], [ 78.5247037, 30.4125179 ], [ 78.5247638, 30.4127255 ], [ 78.5246364, 30.4128567 ], [ 78.5246046, 30.4129849 ], [ 78.5246541, 30.4130704 ], [ 78.524732, 30.4129208 ], [ 78.5248594, 30.4127621 ], [ 78.5248558, 30.4124874 ], [ 78.5249939, 30.4122677 ], [ 78.5252133, 30.4121547 ], [ 78.5253159, 30.412054 ], [ 78.5255495, 30.4119441 ], [ 78.5256769, 30.4117457 ], [ 78.5260202, 30.4114436 ], [ 78.5261441, 30.4113581 ], [ 78.5262007, 30.4111933 ], [ 78.5260946, 30.4110346 ], [ 78.5258114, 30.4109003 ], [ 78.5256876, 30.4109155 ], [ 78.5253726, 30.4110834 ], [ 78.5250576, 30.4111658 ], [ 78.5249125, 30.4113825 ], [ 78.5248134, 30.4113795 ], [ 78.5245125, 30.411236 ], [ 78.5243851, 30.4116755 ], [ 78.5237481, 30.4113703 ], [ 78.5236914, 30.4114649 ], [ 78.5238153, 30.4120387 ], [ 78.5231747, 30.4120509 ], [ 78.5230862, 30.412231 ], [ 78.5232384, 30.4123073 ], [ 78.5232703, 30.412463 ], [ 78.5230969, 30.41264 ], [ 78.5230367, 30.4128323 ], [ 78.522796, 30.4128171 ], [ 78.522612, 30.412933 ], [ 78.5220988, 30.4129971 ], [ 78.5219997, 30.4130551 ], [ 78.5222298, 30.4133939 ], [ 78.5222404, 30.4136015 ], [ 78.5223996, 30.4137846 ], [ 78.5223395, 30.4139586 ], [ 78.5223182, 30.414218 ], [ 78.5222227, 30.4143615 ], [ 78.522113, 30.4144469 ], [ 78.5217378, 30.4143828 ], [ 78.5214016, 30.4147002 ], [ 78.5212883, 30.4147827 ], [ 78.5211397, 30.4147857 ], [ 78.5210583, 30.414685 ], [ 78.5210406, 30.4145354 ], [ 78.5210087, 30.4143035 ], [ 78.5206371, 30.4141997 ], [ 78.5205946, 30.4139921 ], [ 78.5205876, 30.4139403 ], [ 78.5205132, 30.4138365 ], [ 78.5205416, 30.4133909 ], [ 78.5200355, 30.4133756 ], [ 78.5199753, 30.413049 ], [ 78.5200461, 30.4128537 ], [ 78.5199611, 30.4125179 ], [ 78.5196249, 30.4124203 ], [ 78.5195789, 30.4120021 ], [ 78.5194727, 30.4118922 ], [ 78.5192498, 30.4119197 ], [ 78.519048, 30.4121364 ], [ 78.5188498, 30.4123134 ], [ 78.5186481, 30.4123379 ], [ 78.5187543, 30.4127011 ], [ 78.5188569, 30.4131986 ], [ 78.5187401, 30.4136228 ], [ 78.5185525, 30.4138243 ], [ 78.5186481, 30.4140623 ], [ 78.5188427, 30.4140562 ], [ 78.5190091, 30.4140776 ], [ 78.5191471, 30.4142943 ], [ 78.5193064, 30.414508 ], [ 78.519455, 30.4145629 ], [ 78.5196851, 30.4145446 ], [ 78.5199505, 30.4145019 ], [ 78.5200779, 30.414508 ], [ 78.5204212, 30.4148834 ], [ 78.5206159, 30.4151245 ], [ 78.520984, 30.4153381 ], [ 78.5212211, 30.4155732 ], [ 78.5214511, 30.4157044 ], [ 78.5217015, 30.41585 ] ] } },
{ "type": "Feature", "properties": { "highway": "unclassified", "name": null }, "geometry": { "type": "LineString", "coordinates": [ [ 78.5265907, 30.3904701 ], [ 78.5263972, 30.3905795 ], [ 78.5260999, 30.3904696 ], [ 78.5257955, 30.3902926 ], [ 78.5253354, 30.3899079 ], [ 78.5246771, 30.3897919 ], [ 78.5243445, 30.3889676 ], [ 78.5241958, 30.3888577 ], [ 78.5237923, 30.3887905 ], [ 78.5233818, 30.3883814 ], [ 78.5231694, 30.3884364 ], [ 78.5226173, 30.3887295 ], [ 78.5221077, 30.3889371 ], [ 78.5214989, 30.3886745 ], [ 78.5211946, 30.3887722 ], [ 78.5208548, 30.388705 ], [ 78.5203735, 30.3887295 ], [ 78.5201824, 30.3886501 ], [ 78.5193329, 30.3882959 ], [ 78.5188729, 30.3883814 ], [ 78.5179385, 30.3885768 ], [ 78.5176129, 30.3883143 ], [ 78.5171103, 30.3883082 ], [ 78.5164662, 30.3885219 ], [ 78.5159141, 30.3884425 ], [ 78.5155248, 30.3885341 ], [ 78.5145833, 30.3882715 ], [ 78.5137835, 30.3886684 ], [ 78.5137269, 30.38945 ], [ 78.5136632, 30.3899262 ], [ 78.5138401, 30.3900911 ], [ 78.5138543, 30.3903658 ], [ 78.5139321, 30.3905979 ], [ 78.514102, 30.3906833 ], [ 78.5144064, 30.3910253 ], [ 78.5143986, 30.3912416 ], [ 78.5144655, 30.3913715 ], [ 78.513753, 30.3921981 ], [ 78.5137745, 30.3928079 ], [ 78.5139223, 30.3929037 ], [ 78.5139215, 30.3936464 ], [ 78.5137143, 30.3939489 ], [ 78.5137078, 30.3942358 ], [ 78.5125276, 30.3938101 ], [ 78.512298, 30.3935602 ], [ 78.5112831, 30.3935325 ], [ 78.5100386, 30.394643 ], [ 78.5093734, 30.3950872 ], [ 78.5095021, 30.395809 ], [ 78.5091802, 30.3964938 ], [ 78.5094163, 30.3976413 ], [ 78.5098519, 30.3978171 ], [ 78.5099806, 30.3981318 ], [ 78.5099098, 30.3984742 ], [ 78.5102102, 30.3995291 ], [ 78.5101523, 30.399853 ], [ 78.5101244, 30.400621 ], [ 78.5103025, 30.4010745 ], [ 78.5101737, 30.4014631 ], [ 78.5098304, 30.4014446 ], [ 78.5091802, 30.4013058 ], [ 78.5082855, 30.4012966 ], [ 78.5075712, 30.4012084 ] ] } },
{ "type": "Feature", "properties": { "highway": "tertiary", "name": null }, "geometry": { "type": "LineString", "coordinates": [ [ 78.5366678, 30.3878832 ], [ 78.5361099, 30.3882051 ], [ 78.5359745, 30.3883627 ], [ 78.5356808, 30.3886986 ], [ 78.5350585, 30.3889561 ], [ 78.5345312, 30.3894435 ], [ 78.5344926, 30.3898315 ], [ 78.5338084, 30.3902491 ], [ 78.5335219, 30.3905067 ], [ 78.5328177, 30.390676 ], [ 78.5323699, 30.3909673 ], [ 78.5319257, 30.3912306 ], [ 78.5312176, 30.3915095 ], [ 78.5307241, 30.3918743 ], [ 78.5305309, 30.3924966 ], [ 78.5302305, 30.3930974 ], [ 78.530016, 30.3936768 ], [ 78.5295439, 30.3941488 ], [ 78.5290074, 30.3945136 ], [ 78.5283208, 30.3948784 ], [ 78.5277414, 30.3951573 ], [ 78.5270762, 30.3954792 ], [ 78.5263896, 30.3954363 ], [ 78.5258102, 30.3950715 ], [ 78.52566, 30.3944063 ], [ 78.5255957, 30.393827 ], [ 78.5252094, 30.3932905 ], [ 78.5246944, 30.3928614 ], [ 78.5240507, 30.3926897 ], [ 78.5233426, 30.3924322 ], [ 78.5226705, 30.3920328 ], [ 78.5224516, 30.3919077 ], [ 78.5224101, 30.391884 ], [ 78.52139, 30.3919816 ], [ 78.5207248, 30.3918958 ], [ 78.5200596, 30.3917885 ], [ 78.5194802, 30.3914881 ], [ 78.5187507, 30.3914022 ], [ 78.5180211, 30.391295 ], [ 78.5173774, 30.3911233 ], [ 78.5167551, 30.3908443 ], [ 78.5163318, 30.3907668 ], [ 78.5161725, 30.390793 ], [ 78.5160519, 30.3909727 ], [ 78.5160549, 30.3912412 ], [ 78.5162187, 30.3915525 ], [ 78.5160041, 30.3921533 ], [ 78.5162187, 30.3927541 ], [ 78.5162187, 30.3933978 ], [ 78.516047, 30.3940201 ], [ 78.5159826, 30.3946209 ], [ 78.5156393, 30.3951573 ], [ 78.5156822, 30.3957367 ], [ 78.5157514, 30.3960869 ], [ 78.5157302, 30.3962913 ], [ 78.5156414, 30.3964141 ], [ 78.5155352, 30.3964108 ], [ 78.5151458, 30.3961444 ], [ 78.5148752, 30.395992 ], [ 78.5144528, 30.395976 ], [ 78.5137725, 30.3958225 ], [ 78.5130858, 30.3957367 ], [ 78.512485, 30.3954577 ], [ 78.5122579, 30.3954456 ], [ 78.5120189, 30.3955732 ], [ 78.5118198, 30.3957367 ], [ 78.5114551, 30.3962731 ], [ 78.5112405, 30.3968525 ], [ 78.5112619, 30.3974962 ], [ 78.5111547, 30.3981185 ], [ 78.5108542, 30.3986979 ], [ 78.5109186, 30.3993416 ], [ 78.5107899, 30.3999639 ], [ 78.5106826, 30.4006076 ], [ 78.5106397, 30.4011655 ], [ 78.5106504, 30.4013412 ], [ 78.5104439, 30.4014661 ], [ 78.5103339, 30.4016811 ], [ 78.5102212, 30.4017669 ], [ 78.51013, 30.4017715 ], [ 78.5100442, 30.4017322 ], [ 78.5099503, 30.4016489 ], [ 78.5097814, 30.4015303 ], [ 78.5096231, 30.4014985 ], [ 78.5088802, 30.4015396 ], [ 78.5082579, 30.4014015 ], [ 78.5075712, 30.4012084 ], [ 78.5074259, 30.4011246 ], [ 78.5072735, 30.4009826 ], [ 78.5070133, 30.4008865 ], [ 78.5067666, 30.400742 ], [ 78.506442, 30.4005072 ], [ 78.506088, 30.4004112 ], [ 78.5057044, 30.400393 ], [ 78.5055032, 30.4004529 ], [ 78.5052699, 30.400432 ], [ 78.5050392, 30.4003286 ], [ 78.5048434, 30.4001753 ], [ 78.5046959, 30.3998351 ], [ 78.504138, 30.3994274 ], [ 78.5037625, 30.3993494 ], [ 78.5035157, 30.3991485 ], [ 78.5032099, 30.3989815 ], [ 78.5028667, 30.3991727 ], [ 78.5025179, 30.3992776 ], [ 78.5024214, 30.3994489 ], [ 78.5023516, 30.3999254 ], [ 78.5024428, 30.4000497 ], [ 78.5026574, 30.4005861 ], [ 78.5026574, 30.4012299 ], [ 78.502593, 30.4018736 ], [ 78.5025716, 30.4024744 ], [ 78.5026332, 30.4030277 ], [ 78.5025769, 30.403377 ], [ 78.5026091, 30.4035297 ], [ 78.5027728, 30.4036777 ], [ 78.5031536, 30.403876 ], [ 78.5035586, 30.40447 ], [ 78.5041595, 30.4047918 ], [ 78.5046101, 30.4052639 ], [ 78.5049319, 30.4058218 ], [ 78.5052618, 30.406745 ], [ 78.5054335, 30.4073695 ], [ 78.5054121, 30.4078996 ], [ 78.5056696, 30.4082976 ], [ 78.5056491, 30.408331 ] ] } },
{ "type": "Feature", "properties": { "highway": "tertiary", "name": null }, "geometry": { "type": "LineString", "coordinates": [ [ 78.5056491, 30.408331 ], [ 78.5054898, 30.4084687 ] ] } },
{ "type": "Feature", "properties": { "highway": "unclassified", "name": null }, "geometry": { "type": "LineString", "coordinates": [ [ 78.4907672, 30.40412 ], [ 78.4908125, 30.4036104 ], [ 78.4907803, 30.403268 ], [ 78.4910271, 30.4030645 ], [ 78.4910056, 30.4027869 ], [ 78.4908018, 30.402537 ], [ 78.4907267, 30.4020281 ], [ 78.4909734, 30.4017227 ], [ 78.4910485, 30.4010379 ], [ 78.4912094, 30.4008251 ], [ 78.4912953, 30.4005475 ], [ 78.491585, 30.4003809 ], [ 78.4915662, 30.399909 ], [ 78.4916815, 30.3990484 ], [ 78.4916601, 30.3987893 ], [ 78.4914884, 30.3982722 ], [ 78.4911987, 30.3979472 ], [ 78.4910056, 30.3975307 ], [ 78.4910056, 30.3973642 ], [ 78.4906194, 30.3967719 ], [ 78.4903404, 30.3965961 ], [ 78.4901902, 30.3963462 ], [ 78.4901366, 30.3960778 ], [ 78.4902009, 30.3959483 ], [ 78.490422, 30.3959108 ], [ 78.4910764, 30.3961514 ], [ 78.491806, 30.3962254 ], [ 78.4919927, 30.3961611 ], [ 78.4922287, 30.3957262 ], [ 78.4922072, 30.3953745 ], [ 78.4922072, 30.395245 ], [ 78.4923574, 30.3951709 ], [ 78.4925613, 30.3953468 ], [ 78.4927759, 30.3955874 ], [ 78.4930226, 30.3964202 ], [ 78.4930548, 30.397105 ], [ 78.4931085, 30.397614 ], [ 78.4933016, 30.3980397 ], [ 78.4933981, 30.3979842 ], [ 78.4932587, 30.397688 ], [ 78.4931728, 30.3971883 ], [ 78.493205, 30.3964665 ], [ 78.4931299, 30.3959668 ], [ 78.4930763, 30.3955226 ], [ 78.4931621, 30.3955503 ], [ 78.4932479, 30.3961519 ], [ 78.4933659, 30.396448 ], [ 78.4933874, 30.397068 ], [ 78.4936342, 30.3976325 ], [ 78.4938273, 30.3977251 ], [ 78.4938917, 30.398234 ], [ 78.4942843, 30.39865 ], [ 78.4950783, 30.3989831 ], [ 78.4954752, 30.3989369 ], [ 78.4957156, 30.3991594 ], [ 78.4959688, 30.3990572 ], [ 78.496252, 30.3991409 ], [ 78.4964022, 30.3994093 ], [ 78.4963915, 30.3997239 ], [ 78.4965159, 30.3997975 ], [ 78.4968099, 30.3995851 ], [ 78.4972283, 30.3998997 ], [ 78.4974493, 30.4001028 ], [ 78.4975582, 30.4003393 ], [ 78.4976604, 30.4003217 ] ] } },
{ "type": "Feature", "properties": { "highway": "unclassified", "name": null }, "geometry": { "type": "LineString", "coordinates": [ [ 78.4976604, 30.4003217 ], [ 78.4977528, 30.4003059 ] ] } },
{ "type": "Feature", "properties": { "highway": "unclassified", "name": null }, "geometry": { "type": "LineString", "coordinates": [ [ 78.4865424, 30.4040083 ], [ 78.4862532, 30.4043652 ], [ 78.4861191, 30.4045781 ], [ 78.4861459, 30.4049713 ], [ 78.4856845, 30.4053322 ], [ 78.4852393, 30.4055173 ], [ 78.4850676, 30.4059846 ], [ 78.485588, 30.4062714 ], [ 78.4857489, 30.4067711 ], [ 78.4863658, 30.4071088 ], [ 78.4866466, 30.4078242 ], [ 78.4869174, 30.408227 ], [ 78.4865532, 30.4093547 ], [ 78.486357, 30.4098461 ], [ 78.4870015, 30.4103857 ], [ 78.4870669, 30.4105952 ], [ 78.4870856, 30.4112718 ], [ 78.4870949, 30.4115376 ], [ 78.4868801, 30.4116745 ], [ 78.4866559, 30.4122706 ], [ 78.4866279, 30.4124881 ], [ 78.486357, 30.4125928 ], [ 78.485834, 30.4125203 ], [ 78.4854697, 30.4126089 ], [ 78.4852829, 30.4121981 ], [ 78.4845824, 30.4123914 ], [ 78.4837605, 30.4122303 ], [ 78.4823222, 30.41248 ], [ 78.4818458, 30.4125122 ], [ 78.4815003, 30.4122142 ], [ 78.4810519, 30.4121337 ], [ 78.4807717, 30.4132694 ], [ 78.4803141, 30.4137849 ], [ 78.4798004, 30.4154442 ], [ 78.4796136, 30.4162496 ], [ 78.4798191, 30.4170148 ], [ 78.4795669, 30.4183438 ], [ 78.4800619, 30.419568 ], [ 78.4803514, 30.4202285 ], [ 78.4801179, 30.420309 ], [ 78.4799218, 30.4200916 ], [ 78.4789971, 30.4201721 ], [ 78.4785115, 30.4199224 ], [ 78.4772599, 30.4200916 ], [ 78.476905, 30.4200271 ], [ 78.4758682, 30.4204379 ], [ 78.4756534, 30.4202607 ], [ 78.4752985, 30.420309 ], [ 78.474626, 30.420003 ], [ 78.4727954, 30.4219923 ], [ 78.4725899, 30.4227333 ], [ 78.4716746, 30.4232085 ], [ 78.4714317, 30.4239172 ], [ 78.4706005, 30.4245535 ], [ 78.4701148, 30.4246421 ], [ 78.4697692, 30.4246099 ], [ 78.469405, 30.4248837 ], [ 78.4689006, 30.4256891 ], [ 78.4689847, 30.4265669 ], [ 78.4695357, 30.4270743 ], [ 78.4702082, 30.4272837 ], [ 78.4703857, 30.427485 ], [ 78.4707873, 30.4275817 ], [ 78.4715625, 30.4286689 ], [ 78.4718147, 30.429434 ], [ 78.4727674, 30.4299575 ], [ 78.4736453, 30.4308111 ], [ 78.4736827, 30.4314312 ], [ 78.4739391, 30.4319279 ], [ 78.4739329, 30.4321948 ], [ 78.473608, 30.4322124 ], [ 78.4729635, 30.4316809 ], [ 78.4722256, 30.4316648 ], [ 78.4718801, 30.4311574 ], [ 78.4709087, 30.4306339 ], [ 78.4702736, 30.4305695 ], [ 78.4699093, 30.4301749 ], [ 78.4696291, 30.4301185 ], [ 78.4693022, 30.4298528 ], [ 78.4686111, 30.4298125 ], [ 78.4678545, 30.4301588 ], [ 78.4672381, 30.4301991 ], [ 78.4664348, 30.4306178 ], [ 78.46622, 30.4305534 ], [ 78.4660986, 30.4302393 ], [ 78.4652393, 30.4303923 ], [ 78.4650805, 30.4303843 ], [ 78.4635768, 30.4298769 ], [ 78.4628856, 30.4304729 ], [ 78.4629043, 30.4313668 ], [ 78.4627642, 30.4315601 ], [ 78.4627082, 30.4326795 ], [ 78.4615874, 30.4329694 ], [ 78.4599249, 30.4325989 ], [ 78.4590749, 30.433372 ], [ 78.4579448, 30.4341693 ], [ 78.4578683, 30.4352145 ], [ 78.457478, 30.4357052 ], [ 78.4579496, 30.4364623 ], [ 78.4578846, 30.43757 ], [ 78.4574618, 30.4376962 ], [ 78.4573479, 30.4373456 ], [ 78.4562584, 30.4374999 ], [ 78.4555591, 30.4371774 ], [ 78.4554453, 30.4367708 ], [ 78.4549087, 30.4367848 ], [ 78.4541606, 30.4368549 ], [ 78.4539329, 30.4365605 ], [ 78.4538354, 30.4364203 ], [ 78.4535914, 30.4366586 ], [ 78.4533638, 30.4381028 ], [ 78.4531036, 30.4383551 ], [ 78.4526157, 30.4384252 ], [ 78.4525182, 30.438944 ], [ 78.4520954, 30.4390982 ], [ 78.4514774, 30.4397432 ], [ 78.4513636, 30.4404302 ], [ 78.4515587, 30.4407807 ], [ 78.4515262, 30.441033 ], [ 78.4515912, 30.4416079 ], [ 78.451949, 30.4422668 ], [ 78.4506968, 30.4422808 ], [ 78.450274, 30.4421126 ], [ 78.4495097, 30.4421546 ], [ 78.4491357, 30.4414957 ], [ 78.4489893, 30.4412153 ], [ 78.4485828, 30.4414116 ], [ 78.4482901, 30.4419303 ], [ 78.4480787, 30.4421126 ], [ 78.4477697, 30.4431501 ], [ 78.4473957, 30.4434585 ], [ 78.4471192, 30.4431921 ], [ 78.4465175, 30.4433463 ], [ 78.4460785, 30.4428136 ], [ 78.4455256, 30.4426734 ], [ 78.4449239, 30.4430239 ], [ 78.4433465, 30.4430099 ], [ 78.4432485, 30.4430471 ], [ 78.4429399, 30.4431641 ], [ 78.4429237, 30.4441735 ], [ 78.443005, 30.4450287 ], [ 78.4437693, 30.4457577 ], [ 78.4446312, 30.4462764 ], [ 78.4444685, 30.4483373 ], [ 78.4445498, 30.44887 ], [ 78.4449727, 30.4498093 ], [ 78.4449725, 30.4499453 ] ] } },
{ "type": "Feature", "properties": { "highway": "unclassified", "name": null }, "geometry": { "type": "LineString", "coordinates": [ [ 78.4980568, 30.361057 ], [ 78.4980601, 30.3611421 ], [ 78.498036, 30.36123 ], [ 78.4979823, 30.3613319 ], [ 78.4979367, 30.3614453 ], [ 78.4980038, 30.3615517 ], [ 78.4980601, 30.3616674 ], [ 78.4981003, 30.3617554 ], [ 78.4981996, 30.3620354 ], [ 78.4982452, 30.3622159 ], [ 78.498264, 30.3623502 ], [ 78.4983498, 30.3623988 ], [ 78.4983578, 30.3623247 ], [ 78.4983444, 30.3622044 ], [ 78.4983981, 30.3619637 ], [ 78.4984034, 30.3618341 ], [ 78.4985536, 30.361635 ], [ 78.498559, 30.3615124 ], [ 78.4985536, 30.3612323 ], [ 78.4985268, 30.361112 ], [ 78.4985349, 30.3610264 ], [ 78.4985644, 30.3608759 ], [ 78.498559, 30.3607533 ], [ 78.4985027, 30.3604663 ], [ 78.4984812, 30.3603876 ], [ 78.4985134, 30.360302 ], [ 78.4985778, 30.3602001 ], [ 78.4985483, 30.3600821 ], [ 78.4984866, 30.3599779 ], [ 78.4984437, 30.3598831 ], [ 78.4985027, 30.3597974 ], [ 78.4985939, 30.3598391 ], [ 78.4986663, 30.3599826 ], [ 78.4986958, 30.3601238 ], [ 78.4986824, 30.3602163 ], [ 78.4986475, 30.360339 ], [ 78.4986636, 30.3604871 ], [ 78.4987441, 30.3606676 ], [ 78.4988728, 30.3608111 ], [ 78.4989801, 30.3609338 ], [ 78.499082, 30.3610495 ], [ 78.4991276, 30.3611722 ], [ 78.4990498, 30.3613295 ], [ 78.498964, 30.3614013 ], [ 78.4988862, 30.3616003 ], [ 78.4989157, 30.3616489 ], [ 78.4989962, 30.3616721 ], [ 78.4991732, 30.3616628 ], [ 78.4995139, 30.3617045 ], [ 78.499597, 30.3618086 ], [ 78.4996426, 30.3619174 ], [ 78.4995487, 30.362209 ], [ 78.4996292, 30.3623432 ], [ 78.4996158, 30.3625862 ], [ 78.4996399, 30.3627482 ], [ 78.4997097, 30.3628616 ], [ 78.4998921, 30.3629635 ], [ 78.4999859, 30.363269 ], [ 78.4999618, 30.3632944 ], [ 78.4998277, 30.3633847 ], [ 78.4998062, 30.3635351 ], [ 78.4997901, 30.3637712 ], [ 78.4997231, 30.3640234 ], [ 78.4996614, 30.3642248 ], [ 78.4996533, 30.3643196 ], [ 78.4997097, 30.3644122 ], [ 78.4997714, 30.3645626 ], [ 78.4997633, 30.3646992 ], [ 78.4998196, 30.3648195 ], [ 78.5000798, 30.3651991 ], [ 78.5001335, 30.3652708 ], [ 78.500222, 30.3652916 ], [ 78.5003185, 30.3652685 ], [ 78.50045, 30.3652847 ], [ 78.5005546, 30.3654143 ], [ 78.5007343, 30.3655694 ], [ 78.5008845, 30.3657661 ], [ 78.5010266, 30.3658933 ], [ 78.50115, 30.3660021 ], [ 78.5012573, 30.3661549 ], [ 78.5013378, 30.3664025 ], [ 78.5015255, 30.366738 ], [ 78.5016382, 30.3669116 ], [ 78.5017508, 30.3670921 ], [ 78.501775, 30.3673328 ], [ 78.5017696, 30.3674879 ], [ 78.5017696, 30.3677517 ], [ 78.5017455, 30.3678813 ], [ 78.5017133, 30.3680086 ], [ 78.5017079, 30.3681127 ], [ 78.5017347, 30.3681752 ], [ 78.5018501, 30.3682307 ], [ 78.5019332, 30.3682677 ], [ 78.5020405, 30.3683048 ], [ 78.502129, 30.3683441 ], [ 78.5022497, 30.3684182 ], [ 78.5022792, 30.3685686 ], [ 78.5023168, 30.3688972 ], [ 78.5023275, 30.3690199 ], [ 78.502298, 30.3692142 ], [ 78.5022283, 30.3693369 ], [ 78.5021397, 30.3694156 ], [ 78.5019627, 30.3694943 ], [ 78.5017937, 30.3695105 ], [ 78.5015979, 30.3695845 ], [ 78.5013324, 30.3698298 ], [ 78.5013136, 30.3699779 ], [ 78.5013592, 30.3701584 ], [ 78.5013995, 30.3702788 ], [ 78.5013914, 30.3705611 ], [ 78.5013431, 30.3707856 ], [ 78.5012385, 30.370892 ], [ 78.5010964, 30.3709591 ], [ 78.5009515, 30.3710077 ], [ 78.5008094, 30.3711188 ], [ 78.5007101, 30.3712831 ], [ 78.500568, 30.3714798 ], [ 78.5005063, 30.3718176 ], [ 78.5005546, 30.3719264 ], [ 78.5006458, 30.3720467 ], [ 78.5007128, 30.3722226 ], [ 78.5007101, 30.3724425 ], [ 78.5006753, 30.3727132 ], [ 78.5006109, 30.3728636 ], [ 78.5004929, 30.3730256 ], [ 78.5003588, 30.3731483 ], [ 78.500171, 30.3732593 ], [ 78.4999859, 30.3733611 ], [ 78.4997848, 30.3734583 ], [ 78.4996131, 30.3735278 ], [ 78.4994388, 30.3735092 ], [ 78.4992295, 30.3734792 ], [ 78.4990177, 30.3733773 ], [ 78.4986663, 30.3732917 ], [ 78.4984598, 30.3732709 ], [ 78.4983417, 30.3732015 ], [ 78.4982854, 30.3730997 ], [ 78.4981862, 30.3729654 ], [ 78.4979475, 30.3727873 ], [ 78.4978455, 30.3726137 ], [ 78.497588, 30.3723106 ], [ 78.4973654, 30.3721879 ], [ 78.4971133, 30.3721046 ], [ 78.4968987, 30.3720676 ], [ 78.4966922, 30.3720977 ], [ 78.4961933, 30.3723406 ], [ 78.4960914, 30.3723915 ], [ 78.4959009, 30.3724286 ], [ 78.4957212, 30.3724679 ], [ 78.4955147, 30.3725605 ], [ 78.495276, 30.3726831 ], [ 78.4946135, 30.3730904 ], [ 78.4943479, 30.3732802 ], [ 78.4942111, 30.3733496 ], [ 78.4940717, 30.3734329 ], [ 78.4939697, 30.3735023 ], [ 78.4938732, 30.3735648 ], [ 78.4937954, 30.3736504 ], [ 78.4937042, 30.3737013 ], [ 78.4936076, 30.37378 ] ] } },
{ "type": "Feature", "properties": { "highway": "unclassified", "name": null }, "geometry": { "type": "LineString", "coordinates": [ [ 78.493688, 30.377744 ], [ 78.4933716, 30.3778295 ], [ 78.4930015, 30.3779267 ], [ 78.4928083, 30.3778758 ], [ 78.4925991, 30.3778272 ], [ 78.492288, 30.3778133 ], [ 78.4921271, 30.3777856 ], [ 78.4917569, 30.3777161 ], [ 78.4911722, 30.377568 ], [ 78.4909335, 30.3773667 ], [ 78.490676, 30.3772163 ], [ 78.4904909, 30.3770983 ], [ 78.4901583, 30.3767998 ], [ 78.4899223, 30.3767697 ], [ 78.489646, 30.3767743 ], [ 78.4894636, 30.3767003 ], [ 78.4893054, 30.3766633 ], [ 78.4891605, 30.3767119 ], [ 78.4890345, 30.3768114 ], [ 78.4887958, 30.3770821 ], [ 78.4886858, 30.3771608 ], [ 78.4886187, 30.3771677 ], [ 78.4886831, 30.3770219 ], [ 78.4887448, 30.3768715 ], [ 78.4888574, 30.3766656 ], [ 78.4890184, 30.3764758 ], [ 78.4891927, 30.3764249 ], [ 78.4893322, 30.3764504 ], [ 78.4894207, 30.3764643 ], [ 78.48952, 30.3764735 ], [ 78.489587, 30.3764527 ], [ 78.4897238, 30.3763463 ], [ 78.4900698, 30.376138 ], [ 78.4901878, 30.3761311 ], [ 78.4903863, 30.3762074 ], [ 78.4905097, 30.3762676 ], [ 78.4907645, 30.3763509 ], [ 78.4910837, 30.3764249 ], [ 78.4913117, 30.3764851 ], [ 78.491537, 30.3765267 ], [ 78.4917569, 30.3765823 ], [ 78.49195, 30.3766401 ] ] } },
{ "type": "Feature", "properties": { "highway": "unclassified", "name": null }, "geometry": { "type": "LineString", "coordinates": [ [ 78.5142968, 30.3563724 ], [ 78.514891, 30.356629 ], [ 78.5150519, 30.3568789 ], [ 78.5149768, 30.3571844 ], [ 78.5149795, 30.3573557 ], [ 78.5149151, 30.3574807 ], [ 78.5148722, 30.3575872 ], [ 78.5148132, 30.3577121 ], [ 78.5147515, 30.357814 ], [ 78.514671, 30.3578996 ], [ 78.5146093, 30.3579065 ], [ 78.5142902, 30.35802 ], [ 78.5141346, 30.3581125 ], [ 78.5139951, 30.3581635 ], [ 78.513869, 30.3582236 ], [ 78.5137376, 30.3583023 ], [ 78.5133728, 30.358462 ], [ 78.5132253, 30.3585384 ], [ 78.5130751, 30.3586287 ], [ 78.5130268, 30.3587235 ], [ 78.5130322, 30.3588346 ], [ 78.5130644, 30.358874 ], [ 78.5131878, 30.3588069 ], [ 78.5133058, 30.3587097 ], [ 78.5134184, 30.3586287 ], [ 78.5137108, 30.3584944 ], [ 78.5138878, 30.3583879 ], [ 78.5140273, 30.3583579 ], [ 78.5141695, 30.3583046 ], [ 78.5143787, 30.358263 ], [ 78.5145611, 30.3582097 ], [ 78.514722, 30.3581334 ], [ 78.51484, 30.3580709 ], [ 78.5149366, 30.3580524 ], [ 78.5150009, 30.3580732 ], [ 78.5149366, 30.3581935 ], [ 78.5146657, 30.3582861 ], [ 78.5145101, 30.3583208 ], [ 78.5143813, 30.3584065 ], [ 78.514215, 30.3585245 ], [ 78.5141373, 30.358587 ], [ 78.5139307, 30.3588462 ], [ 78.5137349, 30.3589804 ], [ 78.513633, 30.3590684 ], [ 78.5135847, 30.3592026 ], [ 78.5136035, 30.3592674 ], [ 78.5136491, 30.3594063 ], [ 78.5135096, 30.3597419 ], [ 78.5134855, 30.3598738 ], [ 78.5134533, 30.3600011 ], [ 78.5133997, 30.3600821 ], [ 78.5133514, 30.3601284 ], [ 78.5132629, 30.3601562 ], [ 78.5131663, 30.3601515 ], [ 78.513059, 30.3601492 ], [ 78.5127586, 30.3602163 ], [ 78.5124823, 30.3603922 ], [ 78.5120854, 30.3607301 ], [ 78.5119942, 30.3609037 ], [ 78.5119405, 30.3609824 ], [ 78.5118064, 30.3610588 ], [ 78.5116857, 30.3610935 ], [ 78.5115972, 30.3611328 ], [ 78.5114872, 30.3612856 ], [ 78.511396, 30.3613805 ], [ 78.5112298, 30.3614591 ], [ 78.5111198, 30.3614985 ], [ 78.5106799, 30.3616929 ], [ 78.5104224, 30.3617392 ], [ 78.510063, 30.3618503 ], [ 78.5099074, 30.361959 ], [ 78.5096419, 30.3620701 ], [ 78.5095909, 30.3621372 ], [ 78.5095265, 30.3621673 ], [ 78.5094085, 30.3621697 ], [ 78.5093227, 30.3621488 ], [ 78.5089606, 30.361959 ], [ 78.5088131, 30.3618804 ], [ 78.508679, 30.3618086 ], [ 78.5086066, 30.3614591 ], [ 78.5085851, 30.3613157 ], [ 78.5084832, 30.3611976 ], [ 78.5082686, 30.3611606 ], [ 78.5081908, 30.3611675 ], [ 78.5078609, 30.3613527 ], [ 78.5076302, 30.3615772 ], [ 78.5072601, 30.3617785 ], [ 78.5069999, 30.3618572 ], [ 78.50656, 30.3620516 ], [ 78.5060585, 30.3622599 ], [ 78.5058975, 30.362327 ], [ 78.5058036, 30.3623849 ], [ 78.5057956, 30.3624566 ], [ 78.5058948, 30.3625029 ], [ 78.5060826, 30.3624335 ], [ 78.5061631, 30.3623664 ], [ 78.5063669, 30.3623293 ], [ 78.5066405, 30.3622483 ], [ 78.5067746, 30.3622345 ], [ 78.5069892, 30.3622622 ], [ 78.5071233, 30.3622854 ], [ 78.507252, 30.36229 ], [ 78.5073942, 30.3622507 ], [ 78.5075162, 30.3622391 ], [ 78.5076517, 30.3622645 ], [ 78.5078542, 30.36229 ], [ 78.5080191, 30.3623305 ], [ 78.5081345, 30.362371 ], [ 78.5082069, 30.3624127 ], [ 78.5084107, 30.3626186 ], [ 78.5085234, 30.3627066 ], [ 78.5086334, 30.3627482 ], [ 78.5088828, 30.3627783 ], [ 78.5089982, 30.3628038 ], [ 78.5090867, 30.3628454 ], [ 78.5091966, 30.3628686 ], [ 78.5092717, 30.3628385 ], [ 78.5096446, 30.3626927 ], [ 78.5097921, 30.3626927 ], [ 78.5099664, 30.3627089 ], [ 78.5101327, 30.3626927 ], [ 78.510299, 30.3626533 ], [ 78.5104224, 30.3626395 ], [ 78.510586, 30.3626533 ], [ 78.5107255, 30.3627019 ], [ 78.5108247, 30.3627297 ], [ 78.5109213, 30.3627644 ], [ 78.5111359, 30.3628339 ], [ 78.511329, 30.3628593 ], [ 78.5114631, 30.3628524 ], [ 78.5116214, 30.3627829 ], [ 78.5117823, 30.3627436 ], [ 78.5119459, 30.3626996 ], [ 78.5119861, 30.3626973 ], [ 78.5122007, 30.3626881 ], [ 78.5123724, 30.3626348 ], [ 78.5125118, 30.3625862 ], [ 78.5126728, 30.3625515 ], [ 78.5127774, 30.362496 ], [ 78.5129169, 30.3624335 ], [ 78.5130832, 30.3623178 ], [ 78.5132092, 30.3622391 ], [ 78.5133192, 30.3621673 ], [ 78.5134748, 30.3620701 ], [ 78.5136706, 30.3618942 ], [ 78.5137832, 30.3617531 ], [ 78.5138637, 30.3616397 ], [ 78.5139361, 30.3614962 ], [ 78.5140327, 30.3613874 ], [ 78.5141131, 30.3613319 ], [ 78.5143679, 30.3612231 ], [ 78.5145584, 30.361105 ], [ 78.5147139, 30.3609708 ], [ 78.5148159, 30.3609176 ], [ 78.5149258, 30.3608898 ], [ 78.5149875, 30.3608806 ], [ 78.5150787, 30.3608389 ], [ 78.5151163, 30.3607371 ], [ 78.5151592, 30.3606028 ], [ 78.5151914, 30.3605241 ], [ 78.5153201, 30.3603691 ], [ 78.5153952, 30.3603112 ], [ 78.5155132, 30.3602765 ], [ 78.5156178, 30.3602302 ], [ 78.515752, 30.3601376 ], [ 78.5158458, 30.3600682 ], [ 78.5159585, 30.3599779 ], [ 78.5161462, 30.3598275 ], [ 78.516275, 30.3597511 ], [ 78.5164118, 30.3596979 ], [ 78.5165888, 30.3596516 ], [ 78.5167336, 30.3595868 ], [ 78.5167739, 30.3595058 ], [ 78.5167739, 30.3593924 ], [ 78.5168356, 30.3592906 ], [ 78.5169589, 30.3592489 ], [ 78.5170957, 30.3592489 ], [ 78.517195, 30.3592582 ], [ 78.5173184, 30.3592651 ], [ 78.5173774, 30.3592582 ], [ 78.5174713, 30.3592188 ], [ 78.5175464, 30.359029 ], [ 78.5175571, 30.3589249 ], [ 78.5175276, 30.3587745 ], [ 78.5175088, 30.3585986 ], [ 78.5174847, 30.3584736 ], [ 78.5175115, 30.3583602 ], [ 78.5175866, 30.3581357 ], [ 78.5176536, 30.3579852 ], [ 78.5178092, 30.3576751 ], [ 78.517946, 30.3573465 ], [ 78.5179889, 30.3572469 ], [ 78.5180372, 30.3571243 ], [ 78.5180452, 30.3570155 ] ] } },
{ "type": "Feature", "properties": { "highway": "path", "name": null }, "geometry": { "type": "LineString", "coordinates": [ [ 78.5483463, 30.3723854 ], [ 78.5482343, 30.3725484 ], [ 78.5481825, 30.3726554 ], [ 78.5480055, 30.3727711 ], [ 78.5478392, 30.3729006 ], [ 78.5476702, 30.3729654 ], [ 78.5474583, 30.3729145 ], [ 78.5471633, 30.3728752 ], [ 78.5470346, 30.3729446 ], [ 78.5467985, 30.3730279 ], [ 78.5466269, 30.3732061 ], [ 78.5464257, 30.373338 ], [ 78.5462996, 30.3734398 ], [ 78.5461521, 30.3734838 ], [ 78.5458571, 30.3735278 ], [ 78.545444, 30.3735972 ], [ 78.5451758, 30.3736828 ], [ 78.5450202, 30.373736 ], [ 78.544693, 30.3738355 ], [ 78.5444409, 30.3740276 ], [ 78.5441929, 30.3741207 ], [ 78.5440358, 30.3743099 ], [ 78.5439286, 30.3744673 ], [ 78.5436657, 30.3746246 ], [ 78.5433707, 30.3747496 ], [ 78.5432982, 30.3749046 ], [ 78.54314, 30.375055 ], [ 78.542904, 30.3751569 ], [ 78.5425499, 30.3753073 ], [ 78.5425875, 30.3754716 ], [ 78.5425955, 30.3755225 ], [ 78.5426787, 30.3756983 ], [ 78.5426626, 30.3757724 ], [ 78.5425445, 30.3757678 ], [ 78.5423675, 30.3756289 ], [ 78.542102, 30.3756127 ], [ 78.5418901, 30.3757238 ], [ 78.541764, 30.3757631 ], [ 78.5417157, 30.3758858 ], [ 78.5417506, 30.3759691 ], [ 78.5417265, 30.3760709 ], [ 78.5415977, 30.376182 ], [ 78.5412329, 30.3762468 ], [ 78.5410345, 30.3763231 ], [ 78.5409299, 30.376411 ], [ 78.5407582, 30.3766031 ], [ 78.5406643, 30.3768438 ], [ 78.5405678, 30.3769919 ], [ 78.5405865, 30.3771538 ], [ 78.5406321, 30.377251 ], [ 78.5406321, 30.3773528 ], [ 78.5404766, 30.3775657 ], [ 78.5404202, 30.3776837 ], [ 78.5403049, 30.3777092 ], [ 78.5402137, 30.3776236 ], [ 78.5401171, 30.3775171 ], [ 78.5399267, 30.3774269 ], [ 78.5395914, 30.3774269 ], [ 78.5393581, 30.3775403 ], [ 78.5392079, 30.3777046 ], [ 78.5390657, 30.3777832 ], [ 78.5390308, 30.3779198 ], [ 78.5390282, 30.3779938 ], [ 78.5391006, 30.3780632 ], [ 78.5391435, 30.3782067 ], [ 78.5392857, 30.3784057 ], [ 78.5391757, 30.378644 ], [ 78.5391328, 30.3788014 ], [ 78.5391462, 30.3789564 ], [ 78.5388458, 30.3791138 ], [ 78.5386607, 30.3792734 ], [ 78.5386205, 30.3793868 ], [ 78.538591, 30.3794932 ], [ 78.538481, 30.3795696 ], [ 78.5381833, 30.3794354 ], [ 78.5379714, 30.3792919 ], [ 78.5377809, 30.3792086 ], [ 78.5375771, 30.3793012 ], [ 78.537451, 30.3794585 ], [ 78.5372767, 30.3795303 ], [ 78.5370648, 30.3795719 ], [ 78.5369951, 30.3796691 ], [ 78.5367832, 30.3798426 ], [ 78.5366169, 30.3799607 ], [ 78.5364693, 30.3800486 ], [ 78.5363218, 30.3800648 ], [ 78.5361072, 30.3799884 ], [ 78.5360004, 30.3797897 ], [ 78.5355788, 30.3797478 ], [ 78.5353777, 30.3796853 ], [ 78.5352275, 30.3796598 ], [ 78.535088, 30.3795881 ], [ 78.5344979, 30.3795094 ], [ 78.5342351, 30.3794539 ], [ 78.5339373, 30.3794261 ], [ 78.5337898, 30.3793729 ], [ 78.5336664, 30.3793243 ], [ 78.5331836, 30.3793452 ], [ 78.5329047, 30.3794099 ], [ 78.5326096, 30.3794956 ], [ 78.5323662, 30.3795926 ], [ 78.5318425, 30.3798265 ], [ 78.5314858, 30.3800208 ], [ 78.5312068, 30.380236 ], [ 78.531172, 30.3804026 ], [ 78.5310781, 30.3805576 ], [ 78.5308689, 30.3806525 ], [ 78.5307026, 30.3806571 ], [ 78.5304719, 30.3806456 ], [ 78.530083, 30.3807428 ], [ 78.529855, 30.3808932 ], [ 78.5296926, 30.3810379 ], [ 78.5294527, 30.3812981 ], [ 78.5293937, 30.3813536 ], [ 78.5292166, 30.3815734 ], [ 78.5290611, 30.381784 ], [ 78.5290074, 30.381909 ], [ 78.5288814, 30.382057 ], [ 78.528766, 30.3820686 ], [ 78.5284281, 30.3824203 ], [ 78.5284951, 30.3824944 ], [ 78.5285246, 30.3825383 ], [ 78.5283878, 30.3826887 ], [ 78.5282108, 30.3828183 ], [ 78.5279909, 30.3828576 ], [ 78.527838, 30.3828507 ], [ 78.5275698, 30.3830682 ], [ 78.5273847, 30.3831885 ], [ 78.5272559, 30.3833274 ], [ 78.527028, 30.3833968 ], [ 78.5268389, 30.3834894 ], [ 78.5266873, 30.3837045 ], [ 78.5264781, 30.3838086 ], [ 78.526352, 30.3839151 ], [ 78.5262555, 30.3840261 ], [ 78.5261589, 30.384202 ], [ 78.5261187, 30.3845305 ], [ 78.526116, 30.3846786 ], [ 78.5260946, 30.3848336 ], [ 78.5260463, 30.3849794 ], [ 78.5260248, 30.3850789 ], [ 78.5260034, 30.3852872 ], [ 78.5259229, 30.3855232 ], [ 78.5258451, 30.3856643 ], [ 78.5258344, 30.3857846 ], [ 78.5258344, 30.3858702 ], [ 78.5258156, 30.3861618 ], [ 78.5256091, 30.3863584 ], [ 78.5254535, 30.3864649 ], [ 78.5254186, 30.3865273 ], [ 78.5253838, 30.3867356 ], [ 78.5254562, 30.3868813 ], [ 78.5254669, 30.3870317 ], [ 78.5254884, 30.3871312 ], [ 78.5253167, 30.3871451 ], [ 78.5251346, 30.387034 ], [ 78.5246201, 30.3864685 ], [ 78.5244502, 30.3861327 ], [ 78.524429, 30.3859312 ], [ 78.5242096, 30.3858274 ], [ 78.5240963, 30.3856686 ], [ 78.5238769, 30.385516 ], [ 78.5237282, 30.3853511 ], [ 78.5236574, 30.3853206 ], [ 78.5234876, 30.3852779 ], [ 78.5231124, 30.3859617 ], [ 78.5226311, 30.3863037 ], [ 78.5222559, 30.3863953 ], [ 78.5220648, 30.3863892 ], [ 78.5218878, 30.3865846 ], [ 78.5217038, 30.3865846 ], [ 78.5214773, 30.3864624 ], [ 78.5213924, 30.386322 ], [ 78.5213216, 30.3861449 ], [ 78.5208744, 30.3862349 ], [ 78.5204831, 30.3862854 ], [ 78.5203568, 30.3864715 ], [ 78.5200943, 30.3861944 ], [ 78.5198725, 30.3860084 ], [ 78.5196568, 30.3858808 ], [ 78.5192563, 30.3858223 ], [ 78.5189913, 30.3855991 ], [ 78.5183258, 30.3855991 ], [ 78.5179992, 30.3856416 ], [ 78.5178945, 30.3856256 ], [ 78.5178821, 30.3854183 ], [ 78.5179006, 30.3852535 ], [ 78.5177959, 30.3851632 ], [ 78.5176418, 30.3851738 ], [ 78.5173583, 30.3850303 ], [ 78.5167483, 30.3851525 ], [ 78.5165819, 30.385413 ], [ 78.5163909, 30.385514 ], [ 78.5163416, 30.3852961 ], [ 78.5160643, 30.385227 ], [ 78.5158117, 30.3850834 ], [ 78.5156884, 30.3849452 ], [ 78.515633, 30.3847326 ], [ 78.5154234, 30.3844721 ], [ 78.5151955, 30.3844296 ], [ 78.5147333, 30.3846369 ], [ 78.5144252, 30.3847326 ], [ 78.5142773, 30.3846794 ], [ 78.5140924, 30.3844828 ], [ 78.5141232, 30.3842648 ], [ 78.5140616, 30.3841266 ], [ 78.5137165, 30.3840309 ], [ 78.5133037, 30.3841 ], [ 78.5127429, 30.3842276 ], [ 78.5124841, 30.3843286 ], [ 78.5120713, 30.3847113 ], [ 78.5119603, 30.3848868 ], [ 78.5117878, 30.3849027 ], [ 78.5116954, 30.3851898 ], [ 78.5114242, 30.3853917 ], [ 78.511375, 30.3855618 ], [ 78.5108943, 30.3858595 ], [ 78.5097975, 30.3864974 ], [ 78.5094709, 30.3867844 ], [ 78.5093168, 30.3870874 ], [ 78.5092305, 30.3874861 ], [ 78.5090826, 30.3876828 ], [ 78.508867, 30.3877413 ], [ 78.50883, 30.3879326 ], [ 78.5089224, 30.3880336 ], [ 78.5092675, 30.3883313 ], [ 78.509551, 30.3888469 ], [ 78.5098098, 30.3890542 ], [ 78.5099638, 30.3896814 ], [ 78.5099762, 30.3899419 ], [ 78.5099881, 30.390324 ], [ 78.509918, 30.3903723 ], [ 78.5094137, 30.3902958 ], [ 78.5090448, 30.3900622 ], [ 78.50897, 30.389901 ], [ 78.5087786, 30.3899494 ], [ 78.508391, 30.3901588 ], [ 78.5081575, 30.3901951 ], [ 78.5079426, 30.3906342 ], [ 78.507695, 30.3906646 ], [ 78.5073836, 30.3903471 ], [ 78.5068315, 30.3900113 ], [ 78.5062794, 30.3898464 ], [ 78.5060741, 30.3896938 ], [ 78.5058971, 30.3896877 ], [ 78.5056064, 30.3900566 ], [ 78.505663, 30.3904626 ], [ 78.5055781, 30.3907008 ], [ 78.5055958, 30.3909084 ], [ 78.5055922, 30.391232 ], [ 78.5054294, 30.3915525 ], [ 78.5054577, 30.3917876 ], [ 78.5052383, 30.3920288 ], [ 78.5052879, 30.392447 ], [ 78.5053197, 30.3926119 ], [ 78.5053586, 30.3927981 ], [ 78.5055108, 30.3929751 ], [ 78.5054082, 30.3931339 ], [ 78.5051427, 30.3931644 ], [ 78.5050472, 30.393427 ], [ 78.5048985, 30.3936437 ], [ 78.5048474, 30.394222 ], [ 78.5045886, 30.3943655 ], [ 78.5043853, 30.3943974 ], [ 78.5042497, 30.3942167 ], [ 78.5044161, 30.3938925 ], [ 78.5041449, 30.3937064 ], [ 78.5038861, 30.3935204 ], [ 78.5036335, 30.3932334 ], [ 78.5034609, 30.3931855 ], [ 78.5033623, 30.3925902 ], [ 78.5030542, 30.3921969 ], [ 78.5025366, 30.3917557 ], [ 78.5025921, 30.3914581 ], [ 78.5026475, 30.3912295 ], [ 78.502284, 30.3910381 ], [ 78.5019636, 30.3910541 ], [ 78.5018958, 30.3908946 ], [ 78.5024257, 30.390278 ], [ 78.5022717, 30.3897996 ], [ 78.5019697, 30.3897731 ], [ 78.5018033, 30.3897305 ], [ 78.5017232, 30.3897465 ], [ 78.5015445, 30.3896136 ], [ 78.5012487, 30.3895445 ], [ 78.5008975, 30.3896242 ], [ 78.5006449, 30.3893744 ], [ 78.5005894, 30.3893159 ], [ 78.5003984, 30.3892256 ], [ 78.5002751, 30.3892628 ], [ 78.5000656, 30.3889545 ], [ 78.500004, 30.3886993 ], [ 78.499813, 30.3885824 ], [ 78.4991906, 30.3884495 ], [ 78.4990057, 30.3882847 ], [ 78.4987839, 30.3875671 ], [ 78.4987654, 30.3870728 ], [ 78.4985189, 30.3870409 ], [ 78.4980508, 30.3871073 ], [ 78.4975251, 30.3866724 ], [ 78.4971603, 30.3863299 ], [ 78.4968814, 30.3862189 ], [ 78.4968492, 30.3866353 ], [ 78.4970542, 30.3875735 ], [ 78.4971343, 30.3880785 ], [ 78.497239, 30.3885409 ], [ 78.4970357, 30.3890246 ], [ 78.4971774, 30.3896146 ], [ 78.4971096, 30.3903163 ], [ 78.4973561, 30.3905767 ], [ 78.4974547, 30.3914059 ], [ 78.4973746, 30.3920119 ], [ 78.4972883, 30.3922298 ], [ 78.497313, 30.3924637 ], [ 78.4974474, 30.3926558 ] ] } },
{ "type": "Feature", "properties": { "highway": "track", "name": null }, "geometry": { "type": "LineString", "coordinates": [ [ 78.4914884, 30.3982722 ], [ 78.4915128, 30.3986761 ], [ 78.4915399, 30.3989704 ], [ 78.491545, 30.3990255 ], [ 78.4914109, 30.399546 ], [ 78.4913036, 30.399775 ], [ 78.4912661, 30.3999277 ], [ 78.4913224, 30.4001336 ], [ 78.4912527, 30.4003094 ], [ 78.4910542, 30.4005477 ], [ 78.4910005, 30.4006611 ], [ 78.4908932, 30.4007999 ], [ 78.4907269, 30.4008924 ], [ 78.4906653, 30.4011793 ], [ 78.4905714, 30.4013875 ], [ 78.4905472, 30.401517 ], [ 78.4903783, 30.4017206 ], [ 78.49022, 30.4019404 ], [ 78.4901637, 30.4020838 ], [ 78.4901342, 30.4022805 ], [ 78.4901261, 30.4024678 ], [ 78.4901449, 30.4025743 ], [ 78.489984, 30.4027154 ], [ 78.4899303, 30.4028472 ], [ 78.4898981, 30.4029166 ], [ 78.4897989, 30.4030693 ], [ 78.4896648, 30.4030693 ], [ 78.4894395, 30.4027593 ], [ 78.48941, 30.4025187 ], [ 78.489351, 30.402454 ], [ 78.4892222, 30.4023869 ], [ 78.4891552, 30.4022943 ], [ 78.4890318, 30.4020445 ], [ 78.4889942, 30.4018617 ], [ 78.4888709, 30.4018386 ], [ 78.4887019, 30.4018224 ], [ 78.4885383, 30.4017553 ], [ 78.4882942, 30.4017229 ], [ 78.4881064, 30.4016443 ], [ 78.487578, 30.4013227 ], [ 78.487452, 30.4012649 ], [ 78.4872669, 30.4014638 ], [ 78.4870765, 30.401605 ], [ 78.4869155, 30.4017553 ], [ 78.4866661, 30.4018062 ], [ 78.4863576, 30.4018988 ], [ 78.486017, 30.4019658 ], [ 78.4854457, 30.4020931 ], [ 78.4852123, 30.4021324 ], [ 78.4849817, 30.4021995 ], [ 78.4847644, 30.4021139 ], [ 78.4845954, 30.4021 ], [ 78.4844801, 30.4021694 ], [ 78.4842843, 30.4024355 ], [ 78.4842414, 30.4025627 ], [ 78.4842977, 30.4026992 ], [ 78.4842199, 30.4029074 ], [ 78.4840563, 30.4029999 ], [ 78.4838551, 30.4029953 ], [ 78.4835815, 30.4030369 ], [ 78.4835923, 30.4030832 ], [ 78.4836405, 30.4034001 ], [ 78.4835896, 30.4035829 ], [ 78.4834501, 30.4035736 ], [ 78.483206, 30.4035598 ], [ 78.4829941, 30.4035135 ], [ 78.4827769, 30.4034441 ], [ 78.4824228, 30.4033122 ], [ 78.4822538, 30.4032775 ], [ 78.4821331, 30.4031665 ], [ 78.4820849, 30.4030554 ], [ 78.4820776, 30.4029457 ], [ 78.4820715, 30.4028542 ], [ 78.4820715, 30.4026946 ], [ 78.4820607, 30.4025511 ], [ 78.4819534, 30.4024308 ], [ 78.4818086, 30.4024193 ], [ 78.4817362, 30.4024609 ], [ 78.4816155, 30.4025905 ], [ 78.4815404, 30.4027431 ], [ 78.4814921, 30.4029351 ], [ 78.4814545, 30.4032359 ], [ 78.4813955, 30.4034695 ], [ 78.4812212, 30.403687 ], [ 78.4811032, 30.4037888 ], [ 78.4809771, 30.4038235 ], [ 78.4808189, 30.4040085 ], [ 78.4808001, 30.4041265 ], [ 78.4806365, 30.4042191 ], [ 78.4805533, 30.4041103 ], [ 78.4805346, 30.4039068 ], [ 78.4805775, 30.4037633 ], [ 78.4806311, 30.4036639 ], [ 78.4806579, 30.4034395 ], [ 78.4805828, 30.4033423 ], [ 78.4803441, 30.4033377 ], [ 78.4801644, 30.4034719 ], [ 78.4801134, 30.4035852 ], [ 78.4801832, 30.4037749 ], [ 78.4801966, 30.4039345 ], [ 78.4802234, 30.4041682 ], [ 78.4802824, 30.4044111 ], [ 78.4803119, 30.4045637 ], [ 78.4802985, 30.4046864 ], [ 78.4803119, 30.4047928 ], [ 78.480269, 30.4049061 ], [ 78.48021, 30.4048529 ], [ 78.4801966, 30.4046331 ], [ 78.4801027, 30.4044758 ], [ 78.4800303, 30.4043255 ], [ 78.4800196, 30.404182 ], [ 78.4799954, 30.404108 ], [ 78.4799284, 30.4040201 ], [ 78.4798238, 30.4037564 ], [ 78.4798318, 30.4035251 ], [ 78.4798452, 30.4033307 ], [ 78.4798935, 30.403185 ], [ 78.4800088, 30.4030948 ], [ 78.4802288, 30.4030948 ], [ 78.4804514, 30.4031642 ], [ 78.4805828, 30.4031827 ], [ 78.4807143, 30.4032498 ], [ 78.4807759, 30.4033261 ], [ 78.4808162, 30.4034233 ], [ 78.4808618, 30.4035251 ], [ 78.4808806, 30.4035736 ], [ 78.4809422, 30.4035644 ], [ 78.4809905, 30.4034649 ], [ 78.4810227, 30.4033492 ], [ 78.4810281, 30.4031873 ], [ 78.4810147, 30.4029722 ], [ 78.4809342, 30.4027894 ], [ 78.4809396, 30.4026876 ], [ 78.4808966, 30.4025164 ], [ 78.4809127, 30.4020445 ], [ 78.4809369, 30.4018294 ], [ 78.4809369, 30.4016697 ], [ 78.4810576, 30.4015355 ], [ 78.4811166, 30.40148 ], [ 78.4813258, 30.4014985 ], [ 78.4815404, 30.4015402 ], [ 78.4816638, 30.4015726 ], [ 78.4820071, 30.4016836 ], [ 78.4821439, 30.4017785 ], [ 78.4822458, 30.4018941 ], [ 78.4822807, 30.4020075 ], [ 78.4823102, 30.4021486 ], [ 78.4823745, 30.402255 ], [ 78.4824094, 30.402292 ], [ 78.4824926, 30.4021879 ], [ 78.4825301, 30.4019774 ], [ 78.4825999, 30.4017461 ], [ 78.4826347, 30.4016003 ], [ 78.4826642, 30.4013898 ], [ 78.4826642, 30.4013181 ] ] } },
{ "type": "Feature", "properties": { "highway": "track", "name": null }, "geometry": { "type": "LineString", "coordinates": [ [ 78.4915662, 30.399909 ], [ 78.4917033, 30.3994789 ], [ 78.4918454, 30.3992175 ], [ 78.4918749, 30.399081 ], [ 78.4918669, 30.3988011 ], [ 78.4918588, 30.3986183 ], [ 78.4919125, 30.3984286 ], [ 78.4919339, 30.3983314 ], [ 78.4919018, 30.3982759 ], [ 78.4915933, 30.3978618 ], [ 78.4914592, 30.3975819 ], [ 78.4914136, 30.3973898 ], [ 78.4913358, 30.3972001 ], [ 78.4913573, 30.3971099 ], [ 78.4914055, 30.3969595 ], [ 78.4915102, 30.396867 ], [ 78.4916201, 30.3968438 ], [ 78.4917167, 30.396904 ], [ 78.4917274, 30.3969896 ], [ 78.4917703, 30.3971492 ], [ 78.4918454, 30.3972742 ], [ 78.4919822, 30.3973922 ], [ 78.4920144, 30.3974939 ], [ 78.4920251, 30.3975772 ], [ 78.4920949, 30.3976328 ], [ 78.4922209, 30.397679 ], [ 78.4923229, 30.3977345 ], [ 78.4924087, 30.3978155 ] ] } },
{ "type": "Feature", "properties": { "highway": "service", "name": null }, "geometry": { "type": "LineString", "coordinates": [ [ 78.4741697, 30.3770104 ], [ 78.4740812, 30.3772395 ], [ 78.4739175, 30.3774616 ], [ 78.4737942, 30.3776074 ], [ 78.473483, 30.3777694 ], [ 78.4732604, 30.3778018 ], [ 78.4731531, 30.3778411 ], [ 78.4729761, 30.377936 ], [ 78.4728795, 30.3780262 ], [ 78.4727749, 30.3781373 ], [ 78.4726891, 30.3782229 ], [ 78.4726301, 30.3782553 ] ] } },
{ "type": "Feature", "properties": { "highway": "unclassified", "name": null }, "geometry": { "type": "LineString", "coordinates": [ [ 78.4702376, 30.3787644 ], [ 78.4704602, 30.3785792 ], [ 78.4706587, 30.3784983 ], [ 78.4707579, 30.3784728 ], [ 78.4708384, 30.3784705 ], [ 78.4709483, 30.3784705 ], [ 78.4710261, 30.3784821 ], [ 78.4710959, 30.3785075 ], [ 78.471171, 30.3785607 ], [ 78.4712729, 30.3786301 ] ] } },
{ "type": "Feature", "properties": { "highway": "unclassified", "name": null }, "geometry": { "type": "LineString", "coordinates": [ [ 78.4719263, 30.3791089 ], [ 78.4716162, 30.3790119 ], [ 78.4713748, 30.3789911 ], [ 78.4712782, 30.3789171 ], [ 78.4711763, 30.3788176 ], [ 78.4710878, 30.3787389 ], [ 78.4707311, 30.3786394 ], [ 78.4705245, 30.378644 ], [ 78.4703368, 30.3787019 ], [ 78.4702376, 30.3787644 ], [ 78.4701169, 30.3788153 ], [ 78.470031, 30.3788291 ], [ 78.4695992, 30.3788245 ], [ 78.4694383, 30.378813 ], [ 78.4692585, 30.378732 ], [ 78.469272, 30.3785492 ], [ 78.4692773, 30.3783802 ], [ 78.4692237, 30.3782599 ], [ 78.4690815, 30.3782136 ], [ 78.4687301, 30.3781211 ], [ 78.4685504, 30.3779475 ], [ 78.4682876, 30.3777208 ], [ 78.4681535, 30.3775866 ], [ 78.4681213, 30.3774963 ], [ 78.4681937, 30.3774431 ], [ 78.4683171, 30.3775495 ], [ 78.4683949, 30.3776467 ], [ 78.4684807, 30.37773 ], [ 78.4686175, 30.3777994 ], [ 78.4688187, 30.3778804 ], [ 78.4690279, 30.3779522 ], [ 78.4692156, 30.3779938 ] ] } },
{ "type": "Feature", "properties": { "highway": "trunk", "name": null }, "geometry": { "type": "LineString", "coordinates": [ [ 78.4682862, 30.3749197 ], [ 78.4683868, 30.3749 ] ] } },
{ "type": "Feature", "properties": { "highway": "trunk", "name": null }, "geometry": { "type": "LineString", "coordinates": [ [ 78.4676613, 30.3750724 ], [ 78.467613, 30.37504 ], [ 78.4676036, 30.3749926 ], [ 78.4676439, 30.3749405 ], [ 78.4677806, 30.3749162 ], [ 78.4679469, 30.3749416 ], [ 78.4680837, 30.374937 ], [ 78.4682862, 30.3749197 ] ] } },
{ "type": "Feature", "properties": { "highway": "residential", "name": null }, "geometry": { "type": "LineString", "coordinates": [ [ 78.4681128, 30.3806478 ], [ 78.4681495, 30.3804674 ], [ 78.4679604, 30.3803795 ], [ 78.4677632, 30.3802996 ], [ 78.4675728, 30.3802788 ], [ 78.4673381, 30.3803124 ], [ 78.4670565, 30.3803899 ], [ 78.4669344, 30.3804454 ], [ 78.4668607, 30.3805056 ], [ 78.4668432, 30.3805738 ], [ 78.4668607, 30.3807034 ], [ 78.4668781, 30.3807428 ], [ 78.4672201, 30.3806571 ] ] } },
{ "type": "Feature", "properties": { "highway": "residential", "name": null }, "geometry": { "type": "LineString", "coordinates": [ [ 78.4693819, 30.3811176 ], [ 78.4693176, 30.3809996 ], [ 78.4692049, 30.3809556 ], [ 78.469052, 30.3809325 ], [ 78.4688267, 30.3809302 ], [ 78.4685531, 30.3809279 ], [ 78.4683466, 30.3809256 ], [ 78.4681722, 30.380914 ], [ 78.4677887, 30.3808399 ], [ 78.4675232, 30.3808249 ], [ 78.4672697, 30.3808619 ], [ 78.4671611, 30.3808862 ], [ 78.4670323, 30.3808966 ], [ 78.4669867, 30.3808631 ], [ 78.4670216, 30.3807914 ], [ 78.4671316, 30.3807219 ], [ 78.4672201, 30.3806571 ], [ 78.4674507, 30.38059 ], [ 78.4676412, 30.3805762 ], [ 78.4679121, 30.3805924 ], [ 78.4680489, 30.3806294 ], [ 78.4681128, 30.3806478 ], [ 78.4681857, 30.3806687 ], [ 78.468301, 30.380678 ], [ 78.4684458, 30.380678 ], [ 78.4688053, 30.3806548 ], [ 78.4690359, 30.3806201 ], [ 78.4691352, 30.3806039 ], [ 78.4692277, 30.3805391 ], [ 78.4692559, 30.3804743 ], [ 78.4691218, 30.3804119 ], [ 78.4689662, 30.380317 ], [ 78.4687969, 30.3801779 ] ] } },
{ "type": "Feature", "properties": { "highway": "path", "name": null }, "geometry": { "type": "LineString", "coordinates": [ [ 78.4660131, 30.3756521 ], [ 78.4663081, 30.3754808 ], [ 78.46652, 30.3754831 ], [ 78.4666836, 30.3754461 ], [ 78.4668472, 30.3753929 ], [ 78.4670162, 30.375335 ], [ 78.4671155, 30.3752702 ], [ 78.4671906, 30.3752124 ], [ 78.4672764, 30.3751476 ], [ 78.4673354, 30.375062 ], [ 78.4673461, 30.3749833 ] ] } },
{ "type": "Feature", "properties": { "highway": "path", "name": null }, "geometry": { "type": "LineString", "coordinates": [ [ 78.466064, 30.3757955 ], [ 78.4660131, 30.3756521 ] ] } },
{ "type": "Feature", "properties": { "highway": "path", "name": null }, "geometry": { "type": "LineString", "coordinates": [ [ 78.4679201, 30.3767605 ], [ 78.4679711, 30.3767119 ], [ 78.4678745, 30.3765638 ], [ 78.4679228, 30.3764041 ], [ 78.4679657, 30.3763162 ], [ 78.4679604, 30.3762005 ], [ 78.4679657, 30.3760871 ], [ 78.4679496, 30.3759922 ], [ 78.4678987, 30.375932 ], [ 78.4677887, 30.3759089 ], [ 78.467609, 30.3759182 ], [ 78.4669036, 30.3760038 ], [ 78.4666648, 30.3760038 ], [ 78.4665281, 30.3759644 ], [ 78.4663618, 30.3759529 ], [ 78.4661981, 30.3759529 ], [ 78.4661204, 30.3759436 ], [ 78.4660292, 30.3758649 ], [ 78.466064, 30.3757955 ] ] } },
{ "type": "Feature", "properties": { "highway": "service", "name": null }, "geometry": { "type": "LineString", "coordinates": [ [ 78.4491795, 30.3808168 ], [ 78.4492334, 30.3807334 ], [ 78.4494925, 30.3806571 ], [ 78.4497681, 30.3805897 ], [ 78.4501588, 30.38065 ], [ 78.4505104, 30.3809178 ], [ 78.4508271, 30.3811627 ], [ 78.4509759, 30.3813013 ], [ 78.4509918, 30.3813089 ], [ 78.4510229, 30.3813098 ], [ 78.4510444, 30.3812981 ], [ 78.4510453, 30.3812784 ], [ 78.4509938, 30.3812003 ], [ 78.4508785, 30.3810757 ], [ 78.450751, 30.3809569 ], [ 78.4505269, 30.3808291 ], [ 78.4504158, 30.3807511 ], [ 78.4503274, 30.3806748 ], [ 78.4502636, 30.3805968 ], [ 78.4502636, 30.3805506 ], [ 78.4503007, 30.3805418 ], [ 78.4504405, 30.3806198 ], [ 78.4508538, 30.3807546 ], [ 78.4509607, 30.3807529 ], [ 78.4513432, 30.3807688 ], [ 78.4514707, 30.3809959 ], [ 78.4517689, 30.3813241 ], [ 78.4519622, 30.3814678 ], [ 78.452139, 30.3817108 ], [ 78.4521555, 30.3817569 ], [ 78.4522459, 30.381725 ], [ 78.4522644, 30.3816594 ], [ 78.452174, 30.3815352 ], [ 78.4519432, 30.3812433 ], [ 78.4519575, 30.3810765 ], [ 78.4519754, 30.3807645 ], [ 78.4516353, 30.3806502 ], [ 78.4513882, 30.3805699 ], [ 78.4511949, 30.380502 ], [ 78.4510195, 30.3804402 ], [ 78.4507438, 30.3803908 ], [ 78.4505433, 30.3803259 ], [ 78.4505683, 30.3802981 ], [ 78.4506936, 30.3803012 ], [ 78.4512271, 30.3804032 ], [ 78.4513417, 30.3803723 ], [ 78.451492, 30.3803383 ], [ 78.4517928, 30.380329 ], [ 78.4519217, 30.3803383 ], [ 78.4522188, 30.3804279 ], [ 78.452516, 30.380468 ], [ 78.4526377, 30.3806008 ], [ 78.4526843, 30.3809066 ], [ 78.4527129, 30.3811969 ], [ 78.4527272, 30.3812772 ], [ 78.4528669, 30.3814008 ], [ 78.4531855, 30.3819814 ], [ 78.453343, 30.3821976 ], [ 78.4533788, 30.3822687 ], [ 78.45354, 30.3823984 ], [ 78.4536653, 30.3824633 ], [ 78.4537548, 30.382593 ], [ 78.4538049, 30.3826486 ], [ 78.4538908, 30.3826949 ], [ 78.4539553, 30.3826764 ], [ 78.4539338, 30.3826208 ], [ 78.4539195, 30.3825436 ], [ 78.4538586, 30.3823675 ], [ 78.4537619, 30.3822471 ], [ 78.4537154, 30.3822007 ], [ 78.4536187, 30.3821729 ], [ 78.4535793, 30.3821451 ], [ 78.4535901, 30.382105 ], [ 78.4536474, 30.3820741 ], [ 78.4538156, 30.3821421 ], [ 78.4543563, 30.3826795 ], [ 78.454657, 30.3828308 ], [ 78.4549363, 30.3829513 ], [ 78.4551797, 30.3833589 ], [ 78.4552943, 30.3835072 ], [ 78.4554375, 30.3837141 ], [ 78.4555198, 30.3837265 ], [ 78.455595, 30.383711 ], [ 78.4556595, 30.3836431 ], [ 78.4556416, 30.3835134 ], [ 78.4554876, 30.3833404 ], [ 78.455416, 30.3832725 ], [ 78.4553802, 30.3830902 ], [ 78.4552979, 30.3828833 ], [ 78.4551224, 30.3826578 ], [ 78.4551189, 30.382525 ], [ 78.4551475, 30.3823212 ], [ 78.4551726, 30.3822193 ], [ 78.45528, 30.3820154 ], [ 78.4553122, 30.3818888 ], [ 78.4552835, 30.3817961 ], [ 78.4551511, 30.3816571 ], [ 78.4550974, 30.3815336 ], [ 78.4551153, 30.3814965 ], [ 78.4552048, 30.3815799 ], [ 78.4552728, 30.3815768 ], [ 78.4554303, 30.3815614 ], [ 78.4555843, 30.3815985 ], [ 78.455681, 30.3816726 ], [ 78.4558313, 30.3818579 ], [ 78.4559137, 30.3821791 ], [ 78.4561392, 30.3825992 ], [ 78.4562466, 30.3827258 ], [ 78.4568481, 30.3828432 ], [ 78.4573458, 30.3829327 ], [ 78.4575534, 30.3829605 ], [ 78.4577539, 30.3830439 ], [ 78.4582695, 30.3835257 ] ] } },
{ "type": "Feature", "properties": { "highway": "service", "name": null }, "geometry": { "type": "LineString", "coordinates": [ [ 78.4604871, 30.4018899 ], [ 78.4601604, 30.4018055 ], [ 78.4596951, 30.4017912 ], [ 78.4595642, 30.4017535 ], [ 78.4593377, 30.4019094 ], [ 78.4590801, 30.4022069 ], [ 78.4589796, 30.4022487 ], [ 78.4588867, 30.4021805 ], [ 78.4589211, 30.4020381 ], [ 78.4591825, 30.4016821 ], [ 78.4595952, 30.4012045 ], [ 78.4599048, 30.4007655 ], [ 78.4599013, 30.4006438 ], [ 78.4598773, 30.4005608 ], [ 78.45975, 30.400626 ], [ 78.4594852, 30.4008011 ], [ 78.4592753, 30.4009672 ], [ 78.4589405, 30.4011975 ] ] } },
{ "type": "Feature", "properties": { "highway": "service", "name": null }, "geometry": { "type": "LineString", "coordinates": [ [ 78.4590801, 30.4022069 ], [ 78.4591171, 30.4023437 ], [ 78.4591497, 30.4024059 ], [ 78.4591962, 30.4024949 ], [ 78.4593267, 30.4025846 ] ] } }
]
}
