{
  "type": "FeatureCollection",
  "features": [
    {
      "type": "Feature",
      "id": 27282446,
      "properties": {
        "boat": "no",
        "name": "Bhagirathi River",
        "name:bn": "\u09ad\u09be\u0997\u09c0\u09b0\u09a5\u09c0",
        "name:en": "Bhagirathi River",
        "name:et": "Bhagirathi",
        "name:hi": "\u092d\u093e\u0917\u0940\u0930\u0925\u0940 \u0928\u0926\u0940",
        "name:kn": "\u0cad\u0cbe\u0c97\u0cc0\u0cb0\u0ca5\u0cbf",
        "name:ml": "\u0d2d\u0d3e\u0d17\u0d40\u0d30\u0d25\u0d3f",
        "waterway": "river",
        "is_main_stem": true
      },
      "geometry": {
        "type": "LineString",
        "coordinates": [
          [
            78.4393882,
            30.4494471
          ],
          [
            78.4397542,
            30.448424
          ],
          [
            78.4398671,
            30.4474637
          ],
          [
            78.4392071,
            30.4460931
          ],
          [
            78.4368309,
            30.443912
          ],
          [
            78.4355756,
            30.442728
          ],
          [
            78.433907,
            30.4422916
          ],
          [
            78.4325822,
            30.4410537
          ],
          [
            78.4317561,
            30.4395275
          ],
          [
            78.4321423,
            30.43888
          ],
          [
            78.4383221,
            30.4316277
          ],
          [
            78.4400602,
            30.429722
          ],
          [
            78.4414601,
            30.4288415
          ],
          [
            78.4433861,
            30.4281678
          ],
          [
            78.4488364,
            30.4265766
          ],
          [
            78.4546137,
            30.4240123
          ],
          [
            78.46065,
            30.4197362
          ],
          [
            78.4666299,
            30.4125583
          ],
          [
            78.4695283,
            30.407811
          ],
          [
            78.4708786,
            30.4048969
          ],
          [
            78.4718656,
            30.4021209
          ],
          [
            78.474741,
            30.3955691
          ],
          [
            78.4757709,
            30.3929039
          ],
          [
            78.4768653,
            30.3901275
          ],
          [
            78.4776514,
            30.3882381
          ],
          [
            78.4783458,
            30.3861849
          ],
          [
            78.4788394,
            30.3850373
          ],
          [
            78.4794614,
            30.3832103
          ],
          [
            78.4795475,
            30.3816128
          ],
          [
            78.4793114,
            30.3804281
          ],
          [
            78.4789038,
            30.3798635
          ],
          [
            78.478193,
            30.379218
          ],
          [
            78.4777021,
            30.3786602
          ],
          [
            78.4774489,
            30.3780454
          ],
          [
            78.4767075,
            30.3732018
          ],
          [
            78.4763938,
            30.3709671
          ],
          [
            78.4763266,
            30.3704662
          ],
          [
            78.4763736,
            30.3701602
          ],
          [
            78.476584,
            30.3696794
          ],
          [
            78.4770842,
            30.3692036
          ],
          [
            78.4776528,
            30.3686875
          ],
          [
            78.4783118,
            30.3682117
          ],
          [
            78.4795078,
            30.3674503
          ],
          [
            78.4808335,
            30.3665083
          ],
          [
            78.4816116,
            30.3658391
          ],
          [
            78.4817456,
            30.3651763
          ],
          [
            78.4817766,
            30.3645775
          ],
          [
            78.4818252,
            30.3637709
          ],
          [
            78.4820437,
            30.3629953
          ],
          [
            78.4822766,
            30.3623948
          ],
          [
            78.4829042,
            30.3616274
          ],
          [
            78.4833964,
            30.3611691
          ],
          [
            78.483565,
            30.3607668
          ],
          [
            78.4832164,
            30.3603231
          ],
          [
            78.482664,
            30.3593241
          ],
          [
            78.4821458,
            30.3582068
          ],
          [
            78.4821034,
            30.3575277
          ],
          [
            78.4822737,
            30.3570342
          ],
          [
            78.4830698,
            30.356802
          ],
          [
            78.485481,
            30.3565069
          ],
          [
            78.4864435,
            30.3561733
          ],
          [
            78.4867387,
            30.3553905
          ],
          [
            78.486097,
            30.3538634
          ],
          [
            78.4847111,
            30.3524004
          ],
          [
            78.4837353,
            30.3506532
          ],
          [
            78.4828792,
            30.3491846
          ],
          [
            78.4819658,
            30.3479003
          ],
          [
            78.4816535,
            30.3468815
          ],
          [
            78.4820318,
            30.3459323
          ],
          [
            78.482172,
            30.3452468
          ],
          [
            78.4823976,
            30.3443432
          ],
          [
            78.483175,
            30.3434939
          ],
          [
            78.4845034,
            30.3421844
          ],
          [
            78.4851377,
            30.3412509
          ],
          [
            78.4865596,
            30.3394068
          ],
          [
            78.4869142,
            30.3389121
          ],
          [
            78.4873388,
            30.3379498
          ],
          [
            78.4878099,
            30.3369132
          ],
          [
            78.4879213,
            30.3356868
          ],
          [
            78.4874306,
            30.3350187
          ],
          [
            78.4871876,
            30.3342803
          ],
          [
            78.4870377,
            30.3330066
          ],
          [
            78.4871159,
            30.332351
          ],
          [
            78.4874928,
            30.3314963
          ],
          [
            78.4882918,
            30.3304865
          ],
          [
            78.489094,
            30.3298239
          ],
          [
            78.489319,
            30.3295649
          ],
          [
            78.4892967,
            30.3290172
          ],
          [
            78.4890222,
            30.327168
          ],
          [
            78.4888853,
            30.3256446
          ],
          [
            78.4888671,
            30.3243824
          ],
          [
            78.4886483,
            30.3227434
          ],
          [
            78.4890061,
            30.3215901
          ],
          [
            78.4894562,
            30.3208368
          ],
          [
            78.4889512,
            30.3197773
          ],
          [
            78.4885313,
            30.31909
          ],
          [
            78.4880336,
            30.3181017
          ],
          [
            78.4882054,
            30.3172631
          ],
          [
            78.4884089,
            30.3161465
          ],
          [
            78.488738,
            30.3153264
          ],
          [
            78.4895532,
            30.3143199
          ],
          [
            78.4912477,
            30.3130135
          ],
          [
            78.4917169,
            30.3124051
          ],
          [
            78.4915463,
            30.3119407
          ],
          [
            78.4919579,
            30.3107981
          ],
          [
            78.4930231,
            30.3086314
          ],
          [
            78.4943425,
            30.3053631
          ]
        ]
      }
    },
    {
      "type": "Feature",
      "id": 27286263,
      "properties": {
        "boat": "no",
        "name": "Bhagirathi River",
        "name:bn": "\u09ad\u09be\u0997\u09c0\u09b0\u09a5\u09c0",
        "name:en": "Bhagirathi River",
        "name:et": "Bhagirathi",
        "name:hi": "\u092d\u093e\u0917\u0940\u0930\u0925\u0940 \u0928\u0926\u0940",
        "name:kn": "\u0cad\u0cbe\u0c97\u0cc0\u0cb0\u0ca5\u0cc0",
        "name:ml": "\u0d2d\u0d3e\u0d17\u0d40\u0d30\u0d25\u0d3f",
        "waterway": "river",
        "is_main_stem": true
      },
      "geometry": {
        "type": "LineString",
        "coordinates": [
          [
            78.4943425,
            30.3053631
          ],
          [
            78.4943063,
            30.3049876
          ],
          [
            78.493814,
            30.3045835
          ],
          [
            78.4933851,
            30.3039591
          ],
          [
            78.4932491,
            30.3030438
          ],
          [
            78.4933909,
            30.3020881
          ],
          [
            78.492894,
            30.3015736
          ],
          [
            78.4919337,
            30.3010441
          ],
          [
            78.491119,
            30.3001284
          ],
          [
            78.4908075,
            30.2991795
          ],
          [
            78.4905255,
            30.2981997
          ],
          [
            78.4906102,
            30.2976091
          ],
          [
            78.4910702,
            30.2971771
          ],
          [
            78.4917043,
            30.2969857
          ],
          [
            78.4940739,
            30.2973086
          ],
          [
            78.4961114,
            30.2971611
          ],
          [
            78.4969232,
            30.2966865
          ],
          [
            78.4967117,
            30.2955521
          ],
          [
            78.4967981,
            30.2944316
          ],
          [
            78.4966248,
            30.2940601
          ],
          [
            78.496226,
            30.2936422
          ],
          [
            78.4955725,
            30.2932792
          ],
          [
            78.4947076,
            30.2928128
          ],
          [
            78.4933166,
            30.29186
          ],
          [
            78.4917448,
            30.2909109
          ],
          [
            78.4904772,
            30.2903421
          ],
          [
            78.4886104,
            30.289594
          ],
          [
            78.4863664,
            30.2893355
          ],
          [
            78.4844803,
            30.288718
          ],
          [
            78.4830743,
            30.2877064
          ],
          [
            78.4825003,
            30.2869421
          ],
          [
            78.4823216,
            30.2857215
          ],
          [
            78.4826033,
            30.2843911
          ],
          [
            78.4828291,
            30.2836438
          ],
          [
            78.4832949,
            30.2831182
          ],
          [
            78.4849069,
            30.2826049
          ],
          [
            78.4865439,
            30.2828653
          ],
          [
            78.4879296,
            30.2839287
          ],
          [
            78.4890486,
            30.2843382
          ],
          [
            78.4898623,
            30.2840601
          ],
          [
            78.491173,
            30.2832448
          ],
          [
            78.4936617,
            30.2823084
          ],
          [
            78.4952493,
            30.2822377
          ],
          [
            78.4960553,
            30.2818375
          ],
          [
            78.4964487,
            30.281145
          ],
          [
            78.4964114,
            30.2801392
          ],
          [
            78.4948066,
            30.2789555
          ],
          [
            78.4924439,
            30.2772657
          ],
          [
            78.4905497,
            30.2731895
          ],
          [
            78.4898191,
            30.2700153
          ],
          [
            78.4910867,
            30.2665939
          ],
          [
            78.492975,
            30.2640734
          ],
          [
            78.4935413,
            30.2627542
          ],
          [
            78.4943483,
            30.2602184
          ],
          [
            78.4948633,
            30.2594771
          ],
          [
            78.4960649,
            30.2594771
          ],
          [
            78.4968816,
            30.2598282
          ],
          [
            78.4971093,
            30.2600173
          ],
          [
            78.4980475,
            30.2607963
          ],
          [
            78.5007292,
            30.2630929
          ],
          [
            78.5020763,
            30.2646873
          ],
          [
            78.5034137,
            30.2659952
          ],
          [
            78.5044763,
            30.2664457
          ],
          [
            78.5055579,
            30.266272
          ],
          [
            78.5061163,
            30.2654313
          ],
          [
            78.5068796,
            30.2642217
          ],
          [
            78.5075566,
            30.2632501
          ],
          [
            78.5078347,
            30.261833
          ],
          [
            78.5081442,
            30.2602101
          ],
          [
            78.5084421,
            30.2592142
          ],
          [
            78.5084537,
            30.2574701
          ],
          [
            78.5087191,
            30.255879
          ],
          [
            78.5088295,
            30.2548447
          ],
          [
            78.5091523,
            30.2538902
          ],
          [
            78.509791,
            30.2533076
          ],
          [
            78.50978,
            30.2525151
          ],
          [
            78.5099347,
            30.2512453
          ],
          [
            78.5105183,
            30.2501978
          ],
          [
            78.5117031,
            30.2494981
          ],
          [
            78.5137037,
            30.2483619
          ],
          [
            78.5156494,
            30.2478105
          ],
          [
            78.5192201,
            30.2476979
          ],
          [
            78.5214318,
            30.2475764
          ],
          [
            78.5230928,
            30.24752
          ],
          [
            78.5238155,
            30.2480287
          ],
          [
            78.52424,
            30.24874
          ],
          [
            78.5243704,
            30.2493925
          ],
          [
            78.5239821,
            30.2505063
          ],
          [
            78.5238155,
            30.2510465
          ],
          [
            78.5228896,
            30.2521911
          ],
          [
            78.5228855,
            30.2530854
          ],
          [
            78.5236159,
            30.2536074
          ],
          [
            78.5247234,
            30.2538565
          ],
          [
            78.5256834,
            30.2538347
          ],
          [
            78.5261751,
            30.2534657
          ],
          [
            78.5262539,
            30.2529368
          ],
          [
            78.525613,
            30.2522415
          ],
          [
            78.5253398,
            30.2515508
          ],
          [
            78.5255974,
            30.2511141
          ],
          [
            78.5262226,
            30.250817
          ],
          [
            78.5274245,
            30.2503025
          ],
          [
            78.5280325,
            30.2497716
          ],
          [
            78.5285067,
            30.2489491
          ],
          [
            78.52913,
            30.248076
          ],
          [
            78.5294211,
            30.2469807
          ],
          [
            78.5302085,
            30.2463274
          ],
          [
            78.531162,
            30.2456865
          ],
          [
            78.533405,
            30.2445855
          ],
          [
            78.5344844,
            30.2436239
          ],
          [
            78.5348039,
            30.2428098
          ],
          [
            78.5353788,
            30.2416948
          ],
          [
            78.5357254,
            30.2410225
          ],
          [
            78.5359833,
            30.2402412
          ],
          [
            78.536031,
            30.2391233
          ],
          [
            78.5361901,
            30.2378493
          ],
          [
            78.5370414,
            30.237335
          ],
          [
            78.5374898,
            30.2367185
          ],
          [
            78.5379449,
            30.2364302
          ],
          [
            78.5391169,
            30.2359968
          ],
          [
            78.5408297,
            30.2354024
          ],
          [
            78.5425768,
            30.2350903
          ],
          [
            78.543828,
            30.2353292
          ],
          [
            78.5441362,
            30.2354216
          ],
          [
            78.5460184,
            30.2351573
          ],
          [
            78.5468787,
            30.2349505
          ],
          [
            78.5472252,
            30.2349298
          ],
          [
            78.5481315,
            30.2345777
          ],
          [
            78.5490236,
            30.2345618
          ],
          [
            78.5508085,
            30.2339316
          ],
          [
            78.5540709,
            30.2334554
          ],
          [
            78.5554599,
            30.232629
          ],
          [
            78.5562399,
            30.231638
          ],
          [
            78.5566204,
            30.2306622
          ],
          [
            78.5567524,
            30.2299075
          ],
          [
            78.5568756,
            30.2292025
          ],
          [
            78.5568824,
            30.2291637
          ],
          [
            78.5574423,
            30.2280718
          ],
          [
            78.5575736,
            30.2278157
          ],
          [
            78.5577968,
            30.2271311
          ],
          [
            78.5583782,
            30.2266288
          ],
          [
            78.559408,
            30.2259617
          ],
          [
            78.5598366,
            30.2257333
          ],
          [
            78.560711,
            30.2254692
          ],
          [
            78.561345,
            30.2252403
          ],
          [
            78.562161,
            30.2247683
          ],
          [
            78.5625642,
            30.2242544
          ],
          [
            78.5629003,
            30.2233292
          ],
          [
            78.5628963,
            30.2224666
          ],
          [
            78.5628663,
            30.2206185
          ],
          [
            78.5630675,
            30.2187402
          ],
          [
            78.5630055,
            30.2176864
          ],
          [
            78.5624571,
            30.2159505
          ],
          [
            78.5610596,
            30.2142996
          ],
          [
            78.559408,
            30.2130567
          ],
          [
            78.5586597,
            30.2123216
          ],
          [
            78.5584242,
            30.2116648
          ],
          [
            78.5584553,
            30.2104334
          ],
          [
            78.5597087,
            30.2068177
          ],
          [
            78.5604365,
            30.2049676
          ],
          [
            78.5609862,
            30.2033218
          ],
          [
            78.5613678,
            30.2019055
          ],
          [
            78.5620926,
            30.201082
          ],
          [
            78.5623204,
            30.2008232
          ],
          [
            78.5632166,
            30.1997059
          ],
          [
            78.5643328,
            30.1987694
          ],
          [
            78.5652445,
            30.1983697
          ],
          [
            78.5689921,
            30.1973427
          ],
          [
            78.5713378,
            30.1965824
          ],
          [
            78.5728577,
            30.1959006
          ],
          [
            78.5737929,
            30.195333
          ],
          [
            78.5747466,
            30.1945579
          ],
          [
            78.5757229,
            30.1936408
          ],
          [
            78.5767628,
            30.1930572
          ],
          [
            78.5771278,
            30.1928302
          ],
          [
            78.5773796,
            30.1924031
          ],
          [
            78.5774522,
            30.1918655
          ],
          [
            78.577659,
            30.1916392
          ],
          [
            78.5786702,
            30.1914936
          ],
          [
            78.5798357,
            30.1915446
          ],
          [
            78.5808264,
            30.1916011
          ],
          [
            78.582117,
            30.1916997
          ],
          [
            78.5827494,
            30.1916163
          ],
          [
            78.5830223,
            30.1911233
          ],
          [
            78.5833125,
            30.1904244
          ],
          [
            78.583976,
            30.1902094
          ],
          [
            78.5843042,
            30.1898431
          ],
          [
            78.5845053,
            30.1896186
          ],
          [
            78.5848779,
            30.1886861
          ],
          [
            78.5849729,
            30.1883816
          ],
          [
            78.5851377,
            30.1878531
          ],
          [
            78.5853132,
            30.1861234
          ],
          [
            78.5860382,
            30.1833546
          ],
          [
            78.5866298,
            30.1815265
          ],
          [
            78.5869097,
            30.180281
          ],
          [
            78.5869961,
            30.1790574
          ],
          [
            78.5875213,
            30.1778166
          ],
          [
            78.5885029,
            30.1766942
          ],
          [
            78.5902978,
            30.1752618
          ],
          [
            78.5910665,
            30.1745098
          ],
          [
            78.5917507,
            30.173542
          ],
          [
            78.5927115,
            30.1729702
          ],
          [
            78.5959718,
            30.1718087
          ],
          [
            78.5971038,
            30.1708494
          ],
          [
            78.5979986,
            30.1699854
          ],
          [
            78.5988256,
            30.1689312
          ],
          [
            78.5998769,
            30.1678668
          ],
          [
            78.6002009,
            30.1669957
          ],
          [
            78.6001148,
            30.1658723
          ],
          [
            78.5999801,
            30.1651903
          ],
          [
            78.5995697,
            30.1644889
          ],
          [
            78.5994279,
            30.1636931
          ],
          [
            78.5997554,
            30.1626349
          ],
          [
            78.6003616,
            30.1615448
          ],
          [
            78.6011427,
            30.1604442
          ],
          [
            78.6016466,
            30.1595136
          ],
          [
            78.6018825,
            30.158715
          ],
          [
            78.6018022,
            30.1575996
          ],
          [
            78.6018163,
            30.1564255
          ],
          [
            78.6017119,
            30.1552819
          ],
          [
            78.6015874,
            30.1543014
          ],
          [
            78.6008635,
            30.1530423
          ],
          [
            78.6002473,
            30.1519551
          ],
          [
            78.5991518,
            30.1514189
          ],
          [
            78.5985545,
            30.1506333
          ],
          [
            78.5978651,
            30.149088
          ],
          [
            78.5978313,
            30.1476708
          ],
          [
            78.597588,
            30.1455126
          ],
          [
            78.5974993,
            30.1450933
          ]
        ]
      }
    },
    {
      "type": "Feature",
      "id": 93542228,
      "properties": {
        "alt_name": "Bhilangana",
        "boat": "no",
        "int_name": "Bhilangna",
        "name": "Bhillangana River",
        "name:en": "Bhilangna River",
        "name:kn": "\u0cad\u0cc0\u0cb2\u0cbe\u0c82\u0c97\u0ca8",
        "waterway": "river"
      },
      "geometry": {
        "type": "LineString",
        "coordinates": [
          [
            78.9318351,
            30.8240967
          ],
          [
            78.9355343,
            30.8230378
          ],
          [
            78.9379021,
            30.82275
          ],
          [
            78.9386287,
            30.8224692
          ],
          [
            78.9391736,
            30.8221573
          ],
          [
            78.9399366,
            30.8218141
          ],
          [
            78.941862,
            30.8207533
          ],
          [
            78.9423706,
            30.8204414
          ],
          [
            78.9430972,
            30.820067
          ],
          [
            78.9435695,
            30.8197862
          ],
          [
            78.9441144,
            30.8194118
          ],
          [
            78.944732,
            30.8188814
          ],
          [
            78.9452406,
            30.818507
          ],
          [
            78.9457855,
            30.8178518
          ],
          [
            78.9465485,
            30.8166974
          ],
          [
            78.9467301,
            30.8160422
          ],
          [
            78.9475657,
            30.8148878
          ],
          [
            78.9480016,
            30.8145134
          ],
          [
            78.9484012,
            30.8140766
          ],
          [
            78.9486192,
            30.8135774
          ],
          [
            78.9487282,
            30.813047
          ],
          [
            78.9487282,
            30.8124854
          ],
          [
            78.9484355,
            30.812362
          ],
          [
            78.9482834,
            30.8115286
          ],
          [
            78.9483898,
            30.8105524
          ],
          [
            78.9489357,
            30.8102123
          ],
          [
            78.9491707,
            30.8098758
          ],
          [
            78.948867,
            30.8094603
          ],
          [
            78.9488785,
            30.8090779
          ],
          [
            78.9492042,
            30.8084745
          ],
          [
            78.9491809,
            30.8080653
          ],
          [
            78.9494634,
            30.8074237
          ],
          [
            78.9495666,
            30.8069686
          ],
          [
            78.9498368,
            30.8062901
          ],
          [
            78.9510063,
            30.8053058
          ],
          [
            78.9510441,
            30.8050638
          ],
          [
            78.9512599,
            30.8046006
          ],
          [
            78.95139,
            30.8039558
          ],
          [
            78.951996,
            30.8032549
          ],
          [
            78.9521258,
            30.8025717
          ],
          [
            78.9526388,
            30.8021787
          ],
          [
            78.9522875,
            30.801766
          ],
          [
            78.9528342,
            30.8010183
          ],
          [
            78.953002,
            30.8003369
          ],
          [
            78.9524517,
            30.7997119
          ],
          [
            78.9526746,
            30.7991824
          ],
          [
            78.9525002,
            30.7976161
          ],
          [
            78.9528675,
            30.7971705
          ],
          [
            78.952643,
            30.7962561
          ],
          [
            78.9529893,
            30.7959068
          ],
          [
            78.9527843,
            30.7952029
          ],
          [
            78.953224,
            30.7948019
          ],
          [
            78.9528634,
            30.7936103
          ],
          [
            78.9532944,
            30.7933151
          ],
          [
            78.9531423,
            30.7917812
          ],
          [
            78.9535143,
            30.7911065
          ],
          [
            78.9532128,
            30.7899711
          ],
          [
            78.9528693,
            30.7899236
          ],
          [
            78.9523696,
            30.7891521
          ],
          [
            78.9526263,
            30.7887142
          ],
          [
            78.9521071,
            30.7873982
          ],
          [
            78.9526154,
            30.7860543
          ],
          [
            78.9516968,
            30.7845273
          ],
          [
            78.9518586,
            30.7841948
          ],
          [
            78.9515021,
            30.7839408
          ],
          [
            78.9515357,
            30.7834275
          ],
          [
            78.9494673,
            30.7824049
          ],
          [
            78.9480133,
            30.7818392
          ],
          [
            78.9452145,
            30.7803462
          ],
          [
            78.9450944,
            30.7801137
          ],
          [
            78.943307,
            30.7766524
          ],
          [
            78.9387346,
            30.7751332
          ],
          [
            78.936379,
            30.7729618
          ],
          [
            78.9356066,
            30.7729782
          ],
          [
            78.9346529,
            30.7714541
          ],
          [
            78.9291598,
            30.7631941
          ],
          [
            78.9284873,
            30.7624454
          ],
          [
            78.926808,
            30.7605758
          ],
          [
            78.9228083,
            30.7565561
          ],
          [
            78.9216236,
            30.7555946
          ],
          [
            78.9197184,
            30.7540482
          ],
          [
            78.9169718,
            30.7516879
          ],
          [
            78.9142585,
            30.7502451
          ],
          [
            78.9116621,
            30.7488805
          ],
          [
            78.9103639,
            30.7482904
          ],
          [
            78.9094412,
            30.7484194
          ],
          [
            78.9089759,
            30.7482296
          ],
          [
            78.9083791,
            30.7479861
          ],
          [
            78.9075208,
            30.7471747
          ],
          [
            78.9065015,
            30.7467782
          ],
          [
            78.9047742,
            30.7462802
          ],
          [
            78.9039159,
            30.7458838
          ],
          [
            78.9008796,
            30.7440027
          ],
          [
            78.900429,
            30.7432189
          ],
          [
            78.899914,
            30.7429515
          ],
          [
            78.8988626,
            30.7426749
          ],
          [
            78.8983154,
            30.7419095
          ],
          [
            78.8983905,
            30.7401851
          ],
          [
            78.8973391,
            30.7392814
          ],
          [
            78.8964057,
            30.7384791
          ],
          [
            78.8950646,
            30.7378797
          ],
          [
            78.8946032,
            30.7373541
          ],
          [
            78.8941741,
            30.7362106
          ],
          [
            78.8933265,
            30.735851
          ],
          [
            78.8925969,
            30.7355928
          ],
          [
            78.8922429,
            30.7349472
          ],
          [
            78.8916458,
            30.7338748
          ],
          [
            78.891288,
            30.733232
          ],
          [
            78.8894641,
            30.7314521
          ],
          [
            78.8893676,
            30.7307696
          ],
          [
            78.8883912,
            30.7298935
          ],
          [
            78.8880908,
            30.7287592
          ],
          [
            78.8865673,
            30.727385
          ],
          [
            78.8857294,
            30.7251298
          ],
          [
            78.8843787,
            30.7233546
          ],
          [
            78.8832736,
            30.7230964
          ],
          [
            78.8823616,
            30.7231702
          ],
          [
            78.8818252,
            30.7229857
          ],
          [
            78.8805891,
            30.7210882
          ],
          [
            78.8797974,
            30.720763
          ],
          [
            78.8780047,
            30.7176037
          ],
          [
            78.8761164,
            30.7162755
          ],
          [
            78.8757196,
            30.7155364
          ],
          [
            78.8750864,
            30.714357
          ],
          [
            78.8743998,
            30.7114053
          ],
          [
            78.8730265,
            30.7090439
          ],
          [
            78.8713099,
            30.7069776
          ],
          [
            78.8707731,
            30.7062853
          ],
          [
            78.8695933,
            30.7047637
          ],
          [
            78.8685633,
            30.702107
          ],
          [
            78.866675,
            30.6997453
          ],
          [
            78.8654734,
            30.6979741
          ],
          [
            78.8642718,
            30.6959076
          ],
          [
            78.8641627,
            30.6954855
          ],
          [
            78.8635851,
            30.6932505
          ],
          [
            78.8622118,
            30.6920696
          ],
          [
            78.8601519,
            30.690003
          ],
          [
            78.85827,
            30.6881162
          ],
          [
            78.8581395,
            30.687267
          ],
          [
            78.8571883,
            30.6861829
          ],
          [
            78.8573394,
            30.6844891
          ],
          [
            78.8567201,
            30.6834305
          ],
          [
            78.8565131,
            30.6820594
          ],
          [
            78.8558681,
            30.6814686
          ],
          [
            78.8552502,
            30.6799029
          ],
          [
            78.8559735,
            30.6777519
          ],
          [
            78.8556722,
            30.6763094
          ],
          [
            78.8536102,
            30.6754657
          ],
          [
            78.8532966,
            30.6749057
          ],
          [
            78.8538537,
            30.6742771
          ],
          [
            78.8551862,
            30.6731869
          ],
          [
            78.8552716,
            30.6712728
          ],
          [
            78.8545919,
            30.6700982
          ],
          [
            78.8539091,
            30.6699272
          ],
          [
            78.8529849,
            30.6691465
          ],
          [
            78.8516961,
            30.6655251
          ],
          [
            78.8518109,
            30.6631727
          ],
          [
            78.8523112,
            30.6621129
          ],
          [
            78.8518171,
            30.6598005
          ],
          [
            78.8511463,
            30.6593728
          ],
          [
            78.8509734,
            30.6581857
          ],
          [
            78.8510545,
            30.6579367
          ],
          [
            78.8519669,
            30.6551332
          ],
          [
            78.8515045,
            30.6541963
          ],
          [
            78.8523418,
            30.6526057
          ],
          [
            78.8521486,
            30.6505974
          ],
          [
            78.8525616,
            30.6495311
          ],
          [
            78.852917,
            30.6493656
          ],
          [
            78.8528189,
            30.6486899
          ],
          [
            78.8534178,
            30.6478659
          ],
          [
            78.8533288,
            30.6471849
          ],
          [
            78.8542786,
            30.646336
          ],
          [
            78.8542022,
            30.6452311
          ],
          [
            78.8574749,
            30.6405924
          ],
          [
            78.8593172,
            30.6399336
          ],
          [
            78.8594545,
            30.6394392
          ],
          [
            78.8589008,
            30.6383796
          ],
          [
            78.8594092,
            30.6376163
          ],
          [
            78.8592377,
            30.636912
          ],
          [
            78.8594928,
            30.6363428
          ],
          [
            78.8602696,
            30.6354867
          ],
          [
            78.8599564,
            30.6344664
          ],
          [
            78.8600916,
            30.6333248
          ],
          [
            78.8594933,
            30.6322216
          ],
          [
            78.8584497,
            30.6309995
          ],
          [
            78.8589561,
            30.6286513
          ],
          [
            78.858854,
            30.6279244
          ],
          [
            78.8585055,
            30.6269799
          ],
          [
            78.8587734,
            30.6256031
          ],
          [
            78.8583399,
            30.6243334
          ],
          [
            78.8586568,
            30.6239305
          ],
          [
            78.8576813,
            30.6231368
          ],
          [
            78.8572069,
            30.6218927
          ],
          [
            78.8575206,
            30.6207555
          ],
          [
            78.8568689,
            30.6190954
          ],
          [
            78.8556173,
            30.6186272
          ],
          [
            78.8530289,
            30.6170942
          ],
          [
            78.8504874,
            30.6126647
          ],
          [
            78.849368,
            30.6116696
          ],
          [
            78.8476326,
            30.611124
          ],
          [
            78.8477517,
            30.6096305
          ],
          [
            78.8462478,
            30.6046776
          ],
          [
            78.8457897,
            30.6037408
          ],
          [
            78.8442815,
            30.6031461
          ],
          [
            78.8430056,
            30.6015111
          ],
          [
            78.8415462,
            30.6003596
          ],
          [
            78.8407497,
            30.5989802
          ],
          [
            78.8395596,
            30.5983075
          ],
          [
            78.8395113,
            30.5973663
          ],
          [
            78.8390577,
            30.5967926
          ],
          [
            78.8381509,
            30.5956455
          ],
          [
            78.8363003,
            30.5946912
          ],
          [
            78.834824,
            30.5940375
          ],
          [
            78.8339072,
            30.5941107
          ],
          [
            78.8327747,
            30.5947409
          ],
          [
            78.8326275,
            30.593877
          ],
          [
            78.8326536,
            30.5927419
          ],
          [
            78.8319112,
            30.5918026
          ],
          [
            78.8307175,
            30.5908773
          ],
          [
            78.8300666,
            30.5904826
          ],
          [
            78.8302605,
            30.5896653
          ],
          [
            78.8305533,
            30.5889539
          ],
          [
            78.8299767,
            30.5882923
          ],
          [
            78.8293218,
            30.5883134
          ],
          [
            78.827228,
            30.5875278
          ],
          [
            78.8265686,
            30.5861063
          ],
          [
            78.8258582,
            30.5855875
          ],
          [
            78.8219881,
            30.5838742
          ],
          [
            78.8229502,
            30.5814369
          ],
          [
            78.8221412,
            30.5808283
          ],
          [
            78.8225501,
            30.5775764
          ],
          [
            78.8221235,
            30.5751342
          ],
          [
            78.8212263,
            30.5743656
          ],
          [
            78.8202684,
            30.573038
          ],
          [
            78.8184389,
            30.5721875
          ],
          [
            78.8179517,
            30.5709417
          ],
          [
            78.8168709,
            30.5702464
          ],
          [
            78.8157865,
            30.5698967
          ],
          [
            78.8157747,
            30.5689014
          ],
          [
            78.8150421,
            30.5670563
          ],
          [
            78.8143816,
            30.5665684
          ],
          [
            78.8138082,
            30.5657085
          ],
          [
            78.8141263,
            30.5645611
          ],
          [
            78.8147581,
            30.5640945
          ],
          [
            78.8146379,
            30.5637039
          ],
          [
            78.8142978,
            30.5634723
          ],
          [
            78.8130322,
            30.5634728
          ],
          [
            78.8120838,
            30.5627739
          ],
          [
            78.810655,
            30.5623824
          ],
          [
            78.8091394,
            30.5591448
          ],
          [
            78.8090872,
            30.5573768
          ],
          [
            78.8085204,
            30.5561378
          ],
          [
            78.8072373,
            30.5560583
          ],
          [
            78.8061555,
            30.5555819
          ],
          [
            78.8058246,
            30.554205
          ],
          [
            78.8051836,
            30.5506929
          ],
          [
            78.8062688,
            30.5484427
          ],
          [
            78.8062688,
            30.5483023
          ],
          [
            78.8051298,
            30.5473773
          ],
          [
            78.8046439,
            30.5438573
          ],
          [
            78.8038933,
            30.5432537
          ],
          [
            78.802613,
            30.5436234
          ],
          [
            78.801689,
            30.5431775
          ],
          [
            78.8008847,
            30.5418473
          ],
          [
            78.8010956,
            30.5408187
          ],
          [
            78.8011949,
            30.5403346
          ],
          [
            78.8006804,
            30.539357
          ],
          [
            78.7982915,
            30.5390072
          ],
          [
            78.7979012,
            30.5379669
          ],
          [
            78.7981417,
            30.5368111
          ],
          [
            78.7978755,
            30.536554
          ],
          [
            78.7974114,
            30.5367254
          ],
          [
            78.7966856,
            30.5366455
          ],
          [
            78.7952901,
            30.5355331
          ],
          [
            78.7952913,
            30.5354215
          ],
          [
            78.7939631,
            30.533859
          ],
          [
            78.7918606,
            30.5330332
          ],
          [
            78.7909596,
            30.5322295
          ],
          [
            78.7912283,
            30.5309157
          ],
          [
            78.7914487,
            30.5298384
          ],
          [
            78.7909776,
            30.529405
          ],
          [
            78.7902368,
            30.5285671
          ],
          [
            78.7902795,
            30.527605
          ],
          [
            78.7907517,
            30.5266906
          ],
          [
            78.7906855,
            30.5266063
          ],
          [
            78.790131,
            30.5263843
          ],
          [
            78.7899167,
            30.5262985
          ],
          [
            78.7875987,
            30.526559
          ],
          [
            78.786355,
            30.526171
          ],
          [
            78.7851406,
            30.5257228
          ],
          [
            78.7843288,
            30.5251786
          ],
          [
            78.7832809,
            30.5254188
          ],
          [
            78.7812542,
            30.526588
          ],
          [
            78.7770564,
            30.5249966
          ],
          [
            78.7756188,
            30.5249191
          ],
          [
            78.7746949,
            30.5243091
          ],
          [
            78.774371,
            30.5232043
          ],
          [
            78.7740751,
            30.5224553
          ],
          [
            78.7732091,
            30.5226091
          ],
          [
            78.7708638,
            30.5245302
          ],
          [
            78.7690277,
            30.5243685
          ],
          [
            78.7649735,
            30.5228368
          ],
          [
            78.763532,
            30.5227521
          ],
          [
            78.7613416,
            30.5229025
          ],
          [
            78.7598298,
            30.522353
          ],
          [
            78.7579398,
            30.5209628
          ],
          [
            78.75628,
            30.5165404
          ],
          [
            78.7551299,
            30.5140922
          ],
          [
            78.7545347,
            30.5139974
          ],
          [
            78.7531222,
            30.5140167
          ],
          [
            78.7513425,
            30.5146727
          ],
          [
            78.7503623,
            30.5148393
          ],
          [
            78.7496459,
            30.5142281
          ],
          [
            78.7495607,
            30.5135179
          ],
          [
            78.7510943,
            30.5125135
          ],
          [
            78.7511587,
            30.5119312
          ],
          [
            78.7504667,
            30.5113766
          ],
          [
            78.7492382,
            30.5111455
          ],
          [
            78.7485409,
            30.5105817
          ],
          [
            78.7480581,
            30.5099948
          ],
          [
            78.7468725,
            30.5095141
          ],
          [
            78.7454134,
            30.509833
          ],
          [
            78.7441581,
            30.5095095
          ],
          [
            78.7428439,
            30.5085759
          ],
          [
            78.741256,
            30.5070969
          ],
          [
            78.7401777,
            30.5066902
          ],
          [
            78.7396574,
            30.5059091
          ],
          [
            78.7385845,
            30.5041482
          ],
          [
            78.737753,
            30.503233
          ],
          [
            78.7359559,
            30.5032099
          ],
          [
            78.7336761,
            30.5034503
          ],
          [
            78.7321258,
            30.5027385
          ],
          [
            78.7309188,
            30.5031082
          ],
          [
            78.7304628,
            30.503136
          ],
          [
            78.7296849,
            30.5030204
          ],
          [
            78.7290788,
            30.5026091
          ],
          [
            78.7284833,
            30.5016384
          ],
          [
            78.7282097,
            30.5008296
          ],
          [
            78.7273192,
            30.5000114
          ],
          [
            78.7243205,
            30.4961565
          ],
          [
            78.7229419,
            30.4950518
          ],
          [
            78.7213969,
            30.4937205
          ],
          [
            78.7198949,
            30.4930133
          ],
          [
            78.7179208,
            30.4921997
          ],
          [
            78.7176472,
            30.4914139
          ],
          [
            78.7177113,
            30.4905598
          ],
          [
            78.7175834,
            30.4900327
          ],
          [
            78.716644,
            30.489588
          ],
          [
            78.7155873,
            30.4895094
          ],
          [
            78.7141657,
            30.4894215
          ],
          [
            78.713361,
            30.4887189
          ],
          [
            78.7135917,
            30.4880671
          ],
          [
            78.7148875,
            30.4874493
          ],
          [
            78.7147397,
            30.4866849
          ],
          [
            78.7130123,
            30.4856078
          ],
          [
            78.7124169,
            30.4846509
          ],
          [
            78.7132859,
            30.4824781
          ],
          [
            78.7129104,
            30.4810172
          ],
          [
            78.7118861,
            30.4796109
          ],
          [
            78.710593,
            30.4784237
          ],
          [
            78.7071222,
            30.4784283
          ],
          [
            78.7062585,
            30.4782387
          ],
          [
            78.7058133,
            30.4779059
          ],
          [
            78.705427,
            30.4767085
          ],
          [
            78.7061298,
            30.4749239
          ],
          [
            78.7060386,
            30.4732132
          ],
          [
            78.7060225,
            30.4715858
          ],
          [
            78.7059012,
            30.4668896
          ],
          [
            78.705109,
            30.46579
          ],
          [
            78.7040027,
            30.4649906
          ],
          [
            78.7051433,
            30.4636263
          ],
          [
            78.7034512,
            30.4561536
          ],
          [
            78.7044965,
            30.4548078
          ],
          [
            78.7043879,
            30.4539351
          ],
          [
            78.7028601,
            30.4530217
          ],
          [
            78.6992935,
            30.4532712
          ],
          [
            78.6965366,
            30.451168
          ],
          [
            78.6952561,
            30.4489835
          ],
          [
            78.69423,
            30.4489484
          ],
          [
            78.6937158,
            30.4484839
          ],
          [
            78.6933705,
            30.4475013
          ],
          [
            78.6924968,
            30.4469863
          ],
          [
            78.6916648,
            30.4473451
          ],
          [
            78.6905118,
            30.4487109
          ],
          [
            78.689871,
            30.4488649
          ],
          [
            78.6894597,
            30.4480326
          ],
          [
            78.6896472,
            30.4466799
          ],
          [
            78.6901343,
            30.4457569
          ],
          [
            78.6900201,
            30.4453651
          ],
          [
            78.6889724,
            30.445188
          ],
          [
            78.6866892,
            30.4463088
          ],
          [
            78.6861282,
            30.4459503
          ],
          [
            78.6858976,
            30.4448294
          ],
          [
            78.686821,
            30.442357
          ],
          [
            78.6867085,
            30.441412
          ],
          [
            78.6855526,
            30.4409845
          ],
          [
            78.6854664,
            30.4399213
          ],
          [
            78.6849594,
            30.4386572
          ],
          [
            78.6841738,
            30.4380416
          ],
          [
            78.6833429,
            30.438465
          ],
          [
            78.6820229,
            30.4415576
          ],
          [
            78.681015,
            30.4421405
          ],
          [
            78.6797904,
            30.442247
          ],
          [
            78.6786514,
            30.4427071
          ],
          [
            78.6777187,
            30.4428345
          ],
          [
            78.6772939,
            30.4422672
          ],
          [
            78.6775649,
            30.4413036
          ],
          [
            78.6797522,
            30.4376526
          ],
          [
            78.6796461,
            30.4369411
          ],
          [
            78.6784032,
            30.4366216
          ],
          [
            78.6769378,
            30.4369976
          ],
          [
            78.6760787,
            30.4381948
          ],
          [
            78.6756186,
            30.438711
          ],
          [
            78.6744593,
            30.4425433
          ],
          [
            78.6734748,
            30.4429226
          ],
          [
            78.6721011,
            30.4426866
          ],
          [
            78.6712636,
            30.441623
          ],
          [
            78.6703074,
            30.4399847
          ],
          [
            78.6708766,
            30.4378203
          ],
          [
            78.6705324,
            30.4372003
          ],
          [
            78.6693094,
            30.4368017
          ],
          [
            78.6680847,
            30.4354908
          ],
          [
            78.6652076,
            30.4320108
          ],
          [
            78.6658233,
            30.4307513
          ],
          [
            78.6650888,
            30.4298343
          ],
          [
            78.6634916,
            30.4287459
          ],
          [
            78.6634988,
            30.4275278
          ],
          [
            78.6635265,
            30.4270357
          ],
          [
            78.6632541,
            30.4269661
          ],
          [
            78.6629794,
            30.4267203
          ],
          [
            78.6621113,
            30.4268014
          ],
          [
            78.6607246,
            30.4280284
          ],
          [
            78.6595287,
            30.4299203
          ],
          [
            78.6589685,
            30.4307122
          ],
          [
            78.6578859,
            30.430782
          ],
          [
            78.6571167,
            30.4305043
          ],
          [
            78.6564138,
            30.4299145
          ],
          [
            78.655785,
            30.4294932
          ],
          [
            78.6550325,
            30.4294787
          ],
          [
            78.6544724,
            30.42991
          ],
          [
            78.6533491,
            30.4312409
          ],
          [
            78.6525104,
            30.4315515
          ],
          [
            78.6520382,
            30.4314706
          ],
          [
            78.6519778,
            30.4308761
          ],
          [
            78.6522266,
            30.4301915
          ],
          [
            78.6510349,
            30.4292415
          ],
          [
            78.6494244,
            30.4289747
          ],
          [
            78.6480145,
            30.4273277
          ],
          [
            78.6469642,
            30.4262019
          ],
          [
            78.6459002,
            30.4261472
          ],
          [
            78.6456691,
            30.4263008
          ],
          [
            78.6452551,
            30.4272876
          ],
          [
            78.6450877,
            30.4286886
          ],
          [
            78.6444963,
            30.4295483
          ],
          [
            78.6434367,
            30.4298576
          ],
          [
            78.6411918,
            30.4289507
          ],
          [
            78.6397175,
            30.427688
          ],
          [
            78.6389837,
            30.4262803
          ],
          [
            78.6390534,
            30.4243931
          ],
          [
            78.6394177,
            30.4230275
          ],
          [
            78.6376282,
            30.4204696
          ],
          [
            78.6380975,
            30.4193437
          ],
          [
            78.6379486,
            30.4183056
          ],
          [
            78.6371468,
            30.4177084
          ],
          [
            78.6363434,
            30.4180868
          ],
          [
            78.6324182,
            30.4181859
          ],
          [
            78.6320635,
            30.4179025
          ],
          [
            78.6319049,
            30.4169552
          ],
          [
            78.6308508,
            30.4162323
          ],
          [
            78.6295226,
            30.4158211
          ],
          [
            78.6279272,
            30.4158576
          ],
          [
            78.6260082,
            30.4164563
          ],
          [
            78.6246651,
            30.4167745
          ],
          [
            78.6234809,
            30.4165518
          ],
          [
            78.6219454,
            30.4158077
          ],
          [
            78.6197722,
            30.4156487
          ],
          [
            78.6162862,
            30.4158077
          ],
          [
            78.6153898,
            30.4149009
          ],
          [
            78.6143419,
            30.4127779
          ],
          [
            78.6134042,
            30.4093636
          ],
          [
            78.6121612,
            30.4085182
          ],
          [
            78.6104697,
            30.4073678
          ],
          [
            78.6091022,
            30.4059832
          ],
          [
            78.6041888,
            30.4051476
          ],
          [
            78.6025009,
            30.4027145
          ],
          [
            78.6010812,
            30.3985795
          ],
          [
            78.6001192,
            30.3980934
          ],
          [
            78.5927558,
            30.3981554
          ],
          [
            78.5920614,
            30.3978473
          ],
          [
            78.5920231,
            30.3970899
          ],
          [
            78.5932712,
            30.3955882
          ],
          [
            78.5931327,
            30.3940283
          ],
          [
            78.5938556,
            30.3933974
          ],
          [
            78.5924226,
            30.3923207
          ],
          [
            78.5899619,
            30.3912788
          ],
          [
            78.5881303,
            30.3880833
          ],
          [
            78.5878983,
            30.3868922
          ],
          [
            78.5888213,
            30.3858652
          ],
          [
            78.590564,
            30.3834525
          ],
          [
            78.5907572,
            30.3829268
          ],
          [
            78.5886502,
            30.3805099
          ],
          [
            78.5843868,
            30.3787558
          ],
          [
            78.5820851,
            30.3778088
          ],
          [
            78.576227,
            30.3731034
          ],
          [
            78.5701001,
            30.374557
          ],
          [
            78.5681469,
            30.3750204
          ],
          [
            78.5607738,
            30.3737133
          ],
          [
            78.5573398,
            30.3731034
          ],
          [
            78.5540067,
            30.3694434
          ],
          [
            78.5501686,
            30.3668291
          ],
          [
            78.5449166,
            30.367352
          ],
          [
            78.5354224,
            30.3758046
          ],
          [
            78.5293623,
            30.3759789
          ],
          [
            78.5241103,
            30.3812941
          ],
          [
            78.5156261,
            30.3809456
          ],
          [
            78.508859,
            30.3809456
          ],
          [
            78.505526,
            30.3853021
          ],
          [
            78.5010819,
            30.3841694
          ],
          [
            78.4944158,
            30.3829496
          ],
          [
            78.4936115,
            30.3829909
          ],
          [
            78.4859317,
            30.3833852
          ],
          [
            78.4818498,
            30.3838802
          ],
          [
            78.4794614,
            30.3832103
          ]
        ]
      }
    },
    {
      "type": "Feature",
      "id": 226984216,
      "properties": {
        "source": "bing",
        "waterway": "stream"
      },
      "geometry": {
        "type": "LineString",
        "coordinates": [
          [
            78.4420233,
            30.3446417
          ],
          [
            78.4420287,
            30.3444495
          ],
          [
            78.4420072,
            30.3442319
          ],
          [
            78.4420823,
            30.3439472
          ],
          [
            78.4422218,
            30.3435421
          ],
          [
            78.4422138,
            30.3433778
          ],
          [
            78.4421038,
            30.3431695
          ],
          [
            78.4416129,
            30.3429486
          ],
          [
            78.4417316,
            30.3427295
          ],
          [
            78.4419919,
            30.3423623
          ],
          [
            78.4422377,
            30.3420153
          ],
          [
            78.4423142,
            30.3418448
          ],
          [
            78.442358,
            30.3413884
          ],
          [
            78.4424027,
            30.3407645
          ],
          [
            78.4424295,
            30.3404741
          ],
          [
            78.4425394,
            30.340318
          ],
          [
            78.4428308,
            30.3401709
          ],
          [
            78.4430865,
            30.3402279
          ],
          [
            78.4434329,
            30.3404865
          ],
          [
            78.4443319,
            30.3402089
          ],
          [
            78.44467,
            30.3399005
          ],
          [
            78.4448707,
            30.3394662
          ],
          [
            78.444813,
            30.3391175
          ],
          [
            78.4452171,
            30.3390036
          ],
          [
            78.4460776,
            30.3388707
          ],
          [
            78.446446,
            30.3390937
          ],
          [
            78.4466082,
            30.3390273
          ],
          [
            78.4470179,
            30.3388446
          ],
          [
            78.4473395,
            30.33893
          ],
          [
            78.4475595,
            30.338847
          ],
          [
            78.4478069,
            30.3385883
          ],
          [
            78.4479856,
            30.3386216
          ],
          [
            78.4481478,
            30.3389466
          ],
          [
            78.4482578,
            30.3389348
          ],
          [
            78.4483925,
            30.3387473
          ],
          [
            78.4488985,
            30.3386408
          ],
          [
            78.4494351,
            30.3386844
          ],
          [
            78.4497364,
            30.338572
          ],
          [
            78.44982,
            30.3380257
          ],
          [
            78.4481754,
            30.337207
          ],
          [
            78.4476816,
            30.3368412
          ],
          [
            78.4476894,
            30.336457
          ],
          [
            78.4478488,
            30.3362104
          ],
          [
            78.4484884,
            30.3358178
          ],
          [
            78.4485486,
            30.3351953
          ],
          [
            78.4485195,
            30.3347205
          ],
          [
            78.4487333,
            30.3347171
          ],
          [
            78.4491202,
            30.3342356
          ],
          [
            78.449509,
            30.3339873
          ],
          [
            78.449474,
            30.3338178
          ],
          [
            78.4493845,
            30.3336148
          ],
          [
            78.4497636,
            30.3333195
          ],
          [
            78.4503099,
            30.3330611
          ],
          [
            78.4512391,
            30.3331936
          ],
          [
            78.4514704,
            30.3329571
          ],
          [
            78.4514976,
            30.3328413
          ],
          [
            78.4517368,
            30.3325795
          ],
          [
            78.4517659,
            30.3323832
          ],
          [
            78.4520906,
            30.3320527
          ],
          [
            78.4521081,
            30.3319436
          ],
          [
            78.4523705,
            30.3318899
          ],
          [
            78.4528759,
            30.331296
          ],
          [
            78.4531306,
            30.3311449
          ],
          [
            78.4532135,
            30.3309841
          ]
        ]
      }
    },
    {
      "type": "Feature",
      "id": 226987711,
      "properties": {
        "source": "bing",
        "waterway": "stream"
      },
      "geometry": {
        "type": "LineString",
        "coordinates": [
          [
            78.4489367,
            30.3131296
          ],
          [
            78.4489367,
            30.3139077
          ],
          [
            78.4489485,
            30.3145152
          ],
          [
            78.4487339,
            30.3158211
          ],
          [
            78.4488841,
            30.3161083
          ],
          [
            78.4499677,
            30.3162935
          ],
          [
            78.4508046,
            30.3174512
          ],
          [
            78.4514591,
            30.3176364
          ],
          [
            78.4519526,
            30.3183403
          ],
          [
            78.4517906,
            30.3188719
          ],
          [
            78.4514483,
            30.3191183
          ],
          [
            78.45134,
            30.3193906
          ],
          [
            78.4517058,
            30.3203871
          ],
          [
            78.4515545,
            30.3212613
          ],
          [
            78.4515545,
            30.3221504
          ],
          [
            78.4517595,
            30.3222949
          ],
          [
            78.4522744,
            30.3223505
          ],
          [
            78.4524354,
            30.3226098
          ],
          [
            78.4525212,
            30.3230173
          ],
          [
            78.4535394,
            30.3233173
          ],
          [
            78.4543773,
            30.3237211
          ],
          [
            78.4545382,
            30.3243971
          ],
          [
            78.4544417,
            30.3249806
          ],
          [
            78.4542164,
            30.3257677
          ],
          [
            78.4539578,
            30.3258918
          ],
          [
            78.4539363,
            30.3264104
          ],
          [
            78.4539578,
            30.3267809
          ],
          [
            78.453872,
            30.3273087
          ],
          [
            78.4540125,
            30.3276662
          ],
          [
            78.4543129,
            30.3280274
          ],
          [
            78.4544203,
            30.3283732
          ],
          [
            78.4543746,
            30.3289106
          ],
          [
            78.4545919,
            30.3290738
          ],
          [
            78.4547145,
            30.3294577
          ],
          [
            78.4545935,
            30.329672
          ],
          [
            78.4549286,
            30.3303263
          ],
          [
            78.4549985,
            30.3303832
          ],
          [
            78.4556218,
            30.3307221
          ],
          [
            78.4560188,
            30.3309351
          ],
          [
            78.4563611,
            30.3307814
          ],
          [
            78.4569415,
            30.330611
          ],
          [
            78.4574672,
            30.3309259
          ],
          [
            78.4578105,
            30.3314722
          ],
          [
            78.4583899,
            30.3315185
          ],
          [
            78.4588405,
            30.331287
          ],
          [
            78.4594735,
            30.3308425
          ],
          [
            78.4599241,
            30.330824
          ],
          [
            78.4603951,
            30.3309018
          ],
          [
            78.461071,
            30.3304851
          ],
          [
            78.4617684,
            30.3307351
          ],
          [
            78.4620806,
            30.3299998
          ],
          [
            78.4626911,
            30.3302073
          ],
          [
            78.4633788,
            30.3309074
          ],
          [
            78.4634324,
            30.3317871
          ],
          [
            78.4642693,
            30.3322316
          ],
          [
            78.4652563,
            30.3322316
          ],
          [
            78.4656737,
            30.3317352
          ],
          [
            78.4665642,
            30.331337
          ],
          [
            78.4667788,
            30.3308462
          ],
          [
            78.4667369,
            30.330361
          ],
          [
            78.4670802,
            30.3300924
          ],
          [
            78.4675298,
            30.3299572
          ],
          [
            78.4679911,
            30.3296609
          ],
          [
            78.4685276,
            30.3298461
          ],
          [
            78.4684857,
            30.3303425
          ],
          [
            78.4682808,
            30.3307629
          ],
          [
            78.4690543,
            30.3310648
          ],
          [
            78.4692797,
            30.3313426
          ],
          [
            78.4693118,
            30.3315834
          ],
          [
            78.4697732,
            30.3318334
          ],
          [
            78.4701691,
            30.3316519
          ],
          [
            78.4705778,
            30.3319352
          ],
          [
            78.4713063,
            30.3318
          ],
          [
            78.471404,
            30.3313241
          ],
          [
            78.4718331,
            30.3307221
          ],
          [
            78.4722837,
            30.3305925
          ],
          [
            78.4727451,
            30.3306666
          ],
          [
            78.4774833,
            30.3299198
          ],
          [
            78.4784832,
            30.3289493
          ],
          [
            78.4801998,
            30.3282825
          ],
          [
            78.4813156,
            30.3287271
          ],
          [
            78.4827747,
            30.3290975
          ],
          [
            78.4849205,
            30.3296901
          ],
          [
            78.4874928,
            30.3314963
          ]
        ]
      }
    },
    {
      "type": "Feature",
      "id": 226990785,
      "properties": {
        "waterway": "stream"
      },
      "geometry": {
        "type": "LineString",
        "coordinates": [
          [
            78.4276212,
            30.323025
          ],
          [
            78.4297198,
            30.3248698
          ],
          [
            78.4318656,
            30.3250179
          ],
          [
            78.4341431,
            30.3236966
          ],
          [
            78.4361687,
            30.3250228
          ],
          [
            78.4386578,
            30.3262082
          ],
          [
            78.4419193,
            30.3272454
          ],
          [
            78.4439793,
            30.327838
          ],
          [
            78.44664,
            30.3287271
          ],
          [
            78.4487,
            30.3290234
          ],
          [
            78.4507599,
            30.3294679
          ],
          [
            78.4517899,
            30.3300606
          ],
          [
            78.452559,
            30.3305387
          ],
          [
            78.4529375,
            30.3309823
          ],
          [
            78.4532135,
            30.3309841
          ],
          [
            78.4541907,
            30.3307153
          ],
          [
            78.4549286,
            30.3303263
          ]
        ]
      }
    },
    {
      "type": "Feature",
      "id": 227096508,
      "properties": {
        "waterway": "stream"
      },
      "geometry": {
        "type": "LineString",
        "coordinates": [
          [
            78.5178384,
            30.3306754
          ],
          [
            78.5180385,
            30.330342
          ],
          [
            78.5181565,
            30.3300086
          ],
          [
            78.5182783,
            30.3298327
          ],
          [
            78.5184821,
            30.3297586
          ],
          [
            78.5186752,
            30.3296197
          ],
          [
            78.5187396,
            30.3294067
          ],
          [
            78.518804,
            30.32924
          ],
          [
            78.5189864,
            30.3290733
          ],
          [
            78.5193082,
            30.3288789
          ],
          [
            78.519562,
            30.3285362
          ],
          [
            78.520041,
            30.3278579
          ],
          [
            78.5213896,
            30.3266322
          ],
          [
            78.5220661,
            30.3254807
          ],
          [
            78.5225516,
            30.3247324
          ],
          [
            78.5223,
            30.3234798
          ],
          [
            78.5222946,
            30.3223708
          ],
          [
            78.5223327,
            30.32126
          ],
          [
            78.5217442,
            30.3201051
          ],
          [
            78.5220194,
            30.3180125
          ],
          [
            78.5238642,
            30.3155151
          ],
          [
            78.5243792,
            30.3141813
          ],
          [
            78.5221476,
            30.3133663
          ],
          [
            78.5211177,
            30.3129217
          ],
          [
            78.5203591,
            30.3128439
          ],
          [
            78.519702,
            30.3124369
          ],
          [
            78.5196564,
            30.311895
          ],
          [
            78.5203184,
            30.3111818
          ],
          [
            78.5208784,
            30.3105353
          ],
          [
            78.5206585,
            30.309391
          ],
          [
            78.5197143,
            30.3090946
          ],
          [
            78.5181801,
            30.3089052
          ],
          [
            78.5173111,
            30.3082795
          ],
          [
            78.5177568,
            30.3066706
          ],
          [
            78.5189719,
            30.3052154
          ],
          [
            78.518341,
            30.3040557
          ],
          [
            78.5175686,
            30.3024255
          ],
          [
            78.5167961,
            30.3004987
          ],
          [
            78.51692,
            30.2984928
          ],
          [
            78.5168168,
            30.297935
          ],
          [
            78.5167989,
            30.2974842
          ],
          [
            78.5166451,
            30.2971337
          ],
          [
            78.5166639,
            30.2969855
          ]
        ]
      }
    },
    {
      "type": "Feature",
      "id": 313510334,
      "properties": {
        "boat": "no",
        "name": "Bhagirathi River",
        "name:bn": "\u09ad\u09be\u0997\u09c0\u09b0\u09a5\u09c0",
        "name:en": "Bhagirathi River",
        "name:et": "Bhagirathi",
        "name:hi": "\u092d\u093e\u0917\u0940\u0930\u0925\u0940 \u0928\u0926\u0940",
        "name:kn": "\u0cad\u0cbe\u0c97\u0cc0\u0cb0\u0ca5\u0cbf",
        "name:ml": "\u0d2d\u0d3e\u0d17\u0d40\u0d30\u0d25\u0d3f",
        "waterway": "river",
        "is_main_stem": true
      },
      "geometry": {
        "type": "LineString",
        "coordinates": [
          [
            78.3200293,
            30.6164137
          ],
          [
            78.3177215,
            30.6147688
          ],
          [
            78.3170478,
            30.613466
          ],
          [
            78.3163059,
            30.6126816
          ],
          [
            78.3160366,
            30.6120902
          ],
          [
            78.3156096,
            30.6113261
          ],
          [
            78.316992,
            30.6100869
          ],
          [
            78.3164807,
            30.6093699
          ],
          [
            78.3158735,
            30.6089581
          ],
          [
            78.3151134,
            30.6084812
          ],
          [
            78.3148746,
            30.6072867
          ],
          [
            78.3155382,
            30.6061953
          ],
          [
            78.3169256,
            30.6058817
          ],
          [
            78.3182843,
            30.6062594
          ],
          [
            78.3199819,
            30.6063103
          ],
          [
            78.3208091,
            30.6061469
          ],
          [
            78.3211569,
            30.605915
          ],
          [
            78.3222598,
            30.605119
          ],
          [
            78.3226852,
            30.6039901
          ],
          [
            78.3227496,
            30.6021506
          ],
          [
            78.3222444,
            30.6005116
          ],
          [
            78.3221735,
            30.6002621
          ],
          [
            78.3219079,
            30.5983796
          ],
          [
            78.3223306,
            30.596546
          ],
          [
            78.3231208,
            30.5949723
          ],
          [
            78.3241889,
            30.5937809
          ],
          [
            78.324776,
            30.592989
          ],
          [
            78.3255551,
            30.5917954
          ],
          [
            78.3259259,
            30.590606
          ],
          [
            78.3260945,
            30.5894362
          ],
          [
            78.3264169,
            30.5876134
          ],
          [
            78.3267615,
            30.5860894
          ],
          [
            78.326985,
            30.5844675
          ],
          [
            78.3279149,
            30.5830356
          ],
          [
            78.329878,
            30.5829765
          ],
          [
            78.3309584,
            30.5833109
          ],
          [
            78.3320809,
            30.5834859
          ],
          [
            78.3330459,
            30.5818369
          ],
          [
            78.3329763,
            30.580964
          ],
          [
            78.3306344,
            30.5806151
          ],
          [
            78.3293119,
            30.5795016
          ],
          [
            78.3294685,
            30.5776507
          ],
          [
            78.3304558,
            30.5779831
          ],
          [
            78.3337317,
            30.576266
          ],
          [
            78.335311,
            30.573493
          ],
          [
            78.3334954,
            30.572445
          ],
          [
            78.3312135,
            30.5717381
          ],
          [
            78.3286116,
            30.5709076
          ],
          [
            78.3288477,
            30.5689422
          ],
          [
            78.3288635,
            30.5682893
          ],
          [
            78.3291724,
            30.5667453
          ],
          [
            78.3306105,
            30.5651875
          ],
          [
            78.3319094,
            30.5637895
          ],
          [
            78.3339297,
            30.5626298
          ],
          [
            78.3339969,
            30.5625912
          ],
          [
            78.3379864,
            30.5624713
          ],
          [
            78.3403059,
            30.5617124
          ],
          [
            78.3410017,
            30.5599548
          ],
          [
            78.3402131,
            30.5579575
          ],
          [
            78.3395834,
            30.5566148
          ],
          [
            78.3392389,
            30.5558802
          ],
          [
            78.3392389,
            30.5540426
          ],
          [
            78.3391925,
            30.5520052
          ],
          [
            78.3397492,
            30.5509665
          ],
          [
            78.3413728,
            30.5503673
          ],
          [
            78.3441562,
            30.5502874
          ],
          [
            78.3457335,
            30.5496082
          ],
          [
            78.3458726,
            30.5480502
          ],
          [
            78.3451768,
            30.546572
          ],
          [
            78.3433212,
            30.5454933
          ],
          [
            78.342579,
            30.5449739
          ],
          [
            78.3434604,
            30.544095
          ],
          [
            78.3449448,
            30.5430162
          ],
          [
            78.3453159,
            30.5416578
          ],
          [
            78.3460269,
            30.5407393
          ],
          [
            78.3467076,
            30.5398599
          ],
          [
            78.3481457,
            30.5385814
          ],
          [
            78.348424,
            30.5377024
          ],
          [
            78.3489807,
            30.5357046
          ],
          [
            78.3502796,
            30.5328277
          ],
          [
            78.3517641,
            30.5331474
          ],
          [
            78.3535269,
            30.5336269
          ],
          [
            78.3560783,
            30.5335869
          ],
          [
            78.3577483,
            30.5333072
          ],
          [
            78.3582586,
            30.5326279
          ],
          [
            78.3576556,
            30.5310696
          ],
          [
            78.3561711,
            30.5312294
          ],
          [
            78.3552433,
            30.5305901
          ],
          [
            78.3554289,
            30.5295512
          ],
          [
            78.3568205,
            30.5276731
          ],
          [
            78.3592792,
            30.5251557
          ],
          [
            78.3590945,
            30.5245438
          ],
          [
            78.3609492,
            30.5239169
          ],
          [
            78.3614131,
            30.5219988
          ],
          [
            78.3620626,
            30.5207999
          ],
          [
            78.3634542,
            30.5201605
          ],
          [
            78.3673973,
            30.5204003
          ],
          [
            78.3693457,
            30.5194811
          ],
          [
            78.3701807,
            30.5184821
          ],
          [
            78.3712013,
            30.5170034
          ],
          [
            78.3724538,
            30.5169235
          ],
          [
            78.3729641,
            30.5176029
          ],
          [
            78.3737527,
            30.5178826
          ],
          [
            78.3756547,
            30.5179626
          ],
          [
            78.3772319,
            30.5174031
          ],
          [
            78.3789483,
            30.5162042
          ],
          [
            78.3800617,
            30.5152051
          ],
          [
            78.3807575,
            30.5138862
          ],
          [
            78.3819173,
            30.5126073
          ],
          [
            78.3827987,
            30.5116881
          ],
          [
            78.3844223,
            30.5114883
          ],
          [
            78.3859068,
            30.5106091
          ],
          [
            78.3870665,
            30.5100495
          ],
          [
            78.3883654,
            30.5098097
          ],
          [
            78.389386,
            30.5089704
          ],
          [
            78.3895251,
            30.5082111
          ],
          [
            78.390221,
            30.5072518
          ],
          [
            78.3934682,
            30.5063326
          ],
          [
            78.394628,
            30.5051735
          ],
          [
            78.3940713,
            30.5031351
          ],
          [
            78.3931435,
            30.5015363
          ],
          [
            78.3924477,
            30.4998176
          ],
          [
            78.3931435,
            30.4984985
          ],
          [
            78.3945643,
            30.4973252
          ],
          [
            78.3981946,
            30.4970061
          ],
          [
            78.3978427,
            30.4964049
          ],
          [
            78.3978316,
            30.4960569
          ],
          [
            78.3976897,
            30.4955806
          ],
          [
            78.3978024,
            30.4945055
          ],
          [
            78.3981933,
            30.4937318
          ],
          [
            78.3991278,
            30.4930623
          ],
          [
            78.4009833,
            30.4930623
          ],
          [
            78.4036275,
            30.4928225
          ],
          [
            78.4046945,
            30.4925027
          ],
          [
            78.4055295,
            30.4908638
          ],
          [
            78.4052538,
            30.4888403
          ],
          [
            78.4049265,
            30.4868662
          ],
          [
            78.4040914,
            30.4851473
          ],
          [
            78.4043698,
            30.483908
          ],
          [
            78.4051584,
            30.4827486
          ],
          [
            78.4066429,
            30.4819491
          ],
          [
            78.4080809,
            30.4808697
          ],
          [
            78.4080239,
            30.4793684
          ],
          [
            78.4070798,
            30.4770569
          ],
          [
            78.4056381,
            30.4748561
          ],
          [
            78.4050198,
            30.4729144
          ],
          [
            78.4062052,
            30.4704623
          ],
          [
            78.4102392,
            30.4688902
          ],
          [
            78.4132596,
            30.4680319
          ],
          [
            78.4140745,
            30.4682537
          ],
          [
            78.4197827,
            30.4698074
          ],
          [
            78.4252759,
            30.4674401
          ],
          [
            78.4255707,
            30.4672178
          ],
          [
            78.4280225,
            30.4653686
          ],
          [
            78.4283658,
            30.4635931
          ],
          [
            78.4263058,
            30.4587102
          ],
          [
            78.4275075,
            30.4532351
          ],
          [
            78.4290524,
            30.4510154
          ],
          [
            78.4311124,
            30.4510154
          ],
          [
            78.4338589,
            30.4511633
          ],
          [
            78.4354039,
            30.4502754
          ],
          [
            78.4376355,
            30.4502754
          ],
          [
            78.4393882,
            30.4494471
          ]
        ]
      }
    },
    {
      "type": "Feature",
      "id": 1071291187,
      "properties": {
        "name": "Kirgani Gad",
        "waterway": "stream"
      },
      "geometry": {
        "type": "LineString",
        "coordinates": [
          [
            78.3992099,
            30.4002701
          ],
          [
            78.400197,
            30.3995669
          ],
          [
            78.4005403,
            30.3983083
          ],
          [
            78.400712,
            30.3971238
          ],
          [
            78.4013986,
            30.3955321
          ],
          [
            78.4024286,
            30.3946067
          ],
          [
            78.4038019,
            30.3942365
          ],
          [
            78.4055614,
            30.3948658
          ],
          [
            78.406763,
            30.395199
          ],
          [
            78.4082651,
            30.3950139
          ],
          [
            78.4086513,
            30.3945697
          ],
          [
            78.4087801,
            30.3934592
          ],
          [
            78.41084,
            30.3928299
          ],
          [
            78.4134149,
            30.3913861
          ],
          [
            78.4169769,
            30.3896833
          ],
          [
            78.4186077,
            30.3897203
          ],
          [
            78.4214401,
            30.3909049
          ],
          [
            78.4220838,
            30.3926818
          ],
          [
            78.4244442,
            30.3939404
          ],
          [
            78.4266328,
            30.3944586
          ],
          [
            78.4278559,
            30.3955876
          ],
          [
            78.4286928,
            30.3964945
          ],
          [
            78.4283924,
            30.3980677
          ],
          [
            78.4301519,
            30.399937
          ],
          [
            78.4325122,
            30.4007884
          ],
          [
            78.4335637,
            30.4018247
          ],
          [
            78.4354949,
            30.4023244
          ],
          [
            78.4365678,
            30.4030832
          ],
          [
            78.436954,
            30.4040456
          ],
          [
            78.4377694,
            30.4043417
          ],
          [
            78.4407949,
            30.403953
          ],
          [
            78.4421253,
            30.4033238
          ],
          [
            78.4438419,
            30.4036755
          ],
          [
            78.4451723,
            30.4045268
          ],
          [
            78.4472322,
            30.4048969
          ],
          [
            78.4484767,
            30.4070436
          ],
          [
            78.4511375,
            30.4132246
          ],
          [
            78.4542274,
            30.4174436
          ],
          [
            78.4588622,
            30.4189239
          ],
          [
            78.46065,
            30.4197362
          ]
        ]
      }
    },
    {
      "type": "Feature",
      "id": 1071347492,
      "properties": {
        "waterway": "stream"
      },
      "geometry": {
        "type": "LineString",
        "coordinates": [
          [
            78.5431051,
            30.4564427
          ],
          [
            78.544463,
            30.4556715
          ],
          [
            78.5467529,
            30.454371
          ],
          [
            78.549242,
            30.4538531
          ],
          [
            78.5516452,
            30.4528542
          ],
          [
            78.553791,
            30.4514114
          ],
          [
            78.5556793,
            30.4505605
          ],
          [
            78.5577821,
            30.4501166
          ],
          [
            78.5599708,
            30.4493397
          ],
          [
            78.5611724,
            30.4483407
          ],
          [
            78.5616016,
            30.4470828
          ],
          [
            78.5626879,
            30.4466398
          ]
        ]
      }
    },
    {
      "type": "Feature",
      "id": 1072032161,
      "properties": {
        "waterway": "stream"
      },
      "geometry": {
        "type": "LineString",
        "coordinates": [
          [
            78.5505053,
            30.3220759
          ],
          [
            78.5505232,
            30.3220842
          ],
          [
            78.5503109,
            30.3219864
          ],
          [
            78.5499286,
            30.3218153
          ],
          [
            78.54915,
            30.3213082
          ],
          [
            78.5487961,
            30.3213388
          ],
          [
            78.5485625,
            30.3211799
          ],
          [
            78.548152,
            30.3210455
          ],
          [
            78.5474441,
            30.3211127
          ],
          [
            78.5468566,
            30.3210332
          ],
          [
            78.546439,
            30.3209172
          ],
          [
            78.54617,
            30.3209721
          ],
          [
            78.5457204,
            30.3209433
          ],
          [
            78.5455219,
            30.321059
          ],
          [
            78.5450373,
            30.3211478
          ],
          [
            78.5441694,
            30.3212113
          ],
          [
            78.5434969,
            30.3210178
          ],
          [
            78.5430392,
            30.3209613
          ],
          [
            78.542731,
            30.3209533
          ],
          [
            78.5423668,
            30.321042
          ],
          [
            78.5421737,
            30.3211109
          ],
          [
            78.5418764,
            30.3207321
          ],
          [
            78.5414376,
            30.3203532
          ],
          [
            78.5408005,
            30.3202188
          ],
          [
            78.5402767,
            30.3202188
          ],
          [
            78.5391583,
            30.3200477
          ],
          [
            78.5382098,
            30.3202432
          ],
          [
            78.5376719,
            30.3202066
          ],
          [
            78.5371635,
            30.3196414
          ],
          [
            78.5367162,
            30.3193396
          ],
          [
            78.5362528,
            30.3193255
          ],
          [
            78.5360333,
            30.3190167
          ],
          [
            78.535615,
            30.3184372
          ],
          [
            78.5352761,
            30.3182457
          ],
          [
            78.5349064,
            30.318251
          ],
          [
            78.5347338,
            30.3180701
          ],
          [
            78.534321,
            30.3171446
          ],
          [
            78.5340745,
            30.3164637
          ],
          [
            78.5338403,
            30.3162137
          ],
          [
            78.5337725,
            30.3160594
          ],
          [
            78.5338465,
            30.3158094
          ],
          [
            78.533754,
            30.315719
          ],
          [
            78.5335014,
            30.3154317
          ],
          [
            78.5333843,
            30.3151817
          ],
          [
            78.5334213,
            30.314937
          ],
          [
            78.5337664,
            30.3149051
          ],
          [
            78.5336739,
            30.3141976
          ],
          [
            78.5333132,
            30.3132816
          ],
          [
            78.5333561,
            30.312874
          ],
          [
            78.5330771,
            30.3120034
          ],
          [
            78.5328589,
            30.311032
          ],
          [
            78.53258,
            30.31043
          ],
          [
            78.5322313,
            30.3102818
          ],
          [
            78.5320309,
            30.309759
          ],
          [
            78.531539,
            30.3093866
          ],
          [
            78.530488,
            30.3087633
          ],
          [
            78.5292189,
            30.3077161
          ],
          [
            78.5291663,
            30.3064764
          ],
          [
            78.5291489,
            30.3064635
          ]
        ]
      }
    },
    {
      "type": "Feature",
      "id": 1080918268,
      "properties": {
        "waterway": "stream"
      },
      "geometry": {
        "type": "LineString",
        "coordinates": [
          [
            78.5173988,
            30.4284345
          ],
          [
            78.5177851,
            30.4278979
          ],
          [
            78.5174846,
            30.4266582
          ],
          [
            78.5170984,
            30.4246969
          ],
          [
            78.5168195,
            30.4231797
          ],
          [
            78.5168409,
            30.4219215
          ],
          [
            78.516519,
            30.4204412
          ],
          [
            78.5149097,
            30.419331
          ],
          [
            78.5125064,
            30.4177396
          ],
          [
            78.5104465,
            30.4164073
          ],
          [
            78.5087136,
            30.4154468
          ],
          [
            78.5082042,
            30.4146263
          ],
          [
            78.5086065,
            30.4122854
          ],
          [
            78.507362,
            30.4119569
          ],
          [
            78.5072171,
            30.4108188
          ],
          [
            78.5065637,
            30.4094921
          ],
          [
            78.5054271,
            30.4082665
          ],
          [
            78.5025716,
            30.4056557
          ],
          [
            78.5011554,
            30.4050449
          ],
          [
            78.4983873,
            30.402417
          ],
          [
            78.4975397,
            30.3997982
          ],
          [
            78.4971964,
            30.3991504
          ],
          [
            78.4959626,
            30.3967166
          ],
          [
            78.495748,
            30.3956802
          ],
          [
            78.4948039,
            30.3944956
          ],
          [
            78.4945678,
            30.3933481
          ],
          [
            78.4948683,
            30.3917563
          ],
          [
            78.4951257,
            30.3897573
          ],
          [
            78.4946107,
            30.387277
          ],
          [
            78.4936115,
            30.3829909
          ]
        ]
      }
    },
    {
      "type": "Feature",
      "id": 1093222588,
      "properties": {
        "waterway": "stream"
      },
      "geometry": {
        "type": "LineString",
        "coordinates": [
          [
            78.5074604,
            30.4259466
          ],
          [
            78.5070761,
            30.4258039
          ],
          [
            78.5055633,
            30.4247955
          ],
          [
            78.5052629,
            30.4229637
          ],
          [
            78.5052307,
            30.4223161
          ],
          [
            78.5054131,
            30.4220571
          ],
          [
            78.5058959,
            30.4212152
          ],
          [
            78.5053487,
            30.420475
          ],
          [
            78.5052936,
            30.4198883
          ],
          [
            78.5051255,
            30.4189379
          ],
          [
            78.5052002,
            30.4186157
          ],
          [
            78.5053683,
            30.4183579
          ],
          [
            78.5061715,
            30.4180921
          ],
          [
            78.5066479,
            30.4176492
          ],
          [
            78.507283,
            30.4171739
          ],
          [
            78.507694,
            30.4166665
          ],
          [
            78.5074791,
            30.4162799
          ],
          [
            78.5075539,
            30.4159094
          ],
          [
            78.5079555,
            30.415708
          ],
          [
            78.5085626,
            30.415708
          ],
          [
            78.508712,
            30.4156597
          ],
          [
            78.5087136,
            30.4154468
          ]
        ]
      }
    },
    {
      "type": "Feature",
      "id": 1093222607,
      "properties": {
        "waterway": "stream"
      },
      "geometry": {
        "type": "LineString",
        "coordinates": [
          [
            78.5120113,
            30.4293969
          ],
          [
            78.5116895,
            30.4290326
          ],
          [
            78.5110994,
            30.4290233
          ],
          [
            78.5101553,
            30.4289863
          ],
          [
            78.5092326,
            30.4284868
          ],
          [
            78.5086532,
            30.4282092
          ],
          [
            78.5086103,
            30.4276819
          ],
          [
            78.5081919,
            30.4264885
          ],
          [
            78.5078486,
            30.4260907
          ],
          [
            78.5075756,
            30.4259894
          ]
        ]
      }
    },
    {
      "type": "Feature",
      "id": 1093222608,
      "properties": {
        "layer": "-1",
        "tunnel": "culvert",
        "waterway": "stream"
      },
      "geometry": {
        "type": "LineString",
        "coordinates": [
          [
            78.5075756,
            30.4259894
          ],
          [
            78.5074604,
            30.4259466
          ]
        ]
      }
    },
    {
      "type": "Feature",
      "id": 1167593056,
      "properties": {
        "waterway": "stream"
      },
      "geometry": {
        "type": "LineString",
        "coordinates": [
          [
            78.4429085,
            30.3711651
          ],
          [
            78.4437239,
            30.3709707
          ],
          [
            78.4440994,
            30.3708966
          ],
          [
            78.4443596,
            30.3708689
          ],
          [
            78.4445983,
            30.3708665
          ],
          [
            78.4447914,
            30.3709198
          ],
          [
            78.4454083,
            30.3709985
          ],
          [
            78.4456336,
            30.3710031
          ],
          [
            78.4459636,
            30.3711257
          ],
          [
            78.4461889,
            30.3711651
          ],
          [
            78.4464303,
            30.3712229
          ],
          [
            78.4467307,
            30.3713664
          ],
          [
            78.4468996,
            30.371489
          ],
          [
            78.4471115,
            30.3715168
          ],
          [
            78.4472752,
            30.3715839
          ],
          [
            78.4473878,
            30.3717251
          ],
          [
            78.4474549,
            30.3718014
          ],
          [
            78.447758,
            30.3719658
          ],
          [
            78.4478974,
            30.3720028
          ],
          [
            78.4481227,
            30.3720953
          ],
          [
            78.4482595,
            30.3721856
          ],
          [
            78.4483668,
            30.3722342
          ],
          [
            78.4484687,
            30.3722643
          ],
          [
            78.4486297,
            30.3722851
          ],
          [
            78.4491473,
            30.3723985
          ],
          [
            78.4493619,
            30.3724656
          ],
          [
            78.4495765,
            30.3724911
          ],
          [
            78.4497964,
            30.3725142
          ],
          [
            78.450003,
            30.372542
          ],
          [
            78.4501612,
            30.3725258
          ],
          [
            78.4503704,
            30.3724679
          ],
          [
            78.4506628,
            30.3724795
          ],
          [
            78.4508371,
            30.3725628
          ],
          [
            78.4510249,
            30.3727618
          ],
          [
            78.4513468,
            30.3728382
          ],
          [
            78.4516606,
            30.3728197
          ],
          [
            78.451843,
            30.3728197
          ],
          [
            78.4522828,
            30.3727711
          ],
          [
            78.4525725,
            30.372815
          ],
          [
            78.4531707,
            30.3729238
          ],
          [
            78.4535113,
            30.3729608
          ],
          [
            78.4540316,
            30.3731344
          ],
          [
            78.4541094,
            30.3731483
          ],
          [
            78.454375,
            30.3731436
          ],
          [
            78.454662,
            30.3731066
          ],
          [
            78.4548229,
            30.3731598
          ],
          [
            78.4551877,
            30.3732339
          ],
          [
            78.455759,
            30.3733473
          ],
          [
            78.4561264,
            30.3734283
          ],
          [
            78.4563652,
            30.3735833
          ],
          [
            78.4566468,
            30.3737198
          ],
          [
            78.4567648,
            30.373905
          ],
          [
            78.456805,
            30.3740623
          ],
          [
            78.4571806,
            30.3742521
          ],
          [
            78.4574005,
            30.3743007
          ],
          [
            78.4576982,
            30.3742868
          ],
          [
            78.458181,
            30.3742335
          ],
          [
            78.4584814,
            30.3743562
          ],
          [
            78.4587067,
            30.3744881
          ],
          [
            78.4589401,
            30.3747612
          ],
          [
            78.4591842,
            30.3749046
          ],
          [
            78.4594014,
            30.3749949
          ],
          [
            78.4597555,
            30.3750411
          ],
          [
            78.4605011,
            30.3753373
          ],
          [
            78.4608847,
            30.3754901
          ],
          [
            78.4612012,
            30.3756567
          ],
          [
            78.4613407,
            30.3757562
          ],
          [
            78.4616196,
            30.3756197
          ],
          [
            78.4622499,
            30.3755873
          ],
          [
            78.4625825,
            30.3755294
          ],
          [
            78.462891,
            30.3754299
          ],
          [
            78.4631163,
            30.3753697
          ],
          [
            78.4636313,
            30.3753975
          ],
          [
            78.4639317,
            30.3754183
          ],
          [
            78.4642696,
            30.3754669
          ],
          [
            78.4645298,
            30.3755271
          ],
          [
            78.4646907,
            30.375622
          ],
          [
            78.4649053,
            30.3758395
          ],
          [
            78.4653023,
            30.3759529
          ],
          [
            78.4655598,
            30.3759089
          ],
          [
            78.465777,
            30.375821
          ],
          [
            78.4665763,
            30.3755988
          ],
          [
            78.4670189,
            30.3754692
          ],
          [
            78.467271,
            30.3753628
          ],
          [
            78.467381,
            30.3752772
          ],
          [
            78.4674507,
            30.3750342
          ],
          [
            78.4674534,
            30.3747935
          ],
          [
            78.4675258,
            30.3747218
          ],
          [
            78.4676197,
            30.374738
          ],
          [
            78.4678826,
            30.3746964
          ],
          [
            78.4681803,
            30.3747912
          ],
          [
            78.4684002,
            30.374981
          ],
          [
            78.4685531,
            30.3751152
          ]
        ]
      }
    },
    {
      "type": "Feature",
      "id": 1249646219,
      "properties": {
        "waterway": "stream"
      },
      "geometry": {
        "type": "LineString",
        "coordinates": [
          [
            78.5290522,
            30.3063914
          ],
          [
            78.528912,
            30.3062869
          ],
          [
            78.5283855,
            30.3052487
          ],
          [
            78.5289001,
            30.3032984
          ],
          [
            78.5287499,
            30.3011493
          ],
          [
            78.5282564,
            30.299834
          ],
          [
            78.5267758,
            30.298148
          ],
          [
            78.5263467,
            30.2966659
          ],
          [
            78.526454,
            30.2958553
          ]
        ]
      }
    },
    {
      "type": "Feature",
      "id": 1249646220,
      "properties": {
        "layer": "-1",
        "tunnel": "culvert",
        "waterway": "stream"
      },
      "geometry": {
        "type": "LineString",
        "coordinates": [
          [
            78.5291489,
            30.3064635
          ],
          [
            78.5290522,
            30.3063914
          ]
        ]
      }
    },
    {
      "type": "Feature",
      "id": 1280341519,
      "properties": {
        "waterway": "stream"
      },
      "geometry": {
        "type": "LineString",
        "coordinates": [
          [
            78.5282499,
            30.4157754
          ],
          [
            78.5282659,
            30.4156646
          ],
          [
            78.5282836,
            30.4153669
          ],
          [
            78.5280757,
            30.4149891
          ],
          [
            78.5277393,
            30.4148784
          ],
          [
            78.5273764,
            30.4147372
          ],
          [
            78.5273366,
            30.4145273
          ],
          [
            78.5273809,
            30.4142793
          ],
          [
            78.5278013,
            30.4139587
          ],
          [
            78.528527,
            30.41339
          ],
          [
            78.5285669,
            30.4127718
          ],
          [
            78.5291466,
            30.4125733
          ],
          [
            78.529567,
            30.4122031
          ],
          [
            78.5300804,
            30.4120352
          ],
          [
            78.5301821,
            30.4114589
          ],
          [
            78.5312918,
            30.4105314
          ],
          [
            78.5314879,
            30.4097156
          ],
          [
            78.5318318,
            30.4094754
          ],
          [
            78.532279,
            30.4091224
          ],
          [
            78.5329462,
            30.4088969
          ],
          [
            78.5333108,
            30.4086211
          ],
          [
            78.5333005,
            30.4083304
          ],
          [
            78.5334484,
            30.4081168
          ],
          [
            78.5334346,
            30.4077846
          ],
          [
            78.5339952,
            30.4072951
          ],
          [
            78.5342773,
            30.407135
          ],
          [
            78.5345868,
            30.4070015
          ],
          [
            78.5349273,
            30.4071142
          ],
          [
            78.5351543,
            30.4070905
          ],
          [
            78.5354845,
            30.4070044
          ],
          [
            78.5363478,
            30.4065654
          ],
          [
            78.5367915,
            30.4064171
          ],
          [
            78.537414,
            30.4062361
          ],
          [
            78.5378061,
            30.4060433
          ],
          [
            78.5383805,
            30.405539
          ],
          [
            78.5385387,
            30.4053433
          ],
          [
            78.5385387,
            30.4051445
          ],
          [
            78.5388827,
            30.4045839
          ],
          [
            78.5392782,
            30.40448
          ],
          [
            78.5393573,
            30.4042961
          ],
          [
            78.5393398,
            30.4041371
          ],
          [
            78.5393195,
            30.403952
          ],
          [
            78.5396394,
            30.4032104
          ],
          [
            78.5394296,
            30.4028485
          ],
          [
            78.5395568,
            30.4024569
          ],
          [
            78.5396806,
            30.4020416
          ],
          [
            78.5396497,
            30.4017153
          ],
          [
            78.5392335,
            30.4013801
          ],
          [
            78.539206,
            30.4009054
          ],
          [
            78.5390753,
            30.4006295
          ],
          [
            78.5389515,
            30.4000095
          ],
          [
            78.5385972,
            30.3995764
          ],
          [
            78.5384321,
            30.3993539
          ],
          [
            78.5383358,
            30.3992264
          ],
          [
            78.538267,
            30.3985144
          ],
          [
            78.5382601,
            30.3982593
          ],
          [
            78.5384562,
            30.3975028
          ],
          [
            78.5388345,
            30.3972387
          ],
          [
            78.5390547,
            30.3969836
          ],
          [
            78.5390856,
            30.3964229
          ],
          [
            78.5393401,
            30.3960194
          ],
          [
            78.5393229,
            30.3958147
          ],
          [
            78.5393057,
            30.3956308
          ],
          [
            78.5397494,
            30.3952926
          ],
          [
            78.5397494,
            30.3948654
          ],
          [
            78.5399455,
            30.3945835
          ],
          [
            78.5404751,
            30.3944204
          ],
          [
            78.5404889,
            30.3942691
          ],
          [
            78.5402,
            30.3934443
          ],
          [
            78.5399317,
            30.3932574
          ],
          [
            78.5397563,
            30.392851
          ],
          [
            78.5399352,
            30.3926611
          ],
          [
            78.5400796,
            30.3924059
          ],
          [
            78.5401862,
            30.3922635
          ],
          [
            78.5401725,
            30.3915545
          ],
          [
            78.5402585,
            30.3913794
          ],
          [
            78.5405714,
            30.3912726
          ],
          [
            78.5409532,
            30.3912964
          ],
          [
            78.5411665,
            30.3915693
          ],
          [
            78.5412146,
            30.3916939
          ],
          [
            78.5413212,
            30.3918927
          ],
          [
            78.5416377,
            30.3918868
          ],
          [
            78.5418337,
            30.3916257
          ],
          [
            78.5419335,
            30.3914121
          ],
          [
            78.5422912,
            30.3915752
          ],
          [
            78.5425594,
            30.3915278
          ],
          [
            78.5425629,
            30.3911362
          ],
          [
            78.5427108,
            30.3909136
          ],
          [
            78.5431201,
            30.3909433
          ],
          [
            78.5433024,
            30.390789
          ],
          [
            78.5433952,
            30.3906674
          ],
          [
            78.5439421,
            30.3904211
          ],
          [
            78.5439696,
            30.3900206
          ],
          [
            78.5438148,
            30.3898426
          ],
          [
            78.5437564,
            30.3896231
          ],
          [
            78.5442654,
            30.3894243
          ],
          [
            78.5448535,
            30.3891899
          ],
          [
            78.5447022,
            30.3889822
          ],
          [
            78.5454451,
            30.3884808
          ],
          [
            78.5456653,
            30.3882049
          ],
          [
            78.5459679,
            30.3878548
          ],
          [
            78.5464185,
            30.3877005
          ],
          [
            78.5465801,
            30.3874305
          ],
          [
            78.5465905,
            30.3871961
          ],
          [
            78.5470445,
            30.3869736
          ],
          [
            78.5473403,
            30.3868727
          ],
          [
            78.5479146,
            30.3872377
          ],
          [
            78.548121,
            30.3869706
          ],
          [
            78.5482173,
            30.3866413
          ],
          [
            78.5480316,
            30.3861725
          ],
          [
            78.5482895,
            30.386042
          ],
          [
            78.548692,
            30.3859085
          ],
          [
            78.5486507,
            30.3856118
          ],
          [
            78.5489534,
            30.3855435
          ],
          [
            78.5493214,
            30.3857275
          ],
          [
            78.5498545,
            30.3857898
          ],
          [
            78.5504289,
            30.3854842
          ],
          [
            78.5509585,
            30.3854842
          ],
          [
            78.5510961,
            30.3853863
          ],
          [
            78.5507763,
            30.3850747
          ],
          [
            78.5504357,
            30.3844695
          ],
          [
            78.5502397,
            30.3837989
          ],
          [
            78.5505355,
            30.3835971
          ],
          [
            78.5507625,
            30.3838078
          ],
          [
            78.5510514,
            30.3838672
          ],
          [
            78.5512838,
            30.3836338
          ],
          [
            78.5516544,
            30.3832568
          ],
          [
            78.5520992,
            30.3831256
          ],
          [
            78.5524581,
            30.3829809
          ],
          [
            78.5526805,
            30.3825602
          ],
          [
            78.553176,
            30.3824154
          ],
          [
            78.5533906,
            30.3826712
          ],
          [
            78.5536598,
            30.3828227
          ],
          [
            78.553847,
            30.3825063
          ],
          [
            78.5538587,
            30.3822943
          ],
          [
            78.5536675,
            30.381938
          ],
          [
            78.5535349,
            30.3816211
          ],
          [
            78.553648,
            30.3813856
          ],
          [
            78.5540109,
            30.3812206
          ],
          [
            78.5542801,
            30.3813283
          ],
          [
            78.5546156,
            30.3813115
          ],
          [
            78.5550369,
            30.3811298
          ],
          [
            78.5550721,
            30.3807865
          ],
          [
            78.5548809,
            30.3803388
          ],
          [
            78.5546702,
            30.3801739
          ],
          [
            78.5541864,
            30.3800023
          ],
          [
            78.5540156,
            30.3793699
          ],
          [
            78.5539826,
            30.3789776
          ],
          [
            78.5539991,
            30.3788251
          ],
          [
            78.5541358,
            30.3785811
          ],
          [
            78.5540719,
            30.3783284
          ],
          [
            78.5540038,
            30.3781542
          ],
          [
            78.553919,
            30.3779732
          ],
          [
            78.5539149,
            30.3777551
          ],
          [
            78.5538586,
            30.377539
          ],
          [
            78.5538927,
            30.3770907
          ],
          [
            78.5543297,
            30.3756144
          ],
          [
            78.5573398,
            30.3731034
          ]
        ]
      }
    },
    {
      "type": "Feature",
      "id": 1280341527,
      "properties": {
        "waterway": "stream"
      },
      "geometry": {
        "type": "LineString",
        "coordinates": [
          [
            78.5484493,
            30.4167772
          ],
          [
            78.5478128,
            30.4165119
          ],
          [
            78.547537,
            30.4163747
          ],
          [
            78.5473248,
            30.4159996
          ],
          [
            78.5466671,
            30.41578
          ],
          [
            78.5464867,
            30.4154964
          ],
          [
            78.5460836,
            30.4149749
          ],
          [
            78.545585,
            30.4147096
          ],
          [
            78.5448211,
            30.4137307
          ],
          [
            78.5443013,
            30.4129804
          ],
          [
            78.5442377,
            30.4122302
          ],
          [
            78.5438027,
            30.4119283
          ],
          [
            78.5432298,
            30.4114709
          ],
          [
            78.5433147,
            30.4106566
          ],
          [
            78.5432935,
            30.4100619
          ],
          [
            78.542466,
            30.4089365
          ],
          [
            78.5424448,
            30.4083784
          ],
          [
            78.5423281,
            30.4077562
          ],
          [
            78.5422751,
            30.4076007
          ],
          [
            78.5418719,
            30.4069328
          ],
          [
            78.5413415,
            30.4059904
          ],
          [
            78.5410975,
            30.4057616
          ],
          [
            78.5406095,
            30.4053682
          ],
          [
            78.5404185,
            30.4050846
          ],
          [
            78.5400048,
            30.4049839
          ],
          [
            78.5397926,
            30.404746
          ],
          [
            78.5395698,
            30.4043709
          ],
          [
            78.5393398,
            30.4041371
          ]
        ]
      }
    },
    {
      "type": "Feature",
      "id": 1280341528,
      "properties": {
        "waterway": "stream"
      },
      "geometry": {
        "type": "LineString",
        "coordinates": [
          [
            78.5386199,
            30.4287363
          ],
          [
            78.5381302,
            30.428751
          ],
          [
            78.5378854,
            30.4285153
          ],
          [
            78.5373445,
            30.4283877
          ],
          [
            78.5362057,
            30.427936
          ],
          [
            78.5352775,
            30.4279409
          ],
          [
            78.5347252,
            30.4276611
          ],
          [
            78.534879,
            30.4270719
          ],
          [
            78.534429,
            30.4264531
          ],
          [
            78.5341013,
            30.4264665
          ],
          [
            78.5335395,
            30.4263185
          ],
          [
            78.5324538,
            30.4258561
          ],
          [
            78.5322268,
            30.425521
          ],
          [
            78.5318141,
            30.4249427
          ],
          [
            78.5315664,
            30.4246253
          ],
          [
            78.531219,
            30.4243169
          ],
          [
            78.5308097,
            30.4236614
          ],
          [
            78.530741,
            30.4229496
          ],
          [
            78.530564,
            30.4224788
          ],
          [
            78.5302729,
            30.421901
          ],
          [
            78.5302111,
            30.4216898
          ],
          [
            78.5299307,
            30.4214762
          ],
          [
            78.5299083,
            30.4213358
          ]
        ]
      }
    },
    {
      "type": "Feature",
      "id": 1280341529,
      "properties": {
        "layer": "-1",
        "tunnel": "culvert",
        "waterway": "stream"
      },
      "geometry": {
        "type": "LineString",
        "coordinates": [
          [
            78.5282225,
            30.4159642
          ],
          [
            78.5282499,
            30.4157754
          ]
        ]
      }
    },
    {
      "type": "Feature",
      "id": 1280341530,
      "properties": {
        "waterway": "stream"
      },
      "geometry": {
        "type": "LineString",
        "coordinates": [
          [
            78.5298945,
            30.4212494
          ],
          [
            78.5298762,
            30.4211344
          ],
          [
            78.5297775,
            30.4208192
          ],
          [
            78.5298015,
            30.4203892
          ],
          [
            78.5294654,
            30.4201973
          ],
          [
            78.5290478,
            30.4198246
          ],
          [
            78.5288574,
            30.4189148
          ],
          [
            78.5284178,
            30.4186242
          ],
          [
            78.5281321,
            30.4181377
          ],
          [
            78.5283456,
            30.4180078
          ],
          [
            78.5284562,
            30.4177063
          ],
          [
            78.5280402,
            30.417069
          ],
          [
            78.5280889,
            30.4165347
          ],
          [
            78.5282128,
            30.416031
          ],
          [
            78.5282225,
            30.4159642
          ]
        ]
      }
    },
    {
      "type": "Feature",
      "id": 1280341531,
      "properties": {
        "layer": "-1",
        "tunnel": "culvert",
        "waterway": "stream"
      },
      "geometry": {
        "type": "LineString",
        "coordinates": [
          [
            78.5299083,
            30.4213358
          ],
          [
            78.5298945,
            30.4212494
          ]
        ]
      }
    },
    {
      "type": "Feature",
      "id": 27286263,
      "properties": {},
      "geometry": {
        "type": "LineString",
        "coordinates": [
          [
            78.4943425,
            30.3053631
          ],
          [
            78.4943063,
            30.3049876
          ],
          [
            78.493814,
            30.3045835
          ],
          [
            78.4933851,
            30.3039591
          ],
          [
            78.4932491,
            30.3030438
          ],
          [
            78.4933909,
            30.3020881
          ],
          [
            78.492894,
            30.3015736
          ],
          [
            78.4919337,
            30.3010441
          ],
          [
            78.491119,
            30.3001284
          ],
          [
            78.4908075,
            30.2991795
          ],
          [
            78.4905255,
            30.2981997
          ],
          [
            78.4906102,
            30.2976091
          ],
          [
            78.4910702,
            30.2971771
          ],
          [
            78.4917043,
            30.2969857
          ],
          [
            78.4940739,
            30.2973086
          ],
          [
            78.4961114,
            30.2971611
          ],
          [
            78.4969232,
            30.2966865
          ],
          [
            78.4967117,
            30.2955521
          ],
          [
            78.4967981,
            30.2944316
          ],
          [
            78.4966248,
            30.2940601
          ],
          [
            78.496226,
            30.2936422
          ],
          [
            78.4955725,
            30.2932792
          ],
          [
            78.4947076,
            30.2928128
          ],
          [
            78.4933166,
            30.29186
          ],
          [
            78.4917448,
            30.2909109
          ],
          [
            78.4904772,
            30.2903421
          ],
          [
            78.4886104,
            30.289594
          ],
          [
            78.4863664,
            30.2893355
          ],
          [
            78.4844803,
            30.288718
          ],
          [
            78.4830743,
            30.2877064
          ],
          [
            78.4825003,
            30.2869421
          ],
          [
            78.4823216,
            30.2857215
          ],
          [
            78.4826033,
            30.2843911
          ],
          [
            78.4828291,
            30.2836438
          ],
          [
            78.4832949,
            30.2831182
          ],
          [
            78.4849069,
            30.2826049
          ],
          [
            78.4865439,
            30.2828653
          ],
          [
            78.4879296,
            30.2839287
          ],
          [
            78.4890486,
            30.2843382
          ],
          [
            78.4898623,
            30.2840601
          ],
          [
            78.491173,
            30.2832448
          ],
          [
            78.4936617,
            30.2823084
          ],
          [
            78.4952493,
            30.2822377
          ],
          [
            78.4960553,
            30.2818375
          ],
          [
            78.4964487,
            30.281145
          ],
          [
            78.4964114,
            30.2801392
          ],
          [
            78.4948066,
            30.2789555
          ],
          [
            78.4924439,
            30.2772657
          ],
          [
            78.4905497,
            30.2731895
          ],
          [
            78.4898191,
            30.2700153
          ],
          [
            78.4910867,
            30.2665939
          ],
          [
            78.492975,
            30.2640734
          ],
          [
            78.4935413,
            30.2627542
          ],
          [
            78.4943483,
            30.2602184
          ],
          [
            78.4948633,
            30.2594771
          ],
          [
            78.4960649,
            30.2594771
          ],
          [
            78.4968816,
            30.2598282
          ],
          [
            78.4971093,
            30.2600173
          ],
          [
            78.4980475,
            30.2607963
          ],
          [
            78.5007292,
            30.2630929
          ],
          [
            78.5020763,
            30.2646873
          ],
          [
            78.5034137,
            30.2659952
          ],
          [
            78.5044763,
            30.2664457
          ],
          [
            78.5055579,
            30.266272
          ],
          [
            78.5061163,
            30.2654313
          ],
          [
            78.5068796,
            30.2642217
          ],
          [
            78.5075566,
            30.2632501
          ],
          [
            78.5078347,
            30.261833
          ],
          [
            78.5081442,
            30.2602101
          ],
          [
            78.5084421,
            30.2592142
          ],
          [
            78.5084537,
            30.2574701
          ],
          [
            78.5087191,
            30.255879
          ],
          [
            78.5088295,
            30.2548447
          ],
          [
            78.5091523,
            30.2538902
          ],
          [
            78.509791,
            30.2533076
          ],
          [
            78.50978,
            30.2525151
          ],
          [
            78.5099347,
            30.2512453
          ],
          [
            78.5105183,
            30.2501978
          ],
          [
            78.5117031,
            30.2494981
          ],
          [
            78.5137037,
            30.2483619
          ],
          [
            78.5156494,
            30.2478105
          ],
          [
            78.5192201,
            30.2476979
          ],
          [
            78.5214318,
            30.2475764
          ],
          [
            78.5230928,
            30.24752
          ],
          [
            78.5238155,
            30.2480287
          ],
          [
            78.52424,
            30.24874
          ],
          [
            78.5243704,
            30.2493925
          ],
          [
            78.5239821,
            30.2505063
          ],
          [
            78.5238155,
            30.2510465
          ],
          [
            78.5228896,
            30.2521911
          ],
          [
            78.5228855,
            30.2530854
          ],
          [
            78.5236159,
            30.2536074
          ],
          [
            78.5247234,
            30.2538565
          ],
          [
            78.5256834,
            30.2538347
          ],
          [
            78.5261751,
            30.2534657
          ],
          [
            78.5262539,
            30.2529368
          ],
          [
            78.525613,
            30.2522415
          ],
          [
            78.5253398,
            30.2515508
          ],
          [
            78.5255974,
            30.2511141
          ],
          [
            78.5262226,
            30.250817
          ],
          [
            78.5274245,
            30.2503025
          ],
          [
            78.5280325,
            30.2497716
          ],
          [
            78.5285067,
            30.2489491
          ],
          [
            78.52913,
            30.248076
          ],
          [
            78.5294211,
            30.2469807
          ],
          [
            78.5302085,
            30.2463274
          ],
          [
            78.531162,
            30.2456865
          ],
          [
            78.533405,
            30.2445855
          ],
          [
            78.5344844,
            30.2436239
          ],
          [
            78.5348039,
            30.2428098
          ],
          [
            78.5353788,
            30.2416948
          ],
          [
            78.5357254,
            30.2410225
          ],
          [
            78.5359833,
            30.2402412
          ],
          [
            78.536031,
            30.2391233
          ],
          [
            78.5361901,
            30.2378493
          ],
          [
            78.5370414,
            30.237335
          ],
          [
            78.5374898,
            30.2367185
          ],
          [
            78.5379449,
            30.2364302
          ],
          [
            78.5391169,
            30.2359968
          ],
          [
            78.5408297,
            30.2354024
          ],
          [
            78.5425768,
            30.2350903
          ],
          [
            78.543828,
            30.2353292
          ],
          [
            78.5441362,
            30.2354216
          ],
          [
            78.5460184,
            30.2351573
          ],
          [
            78.5468787,
            30.2349505
          ],
          [
            78.5472252,
            30.2349298
          ],
          [
            78.5481315,
            30.2345777
          ],
          [
            78.5490236,
            30.2345618
          ],
          [
            78.5508085,
            30.2339316
          ],
          [
            78.5540709,
            30.2334554
          ],
          [
            78.5554599,
            30.232629
          ],
          [
            78.5562399,
            30.231638
          ],
          [
            78.5566204,
            30.2306622
          ],
          [
            78.5567524,
            30.2299075
          ],
          [
            78.5568756,
            30.2292025
          ],
          [
            78.5568824,
            30.2291637
          ],
          [
            78.5574423,
            30.2280718
          ],
          [
            78.5575736,
            30.2278157
          ],
          [
            78.5577968,
            30.2271311
          ],
          [
            78.5583782,
            30.2266288
          ],
          [
            78.559408,
            30.2259617
          ],
          [
            78.5598366,
            30.2257333
          ],
          [
            78.560711,
            30.2254692
          ],
          [
            78.561345,
            30.2252403
          ],
          [
            78.562161,
            30.2247683
          ],
          [
            78.5625642,
            30.2242544
          ],
          [
            78.5629003,
            30.2233292
          ],
          [
            78.5628963,
            30.2224666
          ],
          [
            78.5628663,
            30.2206185
          ],
          [
            78.5630675,
            30.2187402
          ],
          [
            78.5630055,
            30.2176864
          ],
          [
            78.5624571,
            30.2159505
          ],
          [
            78.5610596,
            30.2142996
          ],
          [
            78.559408,
            30.2130567
          ],
          [
            78.5586597,
            30.2123216
          ],
          [
            78.5584242,
            30.2116648
          ],
          [
            78.5584553,
            30.2104334
          ],
          [
            78.5597087,
            30.2068177
          ],
          [
            78.5604365,
            30.2049676
          ],
          [
            78.5609862,
            30.2033218
          ],
          [
            78.5613678,
            30.2019055
          ],
          [
            78.5620926,
            30.201082
          ],
          [
            78.5623204,
            30.2008232
          ],
          [
            78.5632166,
            30.1997059
          ],
          [
            78.5643328,
            30.1987694
          ],
          [
            78.5652445,
            30.1983697
          ],
          [
            78.5689921,
            30.1973427
          ],
          [
            78.5713378,
            30.1965824
          ],
          [
            78.5728577,
            30.1959006
          ],
          [
            78.5737929,
            30.195333
          ],
          [
            78.5747466,
            30.1945579
          ],
          [
            78.5757229,
            30.1936408
          ],
          [
            78.5767628,
            30.1930572
          ],
          [
            78.5771278,
            30.1928302
          ],
          [
            78.5773796,
            30.1924031
          ],
          [
            78.5774522,
            30.1918655
          ],
          [
            78.577659,
            30.1916392
          ],
          [
            78.5786702,
            30.1914936
          ],
          [
            78.5798357,
            30.1915446
          ],
          [
            78.5808264,
            30.1916011
          ],
          [
            78.582117,
            30.1916997
          ],
          [
            78.5827494,
            30.1916163
          ],
          [
            78.5830223,
            30.1911233
          ],
          [
            78.5833125,
            30.1904244
          ],
          [
            78.583976,
            30.1902094
          ],
          [
            78.5843042,
            30.1898431
          ],
          [
            78.5845053,
            30.1896186
          ],
          [
            78.5848779,
            30.1886861
          ],
          [
            78.5849729,
            30.1883816
          ],
          [
            78.5851377,
            30.1878531
          ],
          [
            78.5853132,
            30.1861234
          ],
          [
            78.5860382,
            30.1833546
          ],
          [
            78.5866298,
            30.1815265
          ],
          [
            78.5869097,
            30.180281
          ],
          [
            78.5869961,
            30.1790574
          ],
          [
            78.5875213,
            30.1778166
          ],
          [
            78.5885029,
            30.1766942
          ],
          [
            78.5902978,
            30.1752618
          ],
          [
            78.5910665,
            30.1745098
          ],
          [
            78.5917507,
            30.173542
          ],
          [
            78.5927115,
            30.1729702
          ],
          [
            78.5959718,
            30.1718087
          ],
          [
            78.5971038,
            30.1708494
          ],
          [
            78.5979986,
            30.1699854
          ],
          [
            78.5988256,
            30.1689312
          ],
          [
            78.5998769,
            30.1678668
          ],
          [
            78.6002009,
            30.1669957
          ],
          [
            78.6001148,
            30.1658723
          ],
          [
            78.5999801,
            30.1651903
          ],
          [
            78.5995697,
            30.1644889
          ],
          [
            78.5994279,
            30.1636931
          ],
          [
            78.5997554,
            30.1626349
          ],
          [
            78.6003616,
            30.1615448
          ],
          [
            78.6011427,
            30.1604442
          ],
          [
            78.6016466,
            30.1595136
          ],
          [
            78.6018825,
            30.158715
          ],
          [
            78.6018022,
            30.1575996
          ],
          [
            78.6018163,
            30.1564255
          ],
          [
            78.6017119,
            30.1552819
          ],
          [
            78.6015874,
            30.1543014
          ],
          [
            78.6008635,
            30.1530423
          ],
          [
            78.6002473,
            30.1519551
          ],
          [
            78.5991518,
            30.1514189
          ],
          [
            78.5985545,
            30.1506333
          ],
          [
            78.5978651,
            30.149088
          ],
          [
            78.5978313,
            30.1476708
          ],
          [
            78.597588,
            30.1455126
          ],
          [
            78.5974993,
            30.1450933
          ]
        ]
      }
    },
    {
      "type": "Feature",
      "id": 27282446,
      "properties": {},
      "geometry": {
        "type": "LineString",
        "coordinates": [
          [
            78.4393882,
            30.4494471
          ],
          [
            78.4397542,
            30.448424
          ],
          [
            78.4398671,
            30.4474637
          ],
          [
            78.4392071,
            30.4460931
          ],
          [
            78.4368309,
            30.443912
          ],
          [
            78.4355756,
            30.442728
          ],
          [
            78.433907,
            30.4422916
          ],
          [
            78.4325822,
            30.4410537
          ],
          [
            78.4317561,
            30.4395275
          ],
          [
            78.4321423,
            30.43888
          ],
          [
            78.4383221,
            30.4316277
          ],
          [
            78.4400602,
            30.429722
          ],
          [
            78.4414601,
            30.4288415
          ],
          [
            78.4433861,
            30.4281678
          ],
          [
            78.4488364,
            30.4265766
          ],
          [
            78.4546137,
            30.4240123
          ],
          [
            78.46065,
            30.4197362
          ],
          [
            78.4666299,
            30.4125583
          ],
          [
            78.4695283,
            30.407811
          ],
          [
            78.4708786,
            30.4048969
          ],
          [
            78.4718656,
            30.4021209
          ],
          [
            78.474741,
            30.3955691
          ],
          [
            78.4757709,
            30.3929039
          ],
          [
            78.4768653,
            30.3901275
          ],
          [
            78.4776514,
            30.3882381
          ],
          [
            78.4783458,
            30.3861849
          ],
          [
            78.4788394,
            30.3850373
          ],
          [
            78.4794614,
            30.3832103
          ],
          [
            78.4795475,
            30.3816128
          ],
          [
            78.4793114,
            30.3804281
          ],
          [
            78.4789038,
            30.3798635
          ],
          [
            78.478193,
            30.379218
          ],
          [
            78.4777021,
            30.3786602
          ],
          [
            78.4774489,
            30.3780454
          ],
          [
            78.4767075,
            30.3732018
          ],
          [
            78.4763938,
            30.3709671
          ],
          [
            78.4763266,
            30.3704662
          ],
          [
            78.4763736,
            30.3701602
          ],
          [
            78.476584,
            30.3696794
          ],
          [
            78.4770842,
            30.3692036
          ],
          [
            78.4776528,
            30.3686875
          ],
          [
            78.4783118,
            30.3682117
          ],
          [
            78.4795078,
            30.3674503
          ],
          [
            78.4808335,
            30.3665083
          ],
          [
            78.4816116,
            30.3658391
          ],
          [
            78.4817456,
            30.3651763
          ],
          [
            78.4817766,
            30.3645775
          ],
          [
            78.4818252,
            30.3637709
          ],
          [
            78.4820437,
            30.3629953
          ],
          [
            78.4822766,
            30.3623948
          ],
          [
            78.4829042,
            30.3616274
          ],
          [
            78.4833964,
            30.3611691
          ],
          [
            78.483565,
            30.3607668
          ],
          [
            78.4832164,
            30.3603231
          ],
          [
            78.482664,
            30.3593241
          ],
          [
            78.4821458,
            30.3582068
          ],
          [
            78.4821034,
            30.3575277
          ],
          [
            78.4822737,
            30.3570342
          ],
          [
            78.4830698,
            30.356802
          ],
          [
            78.485481,
            30.3565069
          ],
          [
            78.4864435,
            30.3561733
          ],
          [
            78.4867387,
            30.3553905
          ],
          [
            78.486097,
            30.3538634
          ],
          [
            78.4847111,
            30.3524004
          ],
          [
            78.4837353,
            30.3506532
          ],
          [
            78.4828792,
            30.3491846
          ],
          [
            78.4819658,
            30.3479003
          ],
          [
            78.4816535,
            30.3468815
          ],
          [
            78.4820318,
            30.3459323
          ],
          [
            78.482172,
            30.3452468
          ],
          [
            78.4823976,
            30.3443432
          ],
          [
            78.483175,
            30.3434939
          ],
          [
            78.4845034,
            30.3421844
          ],
          [
            78.4851377,
            30.3412509
          ],
          [
            78.4865596,
            30.3394068
          ],
          [
            78.4869142,
            30.3389121
          ],
          [
            78.4873388,
            30.3379498
          ],
          [
            78.4878099,
            30.3369132
          ],
          [
            78.4879213,
            30.3356868
          ],
          [
            78.4874306,
            30.3350187
          ],
          [
            78.4871876,
            30.3342803
          ],
          [
            78.4870377,
            30.3330066
          ],
          [
            78.4871159,
            30.332351
          ],
          [
            78.4874928,
            30.3314963
          ],
          [
            78.4882918,
            30.3304865
          ],
          [
            78.489094,
            30.3298239
          ],
          [
            78.489319,
            30.3295649
          ],
          [
            78.4892967,
            30.3290172
          ],
          [
            78.4890222,
            30.327168
          ],
          [
            78.4888853,
            30.3256446
          ],
          [
            78.4888671,
            30.3243824
          ],
          [
            78.4886483,
            30.3227434
          ],
          [
            78.4890061,
            30.3215901
          ],
          [
            78.4894562,
            30.3208368
          ],
          [
            78.4889512,
            30.3197773
          ],
          [
            78.4885313,
            30.31909
          ],
          [
            78.4880336,
            30.3181017
          ],
          [
            78.4882054,
            30.3172631
          ],
          [
            78.4884089,
            30.3161465
          ],
          [
            78.488738,
            30.3153264
          ],
          [
            78.4895532,
            30.3143199
          ],
          [
            78.4912477,
            30.3130135
          ],
          [
            78.4917169,
            30.3124051
          ],
          [
            78.4915463,
            30.3119407
          ],
          [
            78.4919579,
            30.3107981
          ],
          [
            78.4930231,
            30.3086314
          ],
          [
            78.4943425,
            30.3053631
          ]
        ]
      }
    },
    {
      "type": "Feature",
      "id": 82303835,
      "properties": {},
      "geometry": {
        "type": "LineString",
        "coordinates": [
          [
            78.5284715,
            30.7395766
          ],
          [
            78.5283281,
            30.7401757
          ],
          [
            78.528335,
            30.7408316
          ],
          [
            78.52815,
            30.7411926
          ],
          [
            78.5276382,
            30.7414464
          ],
          [
            78.52724,
            30.741196
          ],
          [
            78.5269018,
            30.7407757
          ],
          [
            78.5247835,
            30.7391301
          ],
          [
            78.5240358,
            30.7385339
          ],
          [
            78.52324,
            30.738153
          ],
          [
            78.5223094,
            30.7373751
          ],
          [
            78.5215441,
            30.7367045
          ],
          [
            78.5205451,
            30.7365538
          ],
          [
            78.5176044,
            30.7356891
          ],
          [
            78.514531,
            30.734896
          ],
          [
            78.5122392,
            30.7344903
          ],
          [
            78.5106612,
            30.7347333
          ],
          [
            78.5084855,
            30.7353713
          ],
          [
            78.5072714,
            30.7357742
          ],
          [
            78.5056511,
            30.7363681
          ],
          [
            78.503317,
            30.7379156
          ],
          [
            78.5018702,
            30.7381178
          ],
          [
            78.4996402,
            30.7374802
          ],
          [
            78.4979051,
            30.7369492
          ],
          [
            78.4966515,
            30.7377238
          ],
          [
            78.4949434,
            30.7391739
          ],
          [
            78.492995,
            30.7411127
          ],
          [
            78.4923837,
            30.7425084
          ],
          [
            78.4906673,
            30.7429071
          ],
          [
            78.489322,
            30.7428273
          ],
          [
            78.488787,
            30.7425421
          ],
          [
            78.4885513,
            30.7419495
          ],
          [
            78.4878155,
            30.7414763
          ],
          [
            78.4863861,
            30.7414254
          ],
          [
            78.4856108,
            30.7419103
          ],
          [
            78.4847299,
            30.7429071
          ],
          [
            78.4832519,
            30.7453211
          ],
          [
            78.4820852,
            30.7470136
          ],
          [
            78.4816677,
            30.7482097
          ],
          [
            78.4816677,
            30.7500436
          ],
          [
            78.4812378,
            30.7526138
          ],
          [
            78.480508,
            30.7539107
          ],
          [
            78.4794874,
            30.7541499
          ],
          [
            78.4776318,
            30.7534323
          ],
          [
            78.4756371,
            30.751718
          ],
          [
            78.4744774,
            30.7509207
          ],
          [
            78.4728537,
            30.7509207
          ],
          [
            78.47219,
            30.7512415
          ],
          [
            78.470627,
            30.7519971
          ],
          [
            78.468122,
            30.7529539
          ],
          [
            78.4661345,
            30.7535583
          ],
          [
            78.4646421,
            30.7545532
          ],
          [
            78.4637934,
            30.7554212
          ],
          [
            78.4633439,
            30.7562782
          ],
          [
            78.463096,
            30.7568397
          ],
          [
            78.4634716,
            30.7571527
          ],
          [
            78.4632403,
            30.7575298
          ],
          [
            78.4626165,
            30.7578078
          ],
          [
            78.4619743,
            30.7580489
          ],
          [
            78.4614669,
            30.7582236
          ],
          [
            78.4605769,
            30.7584061
          ],
          [
            78.459732,
            30.7587311
          ],
          [
            78.4589697,
            30.7587855
          ],
          [
            78.4581393,
            30.7585085
          ],
          [
            78.457531,
            30.7581761
          ],
          [
            78.4569511,
            30.7577078
          ],
          [
            78.4566638,
            30.7569404
          ],
          [
            78.456615,
            30.7568858
          ],
          [
            78.4557034,
            30.7552929
          ],
          [
            78.4549885,
            30.7538105
          ],
          [
            78.4543317,
            30.75177
          ],
          [
            78.453955,
            30.7506306
          ],
          [
            78.4533099,
            30.749742
          ],
          [
            78.4531968,
            30.7494267
          ],
          [
            78.4530389,
            30.7489866
          ],
          [
            78.4528647,
            30.7478522
          ],
          [
            78.4527928,
            30.7468689
          ],
          [
            78.4531933,
            30.7460805
          ],
          [
            78.4534895,
            30.7457684
          ],
          [
            78.4540137,
            30.7453708
          ],
          [
            78.4553896,
            30.7443552
          ],
          [
            78.4555287,
            30.7442525
          ],
          [
            78.456729,
            30.7434619
          ],
          [
            78.4569597,
            30.74272
          ],
          [
            78.4570591,
            30.7423595
          ],
          [
            78.4570808,
            30.7416372
          ],
          [
            78.4568568,
            30.7409631
          ],
          [
            78.456604,
            30.739346
          ],
          [
            78.4562447,
            30.7384635
          ],
          [
            78.4559663,
            30.7381363
          ],
          [
            78.4553841,
            30.7374145
          ],
          [
            78.454708,
            30.7364674
          ],
          [
            78.4540711,
            30.7359598
          ],
          [
            78.4533429,
            30.7349933
          ],
          [
            78.4524449,
            30.7338743
          ],
          [
            78.4512729,
            30.7330159
          ],
          [
            78.4503289,
            30.7324981
          ],
          [
            78.4491154,
            30.731548
          ],
          [
            78.4479874,
            30.7307225
          ],
          [
            78.446929,
            30.7294707
          ],
          [
            78.4466212,
            30.7291067
          ],
          [
            78.446215,
            30.728471
          ],
          [
            78.4451422,
            30.7277563
          ],
          [
            78.4444841,
            30.7276881
          ],
          [
            78.4431713,
            30.7271803
          ],
          [
            78.4408665,
            30.7264259
          ],
          [
            78.4397555,
            30.7262741
          ],
          [
            78.4391749,
            30.7263993
          ],
          [
            78.4367163,
            30.7272367
          ],
          [
            78.4360668,
            30.7284729
          ],
          [
            78.4354398,
            30.7300632
          ],
          [
            78.4346752,
            30.7312642
          ],
          [
            78.4316717,
            30.7321079
          ],
          [
            78.4303845,
            30.7323025
          ],
          [
            78.4285981,
            30.7322212
          ],
          [
            78.4272992,
            30.731982
          ],
          [
            78.4263611,
            30.7314518
          ],
          [
            78.4244298,
            30.729972
          ],
          [
            78.423997,
            30.7296404
          ],
          [
            78.4236215,
            30.7289764
          ],
          [
            78.4232353,
            30.7286882
          ],
          [
            78.4228571,
            30.7285061
          ],
          [
            78.4223931,
            30.7284066
          ],
          [
            78.4210305,
            30.7279251
          ],
          [
            78.4201326,
            30.7278674
          ],
          [
            78.4190216,
            30.7282575
          ],
          [
            78.4185763,
            30.7283447
          ],
          [
            78.4182069,
            30.7285925
          ],
          [
            78.416689,
            30.7302245
          ],
          [
            78.4161033,
            30.7311391
          ],
          [
            78.4157519,
            30.7313051
          ],
          [
            78.414944,
            30.7323795
          ],
          [
            78.4141292,
            30.7331356
          ],
          [
            78.4133477,
            30.7342216
          ],
          [
            78.4130805,
            30.7347172
          ],
          [
            78.4122119,
            30.7356229
          ],
          [
            78.4109509,
            30.7362623
          ],
          [
            78.4101873,
            30.736318
          ],
          [
            78.4097173,
            30.7359959
          ],
          [
            78.4094288,
            30.7358648
          ],
          [
            78.4083572,
            30.7343894
          ],
          [
            78.408346,
            30.7331567
          ],
          [
            78.4078263,
            30.7313949
          ],
          [
            78.4076413,
            30.7302076
          ],
          [
            78.4070775,
            30.7294999
          ],
          [
            78.4058209,
            30.7288318
          ],
          [
            78.4044756,
            30.7286723
          ],
          [
            78.4023881,
            30.7296692
          ],
          [
            78.4013675,
            30.7321813
          ],
          [
            78.4001614,
            30.7336567
          ],
          [
            78.3983058,
            30.7351719
          ],
          [
            78.3968651,
            30.7365989
          ],
          [
            78.3957125,
            30.7371175
          ],
          [
            78.3947558,
            30.736772
          ],
          [
            78.3937863,
            30.735202
          ],
          [
            78.3928702,
            30.7335691
          ],
          [
            78.3911618,
            30.7327795
          ],
          [
            78.3899093,
            30.733258
          ],
          [
            78.3890743,
            30.7348928
          ],
          [
            78.3879042,
            30.73594
          ],
          [
            78.3863373,
            30.7366472
          ],
          [
            78.3842738,
            30.7374407
          ],
          [
            78.381647,
            30.7379381
          ],
          [
            78.3790055,
            30.7376192
          ],
          [
            78.3776625,
            30.7374447
          ],
          [
            78.3745544,
            30.7384415
          ],
          [
            78.3719566,
            30.7380029
          ],
          [
            78.3691268,
            30.7370858
          ],
          [
            78.3667609,
            30.7375643
          ],
          [
            78.364627,
            30.7387605
          ],
          [
            78.3632817,
            30.7403952
          ],
          [
            78.3616932,
            30.7415433
          ],
          [
            78.3606411,
            30.7408646
          ],
          [
            78.359817,
            30.7394038
          ],
          [
            78.3592179,
            30.7383233
          ],
          [
            78.3582258,
            30.737866
          ],
          [
            78.357483,
            30.7385212
          ],
          [
            78.3552227,
            30.7392373
          ],
          [
            78.3531842,
            30.7380106
          ],
          [
            78.3522365,
            30.7364713
          ],
          [
            78.3520767,
            30.7362117
          ],
          [
            78.3511611,
            30.7347291
          ],
          [
            78.350784,
            30.7335729
          ],
          [
            78.3510626,
            30.7328432
          ],
          [
            78.3515614,
            30.7324604
          ],
          [
            78.3533119,
            30.7314965
          ],
          [
            78.3560709,
            30.730361
          ],
          [
            78.3578136,
            30.7300489
          ],
          [
            78.3584028,
            30.7296536
          ],
          [
            78.3591087,
            30.7286272
          ],
          [
            78.3596936,
            30.7263352
          ],
          [
            78.3603128,
            30.7253625
          ],
          [
            78.3613132,
            30.723653
          ],
          [
            78.3623762,
            30.7222485
          ],
          [
            78.3623197,
            30.7210988
          ],
          [
            78.3613415,
            30.7196997
          ],
          [
            78.3602442,
            30.7190702
          ],
          [
            78.3594436,
            30.7189212
          ],
          [
            78.3582504,
            30.7192085
          ],
          [
            78.3576104,
            30.7193234
          ],
          [
            78.3571706,
            30.7193356
          ],
          [
            78.3566945,
            30.7190192
          ],
          [
            78.3559784,
            30.718472
          ],
          [
            78.354593,
            30.7169289
          ],
          [
            78.3535624,
            30.7157204
          ],
          [
            78.3527231,
            30.7149659
          ],
          [
            78.3515231,
            30.71411
          ],
          [
            78.349918,
            30.7127692
          ],
          [
            78.3488224,
            30.7111911
          ],
          [
            78.3486491,
            30.7100014
          ],
          [
            78.349052,
            30.7095433
          ],
          [
            78.3503048,
            30.7083072
          ],
          [
            78.3505287,
            30.7073864
          ],
          [
            78.350565,
            30.7058344
          ],
          [
            78.3508332,
            30.7034603
          ],
          [
            78.3507227,
            30.7023471
          ],
          [
            78.3508172,
            30.7007533
          ],
          [
            78.3511519,
            30.6997628
          ],
          [
            78.3521946,
            30.6988801
          ],
          [
            78.3538909,
            30.6979731
          ],
          [
            78.3547748,
            30.6976829
          ],
          [
            78.3549014,
            30.6971389
          ],
          [
            78.3551314,
            30.69563
          ],
          [
            78.355694,
            30.6932315
          ],
          [
            78.3566965,
            30.6913322
          ],
          [
            78.3569099,
            30.6904377
          ],
          [
            78.3567087,
            30.6897314
          ],
          [
            78.356043,
            30.6886386
          ],
          [
            78.354963,
            30.6877336
          ],
          [
            78.3536107,
            30.6862987
          ],
          [
            78.3529087,
            30.6842867
          ],
          [
            78.3521785,
            30.6826285
          ],
          [
            78.3514243,
            30.6809061
          ],
          [
            78.351039,
            30.6798166
          ],
          [
            78.3510206,
            30.6792722
          ],
          [
            78.3506356,
            30.6784723
          ],
          [
            78.3500759,
            30.6781006
          ],
          [
            78.3491107,
            30.6778374
          ],
          [
            78.348296,
            30.6779867
          ],
          [
            78.3472794,
            30.6778669
          ],
          [
            78.3470579,
            30.677764
          ],
          [
            78.3462514,
            30.6773896
          ],
          [
            78.3448612,
            30.6759154
          ],
          [
            78.34448,
            30.6755963
          ],
          [
            78.3442393,
            30.6747765
          ],
          [
            78.3445325,
            30.6737397
          ],
          [
            78.3445094,
            30.6725678
          ],
          [
            78.3444449,
            30.6711991
          ],
          [
            78.3449529,
            30.668982
          ],
          [
            78.3449495,
            30.6682939
          ],
          [
            78.3445974,
            30.667806
          ],
          [
            78.3439127,
            30.6678733
          ],
          [
            78.3434823,
            30.6674358
          ],
          [
            78.3432867,
            30.6670235
          ],
          [
            78.3436135,
            30.6663573
          ],
          [
            78.3431145,
            30.6648828
          ],
          [
            78.3424944,
            30.6641798
          ],
          [
            78.3407896,
            30.6631681
          ],
          [
            78.3386642,
            30.6609522
          ],
          [
            78.3381907,
            30.6604188
          ],
          [
            78.3378679,
            30.6595522
          ],
          [
            78.3380141,
            30.6582514
          ],
          [
            78.3392331,
            30.6548921
          ],
          [
            78.3391394,
            30.6540409
          ],
          [
            78.3377083,
            30.6528111
          ],
          [
            78.3348029,
            30.651098
          ],
          [
            78.3343075,
            30.6505656
          ],
          [
            78.3345004,
            30.6494717
          ],
          [
            78.3347419,
            30.6488558
          ],
          [
            78.3346195,
            30.6476617
          ],
          [
            78.3342195,
            30.6469725
          ],
          [
            78.3332643,
            30.6464203
          ],
          [
            78.3306854,
            30.6456681
          ],
          [
            78.3296907,
            30.6450454
          ],
          [
            78.3290292,
            30.6437655
          ],
          [
            78.3296928,
            30.64202
          ],
          [
            78.3295013,
            30.640304
          ],
          [
            78.3290863,
            30.638446
          ],
          [
            78.3288228,
            30.6369867
          ],
          [
            78.3283832,
            30.6350497
          ],
          [
            78.3284876,
            30.6340544
          ],
          [
            78.329055,
            30.6330344
          ],
          [
            78.3308888,
            30.6314715
          ],
          [
            78.3319558,
            30.6305135
          ],
          [
            78.3322277,
            30.6302863
          ],
          [
            78.3322139,
            30.629712
          ],
          [
            78.3318166,
            30.6291962
          ],
          [
            78.3308888,
            30.6279188
          ],
          [
            78.3300074,
            30.6260427
          ],
          [
            78.3295552,
            30.6253443
          ],
          [
            78.3287975,
            30.6242212
          ],
          [
            78.3282463,
            30.6232342
          ],
          [
            78.3281582,
            30.622083
          ],
          [
            78.3282009,
            30.6209721
          ],
          [
            78.328178,
            30.619674
          ],
          [
            78.3278585,
            30.6187499
          ],
          [
            78.3269921,
            30.6181385
          ],
          [
            78.3242551,
            30.6174997
          ],
          [
            78.3231643,
            30.6174395
          ],
          [
            78.3219948,
            30.6171902
          ],
          [
            78.3208468,
            30.6166824
          ],
          [
            78.3200293,
            30.6164137
          ]
        ]
      }
    },
    {
      "type": "Feature",
      "id": 313510334,
      "properties": {},
      "geometry": {
        "type": "LineString",
        "coordinates": [
          [
            78.3200293,
            30.6164137
          ],
          [
            78.3177215,
            30.6147688
          ],
          [
            78.3170478,
            30.613466
          ],
          [
            78.3163059,
            30.6126816
          ],
          [
            78.3160366,
            30.6120902
          ],
          [
            78.3156096,
            30.6113261
          ],
          [
            78.316992,
            30.6100869
          ],
          [
            78.3164807,
            30.6093699
          ],
          [
            78.3158735,
            30.6089581
          ],
          [
            78.3151134,
            30.6084812
          ],
          [
            78.3148746,
            30.6072867
          ],
          [
            78.3155382,
            30.6061953
          ],
          [
            78.3169256,
            30.6058817
          ],
          [
            78.3182843,
            30.6062594
          ],
          [
            78.3199819,
            30.6063103
          ],
          [
            78.3208091,
            30.6061469
          ],
          [
            78.3211569,
            30.605915
          ],
          [
            78.3222598,
            30.605119
          ],
          [
            78.3226852,
            30.6039901
          ],
          [
            78.3227496,
            30.6021506
          ],
          [
            78.3222444,
            30.6005116
          ],
          [
            78.3221735,
            30.6002621
          ],
          [
            78.3219079,
            30.5983796
          ],
          [
            78.3223306,
            30.596546
          ],
          [
            78.3231208,
            30.5949723
          ],
          [
            78.3241889,
            30.5937809
          ],
          [
            78.324776,
            30.592989
          ],
          [
            78.3255551,
            30.5917954
          ],
          [
            78.3259259,
            30.590606
          ],
          [
            78.3260945,
            30.5894362
          ],
          [
            78.3264169,
            30.5876134
          ],
          [
            78.3267615,
            30.5860894
          ],
          [
            78.326985,
            30.5844675
          ],
          [
            78.3279149,
            30.5830356
          ],
          [
            78.329878,
            30.5829765
          ],
          [
            78.3309584,
            30.5833109
          ],
          [
            78.3320809,
            30.5834859
          ],
          [
            78.3330459,
            30.5818369
          ],
          [
            78.3329763,
            30.580964
          ],
          [
            78.3306344,
            30.5806151
          ],
          [
            78.3293119,
            30.5795016
          ],
          [
            78.3294685,
            30.5776507
          ],
          [
            78.3304558,
            30.5779831
          ],
          [
            78.3337317,
            30.576266
          ],
          [
            78.335311,
            30.573493
          ],
          [
            78.3334954,
            30.572445
          ],
          [
            78.3312135,
            30.5717381
          ],
          [
            78.3286116,
            30.5709076
          ],
          [
            78.3288477,
            30.5689422
          ],
          [
            78.3288635,
            30.5682893
          ],
          [
            78.3291724,
            30.5667453
          ],
          [
            78.3306105,
            30.5651875
          ],
          [
            78.3319094,
            30.5637895
          ],
          [
            78.3339297,
            30.5626298
          ],
          [
            78.3339969,
            30.5625912
          ],
          [
            78.3379864,
            30.5624713
          ],
          [
            78.3403059,
            30.5617124
          ],
          [
            78.3410017,
            30.5599548
          ],
          [
            78.3402131,
            30.5579575
          ],
          [
            78.3395834,
            30.5566148
          ],
          [
            78.3392389,
            30.5558802
          ],
          [
            78.3392389,
            30.5540426
          ],
          [
            78.3391925,
            30.5520052
          ],
          [
            78.3397492,
            30.5509665
          ],
          [
            78.3413728,
            30.5503673
          ],
          [
            78.3441562,
            30.5502874
          ],
          [
            78.3457335,
            30.5496082
          ],
          [
            78.3458726,
            30.5480502
          ],
          [
            78.3451768,
            30.546572
          ],
          [
            78.3433212,
            30.5454933
          ],
          [
            78.342579,
            30.5449739
          ],
          [
            78.3434604,
            30.544095
          ],
          [
            78.3449448,
            30.5430162
          ],
          [
            78.3453159,
            30.5416578
          ],
          [
            78.3460269,
            30.5407393
          ],
          [
            78.3467076,
            30.5398599
          ],
          [
            78.3481457,
            30.5385814
          ],
          [
            78.348424,
            30.5377024
          ],
          [
            78.3489807,
            30.5357046
          ],
          [
            78.3502796,
            30.5328277
          ],
          [
            78.3517641,
            30.5331474
          ],
          [
            78.3535269,
            30.5336269
          ],
          [
            78.3560783,
            30.5335869
          ],
          [
            78.3577483,
            30.5333072
          ],
          [
            78.3582586,
            30.5326279
          ],
          [
            78.3576556,
            30.5310696
          ],
          [
            78.3561711,
            30.5312294
          ],
          [
            78.3552433,
            30.5305901
          ],
          [
            78.3554289,
            30.5295512
          ],
          [
            78.3568205,
            30.5276731
          ],
          [
            78.3592792,
            30.5251557
          ],
          [
            78.3590945,
            30.5245438
          ],
          [
            78.3609492,
            30.5239169
          ],
          [
            78.3614131,
            30.5219988
          ],
          [
            78.3620626,
            30.5207999
          ],
          [
            78.3634542,
            30.5201605
          ],
          [
            78.3673973,
            30.5204003
          ],
          [
            78.3693457,
            30.5194811
          ],
          [
            78.3701807,
            30.5184821
          ],
          [
            78.3712013,
            30.5170034
          ],
          [
            78.3724538,
            30.5169235
          ],
          [
            78.3729641,
            30.5176029
          ],
          [
            78.3737527,
            30.5178826
          ],
          [
            78.3756547,
            30.5179626
          ],
          [
            78.3772319,
            30.5174031
          ],
          [
            78.3789483,
            30.5162042
          ],
          [
            78.3800617,
            30.5152051
          ],
          [
            78.3807575,
            30.5138862
          ],
          [
            78.3819173,
            30.5126073
          ],
          [
            78.3827987,
            30.5116881
          ],
          [
            78.3844223,
            30.5114883
          ],
          [
            78.3859068,
            30.5106091
          ],
          [
            78.3870665,
            30.5100495
          ],
          [
            78.3883654,
            30.5098097
          ],
          [
            78.389386,
            30.5089704
          ],
          [
            78.3895251,
            30.5082111
          ],
          [
            78.390221,
            30.5072518
          ],
          [
            78.3934682,
            30.5063326
          ],
          [
            78.394628,
            30.5051735
          ],
          [
            78.3940713,
            30.5031351
          ],
          [
            78.3931435,
            30.5015363
          ],
          [
            78.3924477,
            30.4998176
          ],
          [
            78.3931435,
            30.4984985
          ],
          [
            78.3945643,
            30.4973252
          ],
          [
            78.3981946,
            30.4970061
          ],
          [
            78.3978427,
            30.4964049
          ],
          [
            78.3978316,
            30.4960569
          ],
          [
            78.3976897,
            30.4955806
          ],
          [
            78.3978024,
            30.4945055
          ],
          [
            78.3981933,
            30.4937318
          ],
          [
            78.3991278,
            30.4930623
          ],
          [
            78.4009833,
            30.4930623
          ],
          [
            78.4036275,
            30.4928225
          ],
          [
            78.4046945,
            30.4925027
          ],
          [
            78.4055295,
            30.4908638
          ],
          [
            78.4052538,
            30.4888403
          ],
          [
            78.4049265,
            30.4868662
          ],
          [
            78.4040914,
            30.4851473
          ],
          [
            78.4043698,
            30.483908
          ],
          [
            78.4051584,
            30.4827486
          ],
          [
            78.4066429,
            30.4819491
          ],
          [
            78.4080809,
            30.4808697
          ],
          [
            78.4080239,
            30.4793684
          ],
          [
            78.4070798,
            30.4770569
          ],
          [
            78.4056381,
            30.4748561
          ],
          [
            78.4050198,
            30.4729144
          ],
          [
            78.4062052,
            30.4704623
          ],
          [
            78.4102392,
            30.4688902
          ],
          [
            78.4132596,
            30.4680319
          ],
          [
            78.4140745,
            30.4682537
          ],
          [
            78.4197827,
            30.4698074
          ],
          [
            78.4252759,
            30.4674401
          ],
          [
            78.4255707,
            30.4672178
          ],
          [
            78.4280225,
            30.4653686
          ],
          [
            78.4283658,
            30.4635931
          ],
          [
            78.4263058,
            30.4587102
          ],
          [
            78.4275075,
            30.4532351
          ],
          [
            78.4290524,
            30.4510154
          ],
          [
            78.4311124,
            30.4510154
          ],
          [
            78.4338589,
            30.4511633
          ],
          [
            78.4354039,
            30.4502754
          ],
          [
            78.4376355,
            30.4502754
          ],
          [
            78.4393882,
            30.4494471
          ]
        ]
      }
    },
    {
      "type": "Feature",
      "id": 297429226,
      "properties": {},
      "geometry": {
        "type": "LineString",
        "coordinates": [
          [
            78.7468333,
            31.0359161
          ],
          [
            78.7461686,
            31.0360172
          ],
          [
            78.7450814,
            31.0361783
          ],
          [
            78.7445824,
            31.0363655
          ],
          [
            78.7440781,
            31.036533
          ],
          [
            78.7431549,
            31.0372592
          ],
          [
            78.7414174,
            31.0375897
          ],
          [
            78.7392582,
            31.0383839
          ],
          [
            78.7380179,
            31.0383545
          ],
          [
            78.7362745,
            31.0384121
          ],
          [
            78.7354811,
            31.0384383
          ],
          [
            78.7342665,
            31.0382564
          ],
          [
            78.7336487,
            31.0385652
          ],
          [
            78.732928,
            31.0397561
          ],
          [
            78.7322113,
            31.0396701
          ],
          [
            78.7306457,
            31.0394915
          ],
          [
            78.7297155,
            31.038547
          ],
          [
            78.7287237,
            31.0382711
          ],
          [
            78.7267096,
            31.0373871
          ],
          [
            78.7220181,
            31.0355637
          ],
          [
            78.7191952,
            31.0342018
          ],
          [
            78.7176221,
            31.0327476
          ],
          [
            78.7155859,
            31.0300062
          ],
          [
            78.7143284,
            31.026861
          ],
          [
            78.7131557,
            31.0220251
          ],
          [
            78.7124016,
            31.0214373
          ],
          [
            78.712099,
            31.0185707
          ],
          [
            78.7106939,
            31.01802
          ],
          [
            78.7114041,
            31.0165538
          ],
          [
            78.7122211,
            31.0161537
          ],
          [
            78.7123741,
            31.0159809
          ],
          [
            78.7128337,
            31.0157825
          ],
          [
            78.7129485,
            31.0157176
          ],
          [
            78.713038,
            31.0152708
          ],
          [
            78.7134468,
            31.0145181
          ],
          [
            78.7134833,
            31.0137486
          ],
          [
            78.7137899,
            31.0129603
          ],
          [
            78.7139152,
            31.0127372
          ],
          [
            78.7141299,
            31.0123547
          ],
          [
            78.7140527,
            31.0105767
          ],
          [
            78.7136736,
            31.009442
          ],
          [
            78.713449,
            31.0092835
          ],
          [
            78.7133452,
            31.0090666
          ],
          [
            78.7133566,
            31.0088986
          ],
          [
            78.7135635,
            31.0087514
          ],
          [
            78.7139505,
            31.0081054
          ],
          [
            78.7143374,
            31.0072983
          ],
          [
            78.7143812,
            31.0068854
          ],
          [
            78.7141755,
            31.0062294
          ],
          [
            78.7139998,
            31.0059768
          ],
          [
            78.7137926,
            31.0058791
          ],
          [
            78.7135758,
            31.0059764
          ],
          [
            78.7133951,
            31.0059278
          ],
          [
            78.7133117,
            31.0057672
          ],
          [
            78.7131355,
            31.0051829
          ],
          [
            78.7128067,
            31.0050562
          ],
          [
            78.7126844,
            31.0049334
          ],
          [
            78.712657,
            31.0047731
          ],
          [
            78.7128009,
            31.0045252
          ],
          [
            78.7122981,
            31.0038511
          ],
          [
            78.7121095,
            31.0035775
          ],
          [
            78.7120634,
            31.0032954
          ],
          [
            78.712184,
            31.0030443
          ],
          [
            78.712466,
            31.0030565
          ],
          [
            78.7125125,
            31.0029326
          ],
          [
            78.7122596,
            31.0026671
          ],
          [
            78.7120015,
            31.0023176
          ],
          [
            78.7118249,
            31.0017174
          ],
          [
            78.7114911,
            31.0009397
          ],
          [
            78.7110857,
            30.9995181
          ],
          [
            78.7105769,
            30.9990126
          ],
          [
            78.7101584,
            30.9984024
          ],
          [
            78.709899,
            30.997442
          ],
          [
            78.7087999,
            30.9967735
          ],
          [
            78.7056438,
            30.9958404
          ],
          [
            78.7049934,
            30.9955641
          ],
          [
            78.7045912,
            30.9949161
          ],
          [
            78.7044115,
            30.9941898
          ],
          [
            78.7045883,
            30.9933486
          ],
          [
            78.7037753,
            30.9925049
          ],
          [
            78.702507,
            30.9920882
          ],
          [
            78.7020523,
            30.9917248
          ],
          [
            78.7018212,
            30.9915658
          ],
          [
            78.7017898,
            30.9913702
          ],
          [
            78.7020009,
            30.9911623
          ],
          [
            78.7020209,
            30.990573
          ],
          [
            78.7017898,
            30.9897855
          ],
          [
            78.7016015,
            30.9893796
          ],
          [
            78.7016129,
            30.9890641
          ],
          [
            78.7018098,
            30.988663
          ],
          [
            78.7019382,
            30.9880199
          ],
          [
            78.7013733,
            30.9869462
          ],
          [
            78.7005917,
            30.9854226
          ],
          [
            78.7004433,
            30.9829965
          ],
          [
            78.6994192,
            30.9809152
          ],
          [
            78.6992623,
            30.9798954
          ],
          [
            78.6988686,
            30.9794331
          ],
          [
            78.6984065,
            30.9787434
          ],
          [
            78.698241,
            30.978105
          ],
          [
            78.6976049,
            30.9771463
          ],
          [
            78.6975421,
            30.9767794
          ],
          [
            78.6976848,
            30.9761899
          ],
          [
            78.6977561,
            30.9758402
          ],
          [
            78.697816,
            30.9751896
          ],
          [
            78.69799,
            30.9748129
          ],
          [
            78.6983751,
            30.9743653
          ],
          [
            78.6989421,
            30.9735356
          ],
          [
            78.6989228,
            30.9730763
          ],
          [
            78.6987802,
            30.9723401
          ],
          [
            78.6989941,
            30.9718484
          ],
          [
            78.6994506,
            30.9715084
          ],
          [
            78.6996988,
            30.9710975
          ],
          [
            78.6998186,
            30.9705227
          ],
          [
            78.6998699,
            30.9698329
          ],
          [
            78.6998043,
            30.9691309
          ],
          [
            78.6996902,
            30.9684265
          ],
          [
            78.6995248,
            30.9676559
          ],
          [
            78.6991026,
            30.9665332
          ],
          [
            78.6989599,
            30.9657406
          ],
          [
            78.6987659,
            30.96475
          ],
          [
            78.6984345,
            30.9642029
          ],
          [
            78.6975353,
            30.9628039
          ],
          [
            78.6969122,
            30.9617243
          ],
          [
            78.6967003,
            30.9611129
          ],
          [
            78.6963342,
            30.9608485
          ],
          [
            78.6957783,
            30.960516
          ],
          [
            78.694861,
            30.9595071
          ],
          [
            78.6943385,
            30.9589075
          ],
          [
            78.6942704,
            30.9581246
          ],
          [
            78.6940411,
            30.9576538
          ],
          [
            78.6933602,
            30.9569102
          ],
          [
            78.6926986,
            30.9561886
          ],
          [
            78.692817,
            30.9549074
          ],
          [
            78.6918768,
            30.9536883
          ],
          [
            78.6907909,
            30.9522997
          ],
          [
            78.6901807,
            30.9503607
          ],
          [
            78.6891594,
            30.9481187
          ],
          [
            78.6889475,
            30.9467855
          ],
          [
            78.6884143,
            30.9457168
          ],
          [
            78.6879583,
            30.9448629
          ],
          [
            78.6873224,
            30.9445214
          ],
          [
            78.6862947,
            30.9429789
          ],
          [
            78.686147,
            30.9417008
          ],
          [
            78.6856716,
            30.9405493
          ],
          [
            78.6849009,
            30.9392822
          ],
          [
            78.6837575,
            30.9384062
          ],
          [
            78.6829739,
            30.9373374
          ],
          [
            78.6825114,
            30.9360813
          ],
          [
            78.6829867,
            30.934737
          ],
          [
            78.6824922,
            30.933602
          ],
          [
            78.6824022,
            30.9319271
          ],
          [
            78.682171,
            30.9309078
          ],
          [
            78.6823958,
            30.9298003
          ],
          [
            78.6822095,
            30.9286598
          ],
          [
            78.6817728,
            30.9277617
          ],
          [
            78.6807386,
            30.9267754
          ],
          [
            78.6805363,
            30.9261255
          ],
          [
            78.6804881,
            30.9259709
          ],
          [
            78.6794476,
            30.9241746
          ],
          [
            78.6795054,
            30.9234253
          ],
          [
            78.6789308,
            30.9226847
          ],
          [
            78.6789594,
            30.9219595
          ],
          [
            78.6787455,
            30.9206605
          ],
          [
            78.6791242,
            30.9199447
          ],
          [
            78.6794257,
            30.9193749
          ],
          [
            78.6789889,
            30.9182743
          ],
          [
            78.6791152,
            30.9176047
          ],
          [
            78.6791437,
            30.9174536
          ],
          [
            78.6796303,
            30.9155987
          ],
          [
            78.6799068,
            30.914332
          ],
          [
            78.6799676,
            30.9133167
          ],
          [
            78.6805206,
            30.9125387
          ],
          [
            78.6804117,
            30.9117832
          ],
          [
            78.679708,
            30.9107772
          ],
          [
            78.6792819,
            30.9087811
          ],
          [
            78.6793649,
            30.9072297
          ],
          [
            78.6793041,
            30.9063614
          ],
          [
            78.6782796,
            30.904942
          ],
          [
            78.6783585,
            30.9044838
          ],
          [
            78.6791238,
            30.9035698
          ],
          [
            78.6792012,
            30.9032529
          ],
          [
            78.6786642,
            30.9021041
          ],
          [
            78.678281,
            30.9014213
          ],
          [
            78.6784967,
            30.9006108
          ],
          [
            78.6784691,
            30.9000557
          ],
          [
            78.6786405,
            30.8992965
          ],
          [
            78.6783916,
            30.8984471
          ],
          [
            78.6781256,
            30.8977956
          ],
          [
            78.6780543,
            30.8970901
          ],
          [
            78.6781041,
            30.8961838
          ],
          [
            78.6774922,
            30.8954561
          ],
          [
            78.6762587,
            30.8946263
          ],
          [
            78.6759104,
            30.8942589
          ],
          [
            78.6755979,
            30.893603
          ],
          [
            78.6752145,
            30.8925235
          ],
          [
            78.6747583,
            30.8920228
          ],
          [
            78.6744394,
            30.8916727
          ],
          [
            78.6742753,
            30.8911113
          ],
          [
            78.6743351,
            30.8903154
          ],
          [
            78.6745859,
            30.8895827
          ],
          [
            78.674479,
            30.8890604
          ],
          [
            78.6738599,
            30.8883677
          ],
          [
            78.6733032,
            30.887207
          ],
          [
            78.6727817,
            30.8863153
          ],
          [
            78.6712852,
            30.8852276
          ],
          [
            78.6700075,
            30.8844282
          ],
          [
            78.6682282,
            30.883441
          ],
          [
            78.6668698,
            30.8825962
          ],
          [
            78.6663608,
            30.8818712
          ],
          [
            78.6651015,
            30.880556
          ],
          [
            78.6646743,
            30.8796221
          ],
          [
            78.6647139,
            30.8788304
          ],
          [
            78.6643508,
            30.8780616
          ],
          [
            78.6632328,
            30.8771902
          ],
          [
            78.6628005,
            30.8766929
          ],
          [
            78.6623601,
            30.8761862
          ],
          [
            78.6618024,
            30.8752023
          ],
          [
            78.6606178,
            30.8733808
          ],
          [
            78.6603725,
            30.8721151
          ],
          [
            78.6596214,
            30.8709133
          ],
          [
            78.6588554,
            30.8703751
          ],
          [
            78.6580851,
            30.8700664
          ],
          [
            78.6570163,
            30.86991
          ],
          [
            78.6568064,
            30.8697119
          ],
          [
            78.6566678,
            30.8695811
          ],
          [
            78.6560335,
            30.8688611
          ],
          [
            78.655438,
            30.868128
          ],
          [
            78.6547789,
            30.8673117
          ],
          [
            78.6535999,
            30.8661937
          ],
          [
            78.653672,
            30.8652843
          ],
          [
            78.6535999,
            30.8647224
          ],
          [
            78.6524991,
            30.8637911
          ],
          [
            78.65217,
            30.8629637
          ],
          [
            78.6521761,
            30.8619873
          ],
          [
            78.6524677,
            30.8602274
          ],
          [
            78.6520807,
            30.8598903
          ],
          [
            78.650801,
            30.8594912
          ],
          [
            78.6503839,
            30.8589564
          ],
          [
            78.6490376,
            30.8584835
          ],
          [
            78.6480376,
            30.8576322
          ],
          [
            78.6470684,
            30.856729
          ],
          [
            78.6456101,
            30.8553741
          ],
          [
            78.6447577,
            30.8550898
          ],
          [
            78.6418614,
            30.8534551
          ],
          [
            78.6409129,
            30.8525924
          ],
          [
            78.6399852,
            30.8516474
          ],
          [
            78.6387822,
            30.8503109
          ],
          [
            78.6384308,
            30.849223
          ],
          [
            78.6387586,
            30.8485761
          ],
          [
            78.6386171,
            30.8480293
          ],
          [
            78.6380431,
            30.8476513
          ],
          [
            78.6368716,
            30.8473408
          ],
          [
            78.6357337,
            30.8473726
          ],
          [
            78.6346688,
            30.8472482
          ],
          [
            78.6334866,
            30.8468014
          ],
          [
            78.6332206,
            30.8465139
          ],
          [
            78.6323655,
            30.8455851
          ],
          [
            78.6314303,
            30.8443308
          ],
          [
            78.6301805,
            30.8431758
          ],
          [
            78.629121,
            30.8427408
          ],
          [
            78.6286264,
            30.8424367
          ],
          [
            78.6283164,
            30.8421354
          ],
          [
            78.6282217,
            30.8420433
          ],
          [
            78.6278433,
            30.8408496
          ],
          [
            78.6275866,
            30.8403324
          ],
          [
            78.6271686,
            30.8398147
          ],
          [
            78.6259504,
            30.8389565
          ],
          [
            78.6254879,
            30.8385793
          ],
          [
            78.6253843,
            30.8383355
          ],
          [
            78.625293,
            30.8380669
          ],
          [
            78.6253293,
            30.8377751
          ],
          [
            78.625573,
            30.837154
          ],
          [
            78.6255232,
            30.836892
          ],
          [
            78.6250934,
            30.8363169
          ],
          [
            78.6244812,
            30.8356654
          ],
          [
            78.624087,
            30.8351422
          ],
          [
            78.6238642,
            30.8346512
          ],
          [
            78.6238354,
            30.8342848
          ],
          [
            78.6238398,
            30.8336578
          ],
          [
            78.6238765,
            30.8330739
          ],
          [
            78.623486,
            30.8323042
          ],
          [
            78.6232431,
            30.831542
          ],
          [
            78.6231518,
            30.8309599
          ],
          [
            78.622756,
            30.8301303
          ],
          [
            78.6222344,
            30.8296481
          ],
          [
            78.6215002,
            30.829228
          ],
          [
            78.621051,
            30.8290218
          ],
          [
            78.6206248,
            30.8287534
          ],
          [
            78.6202186,
            30.8282963
          ],
          [
            78.6197236,
            30.827739
          ],
          [
            78.6195346,
            30.8274118
          ],
          [
            78.619372,
            30.8269733
          ],
          [
            78.6193459,
            30.8253255
          ],
          [
            78.6193233,
            30.8238346
          ],
          [
            78.6193174,
            30.8234458
          ],
          [
            78.6191498,
            30.8220275
          ],
          [
            78.6192162,
            30.8213772
          ],
          [
            78.6194077,
            30.82059
          ],
          [
            78.6192279,
            30.8198091
          ],
          [
            78.6191147,
            30.8193658
          ],
          [
            78.6191729,
            30.8189988
          ],
          [
            78.6198648,
            30.8177699
          ],
          [
            78.6201744,
            30.8165272
          ],
          [
            78.6206668,
            30.8154065
          ],
          [
            78.6211857,
            30.8142923
          ],
          [
            78.6216732,
            30.8136576
          ],
          [
            78.6217127,
            30.813359
          ],
          [
            78.6216732,
            30.8129013
          ],
          [
            78.6211337,
            30.8121426
          ],
          [
            78.6207847,
            30.8114764
          ],
          [
            78.6201085,
            30.8105378
          ],
          [
            78.6200037,
            30.8101167
          ],
          [
            78.6200221,
            30.8097679
          ],
          [
            78.6203051,
            30.8091872
          ],
          [
            78.6207769,
            30.8083701
          ],
          [
            78.6209089,
            30.8081301
          ],
          [
            78.6213677,
            30.8072961
          ],
          [
            78.6215939,
            30.8065498
          ],
          [
            78.6217119,
            30.8056917
          ],
          [
            78.6217492,
            30.8051239
          ],
          [
            78.6218213,
            30.8045878
          ],
          [
            78.6215844,
            30.8041202
          ],
          [
            78.6204466,
            30.8030148
          ],
          [
            78.6193066,
            30.8017924
          ],
          [
            78.6188143,
            30.8012014
          ],
          [
            78.6182947,
            30.8008178
          ],
          [
            78.6178913,
            30.8005497
          ],
          [
            78.6173408,
            30.7999775
          ],
          [
            78.6171527,
            30.7995977
          ],
          [
            78.6165328,
            30.798884
          ],
          [
            78.6164356,
            30.7985444
          ],
          [
            78.6163974,
            30.7979293
          ],
          [
            78.6162894,
            30.7972787
          ],
          [
            78.6164682,
            30.7967271
          ],
          [
            78.6164843,
            30.7961594
          ],
          [
            78.6164053,
            30.7958761
          ],
          [
            78.6160043,
            30.7944713
          ],
          [
            78.6159565,
            30.7936976
          ],
          [
            78.6159864,
            30.7929813
          ],
          [
            78.6162651,
            30.7920028
          ],
          [
            78.6166883,
            30.7908105
          ],
          [
            78.6168821,
            30.7899384
          ],
          [
            78.6175143,
            30.7884966
          ]
        ]
      }
    },
    {
      "type": "Feature",
      "id": 962189608,
      "properties": {},
      "geometry": {
        "type": "LineString",
        "coordinates": [
          [
            78.5815138,
            30.7569297
          ],
          [
            78.5808596,
            30.756396
          ],
          [
            78.5798807,
            30.7560493
          ],
          [
            78.5788988,
            30.7559349
          ],
          [
            78.5777628,
            30.7562167
          ],
          [
            78.577452,
            30.7562752
          ],
          [
            78.5769495,
            30.7561508
          ],
          [
            78.5763356,
            30.7554025
          ],
          [
            78.5752156,
            30.7544915
          ],
          [
            78.5745618,
            30.7539036
          ],
          [
            78.5739252,
            30.7535683
          ],
          [
            78.5737994,
            30.7535688
          ],
          [
            78.5728985,
            30.7535726
          ],
          [
            78.5728029,
            30.7540088
          ],
          [
            78.5721277,
            30.7546724
          ],
          [
            78.5706909,
            30.7548186
          ],
          [
            78.5699898,
            30.7548486
          ],
          [
            78.5690455,
            30.7546092
          ],
          [
            78.5678581,
            30.7539255
          ],
          [
            78.5663755,
            30.7535297
          ],
          [
            78.5656639,
            30.7534561
          ],
          [
            78.5640475,
            30.7535233
          ],
          [
            78.5633446,
            30.7534724
          ],
          [
            78.5624285,
            30.7541877
          ],
          [
            78.561034,
            30.7544845
          ],
          [
            78.5601807,
            30.7545473
          ],
          [
            78.5594589,
            30.7542526
          ],
          [
            78.5584115,
            30.7530762
          ],
          [
            78.5570421,
            30.7512122
          ],
          [
            78.5559231,
            30.7505169
          ],
          [
            78.554417,
            30.7493054
          ],
          [
            78.5529786,
            30.7485359
          ],
          [
            78.5518125,
            30.7482097
          ],
          [
            78.5512437,
            30.7478642
          ],
          [
            78.5507842,
            30.7473797
          ],
          [
            78.5503176,
            30.7466426
          ],
          [
            78.5500452,
            30.7457893
          ],
          [
            78.550188,
            30.7447887
          ],
          [
            78.549954,
            30.7438684
          ],
          [
            78.5493333,
            30.7438192
          ],
          [
            78.5483106,
            30.7437382
          ],
          [
            78.5471758,
            30.7435095
          ],
          [
            78.5461288,
            30.7431319
          ],
          [
            78.5457037,
            30.7428103
          ],
          [
            78.5455298,
            30.7423717
          ],
          [
            78.5450824,
            30.7420001
          ],
          [
            78.5444819,
            30.741433
          ],
          [
            78.5440141,
            30.7407299
          ],
          [
            78.5435898,
            30.7401391
          ],
          [
            78.543152,
            30.739853
          ],
          [
            78.5421596,
            30.7395978
          ],
          [
            78.5388109,
            30.7396312
          ],
          [
            78.5363176,
            30.739043
          ],
          [
            78.5338674,
            30.7381993
          ],
          [
            78.5320566,
            30.7381332
          ],
          [
            78.530655,
            30.7385212
          ],
          [
            78.5290778,
            30.7390794
          ],
          [
            78.5288143,
            30.7392954
          ]
        ]
      }
    },
    {
      "type": "Feature",
      "id": 962189609,
      "properties": {},
      "geometry": {
        "type": "LineString",
        "coordinates": [
          [
            78.5288143,
            30.7392954
          ],
          [
            78.5284715,
            30.7395766
          ]
        ]
      }
    },
    {
      "type": "Feature",
      "id": 323348500,
      "properties": {},
      "geometry": {
        "type": "LineString",
        "coordinates": [
          [
            78.618471,
            30.7849979
          ],
          [
            78.618127,
            30.7848538
          ],
          [
            78.6179577,
            30.7847951
          ],
          [
            78.6176973,
            30.7847049
          ],
          [
            78.6167812,
            30.7844476
          ],
          [
            78.6162772,
            30.784167
          ],
          [
            78.6159756,
            30.7839478
          ],
          [
            78.6153598,
            30.7831417
          ],
          [
            78.6151022,
            30.7826047
          ],
          [
            78.6146644,
            30.7814032
          ],
          [
            78.6143441,
            30.7803611
          ],
          [
            78.6136434,
            30.7791256
          ],
          [
            78.6133394,
            30.7787431
          ],
          [
            78.6113634,
            30.778232
          ],
          [
            78.6096489,
            30.7779126
          ],
          [
            78.608763,
            30.7776637
          ],
          [
            78.6079787,
            30.7773824
          ],
          [
            78.6073239,
            30.7768394
          ],
          [
            78.606788,
            30.7758752
          ],
          [
            78.6048492,
            30.7746281
          ],
          [
            78.6030652,
            30.7738287
          ],
          [
            78.601849,
            30.7731495
          ],
          [
            78.6009133,
            30.7724093
          ],
          [
            78.5996869,
            30.7709999
          ],
          [
            78.598491,
            30.7698586
          ],
          [
            78.5972796,
            30.7690612
          ],
          [
            78.5956965,
            30.7681379
          ],
          [
            78.594202,
            30.7671848
          ],
          [
            78.5933116,
            30.7662234
          ],
          [
            78.5926733,
            30.7648854
          ],
          [
            78.5922114,
            30.763831
          ],
          [
            78.5914856,
            30.7633158
          ],
          [
            78.5901089,
            30.7630943
          ],
          [
            78.5895699,
            30.7634373
          ],
          [
            78.58895,
            30.7636429
          ],
          [
            78.5883104,
            30.7635644
          ],
          [
            78.5876023,
            30.7632652
          ],
          [
            78.5872672,
            30.7625568
          ],
          [
            78.5866897,
            30.7617488
          ],
          [
            78.5852335,
            30.7612728
          ],
          [
            78.5845945,
            30.7610388
          ],
          [
            78.5839548,
            30.7609472
          ],
          [
            78.5834904,
            30.7611173
          ],
          [
            78.5826911,
            30.7617572
          ],
          [
            78.5822035,
            30.7618109
          ],
          [
            78.5816637,
            30.7616948
          ],
          [
            78.5814573,
            30.76115
          ],
          [
            78.5816073,
            30.7600737
          ],
          [
            78.581688,
            30.7584148
          ],
          [
            78.5816059,
            30.7574576
          ],
          [
            78.5815138,
            30.7569297
          ]
        ]
      }
    },
    {
      "type": "Feature",
      "id": 323348496,
      "properties": {},
      "geometry": {
        "type": "LineString",
        "coordinates": [
          [
            78.6175143,
            30.7884966
          ],
          [
            78.6178685,
            30.7873823
          ],
          [
            78.6184102,
            30.7865012
          ],
          [
            78.6188509,
            30.7860013
          ],
          [
            78.6189134,
            30.7856906
          ],
          [
            78.61879,
            30.7853248
          ],
          [
            78.618471,
            30.7849979
          ]
        ]
      }
    },
    {
      "type": "Feature",
      "id": 297379872,
      "properties": {},
      "geometry": {
        "type": "LineString",
        "coordinates": [
          [
            78.8651925,
            31.0289036
          ],
          [
            78.8635356,
            31.0296988
          ],
          [
            78.8628687,
            31.0310672
          ],
          [
            78.8605334,
            31.0327557
          ],
          [
            78.8583296,
            31.0339005
          ],
          [
            78.8563307,
            31.0346798
          ],
          [
            78.8545975,
            31.0348231
          ],
          [
            78.8534603,
            31.0357025
          ],
          [
            78.8527688,
            31.0366441
          ],
          [
            78.8518981,
            31.0374378
          ],
          [
            78.8515808,
            31.0377271
          ],
          [
            78.8477195,
            31.0406863
          ],
          [
            78.8450946,
            31.0421686
          ],
          [
            78.8443472,
            31.0425907
          ],
          [
            78.8436472,
            31.0423408
          ],
          [
            78.8411511,
            31.0429178
          ],
          [
            78.8377179,
            31.0446827
          ],
          [
            78.8359768,
            31.0449079
          ],
          [
            78.833598,
            31.0440944
          ],
          [
            78.8271723,
            31.0456855
          ],
          [
            78.8260536,
            31.0459625
          ],
          [
            78.824376,
            31.0463779
          ],
          [
            78.8235054,
            31.0470024
          ],
          [
            78.8216504,
            31.0471472
          ],
          [
            78.8199198,
            31.0465876
          ],
          [
            78.8196221,
            31.0464914
          ],
          [
            78.8179431,
            31.0458024
          ],
          [
            78.8164802,
            31.0457238
          ],
          [
            78.8154862,
            31.0460773
          ],
          [
            78.8135909,
            31.0458144
          ],
          [
            78.8107118,
            31.0449954
          ],
          [
            78.8073017,
            31.0444236
          ],
          [
            78.8053437,
            31.0435577
          ],
          [
            78.8030654,
            31.042422
          ],
          [
            78.8021442,
            31.0418614
          ],
          [
            78.8010521,
            31.0421242
          ],
          [
            78.7997178,
            31.0426266
          ],
          [
            78.7986417,
            31.0428018
          ],
          [
            78.7976733,
            31.0426036
          ],
          [
            78.796947,
            31.0421426
          ],
          [
            78.7964251,
            31.0413774
          ],
          [
            78.7958303,
            31.040666
          ],
          [
            78.7955696,
            31.0405891
          ],
          [
            78.7948379,
            31.0407643
          ],
          [
            78.7940955,
            31.0407874
          ],
          [
            78.7923577,
            31.0406445
          ],
          [
            78.7909642,
            31.0403033
          ],
          [
            78.7900452,
            31.0401477
          ],
          [
            78.7894168,
            31.0403262
          ],
          [
            78.7889402,
            31.0409336
          ],
          [
            78.7886651,
            31.0410069
          ],
          [
            78.7876873,
            31.0409493
          ],
          [
            78.7866385,
            31.04063
          ],
          [
            78.7859105,
            31.0407545
          ],
          [
            78.7848517,
            31.0411692
          ],
          [
            78.7842833,
            31.0414415
          ],
          [
            78.7835622,
            31.0414834
          ],
          [
            78.7830244,
            31.0412582
          ],
          [
            78.7824255,
            31.0413001
          ],
          [
            78.7821376,
            31.0414922
          ],
          [
            78.782064,
            31.0415413
          ],
          [
            78.7815332,
            31.0420175
          ],
          [
            78.7804698,
            31.0425725
          ],
          [
            78.7800115,
            31.042583
          ],
          [
            78.7792109,
            31.0421484
          ],
          [
            78.7783247,
            31.0410174
          ],
          [
            78.7778725,
            31.0410069
          ],
          [
            78.7770414,
            31.0413944
          ],
          [
            78.7756113,
            31.0421379
          ],
          [
            78.7746065,
            31.0425124
          ],
          [
            78.773894,
            31.0425568
          ],
          [
            78.7729773,
            31.0423578
          ],
          [
            78.7715962,
            31.0417452
          ],
          [
            78.7702822,
            31.0414572
          ],
          [
            78.7677645,
            31.0412484
          ],
          [
            78.7659592,
            31.0408669
          ],
          [
            78.7637313,
            31.039358
          ],
          [
            78.7622248,
            31.0380672
          ],
          [
            78.7597223,
            31.0370881
          ],
          [
            78.7571365,
            31.0355483
          ],
          [
            78.7564049,
            31.035741
          ],
          [
            78.7551623,
            31.035829
          ],
          [
            78.7544649,
            31.0357012
          ],
          [
            78.7535399,
            31.0353089
          ],
          [
            78.7530555,
            31.0349839
          ],
          [
            78.7522706,
            31.0346548
          ],
          [
            78.751128,
            31.0347495
          ],
          [
            78.7495471,
            31.0353002
          ],
          [
            78.7483214,
            31.0357299
          ],
          [
            78.7471288,
            31.035913
          ],
          [
            78.7468333,
            31.0359161
          ]
        ]
      }
    },
    {
      "type": "Feature",
      "id": 229531420,
      "properties": {},
      "geometry": {
        "type": "LineString",
        "coordinates": [
          [
            79.074933,
            30.930521
          ],
          [
            79.0736822,
            30.9308089
          ],
          [
            79.0730111,
            30.9317858
          ],
          [
            79.0719332,
            30.9324749
          ],
          [
            79.071618,
            30.9326755
          ],
          [
            79.0716993,
            30.9333123
          ],
          [
            79.0714756,
            30.9338007
          ],
          [
            79.0698384,
            30.934734
          ],
          [
            79.0678012,
            30.9360173
          ],
          [
            79.0666251,
            30.9361819
          ],
          [
            79.0658827,
            30.9370803
          ],
          [
            79.0655805,
            30.9372049
          ],
          [
            79.0650997,
            30.937403
          ],
          [
            79.0646015,
            30.9380833
          ],
          [
            79.0638591,
            30.9380049
          ],
          [
            79.0632388,
            30.9383712
          ],
          [
            79.0623895,
            30.9387319
          ],
          [
            79.0624457,
            30.9393568
          ],
          [
            79.0623033,
            30.9401243
          ],
          [
            79.0610627,
            30.9408482
          ],
          [
            79.0603856,
            30.9421344
          ],
          [
            79.0601477,
            30.9422293
          ],
          [
            79.0596086,
            30.9424443
          ],
          [
            79.0589781,
            30.9432467
          ],
          [
            79.0577675,
            30.9436604
          ],
          [
            79.0572596,
            30.9436653
          ],
          [
            79.0567105,
            30.9440054
          ],
          [
            79.0558258,
            30.9453311
          ],
          [
            79.0545646,
            30.946188
          ],
          [
            79.0536633,
            30.9476127
          ],
          [
            79.050659,
            30.9491586
          ],
          [
            79.049694,
            30.9499882
          ],
          [
            79.0490839,
            30.9503196
          ],
          [
            79.0475443,
            30.9514187
          ],
          [
            79.0468365,
            30.9516451
          ],
          [
            79.0464338,
            30.9521856
          ],
          [
            79.046152,
            30.9525637
          ],
          [
            79.0457587,
            30.9531277
          ],
          [
            79.0458168,
            30.9536599
          ],
          [
            79.0460434,
            30.9545317
          ],
          [
            79.0462056,
            30.9552512
          ],
          [
            79.0454943,
            30.955395
          ],
          [
            79.0451282,
            30.9560578
          ],
          [
            79.0450062,
            30.9573658
          ],
          [
            79.0439435,
            30.9590854
          ],
          [
            79.0429976,
            30.9598982
          ],
          [
            79.042464,
            30.9603568
          ],
          [
            79.0414776,
            30.9611329
          ],
          [
            79.0408862,
            30.9619648
          ],
          [
            79.0389069,
            30.9627073
          ],
          [
            79.0375284,
            30.964647
          ],
          [
            79.0350366,
            30.9657836
          ],
          [
            79.0333754,
            30.9677384
          ],
          [
            79.0336088,
            30.9692445
          ],
          [
            79.0333324,
            30.9705674
          ],
          [
            79.0333048,
            30.9722539
          ],
          [
            79.032346,
            30.9730697
          ],
          [
            79.0316443,
            30.9731744
          ],
          [
            79.0307393,
            30.9740462
          ],
          [
            79.0300882,
            30.9744267
          ],
          [
            79.0293462,
            30.9750315
          ],
          [
            79.0284005,
            30.9754848
          ],
          [
            79.0265882,
            30.977016
          ],
          [
            79.025421,
            30.9774203
          ],
          [
            79.0242618,
            30.9780306
          ],
          [
            79.0224729,
            30.9784941
          ],
          [
            79.0205095,
            30.979042
          ],
          [
            79.0193604,
            30.9789809
          ],
          [
            79.0177544,
            30.9799298
          ],
          [
            79.016582,
            30.9811918
          ],
          [
            79.0162173,
            30.9826772
          ],
          [
            79.0156953,
            30.9834869
          ],
          [
            79.0138985,
            30.9846093
          ],
          [
            79.0104506,
            30.9846668
          ],
          [
            79.006382,
            30.9868987
          ],
          [
            79.0049751,
            30.9872338
          ],
          [
            79.0040111,
            30.9870551
          ],
          [
            79.003183,
            30.9873329
          ],
          [
            79.002513,
            30.9875576
          ],
          [
            79.0011121,
            30.9881863
          ],
          [
            78.998631,
            30.9892998
          ],
          [
            78.9962874,
            30.9905407
          ],
          [
            78.9943451,
            30.9908022
          ],
          [
            78.9937553,
            30.9914386
          ],
          [
            78.9921487,
            30.9923626
          ],
          [
            78.9891232,
            30.9931931
          ],
          [
            78.9871555,
            30.993962
          ],
          [
            78.9853559,
            30.9943065
          ],
          [
            78.9849085,
            30.9940885
          ],
          [
            78.9844,
            30.9940798
          ],
          [
            78.9839017,
            30.9943675
          ],
          [
            78.9833526,
            30.9944546
          ],
          [
            78.9828137,
            30.9943239
          ],
          [
            78.9824553,
            30.9939648
          ],
          [
            78.9808835,
            30.9926044
          ],
          [
            78.9798249,
            30.9925401
          ],
          [
            78.9785835,
            30.9927287
          ],
          [
            78.9769927,
            30.9928531
          ],
          [
            78.9755328,
            30.9938096
          ],
          [
            78.9739333,
            30.9951291
          ],
          [
            78.9734685,
            30.9956837
          ],
          [
            78.972715,
            30.9960088
          ],
          [
            78.9695736,
            30.9948881
          ],
          [
            78.9645017,
            30.9954633
          ],
          [
            78.9628773,
            30.9952181
          ],
          [
            78.9620887,
            30.9953518
          ],
          [
            78.9609158,
            30.9951253
          ],
          [
            78.9589839,
            30.9960484
          ],
          [
            78.958471,
            30.9960113
          ],
          [
            78.9581331,
            30.9956435
          ],
          [
            78.9577039,
            30.9955837
          ],
          [
            78.957264,
            30.9956895
          ],
          [
            78.9570065,
            30.9956895
          ],
          [
            78.9565832,
            30.9954444
          ],
          [
            78.9560248,
            30.9952434
          ],
          [
            78.9557405,
            30.994825
          ],
          [
            78.9553114,
            30.9947054
          ],
          [
            78.9542921,
            30.9943605
          ],
          [
            78.9538308,
            30.9944571
          ],
          [
            78.9529027,
            30.9942002
          ],
          [
            78.9521034,
            30.9941582
          ],
          [
            78.951609,
            30.9942777
          ],
          [
            78.9511164,
            30.9941996
          ],
          [
            78.9508589,
            30.9943651
          ],
          [
            78.9506175,
            30.9943329
          ],
          [
            78.9501186,
            30.9940616
          ],
          [
            78.9491208,
            30.9936247
          ],
          [
            78.9484556,
            30.9939512
          ],
          [
            78.9479353,
            30.9942501
          ],
          [
            78.9468931,
            30.9939785
          ],
          [
            78.9460577,
            30.9941168
          ],
          [
            78.9453163,
            30.9941448
          ],
          [
            78.9447435,
            30.9941674
          ],
          [
            78.9443143,
            30.9939696
          ],
          [
            78.9437499,
            30.9938505
          ],
          [
            78.9432329,
            30.994053
          ],
          [
            78.9429678,
            30.9941569
          ],
          [
            78.9422946,
            30.9942203
          ],
          [
            78.9418708,
            30.9940501
          ],
          [
            78.9418086,
            30.9940245
          ],
          [
            78.94103,
            30.9937037
          ],
          [
            78.9405038,
            30.9938158
          ],
          [
            78.9401449,
            30.9941054
          ],
          [
            78.9401289,
            30.9942477
          ],
          [
            78.9400456,
            30.9943566
          ],
          [
            78.9399304,
            30.9943792
          ],
          [
            78.939755,
            30.9942865
          ],
          [
            78.9391762,
            30.9944056
          ],
          [
            78.9391318,
            30.9945352
          ],
          [
            78.9389146,
            30.9945246
          ],
          [
            78.9388195,
            30.9945926
          ],
          [
            78.9387102,
            30.9946167
          ],
          [
            78.9383176,
            30.9948287
          ],
          [
            78.9379907,
            30.9948377
          ],
          [
            78.9375879,
            30.994693
          ],
          [
            78.9373971,
            30.9947112
          ],
          [
            78.9371421,
            30.9948341
          ],
          [
            78.9364963,
            30.9950487
          ],
          [
            78.9364017,
            30.9951331
          ],
          [
            78.9363438,
            30.9951068
          ],
          [
            78.9363489,
            30.9950422
          ],
          [
            78.9362408,
            30.9949227
          ],
          [
            78.9360555,
            30.9949018
          ],
          [
            78.9355141,
            30.9949993
          ],
          [
            78.9352918,
            30.9951136
          ],
          [
            78.935289,
            30.9952528
          ],
          [
            78.9352981,
            30.9953644
          ],
          [
            78.935084,
            30.9955684
          ],
          [
            78.9343472,
            30.9957674
          ],
          [
            78.9337543,
            30.9958422
          ],
          [
            78.9333475,
            30.9960093
          ],
          [
            78.932671,
            30.9962787
          ],
          [
            78.9324107,
            30.9963079
          ],
          [
            78.9320459,
            30.9963154
          ],
          [
            78.9311822,
            30.996639
          ],
          [
            78.9306619,
            30.9968781
          ],
          [
            78.9304687,
            30.9970437
          ],
          [
            78.9296935,
            30.9973179
          ],
          [
            78.9279904,
            30.9977472
          ],
          [
            78.9273771,
            30.9975134
          ],
          [
            78.9267083,
            30.9976139
          ],
          [
            78.9236481,
            30.9974006
          ],
          [
            78.922288,
            30.9980625
          ],
          [
            78.9197698,
            30.9984085
          ],
          [
            78.9194528,
            30.9985783
          ],
          [
            78.9191381,
            30.9987469
          ],
          [
            78.9180501,
            30.9986416
          ],
          [
            78.915953,
            30.9991907
          ],
          [
            78.9141104,
            30.9998074
          ],
          [
            78.9122591,
            30.9992959
          ],
          [
            78.9103814,
            30.999484
          ],
          [
            78.9080991,
            31.0002561
          ],
          [
            78.9068111,
            31.0003714
          ],
          [
            78.9060366,
            31.0004408
          ],
          [
            78.9042447,
            31.0008214
          ],
          [
            78.9033093,
            31.0006648
          ],
          [
            78.9016861,
            31.0008302
          ],
          [
            78.9011421,
            31.0005444
          ],
          [
            78.9004752,
            31.0006046
          ],
          [
            78.8988871,
            31.0008829
          ],
          [
            78.8965356,
            31.0014695
          ],
          [
            78.8957722,
            31.0015222
          ],
          [
            78.8944912,
            31.0017854
          ],
          [
            78.8938331,
            31.0024096
          ],
          [
            78.8934709,
            31.0029838
          ],
          [
            78.8931926,
            31.0034249
          ],
          [
            78.8924907,
            31.0038987
          ],
          [
            78.8911833,
            31.0044778
          ],
          [
            78.8897268,
            31.0050795
          ],
          [
            78.8884808,
            31.0055232
          ],
          [
            78.887191,
            31.005997
          ],
          [
            78.8865856,
            31.0065009
          ],
          [
            78.8861469,
            31.0064783
          ],
          [
            78.8854343,
            31.0067403
          ],
          [
            78.8844484,
            31.0077614
          ],
          [
            78.8833798,
            31.0090843
          ],
          [
            78.8823476,
            31.0099452
          ],
          [
            78.8811912,
            31.0107484
          ],
          [
            78.8808025,
            31.0113345
          ],
          [
            78.8805052,
            31.011831
          ],
          [
            78.8792518,
            31.0127153
          ],
          [
            78.8760034,
            31.0143196
          ],
          [
            78.8748948,
            31.0158477
          ],
          [
            78.8744534,
            31.0164404
          ],
          [
            78.873547,
            31.0172094
          ],
          [
            78.8726608,
            31.0178862
          ],
          [
            78.8718414,
            31.0189285
          ],
          [
            78.8704829,
            31.0199021
          ],
          [
            78.8685018,
            31.0226911
          ],
          [
            78.8666139,
            31.0249316
          ],
          [
            78.8659477,
            31.0271252
          ],
          [
            78.8651925,
            31.0289036
          ]
        ]
      }
    },
    {
      "type": "Feature",
      "id": 27282683,
      "properties": {},
      "geometry": {
        "type": "LineString",
        "coordinates": [
          [
            79.0818205,
            30.9257397
          ],
          [
            79.0818728,
            30.9262298
          ],
          [
            79.081698,
            30.926371
          ],
          [
            79.0814469,
            30.9264635
          ],
          [
            79.0807265,
            30.926412
          ],
          [
            79.0802726,
            30.9265093
          ],
          [
            79.0797201,
            30.9271862
          ],
          [
            79.0785861,
            30.9280295
          ],
          [
            79.0780295,
            30.9284098
          ],
          [
            79.0763192,
            30.9295596
          ],
          [
            79.074933,
            30.930521
          ]
        ]
      }
    }
  ]
}