{
  "type": "FeatureCollection",
  "name": "mettur_flood_inundation_extent",
  "crs": {
    "type": "name",
    "properties": {
      "name": "urn:ogc:def:crs:OGC:1.3:CRS84"
    }
  },
  "features": [
    {
      "type": "Feature",
      "properties": {
        "dam_id": "mettur",
        "scenario_id": "mettur_baseline_breach",
        "solver": "2D Manning kinematic/diffusion-wave approximation",
        "sph_status": "NOT YET COUPLED",
        "delft3d_status": "EXPORTER ONLY",
        "inundated_area_sqkm": 101.93,
        "peak_depth_m": 66.34,
        "peak_velocity_ms": 71.01,
        "inundation_threshold_m": 0.15
      },
      "geometry": {
        "type": "MultiPolygon",
        "coordinates": [
          [
            [
              [
                77.76958333333334,
                11.651805555555557
              ],
              [
                77.76986111111113,
                11.651527777777778
              ],
              [
                77.76958333333334,
                11.651527777777778
              ],
              [
                77.76958333333334,
                11.651805555555557
              ]
            ]
          ],
          [
            [
              [
                77.75819444444446,
                11.65263888888889
              ],
              [
                77.75791666666667,
                11.652361111111112
              ],
              [
                77.75791666666667,
                11.65263888888889
              ],
              [
                77.75819444444446,
                11.65263888888889
              ]
            ]
          ],
          [
            [
              [
                77.76819444444446,
                11.653194444444445
              ],
              [
                77.76791666666668,
                11.652916666666668
              ],
              [
                77.76791666666668,
                11.653194444444445
              ],
              [
                77.76819444444446,
                11.653194444444445
              ]
            ]
          ],
          [
            [
              [
                77.75597222222223,
                11.655416666666667
              ],
              [
                77.75625000000001,
                11.655138888888889
              ],
              [
                77.75597222222223,
                11.655138888888889
              ],
              [
                77.75597222222223,
                11.655416666666667
              ]
            ]
          ],
          [
            [
              [
                77.7690277777778,
                11.659583333333334
              ],
              [
                77.76819444444446,
                11.659583333333334
              ],
              [
                77.76819444444446,
                11.66013888888889
              ],
              [
                77.7690277777778,
                11.66013888888889
              ],
              [
                77.7690277777778,
                11.659583333333334
              ]
            ]
          ],
          [
            [
              [
                77.80486111111112,
                11.661805555555556
              ],
              [
                77.80458333333334,
                11.661527777777778
              ],
              [
                77.80458333333334,
                11.661805555555556
              ],
              [
                77.80486111111112,
                11.661805555555556
              ]
            ]
          ],
          [
            [
              [
                77.75847222222224,
                11.662361111111112
              ],
              [
                77.75847222222224,
                11.661805555555556
              ],
              [
                77.75819444444446,
                11.661805555555556
              ],
              [
                77.75819444444446,
                11.662361111111112
              ],
              [
                77.75847222222224,
                11.662361111111112
              ]
            ]
          ],
          [
            [
              [
                77.76208333333335,
                11.66763888888889
              ],
              [
                77.76180555555557,
                11.667361111111111
              ],
              [
                77.76180555555557,
                11.66763888888889
              ],
              [
                77.76208333333335,
                11.66763888888889
              ]
            ]
          ],
          [
            [
              [
                77.77208333333334,
                11.669861111111112
              ],
              [
                77.77180555555556,
                11.669583333333334
              ],
              [
                77.77180555555556,
                11.669861111111112
              ],
              [
                77.77208333333334,
                11.669861111111112
              ]
            ]
          ],
          [
            [
              [
                77.7626388888889,
                11.671527777777778
              ],
              [
                77.76291666666668,
                11.67125
              ],
              [
                77.7626388888889,
                11.67125
              ],
              [
                77.7626388888889,
                11.671527777777778
              ]
            ]
          ],
          [
            [
              [
                77.76430555555557,
                11.677916666666667
              ],
              [
                77.76402777777778,
                11.67763888888889
              ],
              [
                77.76402777777778,
                11.677916666666667
              ],
              [
                77.76430555555557,
                11.677916666666667
              ]
            ]
          ],
          [
            [
              [
                77.77458333333334,
                11.683194444444444
              ],
              [
                77.77430555555557,
                11.682916666666667
              ],
              [
                77.77430555555557,
                11.683194444444444
              ],
              [
                77.77458333333334,
                11.683194444444444
              ]
            ]
          ],
          [
            [
              [
                77.80569444444446,
                11.688472222222222
              ],
              [
                77.80569444444446,
                11.688194444444445
              ],
              [
                77.8051388888889,
                11.688194444444445
              ],
              [
                77.8051388888889,
                11.688472222222222
              ],
              [
                77.80569444444446,
                11.688472222222222
              ]
            ]
          ],
          [
            [
              [
                77.77430555555557,
                11.694583333333334
              ],
              [
                77.77402777777779,
                11.694305555555555
              ],
              [
                77.77402777777779,
                11.694583333333334
              ],
              [
                77.77430555555557,
                11.694583333333334
              ]
            ]
          ],
          [
            [
              [
                77.79236111111112,
                11.695416666666667
              ],
              [
                77.79208333333334,
                11.69513888888889
              ],
              [
                77.79208333333334,
                11.695416666666667
              ],
              [
                77.79236111111112,
                11.695416666666667
              ]
            ]
          ],
          [
            [
              [
                77.77597222222224,
                11.70125
              ],
              [
                77.77625,
                11.700972222222223
              ],
              [
                77.77597222222224,
                11.700972222222223
              ],
              [
                77.77597222222224,
                11.70125
              ]
            ]
          ],
          [
            [
              [
                77.78819444444446,
                11.791805555555555
              ],
              [
                77.78791666666667,
                11.791527777777778
              ],
              [
                77.78791666666667,
                11.791805555555555
              ],
              [
                77.78819444444446,
                11.791805555555555
              ]
            ]
          ],
          [
            [
              [
                77.8126388888889,
                11.655972222222223
              ],
              [
                77.81236111111112,
                11.655694444444444
              ],
              [
                77.81236111111112,
                11.655972222222223
              ],
              [
                77.8126388888889,
                11.655972222222223
              ]
            ]
          ],
          [
            [
              [
                77.82902777777778,
                11.659305555555555
              ],
              [
                77.82930555555556,
                11.659027777777778
              ],
              [
                77.82902777777778,
                11.659027777777778
              ],
              [
                77.82902777777778,
                11.659305555555555
              ]
            ]
          ],
          [
            [
              [
                77.8276388888889,
                11.65986111111111
              ],
              [
                77.82736111111112,
                11.659583333333334
              ],
              [
                77.82736111111112,
                11.65986111111111
              ],
              [
                77.8276388888889,
                11.65986111111111
              ]
            ]
          ],
          [
            [
              [
                77.82541666666668,
                11.659305555555555
              ],
              [
                77.82486111111112,
                11.659583333333334
              ],
              [
                77.82430555555557,
                11.660416666666666
              ],
              [
                77.8251388888889,
                11.660416666666666
              ],
              [
                77.82541666666668,
                11.66013888888889
              ],
              [
                77.82541666666668,
                11.659305555555555
              ]
            ]
          ],
          [
            [
              [
                77.84597222222223,
                11.668750000000001
              ],
              [
                77.84569444444446,
                11.668472222222222
              ],
              [
                77.84569444444446,
                11.668750000000001
              ],
              [
                77.84597222222223,
                11.668750000000001
              ]
            ]
          ],
          [
            [
              [
                77.84541666666668,
                11.669305555555557
              ],
              [
                77.84569444444446,
                11.669305555555557
              ],
              [
                77.84569444444446,
                11.668750000000001
              ],
              [
                77.84541666666668,
                11.668750000000001
              ],
              [
                77.84541666666668,
                11.669305555555557
              ]
            ]
          ],
          [
            [
              [
                77.85125000000001,
                11.67013888888889
              ],
              [
                77.85097222222224,
                11.669861111111112
              ],
              [
                77.85097222222224,
                11.67013888888889
              ],
              [
                77.85125000000001,
                11.67013888888889
              ]
            ]
          ],
          [
            [
              [
                77.81930555555557,
                11.772638888888888
              ],
              [
                77.81902777777779,
                11.772361111111111
              ],
              [
                77.81902777777779,
                11.772638888888888
              ],
              [
                77.81930555555557,
                11.772638888888888
              ]
            ]
          ],
          [
            [
              [
                77.81875000000001,
                11.772916666666667
              ],
              [
                77.81902777777779,
                11.772638888888888
              ],
              [
                77.81875000000001,
                11.772638888888888
              ],
              [
                77.81875000000001,
                11.772916666666667
              ]
            ]
          ],
          [
            [
              [
                77.81875000000001,
                11.773194444444444
              ],
              [
                77.81847222222223,
                11.772916666666667
              ],
              [
                77.81847222222223,
                11.773194444444444
              ],
              [
                77.81875000000001,
                11.773194444444444
              ]
            ]
          ],
          [
            [
              [
                77.82125,
                11.77513888888889
              ],
              [
                77.82097222222224,
                11.774861111111111
              ],
              [
                77.82097222222224,
                11.77513888888889
              ],
              [
                77.82125,
                11.77513888888889
              ]
            ]
          ],
          [
            [
              [
                77.79180555555557,
                11.794305555555557
              ],
              [
                77.79291666666667,
                11.794027777777778
              ],
              [
                77.79291666666667,
                11.79513888888889
              ],
              [
                77.79347222222223,
                11.795416666666666
              ],
              [
                77.79347222222223,
                11.79625
              ],
              [
                77.79402777777779,
                11.796805555555556
              ],
              [
                77.79402777777779,
                11.797083333333333
              ],
              [
                77.79319444444445,
                11.797083333333333
              ],
              [
                77.79319444444445,
                11.797638888888889
              ],
              [
                77.79236111111112,
                11.797361111111112
              ],
              [
                77.7926388888889,
                11.797638888888889
              ],
              [
                77.7926388888889,
                11.799305555555556
              ],
              [
                77.79291666666667,
                11.799305555555556
              ],
              [
                77.79291666666667,
                11.800416666666667
              ],
              [
                77.7926388888889,
                11.800694444444446
              ],
              [
                77.79319444444445,
                11.800972222222223
              ],
              [
                77.79347222222223,
                11.801805555555555
              ],
              [
                77.79402777777779,
                11.801805555555555
              ],
              [
                77.79402777777779,
                11.803194444444445
              ],
              [
                77.79486111111112,
                11.803194444444445
              ],
              [
                77.79486111111112,
                11.802916666666667
              ],
              [
                77.79541666666668,
                11.803194444444445
              ],
              [
                77.79541666666668,
                11.805138888888889
              ],
              [
                77.79569444444445,
                11.805416666666668
              ],
              [
                77.79625000000001,
                11.804861111111112
              ],
              [
                77.79708333333335,
                11.805138888888889
              ],
              [
                77.79680555555557,
                11.804027777777778
              ],
              [
                77.79736111111112,
                11.804027777777778
              ],
              [
                77.7976388888889,
                11.803194444444445
              ],
              [
                77.79958333333335,
                11.802916666666667
              ],
              [
                77.79930555555556,
                11.80375
              ],
              [
                77.79875000000001,
                11.80375
              ],
              [
                77.79847222222223,
                11.804861111111112
              ],
              [
                77.80097222222223,
                11.807361111111112
              ],
              [
                77.80097222222223,
                11.806805555555556
              ],
              [
                77.80152777777779,
                11.806805555555556
              ],
              [
                77.80236111111113,
                11.805694444444445
              ],
              [
                77.80291666666668,
                11.805694444444445
              ],
              [
                77.80319444444446,
                11.805138888888889
              ],
              [
                77.80375000000001,
                11.805138888888889
              ],
              [
                77.80402777777779,
                11.804583333333333
              ],
              [
                77.80486111111112,
                11.804305555555556
              ],
              [
                77.81486111111113,
                11.814583333333333
              ],
              [
                77.81486111111113,
                11.815416666666668
              ],
              [
                77.81541666666668,
                11.815972222222223
              ],
              [
                77.81569444444446,
                11.81763888888889
              ],
              [
                77.81625000000001,
                11.818194444444444
              ],
              [
                77.8165277777778,
                11.819861111111111
              ],
              [
                77.81708333333334,
                11.820416666666667
              ],
              [
                77.81708333333334,
                11.821250000000001
              ],
              [
                77.81736111111113,
                11.821250000000001
              ],
              [
                77.81791666666668,
                11.82375
              ],
              [
                77.81847222222223,
                11.824305555555556
              ],
              [
                77.81902777777779,
                11.826805555555556
              ],
              [
                77.81958333333334,
                11.827361111111111
              ],
              [
                77.8201388888889,
                11.82986111111111
              ],
              [
                77.82069444444446,
                11.830416666666666
              ],
              [
                77.82125,
                11.832916666666668
              ],
              [
                77.82180555555557,
                11.833472222222223
              ],
              [
                77.82180555555557,
                11.834305555555556
              ],
              [
                77.82208333333334,
                11.834305555555556
              ],
              [
                77.82208333333334,
                11.835138888888888
              ],
              [
                77.82236111111112,
                11.835138888888888
              ],
              [
                77.82236111111112,
                11.835972222222223
              ],
              [
                77.8226388888889,
                11.835972222222223
              ],
              [
                77.8226388888889,
                11.836805555555555
              ],
              [
                77.82319444444445,
                11.837361111111111
              ],
              [
                77.82375,
                11.839861111111112
              ],
              [
                77.82430555555557,
                11.840416666666668
              ],
              [
                77.82486111111112,
                11.842916666666667
              ],
              [
                77.82541666666668,
                11.843472222222223
              ],
              [
                77.82597222222223,
                11.845972222222223
              ],
              [
                77.82652777777778,
                11.846527777777778
              ],
              [
                77.82652777777778,
                11.84736111111111
              ],
              [
                77.82680555555557,
                11.84736111111111
              ],
              [
                77.82680555555557,
                11.848194444444445
              ],
              [
                77.82708333333335,
                11.848194444444445
              ],
              [
                77.82708333333335,
                11.849027777777778
              ],
              [
                77.82736111111112,
                11.849027777777778
              ],
              [
                77.82736111111112,
                11.849861111111112
              ],
              [
                77.82791666666668,
                11.850416666666668
              ],
              [
                77.82847222222223,
                11.852916666666667
              ],
              [
                77.82902777777778,
                11.853472222222223
              ],
              [
                77.82958333333335,
                11.855972222222222
              ],
              [
                77.8301388888889,
                11.856527777777778
              ],
              [
                77.83069444444446,
                11.859027777777778
              ],
              [
                77.83125000000001,
                11.859583333333333
              ],
              [
                77.83180555555556,
                11.862083333333334
              ],
              [
                77.83236111111113,
                11.86263888888889
              ],
              [
                77.8326388888889,
                11.864305555555555
              ],
              [
                77.83319444444446,
                11.86486111111111
              ],
              [
                77.83375000000001,
                11.867361111111112
              ],
              [
                77.83430555555556,
                11.867916666666668
              ],
              [
                77.83458333333334,
                11.869583333333333
              ],
              [
                77.8351388888889,
                11.870138888888889
              ],
              [
                77.83541666666667,
                11.871805555555556
              ],
              [
                77.83597222222224,
                11.872361111111111
              ],
              [
                77.83625,
                11.874027777777778
              ],
              [
                77.83680555555557,
                11.874583333333334
              ],
              [
                77.83708333333334,
                11.87625
              ],
              [
                77.8376388888889,
                11.876805555555556
              ],
              [
                77.83791666666667,
                11.878472222222223
              ],
              [
                77.83847222222224,
                11.879027777777779
              ],
              [
                77.83902777777779,
                11.881527777777778
              ],
              [
                77.83958333333334,
                11.882083333333334
              ],
              [
                77.83986111111112,
                11.883750000000001
              ],
              [
                77.84041666666668,
                11.884305555555557
              ],
              [
                77.84069444444445,
                11.885972222222223
              ],
              [
                77.84125000000002,
                11.886527777777777
              ],
              [
                77.84152777777778,
                11.888194444444444
              ],
              [
                77.84208333333335,
                11.88875
              ],
              [
                77.84236111111112,
                11.890416666666667
              ],
              [
                77.8426388888889,
                11.890416666666667
              ],
              [
                77.84291666666668,
                11.891805555555555
              ],
              [
                77.84319444444445,
                11.891805555555555
              ],
              [
                77.84319444444445,
                11.89263888888889
              ],
              [
                77.84375000000001,
                11.893194444444445
              ],
              [
                77.84430555555556,
                11.895694444444445
              ],
              [
                77.84486111111111,
                11.89625
              ],
              [
                77.8451388888889,
                11.897916666666667
              ],
              [
                77.84569444444446,
                11.898472222222223
              ],
              [
                77.84597222222223,
                11.90013888888889
              ],
              [
                77.8465277777778,
                11.900694444444445
              ],
              [
                77.84680555555556,
                11.902361111111112
              ],
              [
                77.84736111111113,
                11.902916666666668
              ],
              [
                77.8476388888889,
                11.904583333333333
              ],
              [
                77.84819444444446,
                11.905138888888889
              ],
              [
                77.84847222222223,
                11.906805555555556
              ],
              [
                77.84902777777779,
                11.907361111111111
              ],
              [
                77.84958333333334,
                11.90986111111111
              ],
              [
                77.85013888888889,
                11.910416666666666
              ],
              [
                77.85041666666667,
                11.912083333333333
              ],
              [
                77.85097222222224,
                11.912638888888889
              ],
              [
                77.85125000000001,
                11.914305555555556
              ],
              [
                77.85180555555557,
                11.914861111111112
              ],
              [
                77.85208333333334,
                11.916527777777778
              ],
              [
                77.8526388888889,
                11.917083333333334
              ],
              [
                77.85291666666667,
                11.918750000000001
              ],
              [
                77.85347222222224,
                11.919305555555557
              ],
              [
                77.85347222222224,
                11.92013888888889
              ],
              [
                77.88347222222224,
                11.92013888888889
              ],
              [
                77.88402777777779,
                11.919583333333334
              ],
              [
                77.88430555555557,
                11.919861111111112
              ],
              [
                77.88541666666667,
                11.919861111111112
              ],
              [
                77.88541666666667,
                11.92013888888889
              ],
              [
                77.88791666666668,
                11.92013888888889
              ],
              [
                77.88819444444445,
                11.919583333333334
              ],
              [
                77.88847222222223,
                11.919861111111112
              ],
              [
                77.88930555555557,
                11.919861111111112
              ],
              [
                77.88930555555557,
                11.919305555555557
              ],
              [
                77.88819444444445,
                11.919027777777778
              ],
              [
                77.88819444444445,
                11.918750000000001
              ],
              [
                77.8876388888889,
                11.918750000000001
              ],
              [
                77.8876388888889,
                11.919305555555557
              ],
              [
                77.88625,
                11.919305555555557
              ],
              [
                77.88597222222224,
                11.918750000000001
              ],
              [
                77.88541666666667,
                11.918750000000001
              ],
              [
                77.8851388888889,
                11.917916666666667
              ],
              [
                77.88458333333334,
                11.917916666666667
              ],
              [
                77.88430555555557,
                11.918472222222222
              ],
              [
                77.88347222222224,
                11.918472222222222
              ],
              [
                77.88291666666667,
                11.919027777777778
              ],
              [
                77.88208333333334,
                11.919027777777778
              ],
              [
                77.88208333333334,
                11.918750000000001
              ],
              [
                77.88152777777779,
                11.919027777777778
              ],
              [
                77.88125000000001,
                11.918194444444445
              ],
              [
                77.88041666666668,
                11.917916666666667
              ],
              [
                77.88041666666668,
                11.917361111111111
              ],
              [
                77.88069444444446,
                11.917083333333334
              ],
              [
                77.88152777777779,
                11.917083333333334
              ],
              [
                77.88152777777779,
                11.916527777777778
              ],
              [
                77.87986111111113,
                11.915972222222223
              ],
              [
                77.8801388888889,
                11.915138888888889
              ],
              [
                77.88180555555557,
                11.914861111111112
              ],
              [
                77.88180555555557,
                11.913472222222223
              ],
              [
                77.88208333333334,
                11.913194444444445
              ],
              [
                77.8826388888889,
                11.913194444444445
              ],
              [
                77.88291666666667,
                11.91375
              ],
              [
                77.88347222222224,
                11.91375
              ],
              [
                77.88430555555557,
                11.912916666666668
              ],
              [
                77.88458333333334,
                11.912916666666668
              ],
              [
                77.88486111111112,
                11.91375
              ],
              [
                77.88541666666667,
                11.913194444444445
              ],
              [
                77.88625,
                11.913194444444445
              ],
              [
                77.88625,
                11.91375
              ],
              [
                77.88680555555557,
                11.914027777777779
              ],
              [
                77.88652777777779,
                11.915416666666667
              ],
              [
                77.88708333333335,
                11.915416666666667
              ],
              [
                77.88708333333335,
                11.914861111111112
              ],
              [
                77.8876388888889,
                11.914583333333333
              ],
              [
                77.88819444444445,
                11.915138888888889
              ],
              [
                77.88791666666668,
                11.917083333333334
              ],
              [
                77.88875000000002,
                11.916805555555555
              ],
              [
                77.88930555555557,
                11.91763888888889
              ],
              [
                77.88986111111112,
                11.91763888888889
              ],
              [
                77.88986111111112,
                11.916805555555555
              ],
              [
                77.88958333333335,
                11.916805555555555
              ],
              [
                77.88986111111112,
                11.915416666666667
              ],
              [
                77.89041666666668,
                11.915416666666667
              ],
              [
                77.89041666666668,
                11.91625
              ],
              [
                77.89069444444445,
                11.916527777777778
              ],
              [
                77.89180555555556,
                11.916527777777778
              ],
              [
                77.89180555555556,
                11.917083333333334
              ],
              [
                77.89236111111113,
                11.91763888888889
              ],
              [
                77.89291666666668,
                11.91763888888889
              ],
              [
                77.89291666666668,
                11.918194444444445
              ],
              [
                77.89347222222223,
                11.918194444444445
              ],
              [
                77.89347222222223,
                11.915972222222223
              ],
              [
                77.89430555555556,
                11.915972222222223
              ],
              [
                77.89541666666668,
                11.917361111111111
              ],
              [
                77.89597222222223,
                11.917361111111111
              ],
              [
                77.89597222222223,
                11.917916666666667
              ],
              [
                77.89652777777779,
                11.918472222222222
              ],
              [
                77.89625000000001,
                11.92013888888889
              ],
              [
                77.9026388888889,
                11.92013888888889
              ],
              [
                77.9026388888889,
                11.919583333333334
              ],
              [
                77.90319444444445,
                11.919583333333334
              ],
              [
                77.90319444444445,
                11.92013888888889
              ],
              [
                77.90402777777778,
                11.92013888888889
              ],
              [
                77.90402777777778,
                11.919305555555557
              ],
              [
                77.90458333333335,
                11.919583333333334
              ],
              [
                77.90458333333335,
                11.92013888888889
              ],
              [
                77.90569444444445,
                11.92013888888889
              ],
              [
                77.9051388888889,
                11.919027777777778
              ],
              [
                77.90625000000001,
                11.919027777777778
              ],
              [
                77.90625000000001,
                11.918750000000001
              ],
              [
                77.90791666666668,
                11.919027777777778
              ],
              [
                77.90791666666668,
                11.919305555555557
              ],
              [
                77.90958333333334,
                11.919027777777778
              ],
              [
                77.90986111111113,
                11.92013888888889
              ],
              [
                77.91069444444446,
                11.92013888888889
              ],
              [
                77.91125000000001,
                11.919583333333334
              ],
              [
                77.91125000000001,
                11.918750000000001
              ],
              [
                77.90958333333334,
                11.918194444444445
              ],
              [
                77.90930555555556,
                11.91763888888889
              ],
              [
                77.90791666666668,
                11.917916666666667
              ],
              [
                77.90791666666668,
                11.918194444444445
              ],
              [
                77.90736111111111,
                11.918194444444445
              ],
              [
                77.90736111111111,
                11.917916666666667
              ],
              [
                77.90597222222223,
                11.918194444444445
              ],
              [
                77.90597222222223,
                11.917916666666667
              ],
              [
                77.9051388888889,
                11.917916666666667
              ],
              [
                77.9051388888889,
                11.91763888888889
              ],
              [
                77.90430555555557,
                11.917916666666667
              ],
              [
                77.90402777777778,
                11.917361111111111
              ],
              [
                77.90347222222223,
                11.917361111111111
              ],
              [
                77.90347222222223,
                11.918194444444445
              ],
              [
                77.90208333333334,
                11.918472222222222
              ],
              [
                77.90180555555557,
                11.919027777777778
              ],
              [
                77.89930555555557,
                11.918750000000001
              ],
              [
                77.89902777777779,
                11.918472222222222
              ],
              [
                77.89902777777779,
                11.917916666666667
              ],
              [
                77.89930555555557,
                11.917916666666667
              ],
              [
                77.89930555555557,
                11.914583333333333
              ],
              [
                77.90041666666667,
                11.915694444444444
              ],
              [
                77.90097222222224,
                11.915694444444444
              ],
              [
                77.90041666666667,
                11.914861111111112
              ],
              [
                77.90069444444445,
                11.914583333333333
              ],
              [
                77.90152777777779,
                11.914583333333333
              ],
              [
                77.90180555555557,
                11.914861111111112
              ],
              [
                77.90180555555557,
                11.914305555555556
              ],
              [
                77.90125,
                11.914027777777779
              ],
              [
                77.90152777777779,
                11.912638888888889
              ],
              [
                77.90097222222224,
                11.912638888888889
              ],
              [
                77.90097222222224,
                11.912916666666668
              ],
              [
                77.90041666666667,
                11.912638888888889
              ],
              [
                77.90041666666667,
                11.913194444444445
              ],
              [
                77.9001388888889,
                11.913194444444445
              ],
              [
                77.9001388888889,
                11.912916666666668
              ],
              [
                77.89930555555557,
                11.912916666666668
              ],
              [
                77.89902777777779,
                11.912638888888889
              ],
              [
                77.89902777777779,
                11.912083333333333
              ],
              [
                77.89847222222224,
                11.912083333333333
              ],
              [
                77.89847222222224,
                11.912638888888889
              ],
              [
                77.89708333333334,
                11.912361111111112
              ],
              [
                77.89708333333334,
                11.912916666666668
              ],
              [
                77.89652777777779,
                11.913472222222223
              ],
              [
                77.89569444444446,
                11.913472222222223
              ],
              [
                77.89541666666668,
                11.91375
              ],
              [
                77.89458333333334,
                11.912361111111112
              ],
              [
                77.89486111111113,
                11.912361111111112
              ],
              [
                77.89486111111113,
                11.911527777777778
              ],
              [
                77.89597222222223,
                11.911805555555556
              ],
              [
                77.89597222222223,
                11.90986111111111
              ],
              [
                77.89708333333334,
                11.909583333333334
              ],
              [
                77.89652777777779,
                11.908750000000001
              ],
              [
                77.89791666666667,
                11.909027777777778
              ],
              [
                77.89847222222224,
                11.909583333333334
              ],
              [
                77.89847222222224,
                11.91013888888889
              ],
              [
                77.89958333333334,
                11.91125
              ],
              [
                77.90069444444445,
                11.91125
              ],
              [
                77.90041666666667,
                11.909027777777778
              ],
              [
                77.90208333333334,
                11.909027777777778
              ],
              [
                77.90180555555557,
                11.907916666666667
              ],
              [
                77.90152777777779,
                11.907916666666667
              ],
              [
                77.90152777777779,
                11.907083333333334
              ],
              [
                77.90347222222223,
                11.906527777777779
              ],
              [
                77.90347222222223,
                11.907083333333334
              ],
              [
                77.90402777777778,
                11.90763888888889
              ],
              [
                77.90402777777778,
                11.908472222222223
              ],
              [
                77.90430555555557,
                11.908194444444446
              ],
              [
                77.9051388888889,
                11.908472222222223
              ],
              [
                77.9051388888889,
                11.909305555555555
              ],
              [
                77.90486111111112,
                11.909583333333334
              ],
              [
                77.90541666666668,
                11.90986111111111
              ],
              [
                77.90541666666668,
                11.910694444444445
              ],
              [
                77.90597222222223,
                11.910694444444445
              ],
              [
                77.90597222222223,
                11.91125
              ],
              [
                77.90652777777778,
                11.911527777777778
              ],
              [
                77.90625000000001,
                11.910694444444445
              ],
              [
                77.90652777777778,
                11.910694444444445
              ],
              [
                77.90680555555556,
                11.909305555555555
              ],
              [
                77.90652777777778,
                11.909305555555555
              ],
              [
                77.90652777777778,
                11.908750000000001
              ],
              [
                77.90597222222223,
                11.908194444444446
              ],
              [
                77.90625000000001,
                11.907916666666667
              ],
              [
                77.90680555555556,
                11.908194444444446
              ],
              [
                77.90708333333335,
                11.90763888888889
              ],
              [
                77.9076388888889,
                11.90763888888889
              ],
              [
                77.9076388888889,
                11.907916666666667
              ],
              [
                77.90847222222223,
                11.907916666666667
              ],
              [
                77.90847222222223,
                11.90763888888889
              ],
              [
                77.90958333333334,
                11.907916666666667
              ],
              [
                77.90958333333334,
                11.907083333333334
              ],
              [
                77.9090277777778,
                11.906805555555556
              ],
              [
                77.9090277777778,
                11.905972222222223
              ],
              [
                77.90875000000001,
                11.905694444444444
              ],
              [
                77.91097222222223,
                11.90625
              ],
              [
                77.91097222222223,
                11.905694444444444
              ],
              [
                77.91180555555556,
                11.904861111111112
              ],
              [
                77.91263888888889,
                11.904861111111112
              ],
              [
                77.91291666666667,
                11.905138888888889
              ],
              [
                77.91291666666667,
                11.906527777777779
              ],
              [
                77.91319444444446,
                11.90625
              ],
              [
                77.91430555555557,
                11.90625
              ],
              [
                77.91430555555557,
                11.906527777777779
              ],
              [
                77.91486111111112,
                11.906527777777779
              ],
              [
                77.91486111111112,
                11.90625
              ],
              [
                77.91541666666667,
                11.90625
              ],
              [
                77.91541666666667,
                11.906527777777779
              ],
              [
                77.91680555555557,
                11.90625
              ],
              [
                77.91680555555557,
                11.906527777777779
              ],
              [
                77.91791666666667,
                11.906527777777779
              ],
              [
                77.91847222222223,
                11.907083333333334
              ],
              [
                77.91847222222223,
                11.908194444444446
              ],
              [
                77.91875000000002,
                11.908194444444446
              ],
              [
                77.91847222222223,
                11.908472222222223
              ],
              [
                77.91847222222223,
                11.909305555555555
              ],
              [
                77.91736111111112,
                11.909583333333334
              ],
              [
                77.91736111111112,
                11.91013888888889
              ],
              [
                77.91819444444445,
                11.910694444444445
              ],
              [
                77.91791666666667,
                11.911527777777778
              ],
              [
                77.91847222222223,
                11.91125
              ],
              [
                77.91819444444445,
                11.90986111111111
              ],
              [
                77.91875000000002,
                11.910416666666666
              ],
              [
                77.91930555555557,
                11.910416666666666
              ],
              [
                77.91930555555557,
                11.90986111111111
              ],
              [
                77.92097222222223,
                11.91013888888889
              ],
              [
                77.92097222222223,
                11.910694444444445
              ],
              [
                77.92152777777778,
                11.91125
              ],
              [
                77.92208333333335,
                11.91125
              ],
              [
                77.92208333333335,
                11.910694444444445
              ],
              [
                77.92152777777778,
                11.910694444444445
              ],
              [
                77.92152777777778,
                11.91013888888889
              ],
              [
                77.92097222222223,
                11.909583333333334
              ],
              [
                77.9201388888889,
                11.909583333333334
              ],
              [
                77.9201388888889,
                11.909027777777778
              ],
              [
                77.91930555555557,
                11.909027777777778
              ],
              [
                77.91902777777779,
                11.906527777777779
              ],
              [
                77.91958333333335,
                11.906527777777779
              ],
              [
                77.91958333333335,
                11.905972222222223
              ],
              [
                77.92069444444445,
                11.905972222222223
              ],
              [
                77.92097222222223,
                11.906527777777779
              ],
              [
                77.92152777777778,
                11.906527777777779
              ],
              [
                77.92152777777778,
                11.905972222222223
              ],
              [
                77.92236111111112,
                11.905694444444444
              ],
              [
                77.9226388888889,
                11.906805555555556
              ],
              [
                77.92347222222223,
                11.907083333333334
              ],
              [
                77.92319444444445,
                11.906527777777779
              ],
              [
                77.92375000000001,
                11.906527777777779
              ],
              [
                77.92375000000001,
                11.905972222222223
              ],
              [
                77.92458333333335,
                11.905694444444444
              ],
              [
                77.92597222222223,
                11.907361111111111
              ],
              [
                77.92680555555556,
                11.907361111111111
              ],
              [
                77.92708333333334,
                11.90763888888889
              ],
              [
                77.92708333333334,
                11.906527777777779
              ],
              [
                77.92680555555556,
                11.906527777777779
              ],
              [
                77.92680555555556,
                11.905694444444444
              ],
              [
                77.92708333333334,
                11.905416666666667
              ],
              [
                77.92791666666668,
                11.905138888888889
              ],
              [
                77.92791666666668,
                11.905416666666667
              ],
              [
                77.92875000000001,
                11.905416666666667
              ],
              [
                77.92875000000001,
                11.905694444444444
              ],
              [
                77.92930555555557,
                11.905416666666667
              ],
              [
                77.92958333333334,
                11.905972222222223
              ],
              [
                77.93041666666667,
                11.905694444444444
              ],
              [
                77.93041666666667,
                11.907083333333334
              ],
              [
                77.9301388888889,
                11.907083333333334
              ],
              [
                77.9301388888889,
                11.908472222222223
              ],
              [
                77.92986111111112,
                11.908750000000001
              ],
              [
                77.9301388888889,
                11.909027777777778
              ],
              [
                77.93069444444446,
                11.908750000000001
              ],
              [
                77.93097222222224,
                11.909583333333334
              ],
              [
                77.93125,
                11.909583333333334
              ],
              [
                77.93125,
                11.91013888888889
              ],
              [
                77.93152777777779,
                11.91013888888889
              ],
              [
                77.93152777777779,
                11.909583333333334
              ],
              [
                77.93180555555557,
                11.909583333333334
              ],
              [
                77.93152777777779,
                11.909305555555555
              ],
              [
                77.93152777777779,
                11.907083333333334
              ],
              [
                77.93180555555557,
                11.907083333333334
              ],
              [
                77.93180555555557,
                11.90763888888889
              ],
              [
                77.93291666666667,
                11.907916666666667
              ],
              [
                77.93430555555557,
                11.909305555555555
              ],
              [
                77.93430555555557,
                11.908750000000001
              ],
              [
                77.93375000000002,
                11.908472222222223
              ],
              [
                77.93375000000002,
                11.90763888888889
              ],
              [
                77.93236111111112,
                11.90625
              ],
              [
                77.93347222222224,
                11.905138888888889
              ],
              [
                77.93347222222224,
                11.905416666666667
              ],
              [
                77.9351388888889,
                11.905694444444444
              ],
              [
                77.93625000000002,
                11.907361111111111
              ],
              [
                77.93680555555557,
                11.907361111111111
              ],
              [
                77.93652777777778,
                11.905694444444444
              ],
              [
                77.93847222222223,
                11.905694444444444
              ],
              [
                77.93875000000001,
                11.906527777777779
              ],
              [
                77.9390277777778,
                11.906527777777779
              ],
              [
                77.93930555555556,
                11.905694444444444
              ],
              [
                77.93986111111113,
                11.90625
              ],
              [
                77.94041666666668,
                11.905972222222223
              ],
              [
                77.94069444444446,
                11.906527777777779
              ],
              [
                77.94097222222223,
                11.906527777777779
              ],
              [
                77.94097222222223,
                11.905972222222223
              ],
              [
                77.9415277777778,
                11.905972222222223
              ],
              [
                77.9415277777778,
                11.906527777777779
              ],
              [
                77.94208333333334,
                11.906805555555556
              ],
              [
                77.94208333333334,
                11.907361111111111
              ],
              [
                77.9426388888889,
                11.907916666666667
              ],
              [
                77.9426388888889,
                11.908472222222223
              ],
              [
                77.94347222222223,
                11.909305555555555
              ],
              [
                77.94430555555557,
                11.909305555555555
              ],
              [
                77.94430555555557,
                11.91013888888889
              ],
              [
                77.94458333333334,
                11.91013888888889
              ],
              [
                77.94458333333334,
                11.909305555555555
              ],
              [
                77.9451388888889,
                11.909305555555555
              ],
              [
                77.9451388888889,
                11.909027777777778
              ],
              [
                77.94486111111112,
                11.909027777777778
              ],
              [
                77.94458333333334,
                11.908194444444446
              ],
              [
                77.94375000000001,
                11.908472222222223
              ],
              [
                77.94375000000001,
                11.907916666666667
              ],
              [
                77.94319444444446,
                11.90763888888889
              ],
              [
                77.94319444444446,
                11.907083333333334
              ],
              [
                77.94347222222223,
                11.907083333333334
              ],
              [
                77.94319444444446,
                11.905694444444444
              ],
              [
                77.94402777777779,
                11.905694444444444
              ],
              [
                77.94430555555557,
                11.905138888888889
              ],
              [
                77.94541666666667,
                11.905138888888889
              ],
              [
                77.94541666666667,
                11.905416666666667
              ],
              [
                77.94625,
                11.905416666666667
              ],
              [
                77.94625,
                11.905694444444444
              ],
              [
                77.94819444444445,
                11.905416666666667
              ],
              [
                77.94819444444445,
                11.905972222222223
              ],
              [
                77.94902777777779,
                11.906527777777779
              ],
              [
                77.94902777777779,
                11.905972222222223
              ],
              [
                77.94958333333335,
                11.905416666666667
              ],
              [
                77.95069444444445,
                11.905416666666667
              ],
              [
                77.95125000000002,
                11.904861111111112
              ],
              [
                77.95152777777778,
                11.904027777777777
              ],
              [
                77.95069444444445,
                11.903472222222222
              ],
              [
                77.95069444444445,
                11.904027777777777
              ],
              [
                77.9501388888889,
                11.904305555555556
              ],
              [
                77.94986111111112,
                11.903472222222222
              ],
              [
                77.94875,
                11.903472222222222
              ],
              [
                77.94875,
                11.903194444444445
              ],
              [
                77.9476388888889,
                11.903194444444445
              ],
              [
                77.94680555555557,
                11.904027777777777
              ],
              [
                77.94597222222224,
                11.903194444444445
              ],
              [
                77.94486111111112,
                11.903194444444445
              ],
              [
                77.94569444444446,
                11.902361111111112
              ],
              [
                77.94430555555557,
                11.902361111111112
              ],
              [
                77.94402777777779,
                11.901805555555557
              ],
              [
                77.94319444444446,
                11.902361111111112
              ],
              [
                77.94319444444446,
                11.901805555555557
              ],
              [
                77.9426388888889,
                11.901805555555557
              ],
              [
                77.94236111111113,
                11.900694444444445
              ],
              [
                77.9401388888889,
                11.900416666666667
              ],
              [
                77.9401388888889,
                11.899305555555555
              ],
              [
                77.94041666666668,
                11.899305555555555
              ],
              [
                77.94041666666668,
                11.899861111111111
              ],
              [
                77.94097222222223,
                11.899305555555555
              ],
              [
                77.9415277777778,
                11.899305555555555
              ],
              [
                77.94125000000001,
                11.898472222222223
              ],
              [
                77.94097222222223,
                11.898472222222223
              ],
              [
                77.94125000000001,
                11.897916666666667
              ],
              [
                77.94180555555556,
                11.897916666666667
              ],
              [
                77.94180555555556,
                11.89875
              ],
              [
                77.94236111111113,
                11.89875
              ],
              [
                77.94236111111113,
                11.899305555555555
              ],
              [
                77.94291666666668,
                11.899861111111111
              ],
              [
                77.94375000000001,
                11.899861111111111
              ],
              [
                77.94375000000001,
                11.90013888888889
              ],
              [
                77.94458333333334,
                11.899861111111111
              ],
              [
                77.94458333333334,
                11.899583333333334
              ],
              [
                77.9451388888889,
                11.899861111111111
              ],
              [
                77.9451388888889,
                11.89875
              ],
              [
                77.94625,
                11.897916666666667
              ],
              [
                77.94625,
                11.896527777777779
              ],
              [
                77.94708333333334,
                11.89625
              ],
              [
                77.94708333333334,
                11.895972222222223
              ],
              [
                77.94791666666667,
                11.895972222222223
              ],
              [
                77.94847222222224,
                11.896527777777779
              ],
              [
                77.94847222222224,
                11.898472222222223
              ],
              [
                77.94791666666667,
                11.89875
              ],
              [
                77.94819444444445,
                11.900694444444445
              ],
              [
                77.94930555555557,
                11.900694444444445
              ],
              [
                77.94930555555557,
                11.900416666666667
              ],
              [
                77.9501388888889,
                11.900416666666667
              ],
              [
                77.9501388888889,
                11.90013888888889
              ],
              [
                77.95125000000002,
                11.899861111111111
              ],
              [
                77.95125000000002,
                11.899583333333334
              ],
              [
                77.95236111111112,
                11.899583333333334
              ],
              [
                77.95319444444445,
                11.900416666666667
              ],
              [
                77.95375000000001,
                11.900416666666667
              ],
              [
                77.95402777777778,
                11.900972222222222
              ],
              [
                77.9551388888889,
                11.900972222222222
              ],
              [
                77.9551388888889,
                11.900694444444445
              ],
              [
                77.95458333333335,
                11.900694444444445
              ],
              [
                77.95458333333335,
                11.900416666666667
              ],
              [
                77.95375000000001,
                11.90013888888889
              ],
              [
                77.95375000000001,
                11.899027777777778
              ],
              [
                77.95291666666668,
                11.899027777777778
              ],
              [
                77.95291666666668,
                11.899305555555555
              ],
              [
                77.95069444444445,
                11.899305555555555
              ],
              [
                77.95041666666668,
                11.899861111111111
              ],
              [
                77.94902777777779,
                11.899861111111111
              ],
              [
                77.94875,
                11.899583333333334
              ],
              [
                77.94902777777779,
                11.898194444444444
              ],
              [
                77.94958333333335,
                11.897916666666667
              ],
              [
                77.94958333333335,
                11.89625
              ],
              [
                77.94902777777779,
                11.895972222222223
              ],
              [
                77.94902777777779,
                11.895138888888889
              ],
              [
                77.94875,
                11.895138888888889
              ],
              [
                77.94930555555557,
                11.894583333333333
              ],
              [
                77.94930555555557,
                11.894027777777778
              ],
              [
                77.94902777777779,
                11.894305555555556
              ],
              [
                77.94819444444445,
                11.894027777777778
              ],
              [
                77.9476388888889,
                11.894583333333333
              ],
              [
                77.94541666666667,
                11.894583333333333
              ],
              [
                77.9451388888889,
                11.895416666666668
              ],
              [
                77.94486111111112,
                11.895416666666668
              ],
              [
                77.94486111111112,
                11.895972222222223
              ],
              [
                77.94430555555557,
                11.895972222222223
              ],
              [
                77.94430555555557,
                11.895416666666668
              ],
              [
                77.94458333333334,
                11.895416666666668
              ],
              [
                77.94430555555557,
                11.893472222222222
              ],
              [
                77.94458333333334,
                11.893194444444445
              ],
              [
                77.94541666666667,
                11.893194444444445
              ],
              [
                77.94569444444446,
                11.891527777777778
              ],
              [
                77.94652777777779,
                11.891805555555555
              ],
              [
                77.94625,
                11.890416666666667
              ],
              [
                77.94680555555557,
                11.890416666666667
              ],
              [
                77.94680555555557,
                11.889305555555556
              ],
              [
                77.94736111111112,
                11.889305555555556
              ],
              [
                77.94736111111112,
                11.889027777777779
              ],
              [
                77.94597222222224,
                11.889305555555556
              ],
              [
                77.94541666666667,
                11.889861111111111
              ],
              [
                77.94541666666667,
                11.890694444444446
              ],
              [
                77.9451388888889,
                11.890972222222222
              ],
              [
                77.94347222222223,
                11.89013888888889
              ],
              [
                77.94347222222223,
                11.889305555555556
              ],
              [
                77.94430555555557,
                11.889027777777779
              ],
              [
                77.94402777777779,
                11.887361111111112
              ],
              [
                77.94486111111112,
                11.887361111111112
              ],
              [
                77.94486111111112,
                11.886805555555556
              ],
              [
                77.94430555555557,
                11.886805555555556
              ],
              [
                77.94430555555557,
                11.887083333333333
              ],
              [
                77.94375000000001,
                11.886805555555556
              ],
              [
                77.94347222222223,
                11.887361111111112
              ],
              [
                77.9426388888889,
                11.887361111111112
              ],
              [
                77.94236111111113,
                11.887638888888889
              ],
              [
                77.9415277777778,
                11.886527777777777
              ],
              [
                77.94069444444446,
                11.886527777777777
              ],
              [
                77.94069444444446,
                11.88875
              ],
              [
                77.94097222222223,
                11.88875
              ],
              [
                77.94097222222223,
                11.889583333333334
              ],
              [
                77.9401388888889,
                11.889583333333334
              ],
              [
                77.93986111111113,
                11.889861111111111
              ],
              [
                77.9401388888889,
                11.89013888888889
              ],
              [
                77.93986111111113,
                11.890694444444446
              ],
              [
                77.9401388888889,
                11.890972222222222
              ],
              [
                77.93986111111113,
                11.890972222222222
              ],
              [
                77.93986111111113,
                11.891805555555555
              ],
              [
                77.93958333333335,
                11.891805555555555
              ],
              [
                77.93958333333335,
                11.892916666666666
              ],
              [
                77.9401388888889,
                11.892916666666666
              ],
              [
                77.93986111111113,
                11.893194444444445
              ],
              [
                77.9401388888889,
                11.893472222222222
              ],
              [
                77.9401388888889,
                11.894583333333333
              ],
              [
                77.93986111111113,
                11.894583333333333
              ],
              [
                77.93986111111113,
                11.894027777777778
              ],
              [
                77.9390277777778,
                11.893194444444445
              ],
              [
                77.9376388888889,
                11.892916666666666
              ],
              [
                77.93791666666668,
                11.892083333333334
              ],
              [
                77.9376388888889,
                11.892083333333334
              ],
              [
                77.9376388888889,
                11.891527777777778
              ],
              [
                77.93708333333335,
                11.890972222222222
              ],
              [
                77.93708333333335,
                11.889861111111111
              ],
              [
                77.93652777777778,
                11.889861111111111
              ],
              [
                77.93652777777778,
                11.889305555555556
              ],
              [
                77.93597222222223,
                11.889305555555556
              ],
              [
                77.93597222222223,
                11.888194444444444
              ],
              [
                77.93625000000002,
                11.888194444444444
              ],
              [
                77.93597222222223,
                11.887638888888889
              ],
              [
                77.93652777777778,
                11.887083333333333
              ],
              [
                77.93680555555557,
                11.88513888888889
              ],
              [
                77.93625000000002,
                11.885416666666668
              ],
              [
                77.93625000000002,
                11.886805555555556
              ],
              [
                77.93569444444445,
                11.886805555555556
              ],
              [
                77.9351388888889,
                11.887361111111112
              ],
              [
                77.93430555555557,
                11.887361111111112
              ],
              [
                77.93430555555557,
                11.887916666666667
              ],
              [
                77.93347222222224,
                11.887916666666667
              ],
              [
                77.93347222222224,
                11.889583333333334
              ],
              [
                77.93402777777779,
                11.889861111111111
              ],
              [
                77.93402777777779,
                11.890416666666667
              ],
              [
                77.93375000000002,
                11.890416666666667
              ],
              [
                77.93347222222224,
                11.891250000000001
              ],
              [
                77.9326388888889,
                11.891250000000001
              ],
              [
                77.93236111111112,
                11.891805555555555
              ],
              [
                77.93180555555557,
                11.891805555555555
              ],
              [
                77.93180555555557,
                11.891527777777778
              ],
              [
                77.93152777777779,
                11.891805555555555
              ],
              [
                77.92986111111112,
                11.891527777777778
              ],
              [
                77.92958333333334,
                11.890416666666667
              ],
              [
                77.9301388888889,
                11.89013888888889
              ],
              [
                77.9301388888889,
                11.889583333333334
              ],
              [
                77.92986111111112,
                11.889583333333334
              ],
              [
                77.92958333333334,
                11.88875
              ],
              [
                77.9301388888889,
                11.88875
              ],
              [
                77.93069444444446,
                11.888194444444444
              ],
              [
                77.93069444444446,
                11.887638888888889
              ],
              [
                77.9301388888889,
                11.887638888888889
              ],
              [
                77.92986111111112,
                11.888194444444444
              ],
              [
                77.92930555555557,
                11.887916666666667
              ],
              [
                77.92930555555557,
                11.88875
              ],
              [
                77.92875000000001,
                11.88875
              ],
              [
                77.92875000000001,
                11.889305555555556
              ],
              [
                77.92930555555557,
                11.889583333333334
              ],
              [
                77.92902777777779,
                11.890972222222222
              ],
              [
                77.92819444444446,
                11.890694444444446
              ],
              [
                77.92819444444446,
                11.891250000000001
              ],
              [
                77.92736111111113,
                11.891250000000001
              ],
              [
                77.92736111111113,
                11.891527777777778
              ],
              [
                77.92625000000001,
                11.891250000000001
              ],
              [
                77.92625000000001,
                11.891805555555555
              ],
              [
                77.92708333333334,
                11.89263888888889
              ],
              [
                77.92680555555556,
                11.893194444444445
              ],
              [
                77.9276388888889,
                11.894027777777778
              ],
              [
                77.9276388888889,
                11.894583333333333
              ],
              [
                77.92736111111113,
                11.894583333333333
              ],
              [
                77.9276388888889,
                11.895694444444445
              ],
              [
                77.92736111111113,
                11.895416666666668
              ],
              [
                77.92541666666668,
                11.895694444444445
              ],
              [
                77.92569444444446,
                11.894861111111112
              ],
              [
                77.92486111111113,
                11.894583333333333
              ],
              [
                77.92486111111113,
                11.892916666666666
              ],
              [
                77.92430555555556,
                11.892916666666666
              ],
              [
                77.92430555555556,
                11.89263888888889
              ],
              [
                77.92375000000001,
                11.892916666666666
              ],
              [
                77.92375000000001,
                11.89236111111111
              ],
              [
                77.92291666666668,
                11.89236111111111
              ],
              [
                77.92291666666668,
                11.89263888888889
              ],
              [
                77.92236111111112,
                11.89236111111111
              ],
              [
                77.92291666666668,
                11.891527777777778
              ],
              [
                77.92319444444445,
                11.891805555555555
              ],
              [
                77.9240277777778,
                11.891527777777778
              ],
              [
                77.92430555555556,
                11.890694444444446
              ],
              [
                77.92347222222223,
                11.890694444444446
              ],
              [
                77.92347222222223,
                11.889583333333334
              ],
              [
                77.92375000000001,
                11.889305555555556
              ],
              [
                77.92291666666668,
                11.889305555555556
              ],
              [
                77.92291666666668,
                11.888472222222223
              ],
              [
                77.9226388888889,
                11.888194444444444
              ],
              [
                77.92152777777778,
                11.888194444444444
              ],
              [
                77.92152777777778,
                11.887638888888889
              ],
              [
                77.92208333333335,
                11.887361111111112
              ],
              [
                77.92208333333335,
                11.886805555555556
              ],
              [
                77.92097222222223,
                11.886805555555556
              ],
              [
                77.92041666666668,
                11.887638888888889
              ],
              [
                77.91958333333335,
                11.887638888888889
              ],
              [
                77.91986111111112,
                11.888472222222223
              ],
              [
                77.92097222222223,
                11.889027777777779
              ],
              [
                77.92097222222223,
                11.891527777777778
              ],
              [
                77.92041666666668,
                11.891527777777778
              ],
              [
                77.92041666666668,
                11.891805555555555
              ],
              [
                77.91986111111112,
                11.891805555555555
              ],
              [
                77.91986111111112,
                11.891527777777778
              ],
              [
                77.91958333333335,
                11.891805555555555
              ],
              [
                77.91847222222223,
                11.891805555555555
              ],
              [
                77.91847222222223,
                11.89236111111111
              ],
              [
                77.91875000000002,
                11.89236111111111
              ],
              [
                77.91930555555557,
                11.894027777777778
              ],
              [
                77.9201388888889,
                11.894305555555556
              ],
              [
                77.9201388888889,
                11.894583333333333
              ],
              [
                77.91930555555557,
                11.894583333333333
              ],
              [
                77.91930555555557,
                11.894861111111112
              ],
              [
                77.9201388888889,
                11.895416666666668
              ],
              [
                77.92041666666668,
                11.89625
              ],
              [
                77.92125000000001,
                11.896527777777779
              ],
              [
                77.92125000000001,
                11.897638888888888
              ],
              [
                77.92041666666668,
                11.897361111111111
              ],
              [
                77.92041666666668,
                11.897083333333335
              ],
              [
                77.91958333333335,
                11.897083333333335
              ],
              [
                77.91958333333335,
                11.897916666666667
              ],
              [
                77.91930555555557,
                11.897916666666667
              ],
              [
                77.91930555555557,
                11.896805555555556
              ],
              [
                77.91708333333334,
                11.896805555555556
              ],
              [
                77.91680555555557,
                11.896527777777779
              ],
              [
                77.91652777777779,
                11.895138888888889
              ],
              [
                77.91736111111112,
                11.895416666666668
              ],
              [
                77.9176388888889,
                11.895138888888889
              ],
              [
                77.9176388888889,
                11.894305555555556
              ],
              [
                77.91708333333334,
                11.89375
              ],
              [
                77.91597222222224,
                11.89375
              ],
              [
                77.91597222222224,
                11.893194444444445
              ],
              [
                77.91541666666667,
                11.892916666666666
              ],
              [
                77.91541666666667,
                11.89236111111111
              ],
              [
                77.91486111111112,
                11.89236111111111
              ],
              [
                77.9151388888889,
                11.891805555555555
              ],
              [
                77.91569444444445,
                11.891805555555555
              ],
              [
                77.9151388888889,
                11.890416666666667
              ],
              [
                77.91458333333334,
                11.890416666666667
              ],
              [
                77.91458333333334,
                11.89013888888889
              ],
              [
                77.91263888888889,
                11.89013888888889
              ],
              [
                77.91236111111112,
                11.889861111111111
              ],
              [
                77.91263888888889,
                11.889305555555556
              ],
              [
                77.91208333333334,
                11.889027777777779
              ],
              [
                77.91208333333334,
                11.888194444444444
              ],
              [
                77.91125000000001,
                11.888194444444444
              ],
              [
                77.91152777777779,
                11.887361111111112
              ],
              [
                77.91125000000001,
                11.887361111111112
              ],
              [
                77.91125000000001,
                11.88625
              ],
              [
                77.91069444444446,
                11.88625
              ],
              [
                77.91097222222223,
                11.885972222222223
              ],
              [
                77.91069444444446,
                11.885694444444445
              ],
              [
                77.91097222222223,
                11.88513888888889
              ],
              [
                77.91041666666668,
                11.884861111111112
              ],
              [
                77.9101388888889,
                11.88513888888889
              ],
              [
                77.9101388888889,
                11.88625
              ],
              [
                77.91069444444446,
                11.886805555555556
              ],
              [
                77.9101388888889,
                11.887361111111112
              ],
              [
                77.90958333333334,
                11.887361111111112
              ],
              [
                77.90986111111113,
                11.887638888888889
              ],
              [
                77.90986111111113,
                11.888472222222223
              ],
              [
                77.9090277777778,
                11.887638888888889
              ],
              [
                77.90819444444446,
                11.887638888888889
              ],
              [
                77.90819444444446,
                11.888194444444444
              ],
              [
                77.90847222222223,
                11.888194444444444
              ],
              [
                77.90819444444446,
                11.888472222222223
              ],
              [
                77.90819444444446,
                11.889583333333334
              ],
              [
                77.91736111111112,
                11.898472222222223
              ],
              [
                77.91736111111112,
                11.899027777777778
              ],
              [
                77.9176388888889,
                11.899027777777778
              ],
              [
                77.91736111111112,
                11.899861111111111
              ],
              [
                77.9176388888889,
                11.90013888888889
              ],
              [
                77.91680555555557,
                11.90013888888889
              ],
              [
                77.91680555555557,
                11.900972222222222
              ],
              [
                77.91652777777779,
                11.900972222222222
              ],
              [
                77.91680555555557,
                11.901805555555557
              ],
              [
                77.91652777777779,
                11.902083333333334
              ],
              [
                77.91597222222224,
                11.901527777777778
              ],
              [
                77.91541666666667,
                11.901527777777778
              ],
              [
                77.91569444444445,
                11.902361111111112
              ],
              [
                77.91375000000001,
                11.902083333333334
              ],
              [
                77.91375000000001,
                11.900416666666667
              ],
              [
                77.91319444444446,
                11.90013888888889
              ],
              [
                77.91319444444446,
                11.901250000000001
              ],
              [
                77.91291666666667,
                11.901250000000001
              ],
              [
                77.91263888888889,
                11.902083333333334
              ],
              [
                77.91097222222223,
                11.902083333333334
              ],
              [
                77.91041666666668,
                11.901250000000001
              ],
              [
                77.90986111111113,
                11.901250000000001
              ],
              [
                77.90986111111113,
                11.902083333333334
              ],
              [
                77.90958333333334,
                11.902361111111112
              ],
              [
                77.90875000000001,
                11.902361111111112
              ],
              [
                77.90875000000001,
                11.901805555555557
              ],
              [
                77.90819444444446,
                11.901805555555557
              ],
              [
                77.90791666666668,
                11.901250000000001
              ],
              [
                77.90680555555556,
                11.901527777777778
              ],
              [
                77.90680555555556,
                11.900972222222222
              ],
              [
                77.90652777777778,
                11.900972222222222
              ],
              [
                77.90680555555556,
                11.900416666666667
              ],
              [
                77.90652777777778,
                11.90013888888889
              ],
              [
                77.90458333333335,
                11.90013888888889
              ],
              [
                77.90458333333335,
                11.900972222222222
              ],
              [
                77.9051388888889,
                11.900972222222222
              ],
              [
                77.90597222222223,
                11.901805555555557
              ],
              [
                77.90597222222223,
                11.903472222222222
              ],
              [
                77.90569444444445,
                11.90375
              ],
              [
                77.9051388888889,
                11.903194444444445
              ],
              [
                77.90402777777778,
                11.903194444444445
              ],
              [
                77.90402777777778,
                11.90263888888889
              ],
              [
                77.90319444444445,
                11.901805555555557
              ],
              [
                77.90291666666668,
                11.901805555555557
              ],
              [
                77.90291666666668,
                11.903194444444445
              ],
              [
                77.90180555555557,
                11.903194444444445
              ],
              [
                77.90152777777779,
                11.90375
              ],
              [
                77.90097222222224,
                11.90375
              ],
              [
                77.90097222222224,
                11.902361111111112
              ],
              [
                77.89986111111112,
                11.902083333333334
              ],
              [
                77.89986111111112,
                11.902916666666668
              ],
              [
                77.9001388888889,
                11.902916666666668
              ],
              [
                77.89986111111112,
                11.903194444444445
              ],
              [
                77.89986111111112,
                11.904861111111112
              ],
              [
                77.89958333333334,
                11.905138888888889
              ],
              [
                77.89875,
                11.905138888888889
              ],
              [
                77.89875,
                11.904583333333333
              ],
              [
                77.89819444444446,
                11.904583333333333
              ],
              [
                77.89819444444446,
                11.905138888888889
              ],
              [
                77.89736111111112,
                11.905138888888889
              ],
              [
                77.89736111111112,
                11.904861111111112
              ],
              [
                77.89597222222223,
                11.904861111111112
              ],
              [
                77.89597222222223,
                11.903194444444445
              ],
              [
                77.89625000000001,
                11.903194444444445
              ],
              [
                77.89625000000001,
                11.90263888888889
              ],
              [
                77.89569444444446,
                11.90263888888889
              ],
              [
                77.8951388888889,
                11.902083333333334
              ],
              [
                77.8951388888889,
                11.901527777777778
              ],
              [
                77.89569444444446,
                11.900972222222222
              ],
              [
                77.89625000000001,
                11.900972222222222
              ],
              [
                77.89652777777779,
                11.901527777777778
              ],
              [
                77.89736111111112,
                11.901527777777778
              ],
              [
                77.89736111111112,
                11.900972222222222
              ],
              [
                77.89791666666667,
                11.900694444444445
              ],
              [
                77.89791666666667,
                11.899305555555555
              ],
              [
                77.8976388888889,
                11.899305555555555
              ],
              [
                77.8976388888889,
                11.898472222222223
              ],
              [
                77.89736111111112,
                11.898472222222223
              ],
              [
                77.89736111111112,
                11.899583333333334
              ],
              [
                77.8976388888889,
                11.899861111111111
              ],
              [
                77.8951388888889,
                11.899583333333334
              ],
              [
                77.8951388888889,
                11.899027777777778
              ],
              [
                77.89486111111113,
                11.899027777777778
              ],
              [
                77.8951388888889,
                11.900416666666667
              ],
              [
                77.89430555555556,
                11.900694444444445
              ],
              [
                77.89430555555556,
                11.901250000000001
              ],
              [
                77.89375000000001,
                11.901527777777778
              ],
              [
                77.89375000000001,
                11.902083333333334
              ],
              [
                77.89430555555556,
                11.90263888888889
              ],
              [
                77.89430555555556,
                11.903472222222222
              ],
              [
                77.89375000000001,
                11.903472222222222
              ],
              [
                77.89291666666668,
                11.902361111111112
              ],
              [
                77.89236111111113,
                11.902361111111112
              ],
              [
                77.89152777777778,
                11.901527777777778
              ],
              [
                77.89152777777778,
                11.902083333333334
              ],
              [
                77.89208333333335,
                11.90263888888889
              ],
              [
                77.89152777777778,
                11.903472222222222
              ],
              [
                77.89236111111113,
                11.903472222222222
              ],
              [
                77.89347222222223,
                11.904583333333333
              ],
              [
                77.89347222222223,
                11.905694444444444
              ],
              [
                77.89291666666668,
                11.905694444444444
              ],
              [
                77.89291666666668,
                11.905972222222223
              ],
              [
                77.89125000000001,
                11.905972222222223
              ],
              [
                77.89041666666668,
                11.907361111111111
              ],
              [
                77.88986111111112,
                11.907361111111111
              ],
              [
                77.88986111111112,
                11.906805555555556
              ],
              [
                77.88930555555557,
                11.906527777777779
              ],
              [
                77.88930555555557,
                11.905694444444444
              ],
              [
                77.88902777777778,
                11.905416666666667
              ],
              [
                77.88986111111112,
                11.905416666666667
              ],
              [
                77.88986111111112,
                11.904861111111112
              ],
              [
                77.88875000000002,
                11.904305555555556
              ],
              [
                77.88875000000002,
                11.903472222222222
              ],
              [
                77.88791666666668,
                11.903194444444445
              ],
              [
                77.88819444444445,
                11.903472222222222
              ],
              [
                77.88819444444445,
                11.904305555555556
              ],
              [
                77.8876388888889,
                11.904861111111112
              ],
              [
                77.88819444444445,
                11.905138888888889
              ],
              [
                77.88819444444445,
                11.905694444444444
              ],
              [
                77.8876388888889,
                11.905694444444444
              ],
              [
                77.88736111111112,
                11.905416666666667
              ],
              [
                77.88736111111112,
                11.904583333333333
              ],
              [
                77.88680555555557,
                11.904583333333333
              ],
              [
                77.88680555555557,
                11.904027777777777
              ],
              [
                77.88708333333335,
                11.904027777777777
              ],
              [
                77.88680555555557,
                11.90263888888889
              ],
              [
                77.88597222222224,
                11.902361111111112
              ],
              [
                77.88597222222224,
                11.901527777777778
              ],
              [
                77.88541666666667,
                11.901527777777778
              ],
              [
                77.8851388888889,
                11.901805555555557
              ],
              [
                77.8851388888889,
                11.90263888888889
              ],
              [
                77.88458333333334,
                11.90263888888889
              ],
              [
                77.88458333333334,
                11.90375
              ],
              [
                77.88375,
                11.904027777777777
              ],
              [
                77.88430555555557,
                11.904583333333333
              ],
              [
                77.88402777777779,
                11.905416666666667
              ],
              [
                77.88458333333334,
                11.905972222222223
              ],
              [
                77.88458333333334,
                11.906805555555556
              ],
              [
                77.88347222222224,
                11.907083333333334
              ],
              [
                77.88319444444446,
                11.907361111111111
              ],
              [
                77.88319444444446,
                11.908194444444446
              ],
              [
                77.88236111111112,
                11.908750000000001
              ],
              [
                77.88236111111112,
                11.908194444444446
              ],
              [
                77.88180555555557,
                11.908194444444446
              ],
              [
                77.88125000000001,
                11.907361111111111
              ],
              [
                77.88180555555557,
                11.906805555555556
              ],
              [
                77.88208333333334,
                11.907083333333334
              ],
              [
                77.8826388888889,
                11.906805555555556
              ],
              [
                77.88291666666667,
                11.906527777777779
              ],
              [
                77.88291666666667,
                11.905694444444444
              ],
              [
                77.88208333333334,
                11.905416666666667
              ],
              [
                77.88180555555557,
                11.904861111111112
              ],
              [
                77.88069444444446,
                11.904583333333333
              ],
              [
                77.88041666666668,
                11.90263888888889
              ],
              [
                77.88097222222223,
                11.90263888888889
              ],
              [
                77.88097222222223,
                11.902083333333334
              ],
              [
                77.8801388888889,
                11.901805555555557
              ],
              [
                77.8801388888889,
                11.901527777777778
              ],
              [
                77.88097222222223,
                11.901527777777778
              ],
              [
                77.88097222222223,
                11.900972222222222
              ],
              [
                77.88208333333334,
                11.90013888888889
              ],
              [
                77.88208333333334,
                11.899583333333334
              ],
              [
                77.88152777777779,
                11.899305555555555
              ],
              [
                77.88152777777779,
                11.899861111111111
              ],
              [
                77.88097222222223,
                11.899861111111111
              ],
              [
                77.88097222222223,
                11.899583333333334
              ],
              [
                77.8801388888889,
                11.899305555555555
              ],
              [
                77.8801388888889,
                11.899861111111111
              ],
              [
                77.87930555555556,
                11.899861111111111
              ],
              [
                77.87930555555556,
                11.90013888888889
              ],
              [
                77.87819444444446,
                11.900416666666667
              ],
              [
                77.87819444444446,
                11.900694444444445
              ],
              [
                77.87736111111113,
                11.900694444444445
              ],
              [
                77.87708333333335,
                11.900972222222222
              ],
              [
                77.87736111111113,
                11.902361111111112
              ],
              [
                77.87708333333335,
                11.90263888888889
              ],
              [
                77.87625000000001,
                11.90263888888889
              ],
              [
                77.87625000000001,
                11.902361111111112
              ],
              [
                77.87458333333335,
                11.901805555555557
              ],
              [
                77.87458333333335,
                11.901527777777778
              ],
              [
                77.87402777777778,
                11.901527777777778
              ],
              [
                77.87402777777778,
                11.900694444444445
              ],
              [
                77.87458333333335,
                11.900972222222222
              ],
              [
                77.87458333333335,
                11.900694444444445
              ],
              [
                77.8751388888889,
                11.900694444444445
              ],
              [
                77.8751388888889,
                11.90013888888889
              ],
              [
                77.87597222222223,
                11.900416666666667
              ],
              [
                77.87597222222223,
                11.90013888888889
              ],
              [
                77.8765277777778,
                11.90013888888889
              ],
              [
                77.87708333333335,
                11.899583333333334
              ],
              [
                77.87680555555556,
                11.899305555555555
              ],
              [
                77.87680555555556,
                11.89875
              ],
              [
                77.87708333333335,
                11.89875
              ],
              [
                77.87680555555556,
                11.898472222222223
              ],
              [
                77.87708333333335,
                11.898194444444444
              ],
              [
                77.87680555555556,
                11.895972222222223
              ],
              [
                77.87569444444445,
                11.895972222222223
              ],
              [
                77.87569444444445,
                11.895416666666668
              ],
              [
                77.87486111111112,
                11.895416666666668
              ],
              [
                77.87402777777778,
                11.894583333333333
              ],
              [
                77.87375000000002,
                11.894861111111112
              ],
              [
                77.87347222222223,
                11.894583333333333
              ],
              [
                77.8726388888889,
                11.894861111111112
              ],
              [
                77.87236111111112,
                11.894027777777778
              ],
              [
                77.87069444444445,
                11.894027777777778
              ],
              [
                77.8701388888889,
                11.894583333333333
              ],
              [
                77.8701388888889,
                11.895972222222223
              ],
              [
                77.86986111111112,
                11.895972222222223
              ],
              [
                77.86986111111112,
                11.895416666666668
              ],
              [
                77.86902777777779,
                11.895138888888889
              ],
              [
                77.86902777777779,
                11.89375
              ],
              [
                77.86875,
                11.89375
              ],
              [
                77.86875,
                11.89263888888889
              ],
              [
                77.86847222222224,
                11.89263888888889
              ],
              [
                77.86902777777779,
                11.891527777777778
              ],
              [
                77.87125000000002,
                11.891250000000001
              ],
              [
                77.87208333333335,
                11.890416666666667
              ],
              [
                77.8726388888889,
                11.890416666666667
              ],
              [
                77.87291666666668,
                11.890972222222222
              ],
              [
                77.87375000000002,
                11.890972222222222
              ],
              [
                77.87402777777778,
                11.890416666666667
              ],
              [
                77.87486111111112,
                11.890416666666667
              ],
              [
                77.87486111111112,
                11.889861111111111
              ],
              [
                77.8751388888889,
                11.89013888888889
              ],
              [
                77.87597222222223,
                11.89013888888889
              ],
              [
                77.87625000000001,
                11.891527777777778
              ],
              [
                77.8765277777778,
                11.891527777777778
              ],
              [
                77.87680555555556,
                11.890416666666667
              ],
              [
                77.8765277777778,
                11.890416666666667
              ],
              [
                77.8765277777778,
                11.889583333333334
              ],
              [
                77.87625000000001,
                11.889305555555556
              ],
              [
                77.87680555555556,
                11.889027777777779
              ],
              [
                77.87736111111113,
                11.889583333333334
              ],
              [
                77.87847222222223,
                11.889583333333334
              ],
              [
                77.87847222222223,
                11.88875
              ],
              [
                77.8790277777778,
                11.888472222222223
              ],
              [
                77.87875000000001,
                11.887638888888889
              ],
              [
                77.8765277777778,
                11.887638888888889
              ],
              [
                77.8765277777778,
                11.887916666666667
              ],
              [
                77.87597222222223,
                11.887916666666667
              ],
              [
                77.87597222222223,
                11.887361111111112
              ],
              [
                77.87625000000001,
                11.887361111111112
              ],
              [
                77.87625000000001,
                11.885694444444445
              ],
              [
                77.8765277777778,
                11.885694444444445
              ],
              [
                77.87625000000001,
                11.885416666666668
              ],
              [
                77.8765277777778,
                11.88513888888889
              ],
              [
                77.8765277777778,
                11.884305555555557
              ],
              [
                77.87625000000001,
                11.884027777777778
              ],
              [
                77.87680555555556,
                11.883750000000001
              ],
              [
                77.8765277777778,
                11.882916666666667
              ],
              [
                77.87541666666668,
                11.88263888888889
              ],
              [
                77.87597222222223,
                11.883194444444445
              ],
              [
                77.87597222222223,
                11.883750000000001
              ],
              [
                77.87569444444445,
                11.883750000000001
              ],
              [
                77.87541666666668,
                11.88513888888889
              ],
              [
                77.87458333333335,
                11.885694444444445
              ],
              [
                77.87458333333335,
                11.886527777777777
              ],
              [
                77.87402777777778,
                11.887083333333333
              ],
              [
                77.87291666666668,
                11.887083333333333
              ],
              [
                77.87236111111112,
                11.887916666666667
              ],
              [
                77.87097222222224,
                11.888194444444444
              ],
              [
                77.87097222222224,
                11.887083333333333
              ],
              [
                77.87152777777779,
                11.887083333333333
              ],
              [
                77.87208333333335,
                11.886527777777777
              ],
              [
                77.87152777777779,
                11.885972222222223
              ],
              [
                77.87152777777779,
                11.88513888888889
              ],
              [
                77.87125000000002,
                11.88513888888889
              ],
              [
                77.87152777777779,
                11.883194444444445
              ],
              [
                77.87180555555557,
                11.883194444444445
              ],
              [
                77.87152777777779,
                11.882916666666667
              ],
              [
                77.87152777777779,
                11.880972222222223
              ],
              [
                77.87041666666667,
                11.880972222222223
              ],
              [
                77.87069444444445,
                11.881805555555555
              ],
              [
                77.86986111111112,
                11.882083333333334
              ],
              [
                77.8701388888889,
                11.882361111111111
              ],
              [
                77.8701388888889,
                11.883194444444445
              ],
              [
                77.86930555555557,
                11.884027777777778
              ],
              [
                77.86875,
                11.884027777777778
              ],
              [
                77.86708333333334,
                11.882361111111111
              ],
              [
                77.86736111111112,
                11.881527777777778
              ],
              [
                77.86680555555557,
                11.88125
              ],
              [
                77.86652777777779,
                11.879583333333334
              ],
              [
                77.86569444444446,
                11.880416666666667
              ],
              [
                77.8651388888889,
                11.880416666666667
              ],
              [
                77.86486111111113,
                11.879861111111111
              ],
              [
                77.86375000000001,
                11.880416666666667
              ],
              [
                77.86347222222223,
                11.879583333333334
              ],
              [
                77.86402777777779,
                11.879583333333334
              ],
              [
                77.86430555555556,
                11.878194444444444
              ],
              [
                77.86402777777779,
                11.878194444444444
              ],
              [
                77.86402777777779,
                11.877638888888889
              ],
              [
                77.86319444444446,
                11.877638888888889
              ],
              [
                77.86319444444446,
                11.877361111111112
              ],
              [
                77.8626388888889,
                11.877361111111112
              ],
              [
                77.86208333333335,
                11.876805555555556
              ],
              [
                77.86236111111113,
                11.876527777777778
              ],
              [
                77.86236111111113,
                11.875416666666666
              ],
              [
                77.86180555555556,
                11.875416666666666
              ],
              [
                77.86180555555556,
                11.87486111111111
              ],
              [
                77.8626388888889,
                11.874305555555557
              ],
              [
                77.86236111111113,
                11.873750000000001
              ],
              [
                77.8615277777778,
                11.874027777777778
              ],
              [
                77.8615277777778,
                11.874305555555557
              ],
              [
                77.86069444444445,
                11.874305555555557
              ],
              [
                77.8601388888889,
                11.87486111111111
              ],
              [
                77.8601388888889,
                11.875416666666666
              ],
              [
                77.85930555555557,
                11.87513888888889
              ],
              [
                77.85930555555557,
                11.872916666666667
              ],
              [
                77.85902777777778,
                11.872916666666667
              ],
              [
                77.85875000000001,
                11.871527777777779
              ],
              [
                77.85902777777778,
                11.871527777777779
              ],
              [
                77.85902777777778,
                11.870972222222223
              ],
              [
                77.85958333333335,
                11.870972222222223
              ],
              [
                77.85958333333335,
                11.870416666666667
              ],
              [
                77.8601388888889,
                11.870138888888889
              ],
              [
                77.8601388888889,
                11.869583333333333
              ],
              [
                77.85958333333335,
                11.869583333333333
              ],
              [
                77.85930555555557,
                11.867638888888889
              ],
              [
                77.85875000000001,
                11.867638888888889
              ],
              [
                77.85875000000001,
                11.867361111111112
              ],
              [
                77.85986111111112,
                11.86625
              ],
              [
                77.86125000000001,
                11.866527777777778
              ],
              [
                77.86069444444445,
                11.865972222222222
              ],
              [
                77.86069444444445,
                11.864305555555555
              ],
              [
                77.85986111111112,
                11.864305555555555
              ],
              [
                77.85986111111112,
                11.864027777777778
              ],
              [
                77.85930555555557,
                11.864305555555555
              ],
              [
                77.85902777777778,
                11.864027777777778
              ],
              [
                77.85902777777778,
                11.863194444444446
              ],
              [
                77.85958333333335,
                11.862916666666667
              ],
              [
                77.85958333333335,
                11.862361111111111
              ],
              [
                77.86041666666668,
                11.862083333333334
              ],
              [
                77.86041666666668,
                11.86125
              ],
              [
                77.85986111111112,
                11.86125
              ],
              [
                77.85986111111112,
                11.861527777777779
              ],
              [
                77.85902777777778,
                11.86125
              ],
              [
                77.85902777777778,
                11.861527777777779
              ],
              [
                77.85819444444445,
                11.861527777777779
              ],
              [
                77.85819444444445,
                11.861805555555556
              ],
              [
                77.85652777777779,
                11.861805555555556
              ],
              [
                77.85652777777779,
                11.862083333333334
              ],
              [
                77.85597222222223,
                11.862083333333334
              ],
              [
                77.85541666666667,
                11.86263888888889
              ],
              [
                77.85541666666667,
                11.863194444444446
              ],
              [
                77.85458333333334,
                11.863194444444446
              ],
              [
                77.85430555555557,
                11.86263888888889
              ],
              [
                77.85486111111112,
                11.862083333333334
              ],
              [
                77.85402777777779,
                11.861805555555556
              ],
              [
                77.85402777777779,
                11.860972222222223
              ],
              [
                77.85347222222224,
                11.860416666666667
              ],
              [
                77.85347222222224,
                11.859583333333333
              ],
              [
                77.85402777777779,
                11.859305555555556
              ],
              [
                77.85375,
                11.85875
              ],
              [
                77.85430555555557,
                11.858472222222222
              ],
              [
                77.85402777777779,
                11.85763888888889
              ],
              [
                77.85569444444445,
                11.857361111111112
              ],
              [
                77.85569444444445,
                11.856527777777778
              ],
              [
                77.85541666666667,
                11.856250000000001
              ],
              [
                77.85430555555557,
                11.856805555555557
              ],
              [
                77.85402777777779,
                11.855972222222222
              ],
              [
                77.85375,
                11.855972222222222
              ],
              [
                77.85375,
                11.85513888888889
              ],
              [
                77.85291666666667,
                11.85513888888889
              ],
              [
                77.85347222222224,
                11.857083333333334
              ],
              [
                77.8526388888889,
                11.857361111111112
              ],
              [
                77.8526388888889,
                11.85763888888889
              ],
              [
                77.85208333333334,
                11.85763888888889
              ],
              [
                77.85208333333334,
                11.857083333333334
              ],
              [
                77.85125000000001,
                11.856250000000001
              ],
              [
                77.85125000000001,
                11.855694444444445
              ],
              [
                77.85069444444446,
                11.855694444444445
              ],
              [
                77.85069444444446,
                11.855416666666667
              ],
              [
                77.85125000000001,
                11.855416666666667
              ],
              [
                77.85097222222224,
                11.85513888888889
              ],
              [
                77.85125000000001,
                11.854583333333334
              ],
              [
                77.85069444444446,
                11.854583333333334
              ],
              [
                77.85041666666667,
                11.853472222222223
              ],
              [
                77.84986111111112,
                11.853194444444444
              ],
              [
                77.84986111111112,
                11.854583333333334
              ],
              [
                77.85013888888889,
                11.854583333333334
              ],
              [
                77.84986111111112,
                11.85513888888889
              ],
              [
                77.85013888888889,
                11.85513888888889
              ],
              [
                77.85013888888889,
                11.856250000000001
              ],
              [
                77.85041666666667,
                11.856527777777778
              ],
              [
                77.84958333333334,
                11.856250000000001
              ],
              [
                77.84930555555556,
                11.857083333333334
              ],
              [
                77.85097222222224,
                11.85763888888889
              ],
              [
                77.85041666666667,
                11.858194444444445
              ],
              [
                77.85069444444446,
                11.859027777777778
              ],
              [
                77.85013888888889,
                11.859305555555556
              ],
              [
                77.85013888888889,
                11.859861111111112
              ],
              [
                77.85041666666667,
                11.859861111111112
              ],
              [
                77.85041666666667,
                11.861805555555556
              ],
              [
                77.85069444444446,
                11.861805555555556
              ],
              [
                77.85041666666667,
                11.862916666666667
              ],
              [
                77.84902777777779,
                11.86263888888889
              ],
              [
                77.84875000000001,
                11.861805555555556
              ],
              [
                77.84736111111113,
                11.861805555555556
              ],
              [
                77.84680555555556,
                11.86125
              ],
              [
                77.84597222222223,
                11.86125
              ],
              [
                77.84597222222223,
                11.861527777777779
              ],
              [
                77.84486111111111,
                11.86125
              ],
              [
                77.84486111111111,
                11.861805555555556
              ],
              [
                77.84569444444446,
                11.862083333333334
              ],
              [
                77.84597222222223,
                11.862916666666667
              ],
              [
                77.84541666666668,
                11.863472222222223
              ],
              [
                77.84541666666668,
                11.864305555555555
              ],
              [
                77.8451388888889,
                11.864583333333334
              ],
              [
                77.84486111111111,
                11.864583333333334
              ],
              [
                77.84486111111111,
                11.863194444444446
              ],
              [
                77.84430555555556,
                11.862916666666667
              ],
              [
                77.84430555555556,
                11.862361111111111
              ],
              [
                77.84402777777778,
                11.862361111111111
              ],
              [
                77.84375000000001,
                11.863472222222223
              ],
              [
                77.84347222222223,
                11.863472222222223
              ],
              [
                77.84347222222223,
                11.866527777777778
              ],
              [
                77.8426388888889,
                11.867361111111112
              ],
              [
                77.8426388888889,
                11.868472222222223
              ],
              [
                77.84236111111112,
                11.868472222222223
              ],
              [
                77.84236111111112,
                11.869861111111112
              ],
              [
                77.84291666666668,
                11.870138888888889
              ],
              [
                77.84291666666668,
                11.87125
              ],
              [
                77.84208333333335,
                11.871527777777779
              ],
              [
                77.84152777777778,
                11.872361111111111
              ],
              [
                77.83958333333334,
                11.87263888888889
              ],
              [
                77.83902777777779,
                11.871805555555556
              ],
              [
                77.83847222222224,
                11.871805555555556
              ],
              [
                77.8376388888889,
                11.870972222222223
              ],
              [
                77.8376388888889,
                11.870416666666667
              ],
              [
                77.83736111111112,
                11.870416666666667
              ],
              [
                77.83736111111112,
                11.867638888888889
              ],
              [
                77.8376388888889,
                11.867638888888889
              ],
              [
                77.8376388888889,
                11.86486111111111
              ],
              [
                77.83819444444445,
                11.864583333333334
              ],
              [
                77.83819444444445,
                11.863194444444446
              ],
              [
                77.8376388888889,
                11.86263888888889
              ],
              [
                77.8376388888889,
                11.861527777777779
              ],
              [
                77.83736111111112,
                11.861527777777779
              ],
              [
                77.83736111111112,
                11.860972222222223
              ],
              [
                77.83652777777779,
                11.860972222222223
              ],
              [
                77.83625,
                11.861527777777779
              ],
              [
                77.8351388888889,
                11.861805555555556
              ],
              [
                77.83458333333334,
                11.86125
              ],
              [
                77.83347222222223,
                11.86125
              ],
              [
                77.83347222222223,
                11.860972222222223
              ],
              [
                77.83291666666668,
                11.860972222222223
              ],
              [
                77.83236111111113,
                11.860416666666667
              ],
              [
                77.83180555555556,
                11.860416666666667
              ],
              [
                77.8315277777778,
                11.857361111111112
              ],
              [
                77.83097222222223,
                11.856805555555557
              ],
              [
                77.83097222222223,
                11.855694444444445
              ],
              [
                77.83069444444446,
                11.855694444444445
              ],
              [
                77.83097222222223,
                11.854027777777778
              ],
              [
                77.83041666666668,
                11.85375
              ],
              [
                77.8301388888889,
                11.851805555555556
              ],
              [
                77.83097222222223,
                11.851527777777779
              ],
              [
                77.8315277777778,
                11.852083333333333
              ],
              [
                77.8315277777778,
                11.852638888888889
              ],
              [
                77.8326388888889,
                11.852638888888889
              ],
              [
                77.83291666666668,
                11.852361111111112
              ],
              [
                77.83291666666668,
                11.851527777777779
              ],
              [
                77.83236111111113,
                11.85125
              ],
              [
                77.83236111111113,
                11.850694444444445
              ],
              [
                77.83125000000001,
                11.850416666666668
              ],
              [
                77.83125000000001,
                11.849027777777778
              ],
              [
                77.83097222222223,
                11.849027777777778
              ],
              [
                77.83097222222223,
                11.84763888888889
              ],
              [
                77.83069444444446,
                11.84763888888889
              ],
              [
                77.83097222222223,
                11.845972222222223
              ],
              [
                77.8301388888889,
                11.845694444444446
              ],
              [
                77.8301388888889,
                11.84513888888889
              ],
              [
                77.82958333333335,
                11.844861111111111
              ],
              [
                77.82958333333335,
                11.844305555555556
              ],
              [
                77.82875000000001,
                11.844305555555556
              ],
              [
                77.82875000000001,
                11.844027777777779
              ],
              [
                77.82819444444445,
                11.844027777777779
              ],
              [
                77.8276388888889,
                11.843472222222223
              ],
              [
                77.82791666666668,
                11.842083333333333
              ],
              [
                77.82847222222223,
                11.841805555555556
              ],
              [
                77.82847222222223,
                11.840972222222222
              ],
              [
                77.8276388888889,
                11.84013888888889
              ],
              [
                77.82736111111112,
                11.839027777777778
              ],
              [
                77.82652777777778,
                11.838472222222222
              ],
              [
                77.82652777777778,
                11.837916666666667
              ],
              [
                77.8276388888889,
                11.837916666666667
              ],
              [
                77.8276388888889,
                11.838194444444445
              ],
              [
                77.82819444444445,
                11.838194444444445
              ],
              [
                77.82847222222223,
                11.839027777777778
              ],
              [
                77.82958333333335,
                11.839305555555557
              ],
              [
                77.82958333333335,
                11.84013888888889
              ],
              [
                77.8301388888889,
                11.840416666666668
              ],
              [
                77.8301388888889,
                11.840972222222222
              ],
              [
                77.8315277777778,
                11.841805555555556
              ],
              [
                77.8315277777778,
                11.842638888888889
              ],
              [
                77.83208333333334,
                11.842916666666667
              ],
              [
                77.83208333333334,
                11.84375
              ],
              [
                77.8326388888889,
                11.84375
              ],
              [
                77.8326388888889,
                11.844583333333334
              ],
              [
                77.83319444444446,
                11.844583333333334
              ],
              [
                77.83347222222223,
                11.84513888888889
              ],
              [
                77.83402777777779,
                11.84513888888889
              ],
              [
                77.83402777777779,
                11.844305555555556
              ],
              [
                77.83375000000001,
                11.844305555555556
              ],
              [
                77.83375000000001,
                11.84375
              ],
              [
                77.83319444444446,
                11.84375
              ],
              [
                77.83291666666668,
                11.842361111111112
              ],
              [
                77.83347222222223,
                11.842361111111112
              ],
              [
                77.83375000000001,
                11.843194444444444
              ],
              [
                77.83430555555556,
                11.843194444444444
              ],
              [
                77.83458333333334,
                11.842638888888889
              ],
              [
                77.8326388888889,
                11.840694444444445
              ],
              [
                77.8326388888889,
                11.839305555555557
              ],
              [
                77.83291666666668,
                11.839305555555557
              ],
              [
                77.83319444444446,
                11.837916666666667
              ],
              [
                77.83347222222223,
                11.837916666666667
              ],
              [
                77.83319444444446,
                11.836527777777778
              ],
              [
                77.83402777777779,
                11.836527777777778
              ],
              [
                77.83430555555556,
                11.835972222222223
              ],
              [
                77.83541666666667,
                11.835972222222223
              ],
              [
                77.8351388888889,
                11.835138888888888
              ],
              [
                77.83486111111112,
                11.835138888888888
              ],
              [
                77.83458333333334,
                11.83375
              ],
              [
                77.83402777777779,
                11.833472222222223
              ],
              [
                77.83402777777779,
                11.832916666666668
              ],
              [
                77.83430555555556,
                11.833194444444445
              ],
              [
                77.83625,
                11.832916666666668
              ],
              [
                77.83680555555557,
                11.834027777777779
              ],
              [
                77.83819444444445,
                11.834305555555556
              ],
              [
                77.83819444444445,
                11.835416666666667
              ],
              [
                77.83847222222224,
                11.835694444444444
              ],
              [
                77.83875,
                11.835694444444444
              ],
              [
                77.83875,
                11.833472222222223
              ],
              [
                77.83902777777779,
                11.833472222222223
              ],
              [
                77.83902777777779,
                11.832916666666668
              ],
              [
                77.83958333333334,
                11.832916666666668
              ],
              [
                77.83930555555557,
                11.831805555555556
              ],
              [
                77.83819444444445,
                11.831527777777778
              ],
              [
                77.8376388888889,
                11.830972222222222
              ],
              [
                77.8376388888889,
                11.830416666666666
              ],
              [
                77.83680555555557,
                11.82986111111111
              ],
              [
                77.83680555555557,
                11.828750000000001
              ],
              [
                77.8376388888889,
                11.828472222222222
              ],
              [
                77.8376388888889,
                11.827916666666667
              ],
              [
                77.83708333333334,
                11.827916666666667
              ],
              [
                77.83708333333334,
                11.827083333333334
              ],
              [
                77.8376388888889,
                11.826805555555556
              ],
              [
                77.8376388888889,
                11.82625
              ],
              [
                77.83736111111112,
                11.82625
              ],
              [
                77.83736111111112,
                11.825416666666667
              ],
              [
                77.83680555555557,
                11.824861111111112
              ],
              [
                77.83680555555557,
                11.82375
              ],
              [
                77.83625,
                11.823472222222223
              ],
              [
                77.83569444444446,
                11.824027777777777
              ],
              [
                77.83569444444446,
                11.823472222222223
              ],
              [
                77.83541666666667,
                11.823472222222223
              ],
              [
                77.83541666666667,
                11.822361111111112
              ],
              [
                77.8351388888889,
                11.822083333333333
              ],
              [
                77.83569444444446,
                11.821805555555557
              ],
              [
                77.83569444444446,
                11.820694444444445
              ],
              [
                77.83486111111112,
                11.820416666666667
              ],
              [
                77.83486111111112,
                11.819861111111111
              ],
              [
                77.83458333333334,
                11.819861111111111
              ],
              [
                77.83458333333334,
                11.819027777777778
              ],
              [
                77.83486111111112,
                11.81875
              ],
              [
                77.83458333333334,
                11.81875
              ],
              [
                77.83458333333334,
                11.817916666666667
              ],
              [
                77.83375000000001,
                11.81763888888889
              ],
              [
                77.83375000000001,
                11.816527777777779
              ],
              [
                77.83319444444446,
                11.816527777777779
              ],
              [
                77.83319444444446,
                11.815972222222223
              ],
              [
                77.83208333333334,
                11.815972222222223
              ],
              [
                77.8315277777778,
                11.814861111111112
              ],
              [
                77.83097222222223,
                11.814861111111112
              ],
              [
                77.83097222222223,
                11.815972222222223
              ],
              [
                77.83125000000001,
                11.815972222222223
              ],
              [
                77.83125000000001,
                11.816805555555556
              ],
              [
                77.83069444444446,
                11.817083333333334
              ],
              [
                77.83097222222223,
                11.817916666666667
              ],
              [
                77.8301388888889,
                11.81763888888889
              ],
              [
                77.82986111111113,
                11.816805555555556
              ],
              [
                77.82847222222223,
                11.816805555555556
              ],
              [
                77.82847222222223,
                11.816527777777779
              ],
              [
                77.82930555555556,
                11.816527777777779
              ],
              [
                77.82930555555556,
                11.81625
              ],
              [
                77.82819444444445,
                11.815416666666668
              ],
              [
                77.82819444444445,
                11.817361111111111
              ],
              [
                77.82847222222223,
                11.817361111111111
              ],
              [
                77.82875000000001,
                11.81875
              ],
              [
                77.8276388888889,
                11.81875
              ],
              [
                77.8276388888889,
                11.81763888888889
              ],
              [
                77.82680555555557,
                11.817361111111111
              ],
              [
                77.82680555555557,
                11.816527777777779
              ],
              [
                77.82597222222223,
                11.81625
              ],
              [
                77.82569444444445,
                11.815138888888889
              ],
              [
                77.8251388888889,
                11.814861111111112
              ],
              [
                77.8251388888889,
                11.814305555555556
              ],
              [
                77.82458333333335,
                11.81375
              ],
              [
                77.82375,
                11.81375
              ],
              [
                77.82347222222224,
                11.814583333333333
              ],
              [
                77.82402777777779,
                11.815138888888889
              ],
              [
                77.82375,
                11.815138888888889
              ],
              [
                77.82375,
                11.815694444444444
              ],
              [
                77.82291666666667,
                11.815694444444444
              ],
              [
                77.82347222222224,
                11.816527777777779
              ],
              [
                77.82402777777779,
                11.816527777777779
              ],
              [
                77.82375,
                11.819027777777778
              ],
              [
                77.82347222222224,
                11.819027777777778
              ],
              [
                77.82347222222224,
                11.819583333333334
              ],
              [
                77.82291666666667,
                11.82013888888889
              ],
              [
                77.82236111111112,
                11.82013888888889
              ],
              [
                77.82041666666667,
                11.822083333333333
              ],
              [
                77.81986111111112,
                11.821527777777778
              ],
              [
                77.81986111111112,
                11.820694444444445
              ],
              [
                77.81958333333334,
                11.820416666666667
              ],
              [
                77.81847222222223,
                11.820416666666667
              ],
              [
                77.81819444444446,
                11.819583333333334
              ],
              [
                77.81791666666668,
                11.819583333333334
              ],
              [
                77.81791666666668,
                11.818472222222223
              ],
              [
                77.8176388888889,
                11.818472222222223
              ],
              [
                77.8176388888889,
                11.817361111111111
              ],
              [
                77.81736111111113,
                11.817361111111111
              ],
              [
                77.81736111111113,
                11.814583333333333
              ],
              [
                77.81708333333334,
                11.814583333333333
              ],
              [
                77.81708333333334,
                11.815138888888889
              ],
              [
                77.8165277777778,
                11.814861111111112
              ],
              [
                77.8165277777778,
                11.815416666666668
              ],
              [
                77.81625000000001,
                11.815416666666668
              ],
              [
                77.81597222222223,
                11.815138888888889
              ],
              [
                77.81597222222223,
                11.814305555555556
              ],
              [
                77.8151388888889,
                11.81375
              ],
              [
                77.81486111111113,
                11.81263888888889
              ],
              [
                77.81430555555556,
                11.81236111111111
              ],
              [
                77.8140277777778,
                11.810694444444445
              ],
              [
                77.81375000000001,
                11.810694444444445
              ],
              [
                77.81375000000001,
                11.809861111111111
              ],
              [
                77.81347222222223,
                11.809861111111111
              ],
              [
                77.81375000000001,
                11.80375
              ],
              [
                77.8140277777778,
                11.80375
              ],
              [
                77.8140277777778,
                11.803194444444445
              ],
              [
                77.8151388888889,
                11.802083333333334
              ],
              [
                77.81569444444446,
                11.802083333333334
              ],
              [
                77.81597222222223,
                11.803194444444445
              ],
              [
                77.81680555555556,
                11.804027777777778
              ],
              [
                77.81680555555556,
                11.804583333333333
              ],
              [
                77.8176388888889,
                11.804861111111112
              ],
              [
                77.8176388888889,
                11.805138888888889
              ],
              [
                77.81819444444446,
                11.805138888888889
              ],
              [
                77.81791666666668,
                11.804861111111112
              ],
              [
                77.81791666666668,
                11.804027777777778
              ],
              [
                77.81847222222223,
                11.803472222222222
              ],
              [
                77.8201388888889,
                11.80375
              ],
              [
                77.81986111111112,
                11.804583333333333
              ],
              [
                77.82041666666667,
                11.804861111111112
              ],
              [
                77.82041666666667,
                11.805694444444445
              ],
              [
                77.8201388888889,
                11.805694444444445
              ],
              [
                77.82041666666667,
                11.806527777777777
              ],
              [
                77.82125,
                11.806527777777777
              ],
              [
                77.82125,
                11.807083333333333
              ],
              [
                77.82236111111112,
                11.807361111111112
              ],
              [
                77.8226388888889,
                11.808194444444444
              ],
              [
                77.82319444444445,
                11.808194444444444
              ],
              [
                77.82319444444445,
                11.807083333333333
              ],
              [
                77.82402777777779,
                11.806805555555556
              ],
              [
                77.82430555555557,
                11.80625
              ],
              [
                77.82541666666668,
                11.807083333333333
              ],
              [
                77.82541666666668,
                11.807638888888889
              ],
              [
                77.82680555555557,
                11.807916666666667
              ],
              [
                77.82708333333335,
                11.808194444444444
              ],
              [
                77.82680555555557,
                11.80875
              ],
              [
                77.82625000000002,
                11.80875
              ],
              [
                77.82625000000002,
                11.808472222222223
              ],
              [
                77.82541666666668,
                11.808472222222223
              ],
              [
                77.8251388888889,
                11.80875
              ],
              [
                77.8251388888889,
                11.809583333333334
              ],
              [
                77.82541666666668,
                11.809583333333334
              ],
              [
                77.82569444444445,
                11.810416666666667
              ],
              [
                77.82625000000002,
                11.81013888888889
              ],
              [
                77.82625000000002,
                11.809861111111111
              ],
              [
                77.82569444444445,
                11.809861111111111
              ],
              [
                77.82569444444445,
                11.809027777777779
              ],
              [
                77.82652777777778,
                11.809027777777779
              ],
              [
                77.82652777777778,
                11.809583333333334
              ],
              [
                77.82736111111112,
                11.809305555555556
              ],
              [
                77.82736111111112,
                11.809861111111111
              ],
              [
                77.8276388888889,
                11.809583333333334
              ],
              [
                77.82791666666668,
                11.809861111111111
              ],
              [
                77.82875000000001,
                11.809861111111111
              ],
              [
                77.8326388888889,
                11.814027777777778
              ],
              [
                77.83347222222223,
                11.814027777777778
              ],
              [
                77.83347222222223,
                11.81375
              ],
              [
                77.83291666666668,
                11.81375
              ],
              [
                77.83291666666668,
                11.813194444444445
              ],
              [
                77.83319444444446,
                11.813194444444445
              ],
              [
                77.83291666666668,
                11.81236111111111
              ],
              [
                77.83347222222223,
                11.81236111111111
              ],
              [
                77.83347222222223,
                11.811805555555557
              ],
              [
                77.83458333333334,
                11.812083333333334
              ],
              [
                77.83486111111112,
                11.812916666666666
              ],
              [
                77.83625,
                11.813194444444445
              ],
              [
                77.83625,
                11.81375
              ],
              [
                77.83708333333334,
                11.814305555555556
              ],
              [
                77.83708333333334,
                11.814861111111112
              ],
              [
                77.8376388888889,
                11.814861111111112
              ],
              [
                77.83791666666667,
                11.815694444444444
              ],
              [
                77.83902777777779,
                11.816805555555556
              ],
              [
                77.83958333333334,
                11.816805555555556
              ],
              [
                77.83930555555557,
                11.81763888888889
              ],
              [
                77.83986111111112,
                11.81763888888889
              ],
              [
                77.83986111111112,
                11.817916666666667
              ],
              [
                77.83930555555557,
                11.817916666666667
              ],
              [
                77.83930555555557,
                11.81875
              ],
              [
                77.83958333333334,
                11.818472222222223
              ],
              [
                77.8401388888889,
                11.81875
              ],
              [
                77.83986111111112,
                11.819861111111111
              ],
              [
                77.8401388888889,
                11.819583333333334
              ],
              [
                77.84097222222223,
                11.819861111111111
              ],
              [
                77.84097222222223,
                11.820972222222222
              ],
              [
                77.84208333333335,
                11.822083333333333
              ],
              [
                77.8426388888889,
                11.822083333333333
              ],
              [
                77.8426388888889,
                11.822916666666668
              ],
              [
                77.84291666666668,
                11.823194444444445
              ],
              [
                77.84347222222223,
                11.823194444444445
              ],
              [
                77.84319444444445,
                11.821250000000001
              ],
              [
                77.84347222222223,
                11.821250000000001
              ],
              [
                77.84347222222223,
                11.820416666666667
              ],
              [
                77.84402777777778,
                11.820416666666667
              ],
              [
                77.84375000000001,
                11.819583333333334
              ],
              [
                77.84430555555556,
                11.819861111111111
              ],
              [
                77.84458333333335,
                11.820694444444445
              ],
              [
                77.84486111111111,
                11.820694444444445
              ],
              [
                77.84458333333335,
                11.819583333333334
              ],
              [
                77.84541666666668,
                11.819583333333334
              ],
              [
                77.84541666666668,
                11.819305555555555
              ],
              [
                77.84458333333335,
                11.819027777777778
              ],
              [
                77.84458333333335,
                11.818472222222223
              ],
              [
                77.84347222222223,
                11.818472222222223
              ],
              [
                77.84347222222223,
                11.817916666666667
              ],
              [
                77.84402777777778,
                11.817361111111111
              ],
              [
                77.84569444444446,
                11.817083333333334
              ],
              [
                77.84569444444446,
                11.816805555555556
              ],
              [
                77.84625000000001,
                11.817083333333334
              ],
              [
                77.84597222222223,
                11.81625
              ],
              [
                77.84402777777778,
                11.815972222222223
              ],
              [
                77.84402777777778,
                11.815416666666668
              ],
              [
                77.84347222222223,
                11.815138888888889
              ],
              [
                77.84347222222223,
                11.814027777777778
              ],
              [
                77.84402777777778,
                11.813472222222222
              ],
              [
                77.8451388888889,
                11.813472222222222
              ],
              [
                77.8451388888889,
                11.812916666666666
              ],
              [
                77.84375000000001,
                11.812916666666666
              ],
              [
                77.84291666666668,
                11.812083333333334
              ],
              [
                77.84291666666668,
                11.811527777777778
              ],
              [
                77.84347222222223,
                11.811250000000001
              ],
              [
                77.84319444444445,
                11.810694444444445
              ],
              [
                77.84152777777778,
                11.81013888888889
              ],
              [
                77.84152777777778,
                11.809861111111111
              ],
              [
                77.84041666666668,
                11.809583333333334
              ],
              [
                77.84041666666668,
                11.809305555555556
              ],
              [
                77.83986111111112,
                11.809305555555556
              ],
              [
                77.83930555555557,
                11.80875
              ],
              [
                77.83875,
                11.80875
              ],
              [
                77.83875,
                11.808472222222223
              ],
              [
                77.83819444444445,
                11.808472222222223
              ],
              [
                77.8376388888889,
                11.807916666666667
              ],
              [
                77.83708333333334,
                11.807916666666667
              ],
              [
                77.83708333333334,
                11.807638888888889
              ],
              [
                77.83597222222224,
                11.807361111111112
              ],
              [
                77.83597222222224,
                11.807083333333333
              ],
              [
                77.83541666666667,
                11.807083333333333
              ],
              [
                77.83541666666667,
                11.805138888888889
              ],
              [
                77.8351388888889,
                11.805138888888889
              ],
              [
                77.8351388888889,
                11.804583333333333
              ],
              [
                77.83402777777779,
                11.804305555555556
              ],
              [
                77.83402777777779,
                11.80375
              ],
              [
                77.83375000000001,
                11.80375
              ],
              [
                77.83402777777779,
                11.802916666666667
              ],
              [
                77.83319444444446,
                11.80263888888889
              ],
              [
                77.83347222222223,
                11.80236111111111
              ],
              [
                77.83319444444446,
                11.801527777777778
              ],
              [
                77.83402777777779,
                11.80125
              ],
              [
                77.83375000000001,
                11.800416666666667
              ],
              [
                77.83347222222223,
                11.80013888888889
              ],
              [
                77.8326388888889,
                11.80013888888889
              ],
              [
                77.83236111111113,
                11.799305555555556
              ],
              [
                77.83097222222223,
                11.798472222222223
              ],
              [
                77.83097222222223,
                11.797916666666667
              ],
              [
                77.83041666666668,
                11.797361111111112
              ],
              [
                77.8301388888889,
                11.797638888888889
              ],
              [
                77.82902777777778,
                11.797638888888889
              ],
              [
                77.82930555555556,
                11.796805555555556
              ],
              [
                77.82958333333335,
                11.796805555555556
              ],
              [
                77.82902777777778,
                11.79625
              ],
              [
                77.82930555555556,
                11.795972222222222
              ],
              [
                77.82930555555556,
                11.794583333333334
              ],
              [
                77.8301388888889,
                11.794305555555557
              ],
              [
                77.8301388888889,
                11.794027777777778
              ],
              [
                77.82875000000001,
                11.794027777777778
              ],
              [
                77.82847222222223,
                11.794583333333334
              ],
              [
                77.82736111111112,
                11.794583333333334
              ],
              [
                77.82680555555557,
                11.794027777777778
              ],
              [
                77.82625000000002,
                11.794027777777778
              ],
              [
                77.82625000000002,
                11.794305555555557
              ],
              [
                77.82541666666668,
                11.794027777777778
              ],
              [
                77.82569444444445,
                11.792916666666667
              ],
              [
                77.82625000000002,
                11.79263888888889
              ],
              [
                77.82597222222223,
                11.792083333333334
              ],
              [
                77.82736111111112,
                11.792083333333334
              ],
              [
                77.82736111111112,
                11.791805555555555
              ],
              [
                77.83097222222223,
                11.791805555555555
              ],
              [
                77.83125000000001,
                11.792083333333334
              ],
              [
                77.83125000000001,
                11.791805555555555
              ],
              [
                77.83680555555557,
                11.791805555555555
              ],
              [
                77.83680555555557,
                11.791527777777778
              ],
              [
                77.83736111111112,
                11.791527777777778
              ],
              [
                77.83736111111112,
                11.790972222222223
              ],
              [
                77.83597222222224,
                11.790694444444444
              ],
              [
                77.83597222222224,
                11.789861111111112
              ],
              [
                77.83569444444446,
                11.789583333333333
              ],
              [
                77.83458333333334,
                11.789583333333333
              ],
              [
                77.83402777777779,
                11.790416666666667
              ],
              [
                77.83347222222223,
                11.790416666666667
              ],
              [
                77.83347222222223,
                11.788472222222223
              ],
              [
                77.83291666666668,
                11.788472222222223
              ],
              [
                77.83291666666668,
                11.787916666666668
              ],
              [
                77.83069444444446,
                11.787916666666668
              ],
              [
                77.83069444444446,
                11.788194444444445
              ],
              [
                77.8301388888889,
                11.788194444444445
              ],
              [
                77.82986111111113,
                11.787083333333333
              ],
              [
                77.82958333333335,
                11.787083333333333
              ],
              [
                77.82958333333335,
                11.785972222222222
              ],
              [
                77.82930555555556,
                11.785694444444445
              ],
              [
                77.82847222222223,
                11.785694444444445
              ],
              [
                77.82902777777778,
                11.78486111111111
              ],
              [
                77.8301388888889,
                11.78486111111111
              ],
              [
                77.83041666666668,
                11.784583333333334
              ],
              [
                77.83041666666668,
                11.783750000000001
              ],
              [
                77.82986111111113,
                11.783472222222223
              ],
              [
                77.82986111111113,
                11.782916666666667
              ],
              [
                77.82930555555556,
                11.782916666666667
              ],
              [
                77.82875000000001,
                11.782083333333334
              ],
              [
                77.8301388888889,
                11.781805555555556
              ],
              [
                77.83069444444446,
                11.78125
              ],
              [
                77.8315277777778,
                11.78125
              ],
              [
                77.83208333333334,
                11.780694444444444
              ],
              [
                77.83291666666668,
                11.780694444444444
              ],
              [
                77.83347222222223,
                11.780138888888889
              ],
              [
                77.83430555555556,
                11.780138888888889
              ],
              [
                77.83430555555556,
                11.779861111111112
              ],
              [
                77.83541666666667,
                11.779583333333333
              ],
              [
                77.83569444444446,
                11.77875
              ],
              [
                77.83597222222224,
                11.779027777777777
              ],
              [
                77.83708333333334,
                11.779027777777777
              ],
              [
                77.83680555555557,
                11.778194444444445
              ],
              [
                77.83625,
                11.77763888888889
              ],
              [
                77.83569444444446,
                11.77763888888889
              ],
              [
                77.8351388888889,
                11.778194444444445
              ],
              [
                77.83430555555556,
                11.778194444444445
              ],
              [
                77.83375000000001,
                11.77875
              ],
              [
                77.83291666666668,
                11.77875
              ],
              [
                77.83236111111113,
                11.779305555555556
              ],
              [
                77.8315277777778,
                11.779305555555556
              ],
              [
                77.83097222222223,
                11.779861111111112
              ],
              [
                77.8301388888889,
                11.779861111111112
              ],
              [
                77.82958333333335,
                11.780416666666667
              ],
              [
                77.82875000000001,
                11.780416666666667
              ],
              [
                77.82819444444445,
                11.780972222222223
              ],
              [
                77.82736111111112,
                11.780972222222223
              ],
              [
                77.82680555555557,
                11.781527777777779
              ],
              [
                77.82652777777778,
                11.781527777777779
              ],
              [
                77.82680555555557,
                11.780416666666667
              ],
              [
                77.82569444444445,
                11.780138888888889
              ],
              [
                77.82569444444445,
                11.779861111111112
              ],
              [
                77.82458333333335,
                11.779861111111112
              ],
              [
                77.82402777777779,
                11.779305555555556
              ],
              [
                77.82319444444445,
                11.779305555555556
              ],
              [
                77.8226388888889,
                11.779861111111112
              ],
              [
                77.82208333333334,
                11.779861111111112
              ],
              [
                77.82180555555557,
                11.780416666666667
              ],
              [
                77.82097222222224,
                11.780138888888889
              ],
              [
                77.82041666666667,
                11.780694444444444
              ],
              [
                77.82041666666667,
                11.780138888888889
              ],
              [
                77.82097222222224,
                11.779583333333333
              ],
              [
                77.82152777777779,
                11.779583333333333
              ],
              [
                77.82180555555557,
                11.779027777777777
              ],
              [
                77.82291666666667,
                11.77875
              ],
              [
                77.82319444444445,
                11.778194444444445
              ],
              [
                77.82430555555557,
                11.777916666666668
              ],
              [
                77.82458333333335,
                11.777361111111112
              ],
              [
                77.82569444444445,
                11.777083333333334
              ],
              [
                77.82597222222223,
                11.776527777777778
              ],
              [
                77.82708333333335,
                11.776250000000001
              ],
              [
                77.82736111111112,
                11.775694444444445
              ],
              [
                77.82847222222223,
                11.775416666666667
              ],
              [
                77.82875000000001,
                11.774861111111111
              ],
              [
                77.82930555555556,
                11.774861111111111
              ],
              [
                77.82958333333335,
                11.774305555555555
              ],
              [
                77.8301388888889,
                11.774305555555555
              ],
              [
                77.83125000000001,
                11.773194444444444
              ],
              [
                77.83180555555556,
                11.773194444444444
              ],
              [
                77.83208333333334,
                11.772638888888888
              ],
              [
                77.8326388888889,
                11.772638888888888
              ],
              [
                77.83291666666668,
                11.772083333333335
              ],
              [
                77.83347222222223,
                11.772083333333335
              ],
              [
                77.83347222222223,
                11.771805555555556
              ],
              [
                77.83291666666668,
                11.771805555555556
              ],
              [
                77.83291666666668,
                11.77125
              ],
              [
                77.83208333333334,
                11.77125
              ],
              [
                77.83236111111113,
                11.769861111111112
              ],
              [
                77.83180555555556,
                11.769305555555556
              ],
              [
                77.83125000000001,
                11.76763888888889
              ],
              [
                77.8301388888889,
                11.76736111111111
              ],
              [
                77.82847222222223,
                11.769305555555556
              ],
              [
                77.8276388888889,
                11.769305555555556
              ],
              [
                77.82736111111112,
                11.769583333333333
              ],
              [
                77.82736111111112,
                11.770416666666668
              ],
              [
                77.82319444444445,
                11.774583333333334
              ],
              [
                77.8226388888889,
                11.774305555555555
              ],
              [
                77.82041666666667,
                11.776805555555557
              ],
              [
                77.8201388888889,
                11.776805555555557
              ],
              [
                77.8201388888889,
                11.776250000000001
              ],
              [
                77.82097222222224,
                11.775694444444445
              ],
              [
                77.82097222222224,
                11.77513888888889
              ],
              [
                77.8201388888889,
                11.775972222222222
              ],
              [
                77.81930555555557,
                11.775972222222222
              ],
              [
                77.81902777777779,
                11.776250000000001
              ],
              [
                77.81902777777779,
                11.775694444444445
              ],
              [
                77.81847222222223,
                11.775416666666667
              ],
              [
                77.81819444444446,
                11.774305555555555
              ],
              [
                77.81791666666668,
                11.774305555555555
              ],
              [
                77.81791666666668,
                11.77375
              ],
              [
                77.81847222222223,
                11.773194444444444
              ],
              [
                77.81791666666668,
                11.773194444444444
              ],
              [
                77.81791666666668,
                11.773472222222223
              ],
              [
                77.8176388888889,
                11.773194444444444
              ],
              [
                77.8165277777778,
                11.773194444444444
              ],
              [
                77.8165277777778,
                11.772638888888888
              ],
              [
                77.81569444444446,
                11.772083333333335
              ],
              [
                77.81569444444446,
                11.769861111111112
              ],
              [
                77.81625000000001,
                11.769305555555556
              ],
              [
                77.81708333333334,
                11.769861111111112
              ],
              [
                77.81791666666668,
                11.769027777777778
              ],
              [
                77.81791666666668,
                11.768194444444445
              ],
              [
                77.81819444444446,
                11.768194444444445
              ],
              [
                77.81791666666668,
                11.76763888888889
              ],
              [
                77.81847222222223,
                11.767083333333334
              ],
              [
                77.81902777777779,
                11.767083333333334
              ],
              [
                77.8201388888889,
                11.765694444444446
              ],
              [
                77.82069444444446,
                11.765694444444446
              ],
              [
                77.82208333333334,
                11.764027777777779
              ],
              [
                77.8226388888889,
                11.764027777777779
              ],
              [
                77.82375,
                11.762916666666667
              ],
              [
                77.82347222222224,
                11.762638888888889
              ],
              [
                77.82347222222224,
                11.761527777777777
              ],
              [
                77.82319444444445,
                11.761527777777777
              ],
              [
                77.82319444444445,
                11.762083333333333
              ],
              [
                77.82208333333334,
                11.762083333333333
              ],
              [
                77.82208333333334,
                11.762361111111112
              ],
              [
                77.82180555555557,
                11.762083333333333
              ],
              [
                77.82125,
                11.762083333333333
              ],
              [
                77.82125,
                11.762361111111112
              ],
              [
                77.82041666666667,
                11.762361111111112
              ],
              [
                77.8201388888889,
                11.762083333333333
              ],
              [
                77.8201388888889,
                11.762916666666667
              ],
              [
                77.82069444444446,
                11.763472222222223
              ],
              [
                77.82069444444446,
                11.764305555555556
              ],
              [
                77.8201388888889,
                11.764305555555556
              ],
              [
                77.8201388888889,
                11.764583333333334
              ],
              [
                77.81958333333334,
                11.764583333333334
              ],
              [
                77.81902777777779,
                11.76513888888889
              ],
              [
                77.8176388888889,
                11.76513888888889
              ],
              [
                77.81736111111113,
                11.764861111111111
              ],
              [
                77.81597222222223,
                11.766527777777778
              ],
              [
                77.8140277777778,
                11.766250000000001
              ],
              [
                77.81375000000001,
                11.765972222222222
              ],
              [
                77.8140277777778,
                11.765416666666667
              ],
              [
                77.81458333333335,
                11.765416666666667
              ],
              [
                77.81486111111113,
                11.764861111111111
              ],
              [
                77.81597222222223,
                11.764583333333334
              ],
              [
                77.81597222222223,
                11.764027777777779
              ],
              [
                77.81541666666668,
                11.76375
              ],
              [
                77.81569444444446,
                11.763472222222223
              ],
              [
                77.81569444444446,
                11.762361111111112
              ],
              [
                77.81597222222223,
                11.762361111111112
              ],
              [
                77.81597222222223,
                11.760972222222222
              ],
              [
                77.81486111111113,
                11.759861111111112
              ],
              [
                77.8151388888889,
                11.759583333333333
              ],
              [
                77.81486111111113,
                11.758750000000001
              ],
              [
                77.8140277777778,
                11.758750000000001
              ],
              [
                77.8140277777778,
                11.758194444444445
              ],
              [
                77.81375000000001,
                11.758194444444445
              ],
              [
                77.81375000000001,
                11.757916666666667
              ],
              [
                77.81486111111113,
                11.757916666666667
              ],
              [
                77.81486111111113,
                11.75763888888889
              ],
              [
                77.81430555555556,
                11.75763888888889
              ],
              [
                77.81375000000001,
                11.757083333333334
              ],
              [
                77.81152777777778,
                11.757083333333334
              ],
              [
                77.81152777777778,
                11.758472222222222
              ],
              [
                77.81041666666668,
                11.758472222222222
              ],
              [
                77.81069444444445,
                11.75513888888889
              ],
              [
                77.81041666666668,
                11.755416666666667
              ],
              [
                77.80958333333335,
                11.755416666666667
              ],
              [
                77.80958333333335,
                11.755694444444444
              ],
              [
                77.80819444444445,
                11.755694444444444
              ],
              [
                77.80819444444445,
                11.755972222222223
              ],
              [
                77.80736111111112,
                11.755972222222223
              ],
              [
                77.80708333333334,
                11.75625
              ],
              [
                77.80680555555557,
                11.755972222222223
              ],
              [
                77.80680555555557,
                11.754861111111111
              ],
              [
                77.80708333333334,
                11.754861111111111
              ],
              [
                77.80680555555557,
                11.754027777777779
              ],
              [
                77.80736111111112,
                11.753472222222223
              ],
              [
                77.80680555555557,
                11.752916666666668
              ],
              [
                77.80652777777779,
                11.753194444444444
              ],
              [
                77.80569444444446,
                11.753194444444444
              ],
              [
                77.80375000000001,
                11.75125
              ],
              [
                77.80402777777779,
                11.750972222222222
              ],
              [
                77.80402777777779,
                11.75013888888889
              ],
              [
                77.80347222222223,
                11.75013888888889
              ],
              [
                77.80347222222223,
                11.74986111111111
              ],
              [
                77.80291666666668,
                11.75013888888889
              ],
              [
                77.80291666666668,
                11.749583333333334
              ],
              [
                77.80236111111113,
                11.749027777777778
              ],
              [
                77.80152777777779,
                11.749027777777778
              ],
              [
                77.80152777777779,
                11.748472222222222
              ],
              [
                77.80069444444446,
                11.748194444444445
              ],
              [
                77.80069444444446,
                11.74763888888889
              ],
              [
                77.8001388888889,
                11.747083333333334
              ],
              [
                77.8001388888889,
                11.74625
              ],
              [
                77.79986111111113,
                11.74625
              ],
              [
                77.79986111111113,
                11.745416666666667
              ],
              [
                77.79736111111112,
                11.742916666666668
              ],
              [
                77.79541666666668,
                11.742638888888889
              ],
              [
                77.79541666666668,
                11.742083333333333
              ],
              [
                77.79486111111112,
                11.741805555555556
              ],
              [
                77.79458333333335,
                11.740416666666667
              ],
              [
                77.79402777777779,
                11.74013888888889
              ],
              [
                77.79402777777779,
                11.739305555555555
              ],
              [
                77.79430555555557,
                11.739027777777778
              ],
              [
                77.79347222222223,
                11.738194444444446
              ],
              [
                77.79347222222223,
                11.737083333333334
              ],
              [
                77.79291666666667,
                11.736805555555556
              ],
              [
                77.7926388888889,
                11.735694444444444
              ],
              [
                77.79208333333334,
                11.735416666666667
              ],
              [
                77.79208333333334,
                11.73375
              ],
              [
                77.79180555555557,
                11.73375
              ],
              [
                77.79152777777779,
                11.732361111111112
              ],
              [
                77.79125,
                11.732361111111112
              ],
              [
                77.79125,
                11.72875
              ],
              [
                77.79152777777779,
                11.72875
              ],
              [
                77.79152777777779,
                11.727916666666667
              ],
              [
                77.79180555555557,
                11.727916666666667
              ],
              [
                77.79180555555557,
                11.726805555555556
              ],
              [
                77.79152777777779,
                11.726805555555556
              ],
              [
                77.79152777777779,
                11.725694444444445
              ],
              [
                77.79125,
                11.725694444444445
              ],
              [
                77.79152777777779,
                11.724027777777778
              ],
              [
                77.79125,
                11.724027777777778
              ],
              [
                77.79097222222224,
                11.722083333333334
              ],
              [
                77.79069444444445,
                11.722083333333334
              ],
              [
                77.79097222222224,
                11.721805555555555
              ],
              [
                77.79097222222224,
                11.719861111111111
              ],
              [
                77.78986111111112,
                11.71875
              ],
              [
                77.78986111111112,
                11.71625
              ],
              [
                77.7901388888889,
                11.71625
              ],
              [
                77.7901388888889,
                11.715416666666668
              ],
              [
                77.79041666666667,
                11.715416666666668
              ],
              [
                77.79069444444445,
                11.714027777777778
              ],
              [
                77.79125,
                11.714027777777778
              ],
              [
                77.79152777777779,
                11.714583333333334
              ],
              [
                77.79236111111112,
                11.714583333333334
              ],
              [
                77.79125,
                11.713472222222222
              ],
              [
                77.79125,
                11.712361111111111
              ],
              [
                77.79180555555557,
                11.712083333333334
              ],
              [
                77.79180555555557,
                11.710972222222223
              ],
              [
                77.79208333333334,
                11.710972222222223
              ],
              [
                77.79208333333334,
                11.710138888888888
              ],
              [
                77.79236111111112,
                11.710138888888888
              ],
              [
                77.79236111111112,
                11.708472222222223
              ],
              [
                77.79208333333334,
                11.708472222222223
              ],
              [
                77.79180555555557,
                11.707083333333333
              ],
              [
                77.79097222222224,
                11.70625
              ],
              [
                77.79125,
                11.705416666666666
              ],
              [
                77.79041666666667,
                11.704583333333334
              ],
              [
                77.79041666666667,
                11.704027777777778
              ],
              [
                77.78958333333334,
                11.703194444444446
              ],
              [
                77.78902777777779,
                11.703194444444446
              ],
              [
                77.78902777777779,
                11.702916666666667
              ],
              [
                77.78736111111112,
                11.70263888888889
              ],
              [
                77.78652777777779,
                11.701805555555556
              ],
              [
                77.78652777777779,
                11.70125
              ],
              [
                77.78569444444446,
                11.700694444444444
              ],
              [
                77.7851388888889,
                11.699027777777777
              ],
              [
                77.78236111111111,
                11.696805555555557
              ],
              [
                77.78208333333335,
                11.695416666666667
              ],
              [
                77.78180555555556,
                11.695416666666667
              ],
              [
                77.78180555555556,
                11.69375
              ],
              [
                77.78152777777778,
                11.69375
              ],
              [
                77.78125000000001,
                11.69263888888889
              ],
              [
                77.78069444444445,
                11.692361111111111
              ],
              [
                77.78069444444445,
                11.691805555555556
              ],
              [
                77.7801388888889,
                11.691527777777779
              ],
              [
                77.7801388888889,
                11.690972222222223
              ],
              [
                77.77958333333335,
                11.690694444444444
              ],
              [
                77.77958333333335,
                11.690138888888889
              ],
              [
                77.77902777777778,
                11.689583333333333
              ],
              [
                77.77902777777778,
                11.68875
              ],
              [
                77.77847222222223,
                11.688194444444445
              ],
              [
                77.77847222222223,
                11.687083333333334
              ],
              [
                77.77819444444445,
                11.687083333333334
              ],
              [
                77.77819444444445,
                11.683472222222223
              ],
              [
                77.77875000000002,
                11.682916666666667
              ],
              [
                77.77930555555557,
                11.682916666666667
              ],
              [
                77.77930555555557,
                11.682361111111112
              ],
              [
                77.78041666666668,
                11.683472222222223
              ],
              [
                77.78097222222223,
                11.683472222222223
              ],
              [
                77.78125000000001,
                11.682916666666667
              ],
              [
                77.78236111111111,
                11.682916666666667
              ],
              [
                77.7826388888889,
                11.68375
              ],
              [
                77.78291666666668,
                11.68375
              ],
              [
                77.78291666666668,
                11.684583333333334
              ],
              [
                77.7826388888889,
                11.684583333333334
              ],
              [
                77.7826388888889,
                11.68513888888889
              ],
              [
                77.78236111111111,
                11.68513888888889
              ],
              [
                77.78208333333335,
                11.685972222222222
              ],
              [
                77.78291666666668,
                11.686527777777778
              ],
              [
                77.78291666666668,
                11.687083333333334
              ],
              [
                77.78319444444446,
                11.687083333333334
              ],
              [
                77.78347222222223,
                11.687916666666666
              ],
              [
                77.7840277777778,
                11.687916666666666
              ],
              [
                77.78458333333334,
                11.68875
              ],
              [
                77.78541666666668,
                11.689027777777778
              ],
              [
                77.78541666666668,
                11.689583333333333
              ],
              [
                77.78569444444446,
                11.689583333333333
              ],
              [
                77.78569444444446,
                11.690138888888889
              ],
              [
                77.78541666666668,
                11.690138888888889
              ],
              [
                77.78569444444446,
                11.69125
              ],
              [
                77.78541666666668,
                11.691527777777779
              ],
              [
                77.78708333333334,
                11.691527777777779
              ],
              [
                77.78736111111112,
                11.690972222222223
              ],
              [
                77.78819444444446,
                11.69125
              ],
              [
                77.7901388888889,
                11.693472222222223
              ],
              [
                77.79069444444445,
                11.693472222222223
              ],
              [
                77.79097222222224,
                11.695416666666667
              ],
              [
                77.79208333333334,
                11.69513888888889
              ],
              [
                77.79208333333334,
                11.694305555555555
              ],
              [
                77.79152777777779,
                11.69375
              ],
              [
                77.79152777777779,
                11.693194444444444
              ],
              [
                77.79125,
                11.693194444444444
              ],
              [
                77.79097222222224,
                11.691527777777779
              ],
              [
                77.79069444444445,
                11.691527777777779
              ],
              [
                77.79069444444445,
                11.689861111111112
              ],
              [
                77.79236111111112,
                11.689861111111112
              ],
              [
                77.79375000000002,
                11.688194444444445
              ],
              [
                77.79430555555557,
                11.688194444444445
              ],
              [
                77.79486111111112,
                11.68763888888889
              ],
              [
                77.79597222222223,
                11.68763888888889
              ],
              [
                77.79597222222223,
                11.687916666666666
              ],
              [
                77.79958333333335,
                11.687916666666666
              ],
              [
                77.79958333333335,
                11.688194444444445
              ],
              [
                77.80041666666668,
                11.688194444444445
              ],
              [
                77.80041666666668,
                11.688472222222222
              ],
              [
                77.80125000000001,
                11.68763888888889
              ],
              [
                77.8026388888889,
                11.68763888888889
              ],
              [
                77.80291666666668,
                11.687916666666666
              ],
              [
                77.8026388888889,
                11.688472222222222
              ],
              [
                77.80319444444446,
                11.68875
              ],
              [
                77.80319444444446,
                11.68763888888889
              ],
              [
                77.8026388888889,
                11.687083333333334
              ],
              [
                77.80347222222223,
                11.687083333333334
              ],
              [
                77.80347222222223,
                11.68875
              ],
              [
                77.80375000000001,
                11.68875
              ],
              [
                77.80375000000001,
                11.688194444444445
              ],
              [
                77.80430555555557,
                11.688194444444445
              ],
              [
                77.80430555555557,
                11.68875
              ],
              [
                77.80486111111112,
                11.688472222222222
              ],
              [
                77.80486111111112,
                11.687916666666666
              ],
              [
                77.80458333333334,
                11.687916666666666
              ],
              [
                77.80458333333334,
                11.68736111111111
              ],
              [
                77.80402777777779,
                11.686805555555557
              ],
              [
                77.80291666666668,
                11.686805555555557
              ],
              [
                77.8026388888889,
                11.686527777777778
              ],
              [
                77.8026388888889,
                11.684583333333334
              ],
              [
                77.80236111111113,
                11.684305555555556
              ],
              [
                77.80152777777779,
                11.684305555555556
              ],
              [
                77.80097222222223,
                11.68513888888889
              ],
              [
                77.80041666666668,
                11.68513888888889
              ],
              [
                77.80041666666668,
                11.684861111111111
              ],
              [
                77.79958333333335,
                11.68513888888889
              ],
              [
                77.79875000000001,
                11.684305555555556
              ],
              [
                77.7976388888889,
                11.685416666666667
              ],
              [
                77.79680555555557,
                11.684583333333334
              ],
              [
                77.79541666666668,
                11.684583333333334
              ],
              [
                77.79541666666668,
                11.684861111111111
              ],
              [
                77.79375000000002,
                11.68513888888889
              ],
              [
                77.79319444444445,
                11.685972222222222
              ],
              [
                77.7926388888889,
                11.685972222222222
              ],
              [
                77.79236111111112,
                11.686805555555557
              ],
              [
                77.79208333333334,
                11.686805555555557
              ],
              [
                77.79208333333334,
                11.68736111111111
              ],
              [
                77.79041666666667,
                11.68736111111111
              ],
              [
                77.78958333333334,
                11.686527777777778
              ],
              [
                77.78791666666667,
                11.686805555555557
              ],
              [
                77.78736111111112,
                11.686250000000001
              ],
              [
                77.78736111111112,
                11.685694444444445
              ],
              [
                77.78652777777779,
                11.68513888888889
              ],
              [
                77.78652777777779,
                11.684305555555556
              ],
              [
                77.78625000000001,
                11.684305555555556
              ],
              [
                77.78680555555556,
                11.682361111111112
              ],
              [
                77.78708333333334,
                11.682638888888889
              ],
              [
                77.78819444444446,
                11.682638888888889
              ],
              [
                77.7901388888889,
                11.680694444444445
              ],
              [
                77.79347222222223,
                11.679583333333333
              ],
              [
                77.79402777777779,
                11.67875
              ],
              [
                77.79680555555557,
                11.67875
              ],
              [
                77.79708333333335,
                11.678472222222222
              ],
              [
                77.79708333333335,
                11.67763888888889
              ],
              [
                77.7976388888889,
                11.67763888888889
              ],
              [
                77.7976388888889,
                11.67736111111111
              ],
              [
                77.79819444444445,
                11.67736111111111
              ],
              [
                77.79875000000001,
                11.676805555555555
              ],
              [
                77.79875000000001,
                11.676527777777778
              ],
              [
                77.79736111111112,
                11.67625
              ],
              [
                77.79736111111112,
                11.676527777777778
              ],
              [
                77.79541666666668,
                11.676805555555555
              ],
              [
                77.79541666666668,
                11.677083333333334
              ],
              [
                77.79458333333335,
                11.677083333333334
              ],
              [
                77.79402777777779,
                11.67763888888889
              ],
              [
                77.79319444444445,
                11.67763888888889
              ],
              [
                77.79319444444445,
                11.677916666666667
              ],
              [
                77.79208333333334,
                11.677916666666667
              ],
              [
                77.79208333333334,
                11.678194444444445
              ],
              [
                77.78986111111112,
                11.678194444444445
              ],
              [
                77.78930555555557,
                11.67763888888889
              ],
              [
                77.78930555555557,
                11.676527777777778
              ],
              [
                77.78958333333334,
                11.67625
              ],
              [
                77.79041666666667,
                11.675972222222223
              ],
              [
                77.79041666666667,
                11.675694444444446
              ],
              [
                77.79097222222224,
                11.675694444444446
              ],
              [
                77.79097222222224,
                11.675416666666667
              ],
              [
                77.79152777777779,
                11.675416666666667
              ],
              [
                77.79180555555557,
                11.674861111111111
              ],
              [
                77.79291666666667,
                11.674861111111111
              ],
              [
                77.79291666666667,
                11.674027777777779
              ],
              [
                77.79347222222223,
                11.674027777777779
              ],
              [
                77.79347222222223,
                11.67375
              ],
              [
                77.79541666666668,
                11.67375
              ],
              [
                77.79597222222223,
                11.673194444444444
              ],
              [
                77.79847222222223,
                11.672638888888889
              ],
              [
                77.7990277777778,
                11.672083333333333
              ],
              [
                77.79930555555556,
                11.67013888888889
              ],
              [
                77.79736111111112,
                11.670416666666666
              ],
              [
                77.79708333333335,
                11.669583333333334
              ],
              [
                77.79680555555557,
                11.669583333333334
              ],
              [
                77.79680555555557,
                11.668472222222222
              ],
              [
                77.79736111111112,
                11.668194444444445
              ],
              [
                77.79736111111112,
                11.66763888888889
              ],
              [
                77.79819444444445,
                11.667916666666667
              ],
              [
                77.79819444444445,
                11.667361111111111
              ],
              [
                77.79875000000001,
                11.667361111111111
              ],
              [
                77.7990277777778,
                11.667916666666667
              ],
              [
                77.8001388888889,
                11.668194444444445
              ],
              [
                77.80041666666668,
                11.668750000000001
              ],
              [
                77.80208333333334,
                11.668750000000001
              ],
              [
                77.80208333333334,
                11.668472222222222
              ],
              [
                77.8026388888889,
                11.668750000000001
              ],
              [
                77.8026388888889,
                11.668194444444445
              ],
              [
                77.80291666666668,
                11.668472222222222
              ],
              [
                77.80402777777779,
                11.668472222222222
              ],
              [
                77.80402777777779,
                11.66763888888889
              ],
              [
                77.80486111111112,
                11.66763888888889
              ],
              [
                77.80486111111112,
                11.666805555555555
              ],
              [
                77.80541666666667,
                11.666805555555555
              ],
              [
                77.80541666666667,
                11.66625
              ],
              [
                77.80569444444446,
                11.66625
              ],
              [
                77.80597222222224,
                11.665416666666667
              ],
              [
                77.80541666666667,
                11.665416666666667
              ],
              [
                77.80541666666667,
                11.665972222222223
              ],
              [
                77.80486111111112,
                11.665972222222223
              ],
              [
                77.80458333333334,
                11.665138888888889
              ],
              [
                77.80375000000001,
                11.665138888888889
              ],
              [
                77.80402777777779,
                11.664861111111112
              ],
              [
                77.80375000000001,
                11.663472222222223
              ],
              [
                77.80402777777779,
                11.663472222222223
              ],
              [
                77.80402777777779,
                11.662083333333333
              ],
              [
                77.80430555555557,
                11.662083333333333
              ],
              [
                77.80458333333334,
                11.66125
              ],
              [
                77.80541666666667,
                11.66125
              ],
              [
                77.80541666666667,
                11.661527777777778
              ],
              [
                77.80625,
                11.66125
              ],
              [
                77.80652777777779,
                11.661527777777778
              ],
              [
                77.80652777777779,
                11.66013888888889
              ],
              [
                77.80625,
                11.65986111111111
              ],
              [
                77.80541666666667,
                11.65986111111111
              ],
              [
                77.80569444444446,
                11.659305555555555
              ],
              [
                77.8051388888889,
                11.659305555555555
              ],
              [
                77.8051388888889,
                11.658472222222223
              ],
              [
                77.80375000000001,
                11.658194444444446
              ],
              [
                77.80319444444446,
                11.65763888888889
              ],
              [
                77.80319444444446,
                11.65625
              ],
              [
                77.80236111111113,
                11.655694444444444
              ],
              [
                77.80236111111113,
                11.655416666666667
              ],
              [
                77.80319444444446,
                11.655138888888889
              ],
              [
                77.80291666666668,
                11.652083333333334
              ],
              [
                77.80375000000001,
                11.652083333333334
              ],
              [
                77.80402777777779,
                11.652916666666668
              ],
              [
                77.80458333333334,
                11.653194444444445
              ],
              [
                77.80458333333334,
                11.654027777777777
              ],
              [
                77.80541666666667,
                11.654583333333333
              ],
              [
                77.80541666666667,
                11.655138888888889
              ],
              [
                77.80597222222224,
                11.655138888888889
              ],
              [
                77.80625,
                11.655694444444444
              ],
              [
                77.80708333333334,
                11.655694444444444
              ],
              [
                77.80736111111112,
                11.65625
              ],
              [
                77.80875000000002,
                11.654861111111112
              ],
              [
                77.81041666666668,
                11.654861111111112
              ],
              [
                77.81041666666668,
                11.655138888888889
              ],
              [
                77.81125000000002,
                11.655138888888889
              ],
              [
                77.81152777777778,
                11.654861111111112
              ],
              [
                77.81152777777778,
                11.655416666666667
              ],
              [
                77.81236111111112,
                11.655694444444444
              ],
              [
                77.81319444444445,
                11.654861111111112
              ],
              [
                77.81458333333335,
                11.654861111111112
              ],
              [
                77.8151388888889,
                11.654027777777777
              ],
              [
                77.81541666666668,
                11.654305555555556
              ],
              [
                77.81625000000001,
                11.654305555555556
              ],
              [
                77.81708333333334,
                11.655138888888889
              ],
              [
                77.81736111111113,
                11.657083333333334
              ],
              [
                77.81791666666668,
                11.657361111111111
              ],
              [
                77.81791666666668,
                11.658194444444446
              ],
              [
                77.81736111111113,
                11.658194444444446
              ],
              [
                77.8176388888889,
                11.658750000000001
              ],
              [
                77.81819444444446,
                11.658472222222223
              ],
              [
                77.81819444444446,
                11.657916666666667
              ],
              [
                77.81902777777779,
                11.657916666666667
              ],
              [
                77.81902777777779,
                11.657361111111111
              ],
              [
                77.8201388888889,
                11.657361111111111
              ],
              [
                77.8201388888889,
                11.657083333333334
              ],
              [
                77.82097222222224,
                11.657083333333334
              ],
              [
                77.82125,
                11.656527777777779
              ],
              [
                77.82208333333334,
                11.656527777777779
              ],
              [
                77.82208333333334,
                11.655972222222223
              ],
              [
                77.82291666666667,
                11.655694444444444
              ],
              [
                77.82291666666667,
                11.655416666666667
              ],
              [
                77.82319444444445,
                11.655694444444444
              ],
              [
                77.82541666666668,
                11.655972222222223
              ],
              [
                77.82541666666668,
                11.656527777777779
              ],
              [
                77.82597222222223,
                11.657083333333334
              ],
              [
                77.8251388888889,
                11.657083333333334
              ],
              [
                77.82486111111112,
                11.656805555555556
              ],
              [
                77.82430555555557,
                11.658194444444446
              ],
              [
                77.82541666666668,
                11.659305555555555
              ],
              [
                77.82569444444445,
                11.659305555555555
              ],
              [
                77.82569444444445,
                11.658750000000001
              ],
              [
                77.82625000000002,
                11.659027777777778
              ],
              [
                77.82625000000002,
                11.66013888888889
              ],
              [
                77.82708333333335,
                11.65986111111111
              ],
              [
                77.82736111111112,
                11.659305555555555
              ],
              [
                77.82819444444445,
                11.659305555555555
              ],
              [
                77.82819444444445,
                11.659027777777778
              ],
              [
                77.82958333333335,
                11.658750000000001
              ],
              [
                77.82958333333335,
                11.658194444444446
              ],
              [
                77.83041666666668,
                11.658194444444446
              ],
              [
                77.83069444444446,
                11.659027777777778
              ],
              [
                77.83208333333334,
                11.659027777777778
              ],
              [
                77.83291666666668,
                11.65986111111111
              ],
              [
                77.83319444444446,
                11.659305555555555
              ],
              [
                77.83375000000001,
                11.659305555555555
              ],
              [
                77.83375000000001,
                11.658194444444446
              ],
              [
                77.83430555555556,
                11.658194444444446
              ],
              [
                77.83486111111112,
                11.657361111111111
              ],
              [
                77.83652777777779,
                11.65763888888889
              ],
              [
                77.83736111111112,
                11.658472222222223
              ],
              [
                77.83708333333334,
                11.658472222222223
              ],
              [
                77.83680555555557,
                11.66013888888889
              ],
              [
                77.83541666666667,
                11.660694444444445
              ],
              [
                77.83541666666667,
                11.661527777777778
              ],
              [
                77.83569444444446,
                11.661805555555556
              ],
              [
                77.83625,
                11.661805555555556
              ],
              [
                77.83625,
                11.661527777777778
              ],
              [
                77.83708333333334,
                11.661805555555556
              ],
              [
                77.83680555555557,
                11.662083333333333
              ],
              [
                77.83708333333334,
                11.662916666666668
              ],
              [
                77.83791666666667,
                11.662916666666668
              ],
              [
                77.8376388888889,
                11.66375
              ],
              [
                77.83791666666667,
                11.66375
              ],
              [
                77.83819444444445,
                11.664583333333333
              ],
              [
                77.8376388888889,
                11.664583333333333
              ],
              [
                77.8376388888889,
                11.665138888888889
              ],
              [
                77.83736111111112,
                11.665138888888889
              ],
              [
                77.83708333333334,
                11.667361111111111
              ],
              [
                77.8376388888889,
                11.666805555555555
              ],
              [
                77.8376388888889,
                11.66763888888889
              ],
              [
                77.83736111111112,
                11.667916666666667
              ],
              [
                77.83847222222224,
                11.66763888888889
              ],
              [
                77.83819444444445,
                11.668194444444445
              ],
              [
                77.83875,
                11.668194444444445
              ],
              [
                77.83875,
                11.668472222222222
              ],
              [
                77.8376388888889,
                11.668472222222222
              ],
              [
                77.8376388888889,
                11.668750000000001
              ],
              [
                77.83791666666667,
                11.668750000000001
              ],
              [
                77.83791666666667,
                11.669305555555557
              ],
              [
                77.83847222222224,
                11.669305555555557
              ],
              [
                77.83847222222224,
                11.669583333333334
              ],
              [
                77.83902777777779,
                11.669583333333334
              ],
              [
                77.83958333333334,
                11.67013888888889
              ],
              [
                77.8401388888889,
                11.67013888888889
              ],
              [
                77.8401388888889,
                11.669583333333334
              ],
              [
                77.84041666666668,
                11.669583333333334
              ],
              [
                77.84041666666668,
                11.669027777777778
              ],
              [
                77.83958333333334,
                11.669027777777778
              ],
              [
                77.83958333333334,
                11.668750000000001
              ],
              [
                77.8401388888889,
                11.668750000000001
              ],
              [
                77.8401388888889,
                11.668472222222222
              ],
              [
                77.84069444444445,
                11.669027777777778
              ],
              [
                77.84208333333335,
                11.668750000000001
              ],
              [
                77.84208333333335,
                11.668194444444445
              ],
              [
                77.84319444444445,
                11.667083333333334
              ],
              [
                77.84375000000001,
                11.667083333333334
              ],
              [
                77.84375000000001,
                11.667916666666667
              ],
              [
                77.84458333333335,
                11.668194444444445
              ],
              [
                77.84458333333335,
                11.668472222222222
              ],
              [
                77.84541666666668,
                11.668472222222222
              ],
              [
                77.84541666666668,
                11.667916666666667
              ],
              [
                77.8465277777778,
                11.66763888888889
              ],
              [
                77.8465277777778,
                11.667083333333334
              ],
              [
                77.84819444444446,
                11.667083333333334
              ],
              [
                77.84819444444446,
                11.66625
              ],
              [
                77.84847222222223,
                11.66625
              ],
              [
                77.84819444444446,
                11.665416666666667
              ],
              [
                77.84875000000001,
                11.664861111111112
              ],
              [
                77.84847222222223,
                11.664583333333333
              ],
              [
                77.84875000000001,
                11.66375
              ],
              [
                77.84958333333334,
                11.66375
              ],
              [
                77.84958333333334,
                11.663472222222223
              ],
              [
                77.85013888888889,
                11.66375
              ],
              [
                77.85069444444446,
                11.663194444444445
              ],
              [
                77.85069444444446,
                11.664027777777779
              ],
              [
                77.85097222222224,
                11.664305555555556
              ],
              [
                77.85069444444446,
                11.664305555555556
              ],
              [
                77.85041666666667,
                11.666527777777778
              ],
              [
                77.85097222222224,
                11.666527777777778
              ],
              [
                77.85097222222224,
                11.667083333333334
              ],
              [
                77.85069444444446,
                11.667083333333334
              ],
              [
                77.85097222222224,
                11.667916666666667
              ],
              [
                77.85041666666667,
                11.668194444444445
              ],
              [
                77.85041666666667,
                11.669027777777778
              ],
              [
                77.85069444444446,
                11.669305555555557
              ],
              [
                77.85208333333334,
                11.669305555555557
              ],
              [
                77.85208333333334,
                11.670416666666666
              ],
              [
                77.85125000000001,
                11.670694444444445
              ],
              [
                77.85125000000001,
                11.67125
              ],
              [
                77.85236111111112,
                11.672083333333333
              ],
              [
                77.85236111111112,
                11.672916666666667
              ],
              [
                77.85180555555557,
                11.672916666666667
              ],
              [
                77.85180555555557,
                11.673194444444444
              ],
              [
                77.85291666666667,
                11.673194444444444
              ],
              [
                77.85291666666667,
                11.672361111111112
              ],
              [
                77.85319444444445,
                11.672083333333333
              ],
              [
                77.85375,
                11.672083333333333
              ],
              [
                77.85375,
                11.672638888888889
              ],
              [
                77.85402777777779,
                11.672638888888889
              ],
              [
                77.85402777777779,
                11.673194444444444
              ],
              [
                77.85347222222224,
                11.673194444444444
              ],
              [
                77.85319444444445,
                11.674027777777779
              ],
              [
                77.8526388888889,
                11.674027777777779
              ],
              [
                77.85236111111112,
                11.674583333333334
              ],
              [
                77.85180555555557,
                11.674027777777779
              ],
              [
                77.85152777777779,
                11.674861111111111
              ],
              [
                77.85208333333334,
                11.674861111111111
              ],
              [
                77.85208333333334,
                11.67513888888889
              ],
              [
                77.85319444444445,
                11.67513888888889
              ],
              [
                77.85347222222224,
                11.674861111111111
              ],
              [
                77.85430555555557,
                11.675694444444446
              ],
              [
                77.85402777777779,
                11.674583333333334
              ],
              [
                77.85430555555557,
                11.674583333333334
              ],
              [
                77.85430555555557,
                11.673194444444444
              ],
              [
                77.85458333333334,
                11.672916666666667
              ],
              [
                77.85541666666667,
                11.672916666666667
              ],
              [
                77.85541666666667,
                11.672638888888889
              ],
              [
                77.85652777777779,
                11.672916666666667
              ],
              [
                77.85680555555557,
                11.672083333333333
              ],
              [
                77.85736111111112,
                11.672083333333333
              ],
              [
                77.85736111111112,
                11.672361111111112
              ],
              [
                77.85819444444445,
                11.672083333333333
              ],
              [
                77.85819444444445,
                11.672916666666667
              ],
              [
                77.85875000000001,
                11.672916666666667
              ],
              [
                77.85875000000001,
                11.672638888888889
              ],
              [
                77.85902777777778,
                11.672916666666667
              ],
              [
                77.86041666666668,
                11.672916666666667
              ],
              [
                77.86069444444445,
                11.672638888888889
              ],
              [
                77.86069444444445,
                11.67125
              ],
              [
                77.8601388888889,
                11.670972222222222
              ],
              [
                77.8601388888889,
                11.67013888888889
              ],
              [
                77.85930555555557,
                11.669861111111112
              ],
              [
                77.85958333333335,
                11.668472222222222
              ],
              [
                77.85902777777778,
                11.668472222222222
              ],
              [
                77.85902777777778,
                11.667916666666667
              ],
              [
                77.85875000000001,
                11.667916666666667
              ],
              [
                77.85902777777778,
                11.667083333333334
              ],
              [
                77.85958333333335,
                11.667083333333334
              ],
              [
                77.85958333333335,
                11.666805555555555
              ],
              [
                77.86041666666668,
                11.667083333333334
              ],
              [
                77.86069444444445,
                11.668194444444445
              ],
              [
                77.86125000000001,
                11.668194444444445
              ],
              [
                77.86125000000001,
                11.668750000000001
              ],
              [
                77.8615277777778,
                11.668750000000001
              ],
              [
                77.8615277777778,
                11.668194444444445
              ],
              [
                77.86236111111113,
                11.668194444444445
              ],
              [
                77.86208333333335,
                11.668750000000001
              ],
              [
                77.8626388888889,
                11.669305555555557
              ],
              [
                77.86319444444446,
                11.669305555555557
              ],
              [
                77.86347222222223,
                11.669861111111112
              ],
              [
                77.86375000000001,
                11.669583333333334
              ],
              [
                77.86402777777779,
                11.669861111111112
              ],
              [
                77.8651388888889,
                11.669861111111112
              ],
              [
                77.8651388888889,
                11.669583333333334
              ],
              [
                77.86569444444446,
                11.669861111111112
              ],
              [
                77.86597222222223,
                11.669583333333334
              ],
              [
                77.86569444444446,
                11.669027777777778
              ],
              [
                77.86625000000001,
                11.669027777777778
              ],
              [
                77.86625000000001,
                11.668750000000001
              ],
              [
                77.86541666666668,
                11.668472222222222
              ],
              [
                77.8651388888889,
                11.667361111111111
              ],
              [
                77.86458333333334,
                11.667361111111111
              ],
              [
                77.86486111111113,
                11.667083333333334
              ],
              [
                77.86458333333334,
                11.66625
              ],
              [
                77.86569444444446,
                11.665138888888889
              ],
              [
                77.8651388888889,
                11.664583333333333
              ],
              [
                77.8651388888889,
                11.66375
              ],
              [
                77.86430555555556,
                11.66375
              ],
              [
                77.8651388888889,
                11.662916666666668
              ],
              [
                77.8651388888889,
                11.662083333333333
              ],
              [
                77.86486111111113,
                11.661805555555556
              ],
              [
                77.86597222222223,
                11.66125
              ],
              [
                77.86569444444446,
                11.660972222222222
              ],
              [
                77.86569444444446,
                11.66013888888889
              ],
              [
                77.86597222222223,
                11.660416666666666
              ],
              [
                77.86680555555557,
                11.660416666666666
              ],
              [
                77.86708333333334,
                11.66125
              ],
              [
                77.86791666666667,
                11.66125
              ],
              [
                77.86791666666667,
                11.661805555555556
              ],
              [
                77.86736111111112,
                11.661805555555556
              ],
              [
                77.86736111111112,
                11.661527777777778
              ],
              [
                77.86680555555557,
                11.661805555555556
              ],
              [
                77.86652777777779,
                11.661527777777778
              ],
              [
                77.86652777777779,
                11.662361111111112
              ],
              [
                77.86875,
                11.662638888888889
              ],
              [
                77.86875,
                11.663472222222223
              ],
              [
                77.86986111111112,
                11.663472222222223
              ],
              [
                77.86986111111112,
                11.663194444444445
              ],
              [
                77.86930555555557,
                11.663194444444445
              ],
              [
                77.86930555555557,
                11.661527777777778
              ],
              [
                77.86902777777779,
                11.661527777777778
              ],
              [
                77.86930555555557,
                11.66013888888889
              ],
              [
                77.86986111111112,
                11.66013888888889
              ],
              [
                77.86986111111112,
                11.659305555555555
              ],
              [
                77.87041666666667,
                11.658750000000001
              ],
              [
                77.87125000000002,
                11.658750000000001
              ],
              [
                77.87180555555557,
                11.659305555555555
              ],
              [
                77.8726388888889,
                11.659027777777778
              ],
              [
                77.8726388888889,
                11.657083333333334
              ],
              [
                77.87208333333335,
                11.657083333333334
              ],
              [
                77.87236111111112,
                11.656805555555556
              ],
              [
                77.87208333333335,
                11.655972222222223
              ],
              [
                77.87152777777779,
                11.655972222222223
              ],
              [
                77.87152777777779,
                11.657361111111111
              ],
              [
                77.87069444444445,
                11.657083333333334
              ],
              [
                77.87097222222224,
                11.656805555555556
              ],
              [
                77.87069444444445,
                11.656527777777779
              ],
              [
                77.87069444444445,
                11.655416666666667
              ],
              [
                77.87152777777779,
                11.655138888888889
              ],
              [
                77.87152777777779,
                11.654583333333333
              ],
              [
                77.87125000000002,
                11.654305555555556
              ],
              [
                77.87041666666667,
                11.654305555555556
              ],
              [
                77.87041666666667,
                11.654027777777777
              ],
              [
                77.86958333333334,
                11.654027777777777
              ],
              [
                77.86875,
                11.653194444444445
              ],
              [
                77.86875,
                11.650972222222222
              ],
              [
                77.86930555555557,
                11.650972222222222
              ],
              [
                77.86930555555557,
                11.650694444444445
              ],
              [
                77.86986111111112,
                11.650972222222222
              ],
              [
                77.86986111111112,
                11.650416666666667
              ],
              [
                77.87069444444445,
                11.65013888888889
              ],
              [
                77.87069444444445,
                11.649861111111111
              ],
              [
                77.77097222222223,
                11.649861111111111
              ],
              [
                77.77180555555556,
                11.650694444444445
              ],
              [
                77.77152777777779,
                11.651250000000001
              ],
              [
                77.77069444444446,
                11.651527777777778
              ],
              [
                77.77041666666668,
                11.652083333333334
              ],
              [
                77.76986111111113,
                11.651805555555557
              ],
              [
                77.76958333333334,
                11.652361111111112
              ],
              [
                77.76875000000001,
                11.651805555555557
              ],
              [
                77.76847222222223,
                11.652083333333334
              ],
              [
                77.76875000000001,
                11.65263888888889
              ],
              [
                77.76819444444446,
                11.65263888888889
              ],
              [
                77.76875000000001,
                11.653472222222222
              ],
              [
                77.76958333333334,
                11.653472222222222
              ],
              [
                77.7701388888889,
                11.652916666666668
              ],
              [
                77.77097222222223,
                11.653472222222222
              ],
              [
                77.77097222222223,
                11.65375
              ],
              [
                77.77041666666668,
                11.65375
              ],
              [
                77.77041666666668,
                11.655416666666667
              ],
              [
                77.7701388888889,
                11.655416666666667
              ],
              [
                77.7701388888889,
                11.65625
              ],
              [
                77.76986111111113,
                11.65625
              ],
              [
                77.76986111111113,
                11.656805555555556
              ],
              [
                77.77069444444446,
                11.657361111111111
              ],
              [
                77.77069444444446,
                11.657916666666667
              ],
              [
                77.76986111111113,
                11.657916666666667
              ],
              [
                77.7701388888889,
                11.658750000000001
              ],
              [
                77.76930555555556,
                11.659583333333334
              ],
              [
                77.7690277777778,
                11.660416666666666
              ],
              [
                77.76958333333334,
                11.660416666666666
              ],
              [
                77.76958333333334,
                11.660972222222222
              ],
              [
                77.76986111111113,
                11.660972222222222
              ],
              [
                77.7701388888889,
                11.661805555555556
              ],
              [
                77.77125000000001,
                11.661805555555556
              ],
              [
                77.77097222222223,
                11.663194444444445
              ],
              [
                77.77152777777779,
                11.663194444444445
              ],
              [
                77.77152777777779,
                11.663472222222223
              ],
              [
                77.77041666666668,
                11.663472222222223
              ],
              [
                77.7701388888889,
                11.664027777777779
              ],
              [
                77.77125000000001,
                11.664583333333333
              ],
              [
                77.77125000000001,
                11.665138888888889
              ],
              [
                77.77152777777779,
                11.665138888888889
              ],
              [
                77.77152777777779,
                11.664583333333333
              ],
              [
                77.7726388888889,
                11.664861111111112
              ],
              [
                77.77291666666667,
                11.665138888888889
              ],
              [
                77.77291666666667,
                11.665972222222223
              ],
              [
                77.77236111111112,
                11.665972222222223
              ],
              [
                77.77236111111112,
                11.666527777777778
              ],
              [
                77.77319444444446,
                11.666805555555555
              ],
              [
                77.77291666666667,
                11.667083333333334
              ],
              [
                77.77319444444446,
                11.668472222222222
              ],
              [
                77.77236111111112,
                11.668472222222222
              ],
              [
                77.77236111111112,
                11.668750000000001
              ],
              [
                77.77152777777779,
                11.668750000000001
              ],
              [
                77.77125000000001,
                11.668472222222222
              ],
              [
                77.77125000000001,
                11.669305555555557
              ],
              [
                77.77208333333334,
                11.669305555555557
              ],
              [
                77.77208333333334,
                11.669583333333334
              ],
              [
                77.77291666666667,
                11.669861111111112
              ],
              [
                77.7726388888889,
                11.670416666666666
              ],
              [
                77.77180555555556,
                11.670416666666666
              ],
              [
                77.77180555555556,
                11.67125
              ],
              [
                77.77208333333334,
                11.671527777777778
              ],
              [
                77.77152777777779,
                11.671527777777778
              ],
              [
                77.77152777777779,
                11.672638888888889
              ],
              [
                77.77125000000001,
                11.672638888888889
              ],
              [
                77.77125000000001,
                11.673194444444444
              ],
              [
                77.77180555555556,
                11.673194444444444
              ],
              [
                77.77180555555556,
                11.67375
              ],
              [
                77.77236111111112,
                11.67375
              ],
              [
                77.77236111111112,
                11.674861111111111
              ],
              [
                77.7726388888889,
                11.67513888888889
              ],
              [
                77.77208333333334,
                11.67513888888889
              ],
              [
                77.77208333333334,
                11.675694444444446
              ],
              [
                77.77180555555556,
                11.675694444444446
              ],
              [
                77.77208333333334,
                11.67625
              ],
              [
                77.77152777777779,
                11.67625
              ],
              [
                77.77208333333334,
                11.676805555555555
              ],
              [
                77.77125000000001,
                11.676805555555555
              ],
              [
                77.77069444444446,
                11.67736111111111
              ],
              [
                77.77180555555556,
                11.67736111111111
              ],
              [
                77.77180555555556,
                11.677916666666667
              ],
              [
                77.7726388888889,
                11.67763888888889
              ],
              [
                77.7726388888889,
                11.679583333333333
              ],
              [
                77.77291666666667,
                11.679305555555556
              ],
              [
                77.77347222222224,
                11.679583333333333
              ],
              [
                77.77319444444446,
                11.680416666666668
              ],
              [
                77.77402777777779,
                11.68125
              ],
              [
                77.77430555555557,
                11.682638888888889
              ],
              [
                77.77486111111112,
                11.682916666666667
              ],
              [
                77.77458333333334,
                11.683194444444444
              ],
              [
                77.77458333333334,
                11.683472222222223
              ],
              [
                77.7751388888889,
                11.683472222222223
              ],
              [
                77.77486111111112,
                11.684583333333334
              ],
              [
                77.7751388888889,
                11.684583333333334
              ],
              [
                77.77541666666667,
                11.685416666666667
              ],
              [
                77.77486111111112,
                11.685416666666667
              ],
              [
                77.77486111111112,
                11.685694444444445
              ],
              [
                77.77541666666667,
                11.685694444444445
              ],
              [
                77.77541666666667,
                11.686250000000001
              ],
              [
                77.77569444444445,
                11.686250000000001
              ],
              [
                77.77541666666667,
                11.687083333333334
              ],
              [
                77.77597222222224,
                11.68736111111111
              ],
              [
                77.77625,
                11.688472222222222
              ],
              [
                77.77680555555557,
                11.68875
              ],
              [
                77.77652777777779,
                11.690416666666668
              ],
              [
                77.77708333333334,
                11.690138888888889
              ],
              [
                77.77708333333334,
                11.690694444444444
              ],
              [
                77.77652777777779,
                11.690694444444444
              ],
              [
                77.77652777777779,
                11.691805555555556
              ],
              [
                77.77708333333334,
                11.691805555555556
              ],
              [
                77.7776388888889,
                11.692361111111111
              ],
              [
                77.7776388888889,
                11.693194444444444
              ],
              [
                77.77791666666668,
                11.693194444444444
              ],
              [
                77.7776388888889,
                11.69375
              ],
              [
                77.77819444444445,
                11.694305555555555
              ],
              [
                77.77791666666668,
                11.694861111111111
              ],
              [
                77.77847222222223,
                11.694861111111111
              ],
              [
                77.77819444444445,
                11.696527777777778
              ],
              [
                77.77875000000002,
                11.697083333333333
              ],
              [
                77.77875000000002,
                11.698194444444445
              ],
              [
                77.77902777777778,
                11.698194444444445
              ],
              [
                77.77902777777778,
                11.699027777777777
              ],
              [
                77.77875000000002,
                11.699305555555556
              ],
              [
                77.77930555555557,
                11.699861111111112
              ],
              [
                77.77930555555557,
                11.699305555555556
              ],
              [
                77.77986111111112,
                11.699027777777777
              ],
              [
                77.77986111111112,
                11.699305555555556
              ],
              [
                77.78041666666668,
                11.699305555555556
              ],
              [
                77.7801388888889,
                11.700138888888889
              ],
              [
                77.78069444444445,
                11.700138888888889
              ],
              [
                77.78069444444445,
                11.702361111111111
              ],
              [
                77.7801388888889,
                11.702083333333334
              ],
              [
                77.77986111111112,
                11.700694444444444
              ],
              [
                77.77930555555557,
                11.700416666666667
              ],
              [
                77.77958333333335,
                11.703194444444446
              ],
              [
                77.7801388888889,
                11.703750000000001
              ],
              [
                77.7801388888889,
                11.704305555555557
              ],
              [
                77.78069444444445,
                11.704305555555557
              ],
              [
                77.78041666666668,
                11.70486111111111
              ],
              [
                77.78125000000001,
                11.705694444444445
              ],
              [
                77.78125000000001,
                11.706527777777778
              ],
              [
                77.78180555555556,
                11.707083333333333
              ],
              [
                77.78236111111111,
                11.707083333333333
              ],
              [
                77.7826388888889,
                11.707916666666668
              ],
              [
                77.78291666666668,
                11.707638888888889
              ],
              [
                77.78347222222223,
                11.707916666666668
              ],
              [
                77.78347222222223,
                11.708194444444445
              ],
              [
                77.7826388888889,
                11.708194444444445
              ],
              [
                77.78291666666668,
                11.708472222222223
              ],
              [
                77.7826388888889,
                11.709027777777779
              ],
              [
                77.78319444444446,
                11.709027777777779
              ],
              [
                77.78291666666668,
                11.709583333333335
              ],
              [
                77.78347222222223,
                11.709583333333335
              ],
              [
                77.78375000000001,
                11.710416666666667
              ],
              [
                77.78430555555556,
                11.710416666666667
              ],
              [
                77.78430555555556,
                11.710694444444444
              ],
              [
                77.78375000000001,
                11.710694444444444
              ],
              [
                77.78375000000001,
                11.71125
              ],
              [
                77.78430555555556,
                11.711805555555555
              ],
              [
                77.78430555555556,
                11.71513888888889
              ],
              [
                77.7840277777778,
                11.71513888888889
              ],
              [
                77.7840277777778,
                11.71625
              ],
              [
                77.78486111111113,
                11.716527777777777
              ],
              [
                77.78486111111113,
                11.716805555555556
              ],
              [
                77.78430555555556,
                11.716805555555556
              ],
              [
                77.78430555555556,
                11.717083333333333
              ],
              [
                77.78347222222223,
                11.716805555555556
              ],
              [
                77.78347222222223,
                11.717638888888889
              ],
              [
                77.78291666666668,
                11.717638888888889
              ],
              [
                77.7826388888889,
                11.719027777777779
              ],
              [
                77.78208333333335,
                11.719305555555556
              ],
              [
                77.78208333333335,
                11.72013888888889
              ],
              [
                77.78180555555556,
                11.72013888888889
              ],
              [
                77.78180555555556,
                11.724583333333333
              ],
              [
                77.78208333333335,
                11.724583333333333
              ],
              [
                77.78208333333335,
                11.725416666666668
              ],
              [
                77.78236111111111,
                11.725416666666668
              ],
              [
                77.78236111111111,
                11.727083333333333
              ],
              [
                77.78152777777778,
                11.727083333333333
              ],
              [
                77.78152777777778,
                11.727361111111112
              ],
              [
                77.78069444444445,
                11.727361111111112
              ],
              [
                77.78069444444445,
                11.727638888888889
              ],
              [
                77.77930555555557,
                11.727638888888889
              ],
              [
                77.77930555555557,
                11.727916666666667
              ],
              [
                77.77902777777778,
                11.727916666666667
              ],
              [
                77.77930555555557,
                11.727083333333333
              ],
              [
                77.77902777777778,
                11.727083333333333
              ],
              [
                77.77902777777778,
                11.724027777777778
              ],
              [
                77.77875000000002,
                11.724027777777778
              ],
              [
                77.77875000000002,
                11.722083333333334
              ],
              [
                77.77902777777778,
                11.722083333333334
              ],
              [
                77.77875000000002,
                11.721805555555555
              ],
              [
                77.77875000000002,
                11.719305555555556
              ],
              [
                77.77902777777778,
                11.719305555555556
              ],
              [
                77.77930555555557,
                11.717638888888889
              ],
              [
                77.78069444444445,
                11.71625
              ],
              [
                77.78097222222223,
                11.713194444444445
              ],
              [
                77.78069444444445,
                11.713194444444445
              ],
              [
                77.78069444444445,
                11.712361111111111
              ],
              [
                77.7801388888889,
                11.712361111111111
              ],
              [
                77.78041666666668,
                11.711527777777778
              ],
              [
                77.77958333333335,
                11.710694444444444
              ],
              [
                77.77958333333335,
                11.709583333333335
              ],
              [
                77.77902777777778,
                11.709027777777779
              ],
              [
                77.77902777777778,
                11.708194444444445
              ],
              [
                77.77847222222223,
                11.707916666666668
              ],
              [
                77.77847222222223,
                11.707361111111112
              ],
              [
                77.77791666666668,
                11.706805555555556
              ],
              [
                77.77791666666668,
                11.705694444444445
              ],
              [
                77.7776388888889,
                11.705694444444445
              ],
              [
                77.77736111111112,
                11.704027777777778
              ],
              [
                77.77708333333334,
                11.704027777777778
              ],
              [
                77.77680555555557,
                11.702361111111111
              ],
              [
                77.77652777777779,
                11.702361111111111
              ],
              [
                77.77625,
                11.701527777777779
              ],
              [
                77.77541666666667,
                11.70125
              ],
              [
                77.77541666666667,
                11.700972222222223
              ],
              [
                77.77625,
                11.700694444444444
              ],
              [
                77.77597222222224,
                11.700416666666667
              ],
              [
                77.77597222222224,
                11.699583333333333
              ],
              [
                77.77569444444445,
                11.699583333333333
              ],
              [
                77.77569444444445,
                11.69875
              ],
              [
                77.77541666666667,
                11.69875
              ],
              [
                77.77541666666667,
                11.697916666666668
              ],
              [
                77.77458333333334,
                11.698472222222222
              ],
              [
                77.77458333333334,
                11.697916666666668
              ],
              [
                77.77402777777779,
                11.69763888888889
              ],
              [
                77.77402777777779,
                11.696527777777778
              ],
              [
                77.77458333333334,
                11.696527777777778
              ],
              [
                77.77458333333334,
                11.695694444444445
              ],
              [
                77.77430555555557,
                11.695694444444445
              ],
              [
                77.77458333333334,
                11.69513888888889
              ],
              [
                77.77375,
                11.69513888888889
              ],
              [
                77.77375,
                11.694583333333334
              ],
              [
                77.77347222222224,
                11.694583333333334
              ],
              [
                77.77347222222224,
                11.694305555555555
              ],
              [
                77.77402777777779,
                11.694305555555555
              ],
              [
                77.77402777777779,
                11.693472222222223
              ],
              [
                77.77375,
                11.693472222222223
              ],
              [
                77.77347222222224,
                11.692361111111111
              ],
              [
                77.77319444444446,
                11.692361111111111
              ],
              [
                77.77319444444446,
                11.691527777777779
              ],
              [
                77.7726388888889,
                11.690972222222223
              ],
              [
                77.7726388888889,
                11.689861111111112
              ],
              [
                77.77236111111112,
                11.689861111111112
              ],
              [
                77.77208333333334,
                11.688194444444445
              ],
              [
                77.77180555555556,
                11.688194444444445
              ],
              [
                77.77180555555556,
                11.687083333333334
              ],
              [
                77.77125000000001,
                11.686527777777778
              ],
              [
                77.77125000000001,
                11.685694444444445
              ],
              [
                77.77097222222223,
                11.685416666666667
              ],
              [
                77.77041666666668,
                11.685416666666667
              ],
              [
                77.77069444444446,
                11.685972222222222
              ],
              [
                77.76958333333334,
                11.685972222222222
              ],
              [
                77.7690277777778,
                11.684861111111111
              ],
              [
                77.76847222222223,
                11.684861111111111
              ],
              [
                77.7676388888889,
                11.684027777777779
              ],
              [
                77.7676388888889,
                11.682916666666667
              ],
              [
                77.76736111111113,
                11.682916666666667
              ],
              [
                77.76736111111113,
                11.682361111111112
              ],
              [
                77.7676388888889,
                11.682361111111112
              ],
              [
                77.76736111111113,
                11.681805555555556
              ],
              [
                77.7676388888889,
                11.681527777777777
              ],
              [
                77.76736111111113,
                11.68125
              ],
              [
                77.76652777777778,
                11.68125
              ],
              [
                77.76652777777778,
                11.680694444444445
              ],
              [
                77.76597222222223,
                11.680694444444445
              ],
              [
                77.76625000000001,
                11.680416666666668
              ],
              [
                77.76597222222223,
                11.67736111111111
              ],
              [
                77.7651388888889,
                11.67763888888889
              ],
              [
                77.7651388888889,
                11.67875
              ],
              [
                77.76486111111112,
                11.67875
              ],
              [
                77.76486111111112,
                11.679583333333333
              ],
              [
                77.7651388888889,
                11.679861111111112
              ],
              [
                77.76458333333335,
                11.679861111111112
              ],
              [
                77.76458333333335,
                11.679027777777778
              ],
              [
                77.76375000000002,
                11.678472222222222
              ],
              [
                77.76402777777778,
                11.678194444444445
              ],
              [
                77.76375000000002,
                11.67736111111111
              ],
              [
                77.76430555555557,
                11.67736111111111
              ],
              [
                77.76430555555557,
                11.67513888888889
              ],
              [
                77.76458333333335,
                11.67513888888889
              ],
              [
                77.76458333333335,
                11.675694444444446
              ],
              [
                77.76541666666668,
                11.675694444444446
              ],
              [
                77.76569444444445,
                11.67513888888889
              ],
              [
                77.76541666666668,
                11.67513888888889
              ],
              [
                77.76541666666668,
                11.674583333333334
              ],
              [
                77.76458333333335,
                11.674583333333334
              ],
              [
                77.76430555555557,
                11.674861111111111
              ],
              [
                77.76402777777778,
                11.673472222222223
              ],
              [
                77.76347222222223,
                11.672916666666667
              ],
              [
                77.76347222222223,
                11.672361111111112
              ],
              [
                77.76319444444445,
                11.672361111111112
              ],
              [
                77.76375000000002,
                11.671527777777778
              ],
              [
                77.76291666666668,
                11.671527777777778
              ],
              [
                77.76236111111112,
                11.672083333333333
              ],
              [
                77.76208333333335,
                11.671805555555556
              ],
              [
                77.76069444444445,
                11.671805555555556
              ],
              [
                77.76097222222224,
                11.670972222222222
              ],
              [
                77.76236111111112,
                11.670694444444445
              ],
              [
                77.76208333333335,
                11.669861111111112
              ],
              [
                77.7626388888889,
                11.669861111111112
              ],
              [
                77.7626388888889,
                11.668750000000001
              ],
              [
                77.76180555555557,
                11.668472222222222
              ],
              [
                77.76180555555557,
                11.668194444444445
              ],
              [
                77.76041666666667,
                11.668194444444445
              ],
              [
                77.76097222222224,
                11.66763888888889
              ],
              [
                77.76097222222224,
                11.666805555555555
              ],
              [
                77.76041666666667,
                11.666805555555555
              ],
              [
                77.76041666666667,
                11.665694444444444
              ],
              [
                77.76097222222224,
                11.665694444444444
              ],
              [
                77.76152777777779,
                11.667361111111111
              ],
              [
                77.76180555555557,
                11.667361111111111
              ],
              [
                77.76180555555557,
                11.66625
              ],
              [
                77.76125,
                11.665972222222223
              ],
              [
                77.76097222222224,
                11.664027777777779
              ],
              [
                77.7601388888889,
                11.663472222222223
              ],
              [
                77.7601388888889,
                11.662361111111112
              ],
              [
                77.75986111111112,
                11.662361111111112
              ],
              [
                77.75986111111112,
                11.664583333333333
              ],
              [
                77.75958333333334,
                11.664583333333333
              ],
              [
                77.75902777777779,
                11.664027777777779
              ],
              [
                77.75902777777779,
                11.663472222222223
              ],
              [
                77.75875,
                11.663472222222223
              ],
              [
                77.75902777777779,
                11.662638888888889
              ],
              [
                77.75819444444446,
                11.662916666666668
              ],
              [
                77.75819444444446,
                11.662361111111112
              ],
              [
                77.7576388888889,
                11.662361111111112
              ],
              [
                77.7576388888889,
                11.661805555555556
              ],
              [
                77.75736111111112,
                11.661805555555556
              ],
              [
                77.75791666666667,
                11.66125
              ],
              [
                77.75791666666667,
                11.660694444444445
              ],
              [
                77.75708333333334,
                11.660694444444445
              ],
              [
                77.75680555555557,
                11.660972222222222
              ],
              [
                77.75597222222223,
                11.66013888888889
              ],
              [
                77.75597222222223,
                11.659583333333334
              ],
              [
                77.75458333333334,
                11.659583333333334
              ],
              [
                77.75430555555556,
                11.659305555555555
              ],
              [
                77.75458333333334,
                11.658750000000001
              ],
              [
                77.75486111111113,
                11.658750000000001
              ],
              [
                77.75486111111113,
                11.659305555555555
              ],
              [
                77.75569444444446,
                11.659305555555555
              ],
              [
                77.75486111111113,
                11.658472222222223
              ],
              [
                77.75486111111113,
                11.65763888888889
              ],
              [
                77.75569444444446,
                11.65763888888889
              ],
              [
                77.75597222222223,
                11.657083333333334
              ],
              [
                77.75680555555557,
                11.65763888888889
              ],
              [
                77.75680555555557,
                11.657083333333334
              ],
              [
                77.75597222222223,
                11.656805555555556
              ],
              [
                77.75569444444446,
                11.65625
              ],
              [
                77.75486111111113,
                11.657083333333334
              ],
              [
                77.75486111111113,
                11.65625
              ],
              [
                77.75541666666668,
                11.655694444444444
              ],
              [
                77.75597222222223,
                11.655694444444444
              ],
              [
                77.75569444444446,
                11.655416666666667
              ],
              [
                77.75569444444446,
                11.654305555555556
              ],
              [
                77.7551388888889,
                11.654305555555556
              ],
              [
                77.7551388888889,
                11.65375
              ],
              [
                77.75541666666668,
                11.65375
              ],
              [
                77.75541666666668,
                11.653194444444445
              ],
              [
                77.75486111111113,
                11.653194444444445
              ],
              [
                77.7551388888889,
                11.65263888888889
              ],
              [
                77.75652777777779,
                11.652361111111112
              ],
              [
                77.75652777777779,
                11.652916666666668
              ],
              [
                77.75736111111112,
                11.653194444444445
              ],
              [
                77.75791666666667,
                11.654861111111112
              ],
              [
                77.75958333333334,
                11.654861111111112
              ],
              [
                77.75958333333334,
                11.654027777777777
              ],
              [
                77.75902777777779,
                11.654027777777777
              ],
              [
                77.75930555555557,
                11.653194444444445
              ],
              [
                77.75875,
                11.65263888888889
              ],
              [
                77.75847222222224,
                11.65263888888889
              ],
              [
                77.75847222222224,
                11.653194444444445
              ],
              [
                77.75791666666667,
                11.652916666666668
              ],
              [
                77.75791666666667,
                11.653472222222222
              ],
              [
                77.75736111111112,
                11.652916666666668
              ],
              [
                77.75736111111112,
                11.652361111111112
              ],
              [
                77.75791666666667,
                11.652361111111112
              ],
              [
                77.75736111111112,
                11.651805555555557
              ],
              [
                77.75791666666667,
                11.651805555555557
              ],
              [
                77.75819444444446,
                11.651250000000001
              ],
              [
                77.75458333333334,
                11.651527777777778
              ],
              [
                77.75458333333334,
                11.65263888888889
              ],
              [
                77.75375000000001,
                11.65263888888889
              ],
              [
                77.75347222222223,
                11.652083333333334
              ],
              [
                77.7526388888889,
                11.652083333333334
              ],
              [
                77.7526388888889,
                11.651527777777778
              ],
              [
                77.75347222222223,
                11.651527777777778
              ],
              [
                77.75347222222223,
                11.650694444444445
              ],
              [
                77.75375000000001,
                11.650416666666667
              ],
              [
                77.75236111111113,
                11.650694444444445
              ],
              [
                77.75291666666668,
                11.65013888888889
              ],
              [
                77.75375000000001,
                11.65013888888889
              ],
              [
                77.75375000000001,
                11.649861111111111
              ],
              [
                77.74902777777778,
                11.649861111111111
              ],
              [
                77.74902777777778,
                11.65013888888889
              ],
              [
                77.74847222222223,
                11.65013888888889
              ],
              [
                77.74847222222223,
                11.649861111111111
              ],
              [
                77.71625000000002,
                11.649861111111111
              ],
              [
                77.71736111111112,
                11.650972222222222
              ],
              [
                77.71902777777778,
                11.650972222222222
              ],
              [
                77.72069444444446,
                11.652916666666668
              ],
              [
                77.72291666666668,
                11.653194444444445
              ],
              [
                77.72291666666668,
                11.653472222222222
              ],
              [
                77.72319444444446,
                11.653472222222222
              ],
              [
                77.72319444444446,
                11.652361111111112
              ],
              [
                77.72347222222223,
                11.652361111111112
              ],
              [
                77.72347222222223,
                11.651250000000001
              ],
              [
                77.72375000000001,
                11.650972222222222
              ],
              [
                77.72486111111112,
                11.651250000000001
              ],
              [
                77.72513888888889,
                11.651805555555557
              ],
              [
                77.72569444444446,
                11.651805555555557
              ],
              [
                77.72625000000001,
                11.652361111111112
              ],
              [
                77.72625000000001,
                11.65375
              ],
              [
                77.72708333333334,
                11.654305555555556
              ],
              [
                77.72708333333334,
                11.654861111111112
              ],
              [
                77.72625000000001,
                11.655694444444444
              ],
              [
                77.72708333333334,
                11.65625
              ],
              [
                77.72736111111112,
                11.658472222222223
              ],
              [
                77.72930555555557,
                11.659027777777778
              ],
              [
                77.72930555555557,
                11.65986111111111
              ],
              [
                77.72958333333334,
                11.66013888888889
              ],
              [
                77.73152777777779,
                11.66013888888889
              ],
              [
                77.73152777777779,
                11.660416666666666
              ],
              [
                77.73208333333335,
                11.660416666666666
              ],
              [
                77.73291666666668,
                11.659583333333334
              ],
              [
                77.73291666666668,
                11.659027777777778
              ],
              [
                77.73347222222223,
                11.659027777777778
              ],
              [
                77.73375000000001,
                11.659583333333334
              ],
              [
                77.73430555555557,
                11.659583333333334
              ],
              [
                77.7351388888889,
                11.660416666666666
              ],
              [
                77.73541666666668,
                11.660416666666666
              ],
              [
                77.73541666666668,
                11.65986111111111
              ],
              [
                77.73625000000001,
                11.65986111111111
              ],
              [
                77.7365277777778,
                11.66013888888889
              ],
              [
                77.7365277777778,
                11.659583333333334
              ],
              [
                77.73791666666668,
                11.659583333333334
              ],
              [
                77.73875000000001,
                11.658750000000001
              ],
              [
                77.73930555555556,
                11.657083333333334
              ],
              [
                77.73986111111113,
                11.656527777777779
              ],
              [
                77.73986111111113,
                11.655972222222223
              ],
              [
                77.74041666666668,
                11.655416666666667
              ],
              [
                77.74097222222223,
                11.655416666666667
              ],
              [
                77.74097222222223,
                11.655138888888889
              ],
              [
                77.74180555555557,
                11.655138888888889
              ],
              [
                77.74180555555557,
                11.655416666666667
              ],
              [
                77.7426388888889,
                11.655138888888889
              ],
              [
                77.7426388888889,
                11.655416666666667
              ],
              [
                77.74347222222224,
                11.655416666666667
              ],
              [
                77.74402777777779,
                11.655972222222223
              ],
              [
                77.74458333333334,
                11.655972222222223
              ],
              [
                77.74486111111112,
                11.656527777777779
              ],
              [
                77.74541666666667,
                11.656527777777779
              ],
              [
                77.74875000000002,
                11.65986111111111
              ],
              [
                77.74875000000002,
                11.660416666666666
              ],
              [
                77.74930555555557,
                11.660694444444445
              ],
              [
                77.74986111111112,
                11.662361111111112
              ],
              [
                77.75069444444445,
                11.663194444444445
              ],
              [
                77.75069444444445,
                11.664027777777779
              ],
              [
                77.7515277777778,
                11.664583333333333
              ],
              [
                77.7515277777778,
                11.665138888888889
              ],
              [
                77.75208333333335,
                11.665416666666667
              ],
              [
                77.75208333333335,
                11.665972222222223
              ],
              [
                77.7526388888889,
                11.666527777777778
              ],
              [
                77.7526388888889,
                11.667361111111111
              ],
              [
                77.75319444444446,
                11.667916666666667
              ],
              [
                77.75291666666668,
                11.668750000000001
              ],
              [
                77.7540277777778,
                11.669027777777778
              ],
              [
                77.75430555555556,
                11.669861111111112
              ],
              [
                77.75486111111113,
                11.67013888888889
              ],
              [
                77.75486111111113,
                11.67125
              ],
              [
                77.75541666666668,
                11.671805555555556
              ],
              [
                77.75541666666668,
                11.672361111111112
              ],
              [
                77.75569444444446,
                11.672361111111112
              ],
              [
                77.75569444444446,
                11.673472222222223
              ],
              [
                77.75652777777779,
                11.67375
              ],
              [
                77.75652777777779,
                11.674305555555556
              ],
              [
                77.75708333333334,
                11.674583333333334
              ],
              [
                77.75708333333334,
                11.675416666666667
              ],
              [
                77.75736111111112,
                11.675416666666667
              ],
              [
                77.75736111111112,
                11.67625
              ],
              [
                77.75902777777779,
                11.67763888888889
              ],
              [
                77.75902777777779,
                11.678194444444445
              ],
              [
                77.75986111111112,
                11.679027777777778
              ],
              [
                77.75986111111112,
                11.679583333333333
              ],
              [
                77.76152777777779,
                11.68125
              ],
              [
                77.76208333333335,
                11.682916666666667
              ],
              [
                77.76125,
                11.683194444444444
              ],
              [
                77.76125,
                11.683472222222223
              ],
              [
                77.76152777777779,
                11.68375
              ],
              [
                77.76208333333335,
                11.683472222222223
              ],
              [
                77.76208333333335,
                11.68375
              ],
              [
                77.76291666666668,
                11.684027777777779
              ],
              [
                77.76291666666668,
                11.684583333333334
              ],
              [
                77.76347222222223,
                11.684861111111111
              ],
              [
                77.76402777777778,
                11.686527777777778
              ],
              [
                77.76458333333335,
                11.687083333333334
              ],
              [
                77.76458333333335,
                11.687916666666666
              ],
              [
                77.7651388888889,
                11.688194444444445
              ],
              [
                77.76569444444445,
                11.689861111111112
              ],
              [
                77.76680555555556,
                11.690972222222223
              ],
              [
                77.76680555555556,
                11.691527777777779
              ],
              [
                77.76736111111113,
                11.692083333333334
              ],
              [
                77.76736111111113,
                11.692916666666667
              ],
              [
                77.76791666666668,
                11.693472222222223
              ],
              [
                77.76791666666668,
                11.694027777777778
              ],
              [
                77.76819444444446,
                11.694027777777778
              ],
              [
                77.76847222222223,
                11.69513888888889
              ],
              [
                77.76875000000001,
                11.69513888888889
              ],
              [
                77.76875000000001,
                11.695972222222222
              ],
              [
                77.76791666666668,
                11.696250000000001
              ],
              [
                77.76791666666668,
                11.697361111111112
              ],
              [
                77.76930555555556,
                11.697083333333333
              ],
              [
                77.7701388888889,
                11.697916666666668
              ],
              [
                77.7701388888889,
                11.698472222222222
              ],
              [
                77.77041666666668,
                11.698472222222222
              ],
              [
                77.77041666666668,
                11.699027777777777
              ],
              [
                77.77097222222223,
                11.699583333333333
              ],
              [
                77.77152777777779,
                11.708194444444445
              ],
              [
                77.77180555555556,
                11.708194444444445
              ],
              [
                77.77208333333334,
                11.709583333333335
              ],
              [
                77.7726388888889,
                11.709861111111111
              ],
              [
                77.77319444444446,
                11.711527777777778
              ],
              [
                77.77347222222224,
                11.711527777777778
              ],
              [
                77.77347222222224,
                11.712361111111111
              ],
              [
                77.77402777777779,
                11.712916666666667
              ],
              [
                77.77402777777779,
                11.713472222222222
              ],
              [
                77.77486111111112,
                11.714305555555557
              ],
              [
                77.77458333333334,
                11.715972222222222
              ],
              [
                77.7751388888889,
                11.716527777777777
              ],
              [
                77.7751388888889,
                11.717361111111112
              ],
              [
                77.77486111111112,
                11.717361111111112
              ],
              [
                77.77486111111112,
                11.718194444444444
              ],
              [
                77.77458333333334,
                11.718194444444444
              ],
              [
                77.77430555555557,
                11.720416666666667
              ],
              [
                77.77402777777779,
                11.720416666666667
              ],
              [
                77.77402777777779,
                11.722083333333334
              ],
              [
                77.77375,
                11.72236111111111
              ],
              [
                77.77291666666667,
                11.72236111111111
              ],
              [
                77.77236111111112,
                11.722916666666666
              ],
              [
                77.77208333333334,
                11.724305555555556
              ],
              [
                77.77152777777779,
                11.724305555555556
              ],
              [
                77.77097222222223,
                11.724861111111112
              ],
              [
                77.77041666666668,
                11.725972222222223
              ],
              [
                77.76958333333334,
                11.725972222222223
              ],
              [
                77.7690277777778,
                11.726527777777779
              ],
              [
                77.76736111111113,
                11.727083333333333
              ],
              [
                77.76708333333335,
                11.727916666666667
              ],
              [
                77.76819444444446,
                11.727638888888889
              ],
              [
                77.76819444444446,
                11.729583333333334
              ],
              [
                77.76736111111113,
                11.729583333333334
              ],
              [
                77.76708333333335,
                11.72875
              ],
              [
                77.76597222222223,
                11.72875
              ],
              [
                77.76569444444445,
                11.729305555555555
              ],
              [
                77.76541666666668,
                11.729027777777778
              ],
              [
                77.76458333333335,
                11.729027777777778
              ],
              [
                77.76430555555557,
                11.729305555555555
              ],
              [
                77.76430555555557,
                11.730972222222222
              ],
              [
                77.76402777777778,
                11.730972222222222
              ],
              [
                77.76402777777778,
                11.731527777777778
              ],
              [
                77.76458333333335,
                11.731527777777778
              ],
              [
                77.76430555555557,
                11.73263888888889
              ],
              [
                77.76569444444445,
                11.732361111111112
              ],
              [
                77.76569444444445,
                11.732083333333334
              ],
              [
                77.76625000000001,
                11.732361111111112
              ],
              [
                77.76625000000001,
                11.733472222222222
              ],
              [
                77.76708333333335,
                11.734305555555556
              ],
              [
                77.76736111111113,
                11.735416666666667
              ],
              [
                77.76791666666668,
                11.735972222222223
              ],
              [
                77.76847222222223,
                11.735972222222223
              ],
              [
                77.76847222222223,
                11.73625
              ],
              [
                77.7690277777778,
                11.73625
              ],
              [
                77.76958333333334,
                11.736805555555556
              ],
              [
                77.76958333333334,
                11.73763888888889
              ],
              [
                77.7701388888889,
                11.73763888888889
              ],
              [
                77.7701388888889,
                11.737361111111111
              ],
              [
                77.77097222222223,
                11.73763888888889
              ],
              [
                77.77125000000001,
                11.73875
              ],
              [
                77.77041666666668,
                11.739027777777778
              ],
              [
                77.77069444444446,
                11.74125
              ],
              [
                77.77097222222223,
                11.74125
              ],
              [
                77.77125000000001,
                11.742638888888889
              ],
              [
                77.77152777777779,
                11.742638888888889
              ],
              [
                77.77180555555556,
                11.744027777777777
              ],
              [
                77.77236111111112,
                11.744583333333333
              ],
              [
                77.77291666666667,
                11.744583333333333
              ],
              [
                77.77291666666667,
                11.745138888888889
              ],
              [
                77.77319444444446,
                11.745138888888889
              ],
              [
                77.77319444444446,
                11.747361111111111
              ],
              [
                77.77375,
                11.74763888888889
              ],
              [
                77.77375,
                11.748194444444445
              ],
              [
                77.7751388888889,
                11.748194444444445
              ],
              [
                77.77541666666667,
                11.748750000000001
              ],
              [
                77.77625,
                11.749027777777778
              ],
              [
                77.77625,
                11.750694444444445
              ],
              [
                77.77569444444445,
                11.750972222222222
              ],
              [
                77.77569444444445,
                11.751805555555556
              ],
              [
                77.77625,
                11.752083333333333
              ],
              [
                77.77625,
                11.752916666666668
              ],
              [
                77.77791666666668,
                11.753194444444444
              ],
              [
                77.77791666666668,
                11.754305555555556
              ],
              [
                77.77819444444445,
                11.754583333333334
              ],
              [
                77.7776388888889,
                11.754861111111111
              ],
              [
                77.7776388888889,
                11.755416666666667
              ],
              [
                77.77819444444445,
                11.755416666666667
              ],
              [
                77.77847222222223,
                11.75625
              ],
              [
                77.77736111111112,
                11.755972222222223
              ],
              [
                77.77736111111112,
                11.756805555555555
              ],
              [
                77.77680555555557,
                11.756805555555555
              ],
              [
                77.77680555555557,
                11.757361111111111
              ],
              [
                77.77736111111112,
                11.75763888888889
              ],
              [
                77.77736111111112,
                11.758472222222222
              ],
              [
                77.77625,
                11.758472222222222
              ],
              [
                77.77597222222224,
                11.758194444444445
              ],
              [
                77.77597222222224,
                11.758750000000001
              ],
              [
                77.77652777777779,
                11.758750000000001
              ],
              [
                77.77708333333334,
                11.759583333333333
              ],
              [
                77.77819444444445,
                11.759583333333333
              ],
              [
                77.7776388888889,
                11.76013888888889
              ],
              [
                77.77791666666668,
                11.760416666666668
              ],
              [
                77.7776388888889,
                11.76125
              ],
              [
                77.77847222222223,
                11.760972222222222
              ],
              [
                77.77847222222223,
                11.760694444444445
              ],
              [
                77.78041666666668,
                11.760694444444445
              ],
              [
                77.78041666666668,
                11.76013888888889
              ],
              [
                77.78097222222223,
                11.76013888888889
              ],
              [
                77.78097222222223,
                11.759583333333333
              ],
              [
                77.78125000000001,
                11.759583333333333
              ],
              [
                77.78125000000001,
                11.76013888888889
              ],
              [
                77.78152777777778,
                11.76013888888889
              ],
              [
                77.78125000000001,
                11.760416666666668
              ],
              [
                77.78152777777778,
                11.760694444444445
              ],
              [
                77.78152777777778,
                11.761805555555556
              ],
              [
                77.78208333333335,
                11.762361111111112
              ],
              [
                77.78208333333335,
                11.762916666666667
              ],
              [
                77.78069444444445,
                11.762916666666667
              ],
              [
                77.78069444444445,
                11.76375
              ],
              [
                77.78041666666668,
                11.76375
              ],
              [
                77.78125000000001,
                11.765972222222222
              ],
              [
                77.78319444444446,
                11.766527777777778
              ],
              [
                77.78319444444446,
                11.766805555555557
              ],
              [
                77.7840277777778,
                11.767083333333334
              ],
              [
                77.78430555555556,
                11.767916666666666
              ],
              [
                77.7851388888889,
                11.767916666666666
              ],
              [
                77.7851388888889,
                11.768194444444445
              ],
              [
                77.78597222222223,
                11.768194444444445
              ],
              [
                77.78625000000001,
                11.768472222222222
              ],
              [
                77.78569444444446,
                11.770138888888889
              ],
              [
                77.78541666666668,
                11.770138888888889
              ],
              [
                77.78541666666668,
                11.772361111111111
              ],
              [
                77.78569444444446,
                11.772361111111111
              ],
              [
                77.78541666666668,
                11.772638888888888
              ],
              [
                77.78569444444446,
                11.772916666666667
              ],
              [
                77.78541666666668,
                11.77375
              ],
              [
                77.78569444444446,
                11.77375
              ],
              [
                77.78569444444446,
                11.775416666666667
              ],
              [
                77.78625000000001,
                11.775694444444445
              ],
              [
                77.78625000000001,
                11.776527777777778
              ],
              [
                77.78652777777779,
                11.776527777777778
              ],
              [
                77.78652777777779,
                11.777083333333334
              ],
              [
                77.78708333333334,
                11.777083333333334
              ],
              [
                77.78708333333334,
                11.77875
              ],
              [
                77.78763888888889,
                11.77875
              ],
              [
                77.78763888888889,
                11.779583333333333
              ],
              [
                77.78708333333334,
                11.779861111111112
              ],
              [
                77.78708333333334,
                11.780972222222223
              ],
              [
                77.78652777777779,
                11.78125
              ],
              [
                77.78652777777779,
                11.782361111111111
              ],
              [
                77.78680555555556,
                11.782361111111111
              ],
              [
                77.78680555555556,
                11.783194444444446
              ],
              [
                77.78708333333334,
                11.783194444444446
              ],
              [
                77.78680555555556,
                11.78625
              ],
              [
                77.78708333333334,
                11.785972222222222
              ],
              [
                77.78791666666667,
                11.78625
              ],
              [
                77.78847222222224,
                11.785694444444445
              ],
              [
                77.78902777777779,
                11.785972222222222
              ],
              [
                77.78902777777779,
                11.786805555555556
              ],
              [
                77.78875000000001,
                11.786805555555556
              ],
              [
                77.78902777777779,
                11.787638888888889
              ],
              [
                77.78875000000001,
                11.787638888888889
              ],
              [
                77.78847222222224,
                11.78875
              ],
              [
                77.78819444444446,
                11.78875
              ],
              [
                77.78875000000001,
                11.789305555555556
              ],
              [
                77.78847222222224,
                11.790138888888889
              ],
              [
                77.78819444444446,
                11.790138888888889
              ],
              [
                77.78819444444446,
                11.791527777777778
              ],
              [
                77.78930555555557,
                11.790694444444444
              ],
              [
                77.78930555555557,
                11.790138888888889
              ],
              [
                77.78958333333334,
                11.790416666666667
              ],
              [
                77.79041666666667,
                11.790416666666667
              ],
              [
                77.79125,
                11.791805555555555
              ],
              [
                77.79208333333334,
                11.792083333333334
              ],
              [
                77.79208333333334,
                11.792916666666667
              ],
              [
                77.79291666666667,
                11.793472222222222
              ],
              [
                77.79291666666667,
                11.793750000000001
              ],
              [
                77.79208333333334,
                11.793750000000001
              ],
              [
                77.79180555555557,
                11.794305555555557
              ]
            ],
            [
              [
                77.89736111111112,
                11.900972222222222
              ],
              [
                77.89708333333334,
                11.900694444444445
              ],
              [
                77.89736111111112,
                11.900694444444445
              ],
              [
                77.89736111111112,
                11.900972222222222
              ]
            ],
            [
              [
                77.8776388888889,
                11.90263888888889
              ],
              [
                77.8776388888889,
                11.902916666666668
              ],
              [
                77.87708333333335,
                11.902916666666668
              ],
              [
                77.87708333333335,
                11.90263888888889
              ],
              [
                77.8776388888889,
                11.90263888888889
              ]
            ],
            [
              [
                77.85069444444446,
                11.855416666666667
              ],
              [
                77.85041666666667,
                11.85513888888889
              ],
              [
                77.85069444444446,
                11.85513888888889
              ],
              [
                77.85069444444446,
                11.855416666666667
              ]
            ],
            [
              [
                77.82680555555557,
                11.80875
              ],
              [
                77.82708333333335,
                11.809027777777779
              ],
              [
                77.82680555555557,
                11.809027777777779
              ],
              [
                77.82680555555557,
                11.80875
              ]
            ],
            [
              [
                77.84347222222223,
                11.820416666666667
              ],
              [
                77.84319444444445,
                11.82013888888889
              ],
              [
                77.84347222222223,
                11.82013888888889
              ],
              [
                77.84347222222223,
                11.820416666666667
              ]
            ],
            [
              [
                77.84375000000001,
                11.819583333333334
              ],
              [
                77.84347222222223,
                11.819305555555555
              ],
              [
                77.84375000000001,
                11.819305555555555
              ],
              [
                77.84375000000001,
                11.819583333333334
              ]
            ],
            [
              [
                77.84402777777778,
                11.817083333333334
              ],
              [
                77.84402777777778,
                11.816527777777779
              ],
              [
                77.84486111111111,
                11.816805555555556
              ],
              [
                77.84486111111111,
                11.817083333333334
              ],
              [
                77.84402777777778,
                11.817083333333334
              ]
            ],
            [
              [
                77.83375000000001,
                11.80375
              ],
              [
                77.83347222222223,
                11.804027777777778
              ],
              [
                77.83347222222223,
                11.80375
              ],
              [
                77.83375000000001,
                11.80375
              ]
            ],
            [
              [
                77.83319444444446,
                11.801527777777778
              ],
              [
                77.83291666666668,
                11.80125
              ],
              [
                77.83319444444446,
                11.80125
              ],
              [
                77.83319444444446,
                11.801527777777778
              ]
            ],
            [
              [
                77.83180555555556,
                11.799027777777779
              ],
              [
                77.8315277777778,
                11.799305555555556
              ],
              [
                77.8315277777778,
                11.799027777777779
              ],
              [
                77.83180555555556,
                11.799027777777779
              ]
            ],
            [
              [
                77.83041666666668,
                11.658194444444446
              ],
              [
                77.83069444444446,
                11.657916666666667
              ],
              [
                77.83069444444446,
                11.658194444444446
              ],
              [
                77.83041666666668,
                11.658194444444446
              ]
            ],
            [
              [
                77.83930555555557,
                11.668472222222222
              ],
              [
                77.83930555555557,
                11.668750000000001
              ],
              [
                77.83875,
                11.668750000000001
              ],
              [
                77.83875,
                11.668472222222222
              ],
              [
                77.83930555555557,
                11.668472222222222
              ]
            ],
            [
              [
                77.84041666666668,
                11.668472222222222
              ],
              [
                77.84069444444445,
                11.668194444444445
              ],
              [
                77.84069444444445,
                11.668472222222222
              ],
              [
                77.84041666666668,
                11.668472222222222
              ]
            ],
            [
              [
                77.84208333333335,
                11.668194444444445
              ],
              [
                77.84180555555557,
                11.667916666666667
              ],
              [
                77.84208333333335,
                11.667916666666667
              ],
              [
                77.84208333333335,
                11.668194444444445
              ]
            ],
            [
              [
                77.84402777777778,
                11.667916666666667
              ],
              [
                77.84430555555556,
                11.66763888888889
              ],
              [
                77.84430555555556,
                11.667916666666667
              ],
              [
                77.84402777777778,
                11.667916666666667
              ]
            ],
            [
              [
                77.84458333333335,
                11.668194444444445
              ],
              [
                77.84486111111111,
                11.667916666666667
              ],
              [
                77.84486111111111,
                11.668194444444445
              ],
              [
                77.84458333333335,
                11.668194444444445
              ]
            ],
            [
              [
                77.85458333333334,
                11.672916666666667
              ],
              [
                77.85430555555557,
                11.672638888888889
              ],
              [
                77.85458333333334,
                11.672638888888889
              ],
              [
                77.85458333333334,
                11.672916666666667
              ]
            ],
            [
              [
                77.85902777777778,
                11.666805555555555
              ],
              [
                77.85902777777778,
                11.66625
              ],
              [
                77.85958333333335,
                11.66625
              ],
              [
                77.85958333333335,
                11.666805555555555
              ],
              [
                77.85902777777778,
                11.666805555555555
              ]
            ],
            [
              [
                77.85986111111112,
                11.666805555555555
              ],
              [
                77.8601388888889,
                11.666527777777778
              ],
              [
                77.8601388888889,
                11.666805555555555
              ],
              [
                77.85986111111112,
                11.666805555555555
              ]
            ],
            [
              [
                77.86708333333334,
                11.660416666666666
              ],
              [
                77.8676388888889,
                11.660416666666666
              ],
              [
                77.8676388888889,
                11.660694444444445
              ],
              [
                77.86708333333334,
                11.660694444444445
              ],
              [
                77.86708333333334,
                11.660416666666666
              ]
            ],
            [
              [
                77.8701388888889,
                11.655138888888889
              ],
              [
                77.8701388888889,
                11.654583333333333
              ],
              [
                77.87097222222224,
                11.654861111111112
              ],
              [
                77.87097222222224,
                11.655138888888889
              ],
              [
                77.8701388888889,
                11.655138888888889
              ]
            ],
            [
              [
                77.77069444444446,
                11.655416666666667
              ],
              [
                77.77069444444446,
                11.655972222222223
              ],
              [
                77.77041666666668,
                11.655972222222223
              ],
              [
                77.77041666666668,
                11.655416666666667
              ],
              [
                77.77069444444446,
                11.655416666666667
              ]
            ],
            [
              [
                77.7726388888889,
                11.664861111111112
              ],
              [
                77.77291666666667,
                11.664583333333333
              ],
              [
                77.77291666666667,
                11.664861111111112
              ],
              [
                77.7726388888889,
                11.664861111111112
              ]
            ],
            [
              [
                77.77402777777779,
                11.696527777777778
              ],
              [
                77.77375,
                11.696250000000001
              ],
              [
                77.77402777777779,
                11.696250000000001
              ],
              [
                77.77402777777779,
                11.696527777777778
              ]
            ],
            [
              [
                77.76652777777778,
                11.68125
              ],
              [
                77.76625000000001,
                11.681527777777777
              ],
              [
                77.76625000000001,
                11.68125
              ],
              [
                77.76652777777778,
                11.68125
              ]
            ],
            [
              [
                77.76569444444445,
                11.67875
              ],
              [
                77.76569444444445,
                11.679027777777778
              ],
              [
                77.7651388888889,
                11.679027777777778
              ],
              [
                77.7651388888889,
                11.67875
              ],
              [
                77.76569444444445,
                11.67875
              ]
            ],
            [
              [
                77.75736111111112,
                11.661527777777778
              ],
              [
                77.75708333333334,
                11.66125
              ],
              [
                77.75736111111112,
                11.66125
              ],
              [
                77.75736111111112,
                11.661527777777778
              ]
            ],
            [
              [
                77.75791666666667,
                11.653472222222222
              ],
              [
                77.75819444444446,
                11.65375
              ],
              [
                77.75791666666667,
                11.65375
              ],
              [
                77.75791666666667,
                11.653472222222222
              ]
            ],
            [
              [
                77.78097222222223,
                11.759583333333333
              ],
              [
                77.78069444444445,
                11.759305555555557
              ],
              [
                77.78097222222223,
                11.759305555555557
              ],
              [
                77.78097222222223,
                11.759583333333333
              ]
            ],
            [
              [
                77.79069444444445,
                11.790138888888889
              ],
              [
                77.79097222222224,
                11.790138888888889
              ],
              [
                77.79097222222224,
                11.790694444444444
              ],
              [
                77.79069444444445,
                11.790694444444444
              ],
              [
                77.79069444444445,
                11.790138888888889
              ]
            ],
            [
              [
                77.79097222222224,
                11.790138888888889
              ],
              [
                77.79125,
                11.789861111111112
              ],
              [
                77.79125,
                11.790138888888889
              ],
              [
                77.79097222222224,
                11.790138888888889
              ]
            ],
            [
              [
                77.79291666666667,
                11.792916666666667
              ],
              [
                77.79319444444445,
                11.792916666666667
              ],
              [
                77.79319444444445,
                11.793472222222222
              ],
              [
                77.79291666666667,
                11.793472222222222
              ],
              [
                77.79291666666667,
                11.792916666666667
              ]
            ],
            [
              [
                77.89680555555556,
                11.917083333333334
              ],
              [
                77.89625000000001,
                11.917361111111111
              ],
              [
                77.89625000000001,
                11.91625
              ],
              [
                77.89652777777779,
                11.91625
              ],
              [
                77.89680555555556,
                11.917083333333334
              ]
            ],
            [
              [
                77.88986111111112,
                11.914861111111112
              ],
              [
                77.8901388888889,
                11.915138888888889
              ],
              [
                77.88986111111112,
                11.915138888888889
              ],
              [
                77.88986111111112,
                11.914861111111112
              ]
            ],
            [
              [
                77.88986111111112,
                11.914861111111112
              ],
              [
                77.88958333333335,
                11.914583333333333
              ],
              [
                77.88986111111112,
                11.914583333333333
              ],
              [
                77.88986111111112,
                11.914861111111112
              ]
            ],
            [
              [
                77.88819444444445,
                11.912638888888889
              ],
              [
                77.88847222222223,
                11.912638888888889
              ],
              [
                77.88847222222223,
                11.913194444444445
              ],
              [
                77.88819444444445,
                11.913194444444445
              ],
              [
                77.88819444444445,
                11.912638888888889
              ]
            ],
            [
              [
                77.8801388888889,
                11.908194444444446
              ],
              [
                77.88041666666668,
                11.908194444444446
              ],
              [
                77.88041666666668,
                11.908750000000001
              ],
              [
                77.8801388888889,
                11.908750000000001
              ],
              [
                77.8801388888889,
                11.908194444444446
              ]
            ],
            [
              [
                77.91541666666667,
                11.905694444444444
              ],
              [
                77.9151388888889,
                11.905972222222223
              ],
              [
                77.9151388888889,
                11.905694444444444
              ],
              [
                77.91541666666667,
                11.905694444444444
              ]
            ],
            [
              [
                77.91541666666667,
                11.905694444444444
              ],
              [
                77.91569444444445,
                11.905416666666667
              ],
              [
                77.91569444444445,
                11.905694444444444
              ],
              [
                77.91541666666667,
                11.905694444444444
              ]
            ],
            [
              [
                77.91819444444445,
                11.90375
              ],
              [
                77.9201388888889,
                11.903472222222222
              ],
              [
                77.92069444444445,
                11.904305555555556
              ],
              [
                77.92152777777778,
                11.904583333333333
              ],
              [
                77.92152777777778,
                11.905138888888889
              ],
              [
                77.91930555555557,
                11.905138888888889
              ],
              [
                77.91902777777779,
                11.905416666666667
              ],
              [
                77.91902777777779,
                11.905138888888889
              ],
              [
                77.91819444444445,
                11.904861111111112
              ],
              [
                77.91819444444445,
                11.90375
              ]
            ],
            [
              [
                77.86541666666668,
                11.905138888888889
              ],
              [
                77.86569444444446,
                11.904861111111112
              ],
              [
                77.86569444444446,
                11.905138888888889
              ],
              [
                77.86541666666668,
                11.905138888888889
              ]
            ],
            [
              [
                77.9401388888889,
                11.901250000000001
              ],
              [
                77.94041666666668,
                11.901250000000001
              ],
              [
                77.94041666666668,
                11.901805555555557
              ],
              [
                77.9401388888889,
                11.901805555555557
              ],
              [
                77.9401388888889,
                11.901250000000001
              ]
            ],
            [
              [
                77.93625000000002,
                11.897083333333335
              ],
              [
                77.93597222222223,
                11.897083333333335
              ],
              [
                77.93569444444445,
                11.896527777777779
              ],
              [
                77.93625000000002,
                11.896527777777779
              ],
              [
                77.93625000000002,
                11.897083333333335
              ]
            ],
            [
              [
                77.9276388888889,
                11.895972222222223
              ],
              [
                77.92819444444446,
                11.895972222222223
              ],
              [
                77.92819444444446,
                11.896527777777779
              ],
              [
                77.9276388888889,
                11.896527777777779
              ],
              [
                77.9276388888889,
                11.895972222222223
              ]
            ],
            [
              [
                77.93569444444445,
                11.895416666666668
              ],
              [
                77.93597222222223,
                11.895416666666668
              ],
              [
                77.93597222222223,
                11.895972222222223
              ],
              [
                77.93486111111112,
                11.895972222222223
              ],
              [
                77.93486111111112,
                11.895138888888889
              ],
              [
                77.9351388888889,
                11.894861111111112
              ],
              [
                77.93569444444445,
                11.894861111111112
              ],
              [
                77.93569444444445,
                11.895416666666668
              ]
            ],
            [
              [
                77.92791666666668,
                11.894583333333333
              ],
              [
                77.92819444444446,
                11.894305555555556
              ],
              [
                77.92819444444446,
                11.894583333333333
              ],
              [
                77.92791666666668,
                11.894583333333333
              ]
            ],
            [
              [
                77.9276388888889,
                11.891527777777778
              ],
              [
                77.92847222222223,
                11.891527777777778
              ],
              [
                77.92847222222223,
                11.891805555555555
              ],
              [
                77.9276388888889,
                11.891805555555555
              ],
              [
                77.9276388888889,
                11.891527777777778
              ]
            ],
            [
              [
                77.93541666666668,
                11.889583333333334
              ],
              [
                77.93569444444445,
                11.889583333333334
              ],
              [
                77.93569444444445,
                11.89013888888889
              ],
              [
                77.9351388888889,
                11.889861111111111
              ],
              [
                77.9351388888889,
                11.88875
              ],
              [
                77.93541666666668,
                11.88875
              ],
              [
                77.93541666666668,
                11.889583333333334
              ]
            ],
            [
              [
                77.85013888888889,
                11.88875
              ],
              [
                77.85069444444446,
                11.88875
              ],
              [
                77.85069444444446,
                11.889027777777779
              ],
              [
                77.85013888888889,
                11.889027777777779
              ],
              [
                77.85013888888889,
                11.88875
              ]
            ],
            [
              [
                77.85125000000001,
                11.884027777777778
              ],
              [
                77.85180555555557,
                11.884027777777778
              ],
              [
                77.85180555555557,
                11.884305555555557
              ],
              [
                77.85236111111112,
                11.884305555555557
              ],
              [
                77.85291666666667,
                11.884861111111112
              ],
              [
                77.85291666666667,
                11.885694444444445
              ],
              [
                77.8526388888889,
                11.885694444444445
              ],
              [
                77.85236111111112,
                11.886527777777777
              ],
              [
                77.85180555555557,
                11.886527777777777
              ],
              [
                77.85152777777779,
                11.885694444444445
              ],
              [
                77.85125000000001,
                11.885694444444445
              ],
              [
                77.85125000000001,
                11.884027777777778
              ]
            ],
            [
              [
                77.86486111111113,
                11.884583333333333
              ],
              [
                77.8651388888889,
                11.884305555555557
              ],
              [
                77.8651388888889,
                11.884583333333333
              ],
              [
                77.86486111111113,
                11.884583333333333
              ]
            ],
            [
              [
                77.85625000000002,
                11.880972222222223
              ],
              [
                77.85541666666667,
                11.880694444444444
              ],
              [
                77.85541666666667,
                11.88013888888889
              ],
              [
                77.85430555555557,
                11.88013888888889
              ],
              [
                77.85430555555557,
                11.879861111111111
              ],
              [
                77.85319444444445,
                11.879583333333334
              ],
              [
                77.85291666666667,
                11.879027777777779
              ],
              [
                77.85180555555557,
                11.87875
              ],
              [
                77.85152777777779,
                11.877916666666668
              ],
              [
                77.85069444444446,
                11.878194444444444
              ],
              [
                77.85069444444446,
                11.877361111111112
              ],
              [
                77.85041666666667,
                11.877361111111112
              ],
              [
                77.85041666666667,
                11.876805555555556
              ],
              [
                77.85013888888889,
                11.876805555555556
              ],
              [
                77.84986111111112,
                11.875972222222222
              ],
              [
                77.85069444444446,
                11.875972222222222
              ],
              [
                77.85069444444446,
                11.874583333333334
              ],
              [
                77.85152777777779,
                11.874305555555557
              ],
              [
                77.85125000000001,
                11.872361111111111
              ],
              [
                77.85180555555557,
                11.872361111111111
              ],
              [
                77.85180555555557,
                11.872916666666667
              ],
              [
                77.85236111111112,
                11.873472222222222
              ],
              [
                77.85291666666667,
                11.873472222222222
              ],
              [
                77.85291666666667,
                11.872916666666667
              ],
              [
                77.85347222222224,
                11.87263888888889
              ],
              [
                77.85402777777779,
                11.873194444444445
              ],
              [
                77.85402777777779,
                11.873750000000001
              ],
              [
                77.85430555555557,
                11.873750000000001
              ],
              [
                77.85430555555557,
                11.87263888888889
              ],
              [
                77.85375,
                11.872083333333334
              ],
              [
                77.85458333333334,
                11.871805555555556
              ],
              [
                77.85458333333334,
                11.872361111111111
              ],
              [
                77.85541666666667,
                11.87263888888889
              ],
              [
                77.85541666666667,
                11.873194444444445
              ],
              [
                77.85569444444445,
                11.873194444444445
              ],
              [
                77.85569444444445,
                11.874305555555557
              ],
              [
                77.85541666666667,
                11.874583333333334
              ],
              [
                77.85569444444445,
                11.874583333333334
              ],
              [
                77.85597222222223,
                11.875972222222222
              ],
              [
                77.85708333333335,
                11.87625
              ],
              [
                77.85708333333335,
                11.876527777777778
              ],
              [
                77.85791666666668,
                11.87625
              ],
              [
                77.85791666666668,
                11.877083333333333
              ],
              [
                77.85819444444445,
                11.877083333333333
              ],
              [
                77.85819444444445,
                11.880416666666667
              ],
              [
                77.85847222222223,
                11.880416666666667
              ],
              [
                77.85819444444445,
                11.880694444444444
              ],
              [
                77.85847222222223,
                11.882916666666667
              ],
              [
                77.85736111111112,
                11.882916666666667
              ],
              [
                77.85736111111112,
                11.882361111111111
              ],
              [
                77.85652777777779,
                11.882361111111111
              ],
              [
                77.85625000000002,
                11.880972222222223
              ]
            ],
            [
              [
                77.87097222222224,
                11.881527777777778
              ],
              [
                77.87125000000002,
                11.88125
              ],
              [
                77.87125000000002,
                11.881527777777778
              ],
              [
                77.87097222222224,
                11.881527777777778
              ]
            ],
            [
              [
                77.84819444444446,
                11.873750000000001
              ],
              [
                77.84847222222223,
                11.873750000000001
              ],
              [
                77.84847222222223,
                11.874305555555557
              ],
              [
                77.84819444444446,
                11.874305555555557
              ],
              [
                77.84819444444446,
                11.873750000000001
              ]
            ],
            [
              [
                77.83180555555556,
                11.838472222222222
              ],
              [
                77.83208333333334,
                11.838472222222222
              ],
              [
                77.83208333333334,
                11.839027777777778
              ],
              [
                77.83180555555556,
                11.839027777777778
              ],
              [
                77.83180555555556,
                11.838472222222222
              ]
            ],
            [
              [
                77.83375000000001,
                11.835972222222223
              ],
              [
                77.83402777777779,
                11.835694444444444
              ],
              [
                77.83402777777779,
                11.835972222222223
              ],
              [
                77.83375000000001,
                11.835972222222223
              ]
            ],
            [
              [
                77.83208333333334,
                11.835416666666667
              ],
              [
                77.8326388888889,
                11.835416666666667
              ],
              [
                77.8326388888889,
                11.835694444444444
              ],
              [
                77.83208333333334,
                11.835694444444444
              ],
              [
                77.83208333333334,
                11.835416666666667
              ]
            ],
            [
              [
                77.83291666666668,
                11.83125
              ],
              [
                77.83347222222223,
                11.830972222222222
              ],
              [
                77.83319444444446,
                11.830416666666666
              ],
              [
                77.83430555555556,
                11.830416666666666
              ],
              [
                77.83402777777779,
                11.830972222222222
              ],
              [
                77.83430555555556,
                11.830972222222222
              ],
              [
                77.83458333333334,
                11.832361111111112
              ],
              [
                77.83430555555556,
                11.832638888888889
              ],
              [
                77.83319444444446,
                11.832361111111112
              ],
              [
                77.83319444444446,
                11.831527777777778
              ],
              [
                77.83291666666668,
                11.83125
              ]
            ],
            [
              [
                77.83180555555556,
                11.827916666666667
              ],
              [
                77.83208333333334,
                11.828194444444446
              ],
              [
                77.83208333333334,
                11.828750000000001
              ],
              [
                77.83125000000001,
                11.828472222222222
              ],
              [
                77.83125000000001,
                11.827916666666667
              ],
              [
                77.83180555555556,
                11.827916666666667
              ]
            ],
            [
              [
                77.8326388888889,
                11.828194444444446
              ],
              [
                77.83291666666668,
                11.828472222222222
              ],
              [
                77.8326388888889,
                11.828472222222222
              ],
              [
                77.8326388888889,
                11.828194444444446
              ]
            ],
            [
              [
                77.83236111111113,
                11.828194444444446
              ],
              [
                77.83236111111113,
                11.827361111111111
              ],
              [
                77.83319444444446,
                11.827361111111111
              ],
              [
                77.83319444444446,
                11.827916666666667
              ],
              [
                77.83236111111113,
                11.828194444444446
              ]
            ],
            [
              [
                77.83625,
                11.824583333333333
              ],
              [
                77.83652777777779,
                11.824305555555556
              ],
              [
                77.83652777777779,
                11.824583333333333
              ],
              [
                77.83625,
                11.824583333333333
              ]
            ],
            [
              [
                77.82486111111112,
                11.823472222222223
              ],
              [
                77.8251388888889,
                11.823472222222223
              ],
              [
                77.8251388888889,
                11.824027777777777
              ],
              [
                77.82486111111112,
                11.824027777777777
              ],
              [
                77.82486111111112,
                11.823472222222223
              ]
            ],
            [
              [
                77.82430555555557,
                11.820972222222222
              ],
              [
                77.82541666666668,
                11.819861111111111
              ],
              [
                77.82625000000002,
                11.820416666666667
              ],
              [
                77.82597222222223,
                11.820694444444445
              ],
              [
                77.82597222222223,
                11.821527777777778
              ],
              [
                77.82541666666668,
                11.821527777777778
              ],
              [
                77.82541666666668,
                11.821805555555557
              ],
              [
                77.82458333333335,
                11.821527777777778
              ],
              [
                77.82430555555557,
                11.820972222222222
              ]
            ],
            [
              [
                77.82930555555556,
                11.819305555555555
              ],
              [
                77.82958333333335,
                11.819027777777778
              ],
              [
                77.82958333333335,
                11.819305555555555
              ],
              [
                77.82930555555556,
                11.819305555555555
              ]
            ],
            [
              [
                77.81625000000001,
                11.815972222222223
              ],
              [
                77.8165277777778,
                11.815694444444444
              ],
              [
                77.8165277777778,
                11.815972222222223
              ],
              [
                77.81625000000001,
                11.815972222222223
              ]
            ],
            [
              [
                77.83236111111113,
                11.810694444444445
              ],
              [
                77.83208333333334,
                11.810694444444445
              ],
              [
                77.83236111111113,
                11.809583333333334
              ],
              [
                77.83347222222223,
                11.809583333333334
              ],
              [
                77.83402777777779,
                11.81013888888889
              ],
              [
                77.83402777777779,
                11.810694444444445
              ],
              [
                77.83319444444446,
                11.810972222222222
              ],
              [
                77.83319444444446,
                11.811805555555557
              ],
              [
                77.83236111111113,
                11.811250000000001
              ],
              [
                77.83236111111113,
                11.810694444444445
              ]
            ],
            [
              [
                77.81180555555557,
                11.806805555555556
              ],
              [
                77.81152777777778,
                11.806805555555556
              ],
              [
                77.81125000000002,
                11.805416666666668
              ],
              [
                77.81097222222223,
                11.805416666666668
              ],
              [
                77.81125000000002,
                11.805138888888889
              ],
              [
                77.81125000000002,
                11.799861111111111
              ],
              [
                77.80986111111112,
                11.800694444444446
              ],
              [
                77.80958333333335,
                11.800416666666667
              ],
              [
                77.80958333333335,
                11.799583333333334
              ],
              [
                77.80930555555557,
                11.799583333333334
              ],
              [
                77.80930555555557,
                11.797916666666667
              ],
              [
                77.81180555555557,
                11.798194444444444
              ],
              [
                77.81236111111112,
                11.79875
              ],
              [
                77.81236111111112,
                11.799583333333334
              ],
              [
                77.81291666666668,
                11.799583333333334
              ],
              [
                77.81291666666668,
                11.799861111111111
              ],
              [
                77.81375000000001,
                11.799027777777779
              ],
              [
                77.81430555555556,
                11.799305555555556
              ],
              [
                77.8140277777778,
                11.800694444444446
              ],
              [
                77.81375000000001,
                11.800694444444446
              ],
              [
                77.81375000000001,
                11.802083333333334
              ],
              [
                77.81347222222223,
                11.802083333333334
              ],
              [
                77.81347222222223,
                11.803472222222222
              ],
              [
                77.81319444444445,
                11.803472222222222
              ],
              [
                77.81319444444445,
                11.805416666666668
              ],
              [
                77.81291666666668,
                11.805416666666668
              ],
              [
                77.8126388888889,
                11.808472222222223
              ],
              [
                77.81236111111112,
                11.808472222222223
              ],
              [
                77.81180555555557,
                11.806805555555556
              ]
            ],
            [
              [
                77.83486111111112,
                11.806527777777777
              ],
              [
                77.8351388888889,
                11.806805555555556
              ],
              [
                77.83486111111112,
                11.806805555555556
              ],
              [
                77.83486111111112,
                11.806527777777777
              ]
            ],
            [
              [
                77.83430555555556,
                11.806527777777777
              ],
              [
                77.83430555555556,
                11.80625
              ],
              [
                77.83319444444446,
                11.805972222222223
              ],
              [
                77.83319444444446,
                11.805694444444445
              ],
              [
                77.8315277777778,
                11.805138888888889
              ],
              [
                77.83125000000001,
                11.804861111111112
              ],
              [
                77.8315277777778,
                11.804027777777778
              ],
              [
                77.83208333333334,
                11.804027777777778
              ],
              [
                77.83208333333334,
                11.804583333333333
              ],
              [
                77.8326388888889,
                11.804583333333333
              ],
              [
                77.8326388888889,
                11.804861111111112
              ],
              [
                77.83347222222223,
                11.804583333333333
              ],
              [
                77.83375000000001,
                11.805416666666668
              ],
              [
                77.83430555555556,
                11.805416666666668
              ],
              [
                77.83458333333334,
                11.80625
              ],
              [
                77.83486111111112,
                11.80625
              ],
              [
                77.83486111111112,
                11.806527777777777
              ],
              [
                77.83430555555556,
                11.806527777777777
              ]
            ],
            [
              [
                77.80958333333335,
                11.801527777777778
              ],
              [
                77.8101388888889,
                11.804027777777778
              ],
              [
                77.80930555555557,
                11.80375
              ],
              [
                77.80930555555557,
                11.803472222222222
              ],
              [
                77.80875000000002,
                11.803472222222222
              ],
              [
                77.80875000000002,
                11.803194444444445
              ],
              [
                77.80819444444445,
                11.803194444444445
              ],
              [
                77.80819444444445,
                11.802916666666667
              ],
              [
                77.8076388888889,
                11.802916666666667
              ],
              [
                77.8076388888889,
                11.80263888888889
              ],
              [
                77.80708333333334,
                11.80263888888889
              ],
              [
                77.80708333333334,
                11.80236111111111
              ],
              [
                77.8076388888889,
                11.80236111111111
              ],
              [
                77.80875000000002,
                11.80125
              ],
              [
                77.80958333333335,
                11.801527777777778
              ]
            ],
            [
              [
                77.8076388888889,
                11.801527777777778
              ],
              [
                77.8076388888889,
                11.801805555555555
              ],
              [
                77.80708333333334,
                11.801805555555555
              ],
              [
                77.80736111111112,
                11.801527777777778
              ],
              [
                77.80708333333334,
                11.80125
              ],
              [
                77.80708333333334,
                11.800416666666667
              ],
              [
                77.8076388888889,
                11.800416666666667
              ],
              [
                77.80791666666667,
                11.800972222222223
              ],
              [
                77.80847222222224,
                11.800972222222223
              ],
              [
                77.80819444444445,
                11.801527777777778
              ],
              [
                77.8076388888889,
                11.801527777777778
              ]
            ],
            [
              [
                77.80708333333334,
                11.800416666666667
              ],
              [
                77.80680555555557,
                11.80013888888889
              ],
              [
                77.80708333333334,
                11.80013888888889
              ],
              [
                77.80708333333334,
                11.800416666666667
              ]
            ],
            [
              [
                77.83291666666668,
                11.802916666666667
              ],
              [
                77.83319444444446,
                11.802916666666667
              ],
              [
                77.83319444444446,
                11.80375
              ],
              [
                77.83291666666668,
                11.80375
              ],
              [
                77.83291666666668,
                11.802916666666667
              ]
            ],
            [
              [
                77.83236111111113,
                11.803194444444445
              ],
              [
                77.8326388888889,
                11.803472222222222
              ],
              [
                77.83236111111113,
                11.803472222222222
              ],
              [
                77.83236111111113,
                11.803194444444445
              ]
            ],
            [
              [
                77.83180555555556,
                11.803194444444445
              ],
              [
                77.8315277777778,
                11.80263888888889
              ],
              [
                77.83236111111113,
                11.802916666666667
              ],
              [
                77.83236111111113,
                11.803194444444445
              ],
              [
                77.83180555555556,
                11.803194444444445
              ]
            ],
            [
              [
                77.83069444444446,
                11.80236111111111
              ],
              [
                77.83125000000001,
                11.80236111111111
              ],
              [
                77.83125000000001,
                11.80263888888889
              ],
              [
                77.83069444444446,
                11.80263888888889
              ],
              [
                77.83069444444446,
                11.80236111111111
              ]
            ],
            [
              [
                77.83041666666668,
                11.802083333333334
              ],
              [
                77.8301388888889,
                11.80236111111111
              ],
              [
                77.8301388888889,
                11.802083333333334
              ],
              [
                77.83041666666668,
                11.802083333333334
              ]
            ],
            [
              [
                77.82958333333335,
                11.802083333333334
              ],
              [
                77.82958333333335,
                11.801805555555555
              ],
              [
                77.8301388888889,
                11.801805555555555
              ],
              [
                77.8301388888889,
                11.802083333333334
              ],
              [
                77.82958333333335,
                11.802083333333334
              ]
            ],
            [
              [
                77.83041666666668,
                11.802083333333334
              ],
              [
                77.83069444444446,
                11.801805555555555
              ],
              [
                77.83069444444446,
                11.802083333333334
              ],
              [
                77.83041666666668,
                11.802083333333334
              ]
            ],
            [
              [
                77.80458333333334,
                11.802083333333334
              ],
              [
                77.80486111111112,
                11.801805555555555
              ],
              [
                77.80486111111112,
                11.802083333333334
              ],
              [
                77.80458333333334,
                11.802083333333334
              ]
            ],
            [
              [
                77.8151388888889,
                11.80125
              ],
              [
                77.81458333333335,
                11.801527777777778
              ],
              [
                77.81458333333335,
                11.80013888888889
              ],
              [
                77.8151388888889,
                11.800416666666667
              ],
              [
                77.8151388888889,
                11.80125
              ]
            ],
            [
              [
                77.8176388888889,
                11.800416666666667
              ],
              [
                77.81819444444446,
                11.799861111111111
              ],
              [
                77.81875000000001,
                11.800694444444446
              ],
              [
                77.81791666666668,
                11.80125
              ],
              [
                77.81819444444446,
                11.800416666666667
              ],
              [
                77.8176388888889,
                11.800416666666667
              ]
            ],
            [
              [
                77.82430555555557,
                11.800972222222223
              ],
              [
                77.8251388888889,
                11.799583333333334
              ],
              [
                77.82458333333335,
                11.799305555555556
              ],
              [
                77.82458333333335,
                11.79875
              ],
              [
                77.82541666666668,
                11.797916666666667
              ],
              [
                77.82541666666668,
                11.798194444444444
              ],
              [
                77.82597222222223,
                11.798194444444444
              ],
              [
                77.82597222222223,
                11.79875
              ],
              [
                77.82652777777778,
                11.799027777777779
              ],
              [
                77.82652777777778,
                11.799583333333334
              ],
              [
                77.82708333333335,
                11.799583333333334
              ],
              [
                77.82736111111112,
                11.800694444444446
              ],
              [
                77.82652777777778,
                11.800416666666667
              ],
              [
                77.82652777777778,
                11.80125
              ],
              [
                77.82569444444445,
                11.80125
              ],
              [
                77.8251388888889,
                11.800694444444446
              ],
              [
                77.82486111111112,
                11.800694444444446
              ],
              [
                77.82486111111112,
                11.80125
              ],
              [
                77.82375,
                11.80125
              ],
              [
                77.82375,
                11.800972222222223
              ],
              [
                77.82430555555557,
                11.800972222222223
              ]
            ],
            [
              [
                77.82319444444445,
                11.800972222222223
              ],
              [
                77.82319444444445,
                11.800416666666667
              ],
              [
                77.82347222222224,
                11.800416666666667
              ],
              [
                77.82375,
                11.800972222222223
              ],
              [
                77.82319444444445,
                11.800972222222223
              ]
            ],
            [
              [
                77.79541666666668,
                11.800416666666667
              ],
              [
                77.79486111111112,
                11.800972222222223
              ],
              [
                77.79486111111112,
                11.800416666666667
              ],
              [
                77.79541666666668,
                11.800416666666667
              ]
            ],
            [
              [
                77.83180555555556,
                11.799861111111111
              ],
              [
                77.83208333333334,
                11.799583333333334
              ],
              [
                77.83208333333334,
                11.799861111111111
              ],
              [
                77.83180555555556,
                11.799861111111111
              ]
            ],
            [
              [
                77.81708333333334,
                11.799027777777779
              ],
              [
                77.8176388888889,
                11.799027777777779
              ],
              [
                77.81736111111113,
                11.799583333333334
              ],
              [
                77.81708333333334,
                11.799583333333334
              ],
              [
                77.81708333333334,
                11.799027777777779
              ]
            ],
            [
              [
                77.8176388888889,
                11.799027777777779
              ],
              [
                77.81791666666668,
                11.79875
              ],
              [
                77.81791666666668,
                11.799027777777779
              ],
              [
                77.8176388888889,
                11.799027777777779
              ]
            ],
            [
              [
                77.81847222222223,
                11.798472222222223
              ],
              [
                77.81847222222223,
                11.799305555555556
              ],
              [
                77.81819444444446,
                11.799305555555556
              ],
              [
                77.81819444444446,
                11.798472222222223
              ],
              [
                77.81847222222223,
                11.798472222222223
              ]
            ],
            [
              [
                77.81819444444446,
                11.798472222222223
              ],
              [
                77.81791666666668,
                11.798194444444444
              ],
              [
                77.81819444444446,
                11.798194444444444
              ],
              [
                77.81819444444446,
                11.798472222222223
              ]
            ],
            [
              [
                77.82152777777779,
                11.798194444444444
              ],
              [
                77.82041666666667,
                11.797083333333333
              ],
              [
                77.82041666666667,
                11.79625
              ],
              [
                77.82097222222224,
                11.795972222222222
              ],
              [
                77.82097222222224,
                11.795416666666666
              ],
              [
                77.82180555555557,
                11.795416666666666
              ],
              [
                77.8226388888889,
                11.79625
              ],
              [
                77.8226388888889,
                11.796805555555556
              ],
              [
                77.82291666666667,
                11.796805555555556
              ],
              [
                77.8226388888889,
                11.798472222222223
              ],
              [
                77.82236111111112,
                11.798472222222223
              ],
              [
                77.82208333333334,
                11.799305555555556
              ],
              [
                77.82152777777779,
                11.799027777777779
              ],
              [
                77.82152777777779,
                11.798194444444444
              ]
            ],
            [
              [
                77.8140277777778,
                11.798472222222223
              ],
              [
                77.81458333333335,
                11.798472222222223
              ],
              [
                77.81458333333335,
                11.79875
              ],
              [
                77.8140277777778,
                11.79875
              ],
              [
                77.8140277777778,
                11.798472222222223
              ]
            ],
            [
              [
                77.8165277777778,
                11.79875
              ],
              [
                77.81680555555556,
                11.798472222222223
              ],
              [
                77.81680555555556,
                11.79875
              ],
              [
                77.8165277777778,
                11.79875
              ]
            ],
            [
              [
                77.81680555555556,
                11.798194444444444
              ],
              [
                77.81625000000001,
                11.798194444444444
              ],
              [
                77.81625000000001,
                11.798472222222223
              ],
              [
                77.81569444444446,
                11.798472222222223
              ],
              [
                77.81597222222223,
                11.797916666666667
              ],
              [
                77.81680555555556,
                11.797916666666667
              ],
              [
                77.81680555555556,
                11.798194444444444
              ]
            ],
            [
              [
                77.81291666666668,
                11.796805555555556
              ],
              [
                77.81236111111112,
                11.796527777777778
              ],
              [
                77.81236111111112,
                11.797361111111112
              ],
              [
                77.81152777777778,
                11.797083333333333
              ],
              [
                77.81180555555557,
                11.79625
              ],
              [
                77.81208333333335,
                11.79625
              ],
              [
                77.81208333333335,
                11.794583333333334
              ],
              [
                77.81236111111112,
                11.794583333333334
              ],
              [
                77.8126388888889,
                11.791805555555555
              ],
              [
                77.81319444444445,
                11.792083333333334
              ],
              [
                77.81347222222223,
                11.793472222222222
              ],
              [
                77.81375000000001,
                11.793472222222222
              ],
              [
                77.81375000000001,
                11.794027777777778
              ],
              [
                77.81430555555556,
                11.794583333333334
              ],
              [
                77.8140277777778,
                11.794861111111112
              ],
              [
                77.81430555555556,
                11.79513888888889
              ],
              [
                77.8140277777778,
                11.795416666666666
              ],
              [
                77.81430555555556,
                11.797361111111112
              ],
              [
                77.81347222222223,
                11.797361111111112
              ],
              [
                77.81319444444445,
                11.798194444444444
              ],
              [
                77.81291666666668,
                11.798194444444444
              ],
              [
                77.81291666666668,
                11.797638888888889
              ],
              [
                77.8126388888889,
                11.797638888888889
              ],
              [
                77.81291666666668,
                11.796805555555556
              ]
            ],
            [
              [
                77.81125000000002,
                11.797638888888889
              ],
              [
                77.81180555555557,
                11.797638888888889
              ],
              [
                77.81180555555557,
                11.797916666666667
              ],
              [
                77.81125000000002,
                11.797916666666667
              ],
              [
                77.81125000000002,
                11.797638888888889
              ]
            ],
            [
              [
                77.81208333333335,
                11.797916666666667
              ],
              [
                77.81236111111112,
                11.797638888888889
              ],
              [
                77.81236111111112,
                11.797916666666667
              ],
              [
                77.81208333333335,
                11.797916666666667
              ]
            ],
            [
              [
                77.8151388888889,
                11.797916666666667
              ],
              [
                77.81541666666668,
                11.797638888888889
              ],
              [
                77.81541666666668,
                11.797916666666667
              ],
              [
                77.8151388888889,
                11.797916666666667
              ]
            ],
            [
              [
                77.79430555555557,
                11.797361111111112
              ],
              [
                77.79458333333335,
                11.797083333333333
              ],
              [
                77.79458333333335,
                11.797361111111112
              ],
              [
                77.79430555555557,
                11.797361111111112
              ]
            ],
            [
              [
                77.80958333333335,
                11.797083333333333
              ],
              [
                77.80930555555557,
                11.797361111111112
              ],
              [
                77.80930555555557,
                11.797083333333333
              ],
              [
                77.80958333333335,
                11.797083333333333
              ]
            ],
            [
              [
                77.80958333333335,
                11.796527777777778
              ],
              [
                77.8101388888889,
                11.796527777777778
              ],
              [
                77.8101388888889,
                11.796805555555556
              ],
              [
                77.80958333333335,
                11.797083333333333
              ],
              [
                77.80958333333335,
                11.796527777777778
              ]
            ],
            [
              [
                77.81736111111113,
                11.796805555555556
              ],
              [
                77.81819444444446,
                11.795694444444445
              ],
              [
                77.81819444444446,
                11.797361111111112
              ],
              [
                77.8176388888889,
                11.797361111111112
              ],
              [
                77.8176388888889,
                11.796805555555556
              ],
              [
                77.81736111111113,
                11.796805555555556
              ]
            ],
            [
              [
                77.81847222222223,
                11.79513888888889
              ],
              [
                77.81819444444446,
                11.795416666666666
              ],
              [
                77.81819444444446,
                11.79513888888889
              ],
              [
                77.81847222222223,
                11.79513888888889
              ]
            ],
            [
              [
                77.81847222222223,
                11.79513888888889
              ],
              [
                77.81875000000001,
                11.794861111111112
              ],
              [
                77.81875000000001,
                11.79513888888889
              ],
              [
                77.81847222222223,
                11.79513888888889
              ]
            ],
            [
              [
                77.80986111111112,
                11.793472222222222
              ],
              [
                77.80930555555557,
                11.792916666666667
              ],
              [
                77.80930555555557,
                11.792361111111111
              ],
              [
                77.80902777777779,
                11.792361111111111
              ],
              [
                77.80875000000002,
                11.79125
              ],
              [
                77.80847222222224,
                11.79125
              ],
              [
                77.80847222222224,
                11.790416666666667
              ],
              [
                77.80791666666667,
                11.789861111111112
              ],
              [
                77.8076388888889,
                11.78875
              ],
              [
                77.80680555555557,
                11.788194444444445
              ],
              [
                77.80680555555557,
                11.787361111111112
              ],
              [
                77.80597222222224,
                11.787083333333333
              ],
              [
                77.80625,
                11.785972222222222
              ],
              [
                77.80569444444446,
                11.785416666666666
              ],
              [
                77.80569444444446,
                11.78486111111111
              ],
              [
                77.80541666666667,
                11.78486111111111
              ],
              [
                77.80541666666667,
                11.784027777777778
              ],
              [
                77.80430555555557,
                11.782916666666667
              ],
              [
                77.80430555555557,
                11.780694444444444
              ],
              [
                77.8051388888889,
                11.780416666666667
              ],
              [
                77.8051388888889,
                11.780138888888889
              ],
              [
                77.80569444444446,
                11.780694444444444
              ],
              [
                77.80625,
                11.780694444444444
              ],
              [
                77.80625,
                11.78125
              ],
              [
                77.80652777777779,
                11.78125
              ],
              [
                77.80625,
                11.783750000000001
              ],
              [
                77.80652777777779,
                11.783750000000001
              ],
              [
                77.80680555555557,
                11.784583333333334
              ],
              [
                77.80791666666667,
                11.78486111111111
              ],
              [
                77.80930555555557,
                11.783472222222223
              ],
              [
                77.80958333333335,
                11.78486111111111
              ],
              [
                77.80986111111112,
                11.78486111111111
              ],
              [
                77.80986111111112,
                11.785694444444445
              ],
              [
                77.81069444444445,
                11.78513888888889
              ],
              [
                77.81069444444445,
                11.785694444444445
              ],
              [
                77.80902777777779,
                11.787361111111112
              ],
              [
                77.80902777777779,
                11.788194444444445
              ],
              [
                77.80958333333335,
                11.788472222222223
              ],
              [
                77.80958333333335,
                11.789027777777779
              ],
              [
                77.8101388888889,
                11.789583333333333
              ],
              [
                77.81069444444445,
                11.789583333333333
              ],
              [
                77.8101388888889,
                11.789027777777779
              ],
              [
                77.8101388888889,
                11.788472222222223
              ],
              [
                77.81069444444445,
                11.788472222222223
              ],
              [
                77.81097222222223,
                11.787916666666668
              ],
              [
                77.81125000000002,
                11.787916666666668
              ],
              [
                77.81152777777778,
                11.789027777777779
              ],
              [
                77.81208333333335,
                11.789027777777779
              ],
              [
                77.81208333333335,
                11.789305555555556
              ],
              [
                77.81125000000002,
                11.789305555555556
              ],
              [
                77.81097222222223,
                11.789583333333333
              ],
              [
                77.81097222222223,
                11.790972222222223
              ],
              [
                77.81069444444445,
                11.790972222222223
              ],
              [
                77.81069444444445,
                11.793194444444445
              ],
              [
                77.81097222222223,
                11.793194444444445
              ],
              [
                77.81097222222223,
                11.794027777777778
              ],
              [
                77.81125000000002,
                11.794027777777778
              ],
              [
                77.81125000000002,
                11.79513888888889
              ],
              [
                77.81097222222223,
                11.794861111111112
              ],
              [
                77.81041666666668,
                11.79513888888889
              ],
              [
                77.81041666666668,
                11.794583333333334
              ],
              [
                77.80986111111112,
                11.794305555555557
              ],
              [
                77.80986111111112,
                11.793472222222222
              ]
            ],
            [
              [
                77.79569444444445,
                11.789027777777779
              ],
              [
                77.79597222222223,
                11.789305555555556
              ],
              [
                77.79569444444445,
                11.789305555555556
              ],
              [
                77.79569444444445,
                11.789027777777779
              ]
            ],
            [
              [
                77.79569444444445,
                11.789027777777779
              ],
              [
                77.79541666666668,
                11.78875
              ],
              [
                77.79569444444445,
                11.78875
              ],
              [
                77.79569444444445,
                11.789027777777779
              ]
            ],
            [
              [
                77.79430555555557,
                11.787083333333333
              ],
              [
                77.7951388888889,
                11.787083333333333
              ],
              [
                77.79541666666668,
                11.788472222222223
              ],
              [
                77.79458333333335,
                11.788194444444445
              ],
              [
                77.79430555555557,
                11.787083333333333
              ]
            ],
            [
              [
                77.82541666666668,
                11.786527777777778
              ],
              [
                77.82625000000002,
                11.786805555555556
              ],
              [
                77.82652777777778,
                11.786527777777778
              ],
              [
                77.82625000000002,
                11.787361111111112
              ],
              [
                77.82569444444445,
                11.787361111111112
              ],
              [
                77.82541666666668,
                11.786527777777778
              ]
            ],
            [
              [
                77.80291666666668,
                11.78625
              ],
              [
                77.80208333333334,
                11.785972222222222
              ],
              [
                77.80180555555556,
                11.784305555555555
              ],
              [
                77.80125000000001,
                11.783750000000001
              ],
              [
                77.80125000000001,
                11.782916666666667
              ],
              [
                77.80097222222223,
                11.78263888888889
              ],
              [
                77.80375000000001,
                11.782361111111111
              ],
              [
                77.80375000000001,
                11.783194444444446
              ],
              [
                77.80430555555557,
                11.783750000000001
              ],
              [
                77.80458333333334,
                11.78486111111111
              ],
              [
                77.80486111111112,
                11.78486111111111
              ],
              [
                77.80541666666667,
                11.786527777777778
              ],
              [
                77.80569444444446,
                11.786527777777778
              ],
              [
                77.80569444444446,
                11.787083333333333
              ],
              [
                77.80541666666667,
                11.786805555555556
              ],
              [
                77.80402777777779,
                11.786805555555556
              ],
              [
                77.80402777777779,
                11.786527777777778
              ],
              [
                77.80291666666668,
                11.786527777777778
              ],
              [
                77.80291666666668,
                11.78625
              ]
            ],
            [
              [
                77.81708333333334,
                11.784583333333334
              ],
              [
                77.81736111111113,
                11.784305555555555
              ],
              [
                77.81736111111113,
                11.784583333333334
              ],
              [
                77.81708333333334,
                11.784583333333334
              ]
            ],
            [
              [
                77.82736111111112,
                11.78263888888889
              ],
              [
                77.82819444444445,
                11.78263888888889
              ],
              [
                77.82819444444445,
                11.782916666666667
              ],
              [
                77.82736111111112,
                11.782916666666667
              ],
              [
                77.82736111111112,
                11.78263888888889
              ]
            ],
            [
              [
                77.81569444444446,
                11.782083333333334
              ],
              [
                77.81625000000001,
                11.782083333333334
              ],
              [
                77.81625000000001,
                11.782361111111111
              ],
              [
                77.81569444444446,
                11.782361111111111
              ],
              [
                77.81569444444446,
                11.782083333333334
              ]
            ],
            [
              [
                77.82347222222224,
                11.782361111111111
              ],
              [
                77.82375,
                11.782083333333334
              ],
              [
                77.82375,
                11.782361111111111
              ],
              [
                77.82347222222224,
                11.782361111111111
              ]
            ],
            [
              [
                77.82402777777779,
                11.781527777777779
              ],
              [
                77.82458333333335,
                11.781805555555556
              ],
              [
                77.82458333333335,
                11.782361111111111
              ],
              [
                77.82402777777779,
                11.782083333333334
              ],
              [
                77.82402777777779,
                11.781527777777779
              ]
            ],
            [
              [
                77.82541666666668,
                11.781805555555556
              ],
              [
                77.8251388888889,
                11.782083333333334
              ],
              [
                77.8251388888889,
                11.781805555555556
              ],
              [
                77.82541666666668,
                11.781805555555556
              ]
            ],
            [
              [
                77.82541666666668,
                11.781527777777779
              ],
              [
                77.82597222222223,
                11.781527777777779
              ],
              [
                77.82597222222223,
                11.781805555555556
              ],
              [
                77.82541666666668,
                11.781805555555556
              ],
              [
                77.82541666666668,
                11.781527777777779
              ]
            ],
            [
              [
                77.8151388888889,
                11.78125
              ],
              [
                77.81541666666668,
                11.781527777777779
              ],
              [
                77.8151388888889,
                11.781527777777779
              ],
              [
                77.8151388888889,
                11.78125
              ]
            ],
            [
              [
                77.8151388888889,
                11.78125
              ],
              [
                77.81486111111113,
                11.780972222222223
              ],
              [
                77.8151388888889,
                11.780972222222223
              ],
              [
                77.8151388888889,
                11.78125
              ]
            ],
            [
              [
                77.80347222222223,
                11.776527777777778
              ],
              [
                77.80375000000001,
                11.776527777777778
              ],
              [
                77.80375000000001,
                11.777361111111112
              ],
              [
                77.80402777777779,
                11.777361111111112
              ],
              [
                77.80402777777779,
                11.778472222222222
              ],
              [
                77.80347222222223,
                11.778472222222222
              ],
              [
                77.80347222222223,
                11.777361111111112
              ],
              [
                77.80319444444446,
                11.777361111111112
              ],
              [
                77.80347222222223,
                11.776527777777778
              ]
            ],
            [
              [
                77.81708333333334,
                11.77763888888889
              ],
              [
                77.81736111111113,
                11.77763888888889
              ],
              [
                77.81736111111113,
                11.778194444444445
              ],
              [
                77.81708333333334,
                11.778194444444445
              ],
              [
                77.81708333333334,
                11.77763888888889
              ]
            ],
            [
              [
                77.8176388888889,
                11.77763888888889
              ],
              [
                77.81791666666668,
                11.777361111111112
              ],
              [
                77.81791666666668,
                11.77763888888889
              ],
              [
                77.8176388888889,
                11.77763888888889
              ]
            ],
            [
              [
                77.81791666666668,
                11.777083333333334
              ],
              [
                77.81819444444446,
                11.776805555555557
              ],
              [
                77.81819444444446,
                11.777083333333334
              ],
              [
                77.81791666666668,
                11.777083333333334
              ]
            ],
            [
              [
                77.79930555555556,
                11.775416666666667
              ],
              [
                77.79958333333335,
                11.775416666666667
              ],
              [
                77.79958333333335,
                11.776250000000001
              ],
              [
                77.79930555555556,
                11.776250000000001
              ],
              [
                77.79930555555556,
                11.775416666666667
              ]
            ],
            [
              [
                77.80736111111112,
                11.773472222222223
              ],
              [
                77.8076388888889,
                11.773194444444444
              ],
              [
                77.8076388888889,
                11.773472222222223
              ],
              [
                77.80736111111112,
                11.773472222222223
              ]
            ],
            [
              [
                77.80847222222224,
                11.768472222222222
              ],
              [
                77.80902777777779,
                11.768472222222222
              ],
              [
                77.80902777777779,
                11.768194444444445
              ],
              [
                77.80958333333335,
                11.768194444444445
              ],
              [
                77.80930555555557,
                11.76875
              ],
              [
                77.80847222222224,
                11.76875
              ],
              [
                77.80847222222224,
                11.768472222222222
              ]
            ],
            [
              [
                77.80958333333335,
                11.767916666666666
              ],
              [
                77.8101388888889,
                11.767916666666666
              ],
              [
                77.8101388888889,
                11.76763888888889
              ],
              [
                77.81097222222223,
                11.76763888888889
              ],
              [
                77.8101388888889,
                11.76875
              ],
              [
                77.80986111111112,
                11.76875
              ],
              [
                77.80958333333335,
                11.767916666666666
              ]
            ],
            [
              [
                77.80541666666667,
                11.758750000000001
              ],
              [
                77.80597222222224,
                11.758750000000001
              ],
              [
                77.80597222222224,
                11.759027777777778
              ],
              [
                77.80541666666667,
                11.759027777777778
              ],
              [
                77.80541666666667,
                11.758750000000001
              ]
            ],
            [
              [
                77.81319444444445,
                11.758750000000001
              ],
              [
                77.81347222222223,
                11.758472222222222
              ],
              [
                77.81347222222223,
                11.758750000000001
              ],
              [
                77.81319444444445,
                11.758750000000001
              ]
            ],
            [
              [
                77.7701388888889,
                11.73625
              ],
              [
                77.76930555555556,
                11.73625
              ],
              [
                77.76930555555556,
                11.735694444444444
              ],
              [
                77.76986111111113,
                11.735694444444444
              ],
              [
                77.7701388888889,
                11.73625
              ]
            ],
            [
              [
                77.80125000000001,
                11.687083333333334
              ],
              [
                77.80152777777779,
                11.686805555555557
              ],
              [
                77.80152777777779,
                11.687083333333334
              ],
              [
                77.80125000000001,
                11.687083333333334
              ]
            ],
            [
              [
                77.76986111111113,
                11.686527777777778
              ],
              [
                77.7701388888889,
                11.686250000000001
              ],
              [
                77.7701388888889,
                11.686527777777778
              ],
              [
                77.76986111111113,
                11.686527777777778
              ]
            ],
            [
              [
                77.76708333333335,
                11.684027777777779
              ],
              [
                77.76652777777778,
                11.684027777777779
              ],
              [
                77.76680555555556,
                11.683194444444444
              ],
              [
                77.76708333333335,
                11.683194444444444
              ],
              [
                77.76708333333335,
                11.684027777777779
              ]
            ],
            [
              [
                77.76347222222223,
                11.67763888888889
              ],
              [
                77.76291666666668,
                11.67763888888889
              ],
              [
                77.76291666666668,
                11.677083333333334
              ],
              [
                77.76347222222223,
                11.67736111111111
              ],
              [
                77.76347222222223,
                11.67763888888889
              ]
            ],
            [
              [
                77.76375000000002,
                11.676527777777778
              ],
              [
                77.76291666666668,
                11.676527777777778
              ],
              [
                77.76291666666668,
                11.67625
              ],
              [
                77.76375000000002,
                11.67625
              ],
              [
                77.76375000000002,
                11.676527777777778
              ]
            ],
            [
              [
                77.76375000000002,
                11.67625
              ],
              [
                77.76402777777778,
                11.675972222222223
              ],
              [
                77.76402777777778,
                11.67625
              ],
              [
                77.76375000000002,
                11.67625
              ]
            ],
            [
              [
                77.76347222222223,
                11.675972222222223
              ],
              [
                77.76347222222223,
                11.675416666666667
              ],
              [
                77.76375000000002,
                11.675416666666667
              ],
              [
                77.76375000000002,
                11.675972222222223
              ],
              [
                77.76347222222223,
                11.675972222222223
              ]
            ],
            [
              [
                77.85930555555557,
                11.672083333333333
              ],
              [
                77.85958333333335,
                11.672083333333333
              ],
              [
                77.85958333333335,
                11.672638888888889
              ],
              [
                77.85930555555557,
                11.672638888888889
              ],
              [
                77.85930555555557,
                11.672083333333333
              ]
            ],
            [
              [
                77.76152777777779,
                11.672361111111112
              ],
              [
                77.76180555555557,
                11.672083333333333
              ],
              [
                77.76180555555557,
                11.672361111111112
              ],
              [
                77.76152777777779,
                11.672361111111112
              ]
            ],
            [
              [
                77.85652777777779,
                11.671805555555556
              ],
              [
                77.85680555555557,
                11.671527777777778
              ],
              [
                77.85680555555557,
                11.671805555555556
              ],
              [
                77.85652777777779,
                11.671805555555556
              ]
            ],
            [
              [
                77.85986111111112,
                11.671805555555556
              ],
              [
                77.8601388888889,
                11.671527777777778
              ],
              [
                77.8601388888889,
                11.671805555555556
              ],
              [
                77.85986111111112,
                11.671805555555556
              ]
            ],
            [
              [
                77.85791666666668,
                11.670694444444445
              ],
              [
                77.85958333333335,
                11.670972222222222
              ],
              [
                77.85958333333335,
                11.67125
              ],
              [
                77.85708333333335,
                11.671527777777778
              ],
              [
                77.85791666666668,
                11.670694444444445
              ]
            ],
            [
              [
                77.77347222222224,
                11.670416666666666
              ],
              [
                77.77375,
                11.67013888888889
              ],
              [
                77.77375,
                11.670416666666666
              ],
              [
                77.77347222222224,
                11.670416666666666
              ]
            ],
            [
              [
                77.85625000000002,
                11.668750000000001
              ],
              [
                77.85736111111112,
                11.668472222222222
              ],
              [
                77.8576388888889,
                11.668750000000001
              ],
              [
                77.8576388888889,
                11.669583333333334
              ],
              [
                77.85625000000002,
                11.669861111111112
              ],
              [
                77.85625000000002,
                11.669305555555557
              ],
              [
                77.85597222222223,
                11.669305555555557
              ],
              [
                77.85625000000002,
                11.668750000000001
              ]
            ],
            [
              [
                77.85847222222223,
                11.669583333333334
              ],
              [
                77.85902777777778,
                11.669583333333334
              ],
              [
                77.85902777777778,
                11.669861111111112
              ],
              [
                77.85847222222223,
                11.669861111111112
              ],
              [
                77.85847222222223,
                11.669583333333334
              ]
            ],
            [
              [
                77.86458333333334,
                11.668750000000001
              ],
              [
                77.8651388888889,
                11.668750000000001
              ],
              [
                77.8651388888889,
                11.669305555555557
              ],
              [
                77.86458333333334,
                11.669305555555557
              ],
              [
                77.86458333333334,
                11.668750000000001
              ]
            ],
            [
              [
                77.85486111111112,
                11.668194444444445
              ],
              [
                77.8551388888889,
                11.668472222222222
              ],
              [
                77.8551388888889,
                11.669027777777778
              ],
              [
                77.85458333333334,
                11.669027777777778
              ],
              [
                77.85430555555557,
                11.668194444444445
              ],
              [
                77.85486111111112,
                11.668194444444445
              ]
            ],
            [
              [
                77.86319444444446,
                11.668750000000001
              ],
              [
                77.86347222222223,
                11.668472222222222
              ],
              [
                77.86347222222223,
                11.668750000000001
              ],
              [
                77.86319444444446,
                11.668750000000001
              ]
            ],
            [
              [
                77.85402777777779,
                11.667916666666667
              ],
              [
                77.85430555555557,
                11.66763888888889
              ],
              [
                77.85430555555557,
                11.667916666666667
              ],
              [
                77.85402777777779,
                11.667916666666667
              ]
            ],
            [
              [
                77.86180555555556,
                11.667916666666667
              ],
              [
                77.86125000000001,
                11.667916666666667
              ],
              [
                77.86125000000001,
                11.66763888888889
              ],
              [
                77.86180555555556,
                11.66763888888889
              ],
              [
                77.86180555555556,
                11.667916666666667
              ]
            ],
            [
              [
                77.86180555555556,
                11.666805555555555
              ],
              [
                77.86236111111113,
                11.666805555555555
              ],
              [
                77.86236111111113,
                11.66625
              ],
              [
                77.86208333333335,
                11.66625
              ],
              [
                77.86208333333335,
                11.664861111111112
              ],
              [
                77.86236111111113,
                11.664861111111112
              ],
              [
                77.8626388888889,
                11.665138888888889
              ],
              [
                77.8626388888889,
                11.666527777777778
              ],
              [
                77.86291666666668,
                11.666527777777778
              ],
              [
                77.8626388888889,
                11.667083333333334
              ],
              [
                77.86291666666668,
                11.667361111111111
              ],
              [
                77.86180555555556,
                11.66763888888889
              ],
              [
                77.86180555555556,
                11.666805555555555
              ]
            ],
            [
              [
                77.84041666666668,
                11.66763888888889
              ],
              [
                77.84069444444445,
                11.667361111111111
              ],
              [
                77.84069444444445,
                11.66763888888889
              ],
              [
                77.84041666666668,
                11.66763888888889
              ]
            ],
            [
              [
                77.8551388888889,
                11.666527777777778
              ],
              [
                77.85597222222223,
                11.666527777777778
              ],
              [
                77.85625000000002,
                11.667361111111111
              ],
              [
                77.85569444444445,
                11.667083333333334
              ],
              [
                77.85541666666667,
                11.66763888888889
              ],
              [
                77.85458333333334,
                11.66763888888889
              ],
              [
                77.8551388888889,
                11.667083333333334
              ],
              [
                77.8551388888889,
                11.666527777777778
              ]
            ],
            [
              [
                77.80125000000001,
                11.667083333333334
              ],
              [
                77.80041666666668,
                11.667361111111111
              ],
              [
                77.8001388888889,
                11.666805555555555
              ],
              [
                77.80125000000001,
                11.666805555555555
              ],
              [
                77.80125000000001,
                11.667083333333334
              ]
            ],
            [
              [
                77.85180555555557,
                11.666805555555555
              ],
              [
                77.8526388888889,
                11.666805555555555
              ],
              [
                77.8526388888889,
                11.667361111111111
              ],
              [
                77.85180555555557,
                11.667361111111111
              ],
              [
                77.85180555555557,
                11.666805555555555
              ]
            ],
            [
              [
                77.80291666666668,
                11.667083333333334
              ],
              [
                77.80319444444446,
                11.666805555555555
              ],
              [
                77.80319444444446,
                11.667083333333334
              ],
              [
                77.80291666666668,
                11.667083333333334
              ]
            ],
            [
              [
                77.80375000000001,
                11.666805555555555
              ],
              [
                77.80430555555557,
                11.666805555555555
              ],
              [
                77.80430555555557,
                11.667083333333334
              ],
              [
                77.80375000000001,
                11.667083333333334
              ],
              [
                77.80375000000001,
                11.666805555555555
              ]
            ],
            [
              [
                77.83791666666667,
                11.667083333333334
              ],
              [
                77.83819444444445,
                11.666805555555555
              ],
              [
                77.83819444444445,
                11.667083333333334
              ],
              [
                77.83791666666667,
                11.667083333333334
              ]
            ],
            [
              [
                77.83847222222224,
                11.666527777777778
              ],
              [
                77.83902777777779,
                11.666527777777778
              ],
              [
                77.83902777777779,
                11.667083333333334
              ],
              [
                77.83847222222224,
                11.667083333333334
              ],
              [
                77.83847222222224,
                11.666527777777778
              ]
            ],
            [
              [
                77.85291666666667,
                11.667083333333334
              ],
              [
                77.85319444444445,
                11.666805555555555
              ],
              [
                77.85319444444445,
                11.667083333333334
              ],
              [
                77.85291666666667,
                11.667083333333334
              ]
            ],
            [
              [
                77.85486111111112,
                11.665138888888889
              ],
              [
                77.85569444444445,
                11.665138888888889
              ],
              [
                77.85541666666667,
                11.66625
              ],
              [
                77.85458333333334,
                11.665972222222223
              ],
              [
                77.85486111111112,
                11.665138888888889
              ]
            ],
            [
              [
                77.83902777777779,
                11.665694444444444
              ],
              [
                77.83819444444445,
                11.665694444444444
              ],
              [
                77.83819444444445,
                11.665416666666667
              ],
              [
                77.83902777777779,
                11.665138888888889
              ],
              [
                77.83902777777779,
                11.665694444444444
              ]
            ],
            [
              [
                77.84402777777778,
                11.665138888888889
              ],
              [
                77.84486111111111,
                11.665138888888889
              ],
              [
                77.84486111111111,
                11.665416666666667
              ],
              [
                77.84402777777778,
                11.665416666666667
              ],
              [
                77.84402777777778,
                11.665138888888889
              ]
            ],
            [
              [
                77.86458333333334,
                11.665416666666667
              ],
              [
                77.86486111111113,
                11.665138888888889
              ],
              [
                77.86486111111113,
                11.665416666666667
              ],
              [
                77.86458333333334,
                11.665416666666667
              ]
            ],
            [
              [
                77.85208333333334,
                11.665138888888889
              ],
              [
                77.85125000000001,
                11.664861111111112
              ],
              [
                77.85125000000001,
                11.664305555555556
              ],
              [
                77.85208333333334,
                11.664305555555556
              ],
              [
                77.85208333333334,
                11.665138888888889
              ]
            ],
            [
              [
                77.85347222222224,
                11.66375
              ],
              [
                77.85375,
                11.664583333333333
              ],
              [
                77.85291666666667,
                11.664583333333333
              ],
              [
                77.85291666666667,
                11.665138888888889
              ],
              [
                77.8526388888889,
                11.665138888888889
              ],
              [
                77.85236111111112,
                11.664861111111112
              ],
              [
                77.85236111111112,
                11.664027777777779
              ],
              [
                77.85291666666667,
                11.664027777777779
              ],
              [
                77.85291666666667,
                11.663472222222223
              ],
              [
                77.85347222222224,
                11.66375
              ]
            ],
            [
              [
                77.85236111111112,
                11.664027777777779
              ],
              [
                77.85208333333334,
                11.66375
              ],
              [
                77.85236111111112,
                11.66375
              ],
              [
                77.85236111111112,
                11.664027777777779
              ]
            ],
            [
              [
                77.83875,
                11.664583333333333
              ],
              [
                77.83902777777779,
                11.664305555555556
              ],
              [
                77.83902777777779,
                11.664583333333333
              ],
              [
                77.83875,
                11.664583333333333
              ]
            ],
            [
              [
                77.86486111111113,
                11.664583333333333
              ],
              [
                77.86430555555556,
                11.664583333333333
              ],
              [
                77.86430555555556,
                11.664027777777779
              ],
              [
                77.86458333333334,
                11.664027777777779
              ],
              [
                77.86486111111113,
                11.664583333333333
              ]
            ],
            [
              [
                77.8626388888889,
                11.664305555555556
              ],
              [
                77.86208333333335,
                11.664027777777779
              ],
              [
                77.86208333333335,
                11.66375
              ],
              [
                77.8626388888889,
                11.66375
              ],
              [
                77.8626388888889,
                11.664305555555556
              ]
            ],
            [
              [
                77.77069444444446,
                11.664027777777779
              ],
              [
                77.77097222222223,
                11.66375
              ],
              [
                77.77097222222223,
                11.664027777777779
              ],
              [
                77.77069444444446,
                11.664027777777779
              ]
            ],
            [
              [
                77.85236111111112,
                11.662916666666668
              ],
              [
                77.8526388888889,
                11.662916666666668
              ],
              [
                77.8526388888889,
                11.663472222222223
              ],
              [
                77.85180555555557,
                11.663472222222223
              ],
              [
                77.85152777777779,
                11.662361111111112
              ],
              [
                77.85236111111112,
                11.662361111111112
              ],
              [
                77.85236111111112,
                11.662916666666668
              ]
            ],
            [
              [
                77.85347222222224,
                11.663472222222223
              ],
              [
                77.85375,
                11.663194444444445
              ],
              [
                77.85375,
                11.663472222222223
              ],
              [
                77.85347222222224,
                11.663472222222223
              ]
            ],
            [
              [
                77.86291666666668,
                11.663472222222223
              ],
              [
                77.8626388888889,
                11.663472222222223
              ],
              [
                77.86236111111113,
                11.662916666666668
              ],
              [
                77.86291666666668,
                11.662916666666668
              ],
              [
                77.86291666666668,
                11.663472222222223
              ]
            ],
            [
              [
                77.83986111111112,
                11.662083333333333
              ],
              [
                77.8401388888889,
                11.662083333333333
              ],
              [
                77.8401388888889,
                11.662638888888889
              ],
              [
                77.83986111111112,
                11.662638888888889
              ],
              [
                77.83986111111112,
                11.662083333333333
              ]
            ],
            [
              [
                77.83791666666667,
                11.662083333333333
              ],
              [
                77.83819444444445,
                11.661805555555556
              ],
              [
                77.83819444444445,
                11.662083333333333
              ],
              [
                77.83791666666667,
                11.662083333333333
              ]
            ],
            [
              [
                77.85291666666667,
                11.660972222222222
              ],
              [
                77.85319444444445,
                11.660694444444445
              ],
              [
                77.85319444444445,
                11.660972222222222
              ],
              [
                77.85291666666667,
                11.660972222222222
              ]
            ],
            [
              [
                77.83930555555557,
                11.659583333333334
              ],
              [
                77.8401388888889,
                11.659583333333334
              ],
              [
                77.8401388888889,
                11.660694444444445
              ],
              [
                77.83847222222224,
                11.660416666666666
              ],
              [
                77.83847222222224,
                11.65986111111111
              ],
              [
                77.83930555555557,
                11.65986111111111
              ],
              [
                77.83930555555557,
                11.659583333333334
              ]
            ],
            [
              [
                77.83708333333334,
                11.660416666666666
              ],
              [
                77.83736111111112,
                11.66013888888889
              ],
              [
                77.83736111111112,
                11.660416666666666
              ],
              [
                77.83708333333334,
                11.660416666666666
              ]
            ],
            [
              [
                77.85291666666667,
                11.66013888888889
              ],
              [
                77.85319444444445,
                11.65986111111111
              ],
              [
                77.85319444444445,
                11.66013888888889
              ],
              [
                77.85291666666667,
                11.66013888888889
              ]
            ],
            [
              [
                77.85347222222224,
                11.658194444444446
              ],
              [
                77.85430555555557,
                11.657916666666667
              ],
              [
                77.85430555555557,
                11.658472222222223
              ],
              [
                77.85486111111112,
                11.658750000000001
              ],
              [
                77.85486111111112,
                11.659027777777778
              ],
              [
                77.85430555555557,
                11.659027777777778
              ],
              [
                77.85430555555557,
                11.66013888888889
              ],
              [
                77.85347222222224,
                11.66013888888889
              ],
              [
                77.85375,
                11.65986111111111
              ],
              [
                77.85347222222224,
                11.658194444444446
              ]
            ],
            [
              [
                77.86847222222224,
                11.659583333333334
              ],
              [
                77.86875,
                11.659305555555555
              ],
              [
                77.86875,
                11.659583333333334
              ],
              [
                77.86847222222224,
                11.659583333333334
              ]
            ],
            [
              [
                77.86541666666668,
                11.659027777777778
              ],
              [
                77.86597222222223,
                11.659027777777778
              ],
              [
                77.86597222222223,
                11.659305555555555
              ],
              [
                77.86541666666668,
                11.659305555555555
              ],
              [
                77.86541666666668,
                11.659027777777778
              ]
            ],
            [
              [
                77.86847222222224,
                11.658472222222223
              ],
              [
                77.86791666666667,
                11.657083333333334
              ],
              [
                77.86847222222224,
                11.657083333333334
              ],
              [
                77.86847222222224,
                11.657361111111111
              ],
              [
                77.86930555555557,
                11.657083333333334
              ],
              [
                77.86958333333334,
                11.659027777777778
              ],
              [
                77.86791666666667,
                11.659027777777778
              ],
              [
                77.86791666666667,
                11.658472222222223
              ],
              [
                77.86847222222224,
                11.658472222222223
              ]
            ],
            [
              [
                77.82736111111112,
                11.656805555555556
              ],
              [
                77.82819444444445,
                11.657083333333334
              ],
              [
                77.82819444444445,
                11.658472222222223
              ],
              [
                77.82847222222223,
                11.658750000000001
              ],
              [
                77.82680555555557,
                11.658750000000001
              ],
              [
                77.82680555555557,
                11.658472222222223
              ],
              [
                77.82791666666668,
                11.658472222222223
              ],
              [
                77.82791666666668,
                11.657361111111111
              ],
              [
                77.82736111111112,
                11.657361111111111
              ],
              [
                77.82736111111112,
                11.656805555555556
              ]
            ],
            [
              [
                77.86680555555557,
                11.658194444444446
              ],
              [
                77.86736111111112,
                11.658194444444446
              ],
              [
                77.86736111111112,
                11.658750000000001
              ],
              [
                77.86680555555557,
                11.658750000000001
              ],
              [
                77.86680555555557,
                11.658194444444446
              ]
            ],
            [
              [
                77.82541666666668,
                11.65763888888889
              ],
              [
                77.82625000000002,
                11.65763888888889
              ],
              [
                77.82625000000002,
                11.658194444444446
              ],
              [
                77.82541666666668,
                11.658194444444446
              ],
              [
                77.82541666666668,
                11.65763888888889
              ]
            ],
            [
              [
                77.73097222222223,
                11.657361111111111
              ],
              [
                77.73152777777779,
                11.657361111111111
              ],
              [
                77.73152777777779,
                11.657916666666667
              ],
              [
                77.73041666666667,
                11.65763888888889
              ],
              [
                77.73041666666667,
                11.657083333333334
              ],
              [
                77.73097222222223,
                11.657083333333334
              ],
              [
                77.73097222222223,
                11.657361111111111
              ]
            ],
            [
              [
                77.82930555555556,
                11.657916666666667
              ],
              [
                77.82958333333335,
                11.65763888888889
              ],
              [
                77.82958333333335,
                11.657916666666667
              ],
              [
                77.82930555555556,
                11.657916666666667
              ]
            ],
            [
              [
                77.86819444444446,
                11.656527777777779
              ],
              [
                77.86875,
                11.656527777777779
              ],
              [
                77.86875,
                11.656805555555556
              ],
              [
                77.86819444444446,
                11.656805555555556
              ],
              [
                77.86819444444446,
                11.656527777777779
              ]
            ],
            [
              [
                77.86930555555557,
                11.65625
              ],
              [
                77.86958333333334,
                11.65625
              ],
              [
                77.86958333333334,
                11.656805555555556
              ],
              [
                77.86930555555557,
                11.656805555555556
              ],
              [
                77.86930555555557,
                11.65625
              ]
            ],
            [
              [
                77.75458333333334,
                11.655138888888889
              ],
              [
                77.75486111111113,
                11.654861111111112
              ],
              [
                77.75486111111113,
                11.655138888888889
              ],
              [
                77.75458333333334,
                11.655138888888889
              ]
            ],
            [
              [
                77.77069444444446,
                11.654027777777777
              ],
              [
                77.77097222222223,
                11.654027777777777
              ],
              [
                77.77097222222223,
                11.655138888888889
              ],
              [
                77.77069444444446,
                11.655138888888889
              ],
              [
                77.77069444444446,
                11.654027777777777
              ]
            ],
            [
              [
                77.75902777777779,
                11.654583333333333
              ],
              [
                77.75930555555557,
                11.654305555555556
              ],
              [
                77.75930555555557,
                11.654583333333333
              ],
              [
                77.75902777777779,
                11.654583333333333
              ]
            ],
            [
              [
                77.75791666666667,
                11.654305555555556
              ],
              [
                77.75819444444446,
                11.654027777777777
              ],
              [
                77.75819444444446,
                11.654305555555556
              ],
              [
                77.75791666666667,
                11.654305555555556
              ]
            ],
            [
              [
                77.8401388888889,
                11.653194444444445
              ],
              [
                77.84041666666668,
                11.652916666666668
              ],
              [
                77.84041666666668,
                11.653194444444445
              ],
              [
                77.8401388888889,
                11.653194444444445
              ]
            ],
            [
              [
                77.75208333333335,
                11.651250000000001
              ],
              [
                77.75236111111113,
                11.651527777777778
              ],
              [
                77.75208333333335,
                11.651527777777778
              ],
              [
                77.75208333333335,
                11.651250000000001
              ]
            ],
            [
              [
                77.75208333333335,
                11.651250000000001
              ],
              [
                77.7515277777778,
                11.650694444444445
              ],
              [
                77.75208333333335,
                11.650694444444445
              ],
              [
                77.75208333333335,
                11.651250000000001
              ]
            ]
          ],
          [
            [
              [
                77.82541666666668,
                11.807916666666667
              ],
              [
                77.8251388888889,
                11.807638888888889
              ],
              [
                77.8251388888889,
                11.807916666666667
              ],
              [
                77.82541666666668,
                11.807916666666667
              ]
            ]
          ],
          [
            [
              [
                77.82180555555557,
                11.808194444444444
              ],
              [
                77.82208333333334,
                11.809027777777779
              ],
              [
                77.82291666666667,
                11.809027777777779
              ],
              [
                77.8226388888889,
                11.808194444444444
              ],
              [
                77.82180555555557,
                11.808194444444444
              ]
            ]
          ],
          [
            [
              [
                77.82597222222223,
                11.810972222222222
              ],
              [
                77.82625000000002,
                11.810694444444445
              ],
              [
                77.82597222222223,
                11.810694444444445
              ],
              [
                77.82597222222223,
                11.810972222222222
              ]
            ]
          ],
          [
            [
              [
                77.82597222222223,
                11.811250000000001
              ],
              [
                77.82569444444445,
                11.810972222222222
              ],
              [
                77.82569444444445,
                11.811250000000001
              ],
              [
                77.82597222222223,
                11.811250000000001
              ]
            ]
          ],
          [
            [
              [
                77.84486111111111,
                11.86125
              ],
              [
                77.84458333333335,
                11.860972222222223
              ],
              [
                77.84458333333335,
                11.86125
              ],
              [
                77.84486111111111,
                11.86125
              ]
            ]
          ],
          [
            [
              [
                77.86597222222223,
                11.660972222222222
              ],
              [
                77.86625000000001,
                11.660694444444445
              ],
              [
                77.86597222222223,
                11.660694444444445
              ],
              [
                77.86597222222223,
                11.660972222222222
              ]
            ]
          ],
          [
            [
              [
                77.86708333333334,
                11.661527777777778
              ],
              [
                77.86680555555557,
                11.66125
              ],
              [
                77.86680555555557,
                11.661527777777778
              ],
              [
                77.86708333333334,
                11.661527777777778
              ]
            ]
          ],
          [
            [
              [
                77.86319444444446,
                11.669861111111112
              ],
              [
                77.86291666666668,
                11.669583333333334
              ],
              [
                77.86291666666668,
                11.669861111111112
              ],
              [
                77.86319444444446,
                11.669861111111112
              ]
            ]
          ],
          [
            [
              [
                77.85180555555557,
                11.670416666666666
              ],
              [
                77.85180555555557,
                11.67013888888889
              ],
              [
                77.85125000000001,
                11.67013888888889
              ],
              [
                77.85125000000001,
                11.670416666666666
              ],
              [
                77.85180555555557,
                11.670416666666666
              ]
            ]
          ],
          [
            [
              [
                77.85208333333334,
                11.672361111111112
              ],
              [
                77.85180555555557,
                11.672083333333333
              ],
              [
                77.85180555555557,
                11.672361111111112
              ],
              [
                77.85208333333334,
                11.672361111111112
              ]
            ]
          ],
          [
            [
              [
                77.85819444444445,
                11.673194444444444
              ],
              [
                77.85791666666668,
                11.672916666666667
              ],
              [
                77.85791666666668,
                11.673194444444444
              ],
              [
                77.85819444444445,
                11.673194444444444
              ]
            ]
          ],
          [
            [
              [
                77.91152777777779,
                11.885972222222223
              ],
              [
                77.91152777777779,
                11.885416666666668
              ],
              [
                77.91125000000001,
                11.885416666666668
              ],
              [
                77.91125000000001,
                11.885972222222223
              ],
              [
                77.91152777777779,
                11.885972222222223
              ]
            ]
          ],
          [
            [
              [
                77.94486111111112,
                11.886805555555556
              ],
              [
                77.94541666666667,
                11.886805555555556
              ],
              [
                77.9451388888889,
                11.88625
              ],
              [
                77.94486111111112,
                11.88625
              ],
              [
                77.94486111111112,
                11.886805555555556
              ]
            ]
          ],
          [
            [
              [
                77.92208333333335,
                11.886805555555556
              ],
              [
                77.9226388888889,
                11.887083333333333
              ],
              [
                77.92291666666668,
                11.88625
              ],
              [
                77.92208333333335,
                11.88625
              ],
              [
                77.92208333333335,
                11.886805555555556
              ]
            ]
          ],
          [
            [
              [
                77.92180555555557,
                11.887916666666667
              ],
              [
                77.92208333333335,
                11.887638888888889
              ],
              [
                77.92180555555557,
                11.887638888888889
              ],
              [
                77.92180555555557,
                11.887916666666667
              ]
            ]
          ],
          [
            [
              [
                77.89791666666667,
                11.898472222222223
              ],
              [
                77.8976388888889,
                11.898194444444444
              ],
              [
                77.8976388888889,
                11.898472222222223
              ],
              [
                77.89791666666667,
                11.898472222222223
              ]
            ]
          ],
          [
            [
              [
                77.90430555555557,
                11.90013888888889
              ],
              [
                77.90402777777778,
                11.899861111111111
              ],
              [
                77.90402777777778,
                11.90013888888889
              ],
              [
                77.90430555555557,
                11.90013888888889
              ]
            ]
          ],
          [
            [
              [
                77.9565277777778,
                11.900972222222222
              ],
              [
                77.9551388888889,
                11.900972222222222
              ],
              [
                77.9551388888889,
                11.901250000000001
              ],
              [
                77.9565277777778,
                11.901250000000001
              ],
              [
                77.9565277777778,
                11.900972222222222
              ]
            ]
          ],
          [
            [
              [
                77.92375000000001,
                11.907361111111111
              ],
              [
                77.92347222222223,
                11.907083333333334
              ],
              [
                77.92347222222223,
                11.907361111111111
              ],
              [
                77.92375000000001,
                11.907361111111111
              ]
            ]
          ],
          [
            [
              [
                77.93180555555557,
                11.91013888888889
              ],
              [
                77.93152777777779,
                11.91013888888889
              ],
              [
                77.93152777777779,
                11.910694444444445
              ],
              [
                77.93180555555557,
                11.910694444444445
              ],
              [
                77.93180555555557,
                11.91013888888889
              ]
            ]
          ],
          [
            [
              [
                77.94486111111112,
                11.91013888888889
              ],
              [
                77.94458333333334,
                11.91013888888889
              ],
              [
                77.94458333333334,
                11.910972222222222
              ],
              [
                77.94486111111112,
                11.910972222222222
              ],
              [
                77.94486111111112,
                11.91013888888889
              ]
            ]
          ]
        ]
      }
    }
  ]
}